emb_0,emb_1,emb_2,emb_3,emb_4,emb_5,emb_6,emb_7,post_id
-2.0748742,2.0704541,-1.1605805,0.42786855,-0.2744822,-0.23133917,-0.5826174,-3.5945728,FAC20250517100365
-2.2448545,1.096898,0.6561079,3.1412199,-0.1762818,0.30160546,-0.53842384,-3.3579767,FAC20250619034328
0.021025138,-1.2500038,-2.9177623,-0.4750905,1.1789304,-1.8725636,-3.252287,-2.6733484,FAC20251001144526
-3.932582,0.130653,0.13776849,1.6695662,-1.4419565,-0.09788653,-2.7155766,-0.5040017,FAC20250605025750
-1.4911555,-2.1614685,0.54685104,3.074479,-2.9323018,-1.5086055,-0.06966697,-2.599358,FAC20250420000541
-1.9234331,0.67801726,-4.1553326,1.1285249,2.1121945,-2.0714452,-0.9855125,0.3284122,FAC20250517100262
-0.75779206,-0.01682211,-0.90455866,2.1537826,0.92076254,-0.16492082,-4.358093,-1.1859359,FAC20250902134991
0.5049382,-0.6259488,-0.7926613,3.76804,-1.6068327,-0.43041053,-3.1943367,-2.1722672,FAC20250627113575
-2.7644277,-0.3850725,-0.6092136,3.3755672,0.36902678,1.141762,0.15749858,-3.5365822,FAC20250514099410
-3.0719934,-0.53119564,0.95800686,2.122903,-1.3056823,-1.0757581,-3.3532073,-0.27848893,FAC20250419000290
-3.178471,-0.91107786,1.2301872,1.7715454,-0.055634204,-1.2745466,-3.900245,-0.86297387,FAC20250519014813
-1.7587218,-3.5890744,0.18416259,2.0820088,-0.6513365,-2.1481662,-0.19547908,-0.3906523,FAC20250922082127
-0.87551117,-0.76962876,0.22434358,1.3697152,-3.2652962,-2.9031518,-2.3528705,-1.6482824,FAC20250706041509
0.47857872,0.76941484,-2.424764,1.5734727,0.47190943,-3.1953497,-4.0002613,-0.38993433,FAC20250618033032
-1.191589,-2.8341036,-1.5141575,2.3344736,2.0731783,0.5024352,-2.7153342,-2.9024715,FAC20250830134221
0.072868675,-2.4765756,-2.0296845,0.013082006,0.49481845,-2.4318383,-0.16710865,-4.187766,FAC20250705040287
-3.5645533,0.10663768,-1.0695542,-0.010560386,2.3657932,-1.4652506,-2.7533948,-0.8060436,FAC20250624035377
-1.1098673,-4.0567045,-0.24872504,2.5309143,0.07418199,-2.2178776,-0.36883408,-0.5814213,FAC20250721121191
-4.334848,-0.6098532,1.0561956,1.5626525,-2.0113716,-2.5182447,-1.5142484,-0.39273852,FAC20250905070814
-1.2194283,-1.0015447,-1.5364746,1.339947,-0.3111486,-0.02657916,-4.735454,-1.7111275,FAC20250607028663
0.08147828,-0.0063516283,0.21967603,0.84114105,2.1901584,-2.422839,-2.4636636,-2.5180976,FAC20250519016255
0.96602106,-0.49399263,-1.3747449,2.465564,3.1494632,-2.9213426,-1.1697426,-2.2119324,FAC20251008146641
-1.1298416,-0.18564405,-0.18672042,1.4062766,-3.6141443,-1.960601,-2.2294047,-2.2601461,FAC20250518100744
-1.7090784,-1.2734748,-2.7613003,-0.18563609,2.8700855,-2.7220647,0.46494693,-2.1284864,FAC20250621034696
-3.009227,-0.17509286,-3.6111624,1.0623943,2.4522533,-1.4904513,-0.22431311,0.29880586,FAC20250710117786
0.64076424,0.7828272,-2.4528697,1.7075434,0.3074465,-3.0234106,-3.906775,-0.3978477,FAC20250620111187
0.5323375,0.6791412,-2.376207,1.8737838,0.14597909,-2.9715316,-3.931184,-0.20409374,FAC20250904070336
-2.018572,0.8033131,0.05966128,4.012285,-0.15418936,0.625084,-0.43518943,-3.0740652,FAC20250715119298
0.5197827,-0.3270676,0.6391636,1.6093469,1.2151462,-4.1624312,-0.29586202,-3.0892172,FAC20250806126321
-0.25690418,2.0504866,-0.20672922,1.341374,-1.3527398,-3.7398548,-0.401162,-2.328121,FAC20250724049496
-4.3483057,1.2983091,0.6686273,2.2564788,-0.36446458,-1.0547819,-0.03204613,-1.2573143,FAC20250630038616
-4.397553,-1.7080083,-1.2375374,0.39986703,0.16104461,-1.6470578,1.2561762,-1.2060038,FAC20250626113110
-3.978011,-0.5351456,-1.7993389,-1.4940819,-0.97966653,-1.4897654,-1.7227196,-2.6161666,FAC20250815058442
-0.09069156,1.4132526,-2.574077,0.5008315,-2.1433635,-2.205944,-1.4776719,-1.7518634,FAC20251008146502
-1.4631892,-0.38743886,2.2845807,2.2065763,0.3313585,-2.632143,-1.079428,-1.5060804,FAC20250807126682
-4.0153456,-0.25689313,1.3945043,1.33882,-1.211353,-1.2296197,-2.654488,-1.598266,FAC20250728123468
-1.8924139,1.1333529,-3.0134945,2.7193441,-1.3857235,0.033510048,-2.8430543,-0.08252984,FAC20250815059075
-1.4330773,-1.9615221,0.6726335,3.4809155,-1.7236484,-1.4469236,0.83137894,-2.3695107,FAC20250512010805
0.4088716,0.23799612,-1.7792263,2.986754,-2.5731418,-0.6587152,-1.8140006,-1.6624268,FAC20250420091543
-0.49758145,-2.924337,-0.8886167,2.8853984,1.6160291,0.19585387,-1.5538762,-2.8814971,FAC20250425093222
-0.66755515,-0.6046839,-0.96629125,3.9371712,2.223151,-1.7871236,0.8405282,-0.5056726,FAC20250501005970
-2.3026803,0.7788808,-2.844481,0.095527425,-0.47980937,-3.1599073,1.848212,-1.9440703,FAC20250722048838
-1.4220887,-1.7246991,0.7260978,3.597659,-1.2988085,-0.938633,0.711362,-2.418166,FAC20250502095372
0.37113637,0.6785104,-2.295854,1.9396762,-0.03433412,-3.055971,-3.799872,0.1578911,FAC20250816060062
-0.35339627,-0.9126822,-0.90616876,4.9118433,0.4285378,-1.7284836,1.4936668,-1.3681598,FAC20250922081825
-2.1820066,-0.014509209,2.3024092,2.4752276,0.65725,-2.2371094,-0.75539696,-1.7662046,FAC20250610108069
-1.0225195,-0.30586612,-0.32269314,3.873666,2.7045906,-1.7623025,0.52725774,-0.97095585,FAC20250527103526
-2.1467054,1.8719095,-0.70784485,0.056893773,-0.9741944,-2.4069002,-3.8038075,-1.580297,FAC20250530023702
0.36054596,-1.6101938,-0.07803893,3.8829837,-0.79693925,-0.8469399,-2.8397555,-1.1576618,FAC20250718047184
-3.246244,2.3711295,-0.08804403,1.5676136,1.2354915,-3.1951518,0.37987503,-1.1018167,FAC20250818130233
0.5174052,-2.0176868,-0.14353746,1.4252826,-0.06065581,-4.723475,0.2625845,-2.6142256,FAC20250607028177
-1.638694,-0.78011817,-3.0374527,-0.4376441,1.8752884,-2.0844607,0.70990217,-2.1463723,FAC20251011147658
0.3455881,2.538411,-1.5156032,1.2751479,0.90169924,-3.568026,-1.0269469,-2.937715,FAC20250901134758
-0.14482796,-2.075557,-3.804262,2.3041027,1.5302271,-2.1608167,-0.62404627,0.47401184,FAC20250809055778
0.053768028,-1.748248,-0.7864237,3.2770061,-0.6779916,-4.121654,-0.09939007,0.49835122,FAC20250922082152
0.34486586,-1.9163204,-2.4289744,-0.25689828,1.5950235,-2.0477698,-2.1826243,-3.06101,FAC20250902068744
-2.8682177,-2.4183047,-1.2027451,1.8794839,1.611453,-1.710949,-1.2304773,1.1792756,FAC20250904070402
-1.9283451,-1.2408457,-1.1102161,3.8102155,3.1157532,-1.5898739,0.5922379,-0.41885534,FAC20250601024605
-0.8846516,1.7711738,0.1423381,2.3921368,-1.1588569,-4.437068,0.40032876,-1.2870476,FAC20250817060708
-1.1903456,-1.24877,-2.6807358,3.497855,-1.7409003,0.04140867,0.9889724,-1.3724229,FAC20250922078515
-3.3144884,-1.9791526,0.24664803,0.4474834,-1.6026869,-1.0645719,-0.03354236,-2.8118742,FAC20250925142388
-2.1701722,-3.057442,-1.8710512,1.8468028,0.26880473,0.89676994,-0.4238645,-1.9250613,FAC20251004086695
0.54132885,-0.969152,-0.19079003,3.6463177,-1.0838721,-0.8149477,-2.8333006,-1.4571785,FAC20250704115701
-3.6519725,-0.3316117,-0.07314522,0.03321283,1.9927427,-1.6835612,-2.4664493,-0.8162495,FAC20250625035711
-3.1063962,-2.9296982,-1.3927135,1.8810303,0.1373083,1.1571654,-1.4702332,-2.5761566,FAC20250705040434
-0.009054489,0.72952944,-0.26097938,1.5302821,-1.7072691,-2.541893,0.3228731,-3.795325,FAC20250712118210
-0.97586495,0.7294156,0.48212817,1.8666812,-1.7462656,-3.2982466,0.9271946,-3.2512228,FAC20251001085820
0.61382496,0.019470269,-2.5957446,2.8888347,0.81247014,0.15023702,-0.6456012,-3.3372686,FAC20250524019691
-2.6656787,-0.65077484,-2.1773543,0.0756064,-2.2266116,0.3447521,-1.4691397,-3.0409381,FAC20250819130429
-0.09024414,-0.7170924,-2.7068896,-0.4555974,0.91956085,-1.8329822,-3.5641062,-2.6899302,FAC20250810056698
-1.1580042,-0.27678865,-0.341597,0.5513435,1.4068761,-5.0623765,0.04598221,-0.8052564,FAC20250916139528
0.97018194,0.5691569,-2.5270472,2.5641394,0.018398657,-1.7163665,-0.13829665,-0.3703181,FAC20250421001639
0.16649653,-1.2237278,0.14814025,3.8138223,-1.0480248,-0.85067785,-3.0474517,-1.2694373,FAC20251014148416
-0.40863562,-1.8004222,-1.0693088,2.7287316,-1.0489695,-3.8643768,0.550082,0.47194427,FAC20250525021413
-1.9016187,-1.5797877,-0.7505695,1.6710149,-3.3009076,-0.23805802,-2.10727,-2.3325474,FAC20250906071644
-1.6667614,1.8008268,-0.030854039,4.214191,0.24335805,-0.39716634,-0.14842467,-2.0192993,FAC20250425093389
-0.24389537,-1.7064538,-2.0839317,1.7928157,0.54080516,-1.1016092,-2.5119085,0.7166107,FAC20250815058522
-0.20169324,-1.0806885,-1.4077953,2.8785822,-1.1754857,-4.11144,0.40867102,0.5038919,FAC20250821062718
-1.2319764,-0.5787655,-1.2561058,3.8977242,3.0086937,-1.6452326,0.19758277,-0.20829748,FAC20250627036712
-3.2700694,0.2500609,0.533741,2.0063107,1.4332697,0.28378078,-0.9722739,-3.7309415,FAC20250709043244
-2.7231882,-1.5017216,0.9847682,4.0745244,0.410879,-1.3863525,-1.7779576,0.4799361,FAC20250803125400
-2.1279619,-3.3488615,-2.3677895,-0.4207067,-0.23955785,-2.3359697,0.17874394,-1.544102,FAC20250807126673
-0.65911955,-3.5985627,-0.49308175,2.7771192,0.13430952,-2.6859329,-0.013207875,-0.32748795,FAC20250926083700
-4.0672665,-2.229056,-1.64645,-0.34589514,-0.011708826,-2.3164065,0.75569963,-1.106163,FAC20250922081516
-3.3854415,-0.3118517,0.6213512,0.9769116,-0.89639646,-1.9189465,-3.0125742,0.20851628,FAC20250519016094
-0.65697235,1.5379071,0.35817367,1.605794,-1.2978452,-4.289466,-0.2603645,-1.6339701,FAC20250907072663
-0.91475344,0.85089046,0.5290674,2.1590934,-1.6476786,-3.434774,1.0712591,-2.802879,FAC20250822063672
-0.6363237,-0.408327,-1.1727486,4.053377,2.8202016,-2.2726963,0.41698274,-0.40978295,FAC20250513011518
-2.2446835,2.2566323,-0.19444902,1.5622942,-1.3442577,-2.419981,-3.4096982,-0.6041755,FAC20250705040958
-0.54912627,-1.4876182,-0.55629647,4.413801,0.4892974,-1.466615,1.5454788,-1.6291171,FAC20250526103079
-0.25108668,1.4759159,-2.8882995,0.354815,-2.0337439,-2.111604,-1.3029729,-1.9825816,FAC20250912138303
-0.48219693,-1.7829279,-2.450681,-0.856615,0.92764676,-1.987148,-2.991145,-2.6771812,FAC20250916139468
-1.648022,-3.2535388,-1.2327255,1.9790146,0.76467586,0.22278497,0.11349181,-3.245471,FAC20250621034579
-0.29660296,-2.1309986,-1.7794739,-0.51449656,1.4856144,-2.07944,-2.579947,-3.0655859,FAC20250917140020
-1.4462388,-2.932768,-1.7696416,1.6894889,1.844072,0.52414733,-2.6701565,-2.865942,FAC20250928143529
-0.47217977,-0.7269688,-2.1771991,3.8547947,-1.6840788,-0.32006162,0.80510455,-0.8040121,FAC20250426004005
-0.2504702,0.8530488,-2.2350106,3.817297,-1.1508638,-2.1537786,-2.7880168,0.891102,FAC20250710043502
-3.1623046,0.28227356,-0.32820314,1.9829457,-3.0947268,-2.7052736,-0.4159252,-0.006203486,FAC20250815129386
-0.3575015,-2.0154936,-3.776888,2.5887277,0.9213515,-2.128221,-0.7326751,0.9384052,FAC20250711044628
0.23676029,2.5500953,-1.2401235,1.670873,1.3935255,-2.820938,-1.0696713,-3.111744,FAC20250721048799
-1.5555933,-1.6968712,0.8882815,3.3469574,-2.0001097,-1.6293049,0.6746563,-2.1727242,FAC20250702115128
-0.33209133,1.4711303,-2.891026,2.879141,-2.64628,-0.5781615,-1.0698628,-2.3459377,FAC20250507097210
-1.0298258,0.95647603,0.4351715,2.4420993,-1.4173831,-3.6776903,1.2732977,-2.4292083,FAC20250517100295
0.72054684,-1.2003442,-2.6651447,0.880482,1.7200606,-1.8957784,-0.0988011,-4.059087,FAC20250419000340
-3.8017313,-2.4954147,-1.2019988,2.1474638,0.9434378,-1.3033148,-1.1991147,1.2478169,FAC20251010147302
-3.8695652,-0.22816299,-1.8165289,0.036202323,-0.9572618,-3.0099733,-1.5583812,0.95447695,FAC20251015148739
-3.91526,-2.0565166,-2.3799138,2.3258944,-1.335196,0.45710945,-0.45699924,-0.38914788,FAC20250705041185
-2.7196186,1.2662343,-3.0056772,3.1921022,-1.1690784,-1.4143001,0.09014224,0.89472675,FAC20250814129051
-1.650819,-1.9449174,0.5783365,3.6955605,-0.6473169,-1.3470488,1.4240663,-2.4689713,FAC20250627113408
0.34972137,-2.1928794,-1.4436747,0.76843375,0.08657414,-4.070843,-2.6530278,-0.26023456,FAC20250704115878
-3.3226871,0.42058903,-2.1812088,0.5031074,-1.2210982,-2.684064,-0.97695255,1.0575726,FAC20250704115859
-1.0339359,0.94358975,-1.8045685,2.4575145,0.94652396,0.7421156,-3.4052293,-2.4377909,FAC20250625035787
-1.7383925,-0.5289232,-1.613079,0.68193793,2.9332151,-1.5490848,-2.9232707,-0.39521435,FAC20250804053089
-3.5502682,-0.055086233,0.55749726,2.5949984,-2.8746083,-1.9510766,-1.1543484,-0.23988661,FAC20250801124629
-1.4314854,0.5533659,-1.4863993,-1.2603542,1.1435628,-3.9845634,-1.2432107,-2.4199526,FAC20250604106254
0.27678847,-1.643937,-0.776081,3.5024495,-1.169768,-0.7456035,-2.4363434,-0.5048405,FAC20250920140698
-1.8396496,0.7393966,-2.7104867,2.1396432,-1.0793129,-1.0296438,-3.0945828,1.0992064,FAC20250722048887
-1.9926767,-1.8586501,-0.50142246,-0.9078394,-1.116328,-4.120826,-1.9608661,-1.1404829,FAC20250609029098
-3.0599923,2.3707182,0.024364065,1.655031,1.242834,-3.091586,0.4103232,-1.1651008,FAC20250513011933
-0.71392006,2.3895543,-0.7332636,1.8345871,-0.3588518,-4.6157727,-0.99235886,-0.49522036,FAC20250704039700
-3.1417873,-0.62922764,1.4557766,1.7224295,-0.5870019,-1.2259591,-3.3741274,-1.1427382,FAC20250721048592
1.4056386,-0.81746274,-2.3078055,3.4646897,-1.2826169,-2.3028188,0.26198396,-1.4562553,FAC20250603105962
-2.0974057,-0.8396963,-1.5675337,4.119013,2.2643387,0.104194164,-0.0715975,-0.45162073,FAC20250719120650
-1.9266772,-2.58885,0.3535617,0.20184812,-1.5234922,-3.541834,-2.1834958,-1.0162494,FAC20250601024056
-3.8591218,-0.41580895,1.2932404,1.640625,-0.7643901,-0.79550797,-2.9572375,-1.3570377,FAC20250906136243
-2.9290144,-0.23816238,0.2298746,0.743928,1.5449681,-2.303668,1.4222059,-2.6186135,FAC20250630038195
-0.84200454,-1.594153,0.90425694,1.5306244,0.97613585,-3.9482179,-2.2961383,-0.26268947,FAC20250922080764
-0.6658728,0.22173807,0.09751842,1.6774563,-3.3287318,-2.8030226,-2.3475056,-1.7642896,FAC20250519016191
-3.3009255,-1.0727011,-1.0409771,1.0811075,2.6405766,-1.5272274,1.09684,-1.5852009,FAC20250428094258
-1.6862502,1.1904073,-3.1322699,0.16855231,2.3918073,-1.3515444,-0.08574367,-2.927467,FAC20250731124497
-1.4979349,-1.6007179,-1.190527,-0.6076756,-1.1263647,-4.675645,-1.639586,-0.47800553,FAC20250429005671
-0.21021007,-2.121936,-1.2996552,0.22985475,-1.8317432,-2.3003576,-1.8048071,-0.30355498,FAC20250610107952
-0.60239667,0.24563497,0.17387453,2.148103,-3.39468,-2.9229712,-2.1733243,-1.6607686,FAC20250903135215
-2.8822381,-1.1098542,-2.4356112,2.290444,-2.4795015,-0.28776562,1.0536308,-1.2345217,FAC20250928143378
0.46474108,-0.28954044,-1.5068789,3.4062884,-2.1143882,-0.3752842,-2.4620695,-1.7257694,FAC20251012089750
-3.5385334,-2.1622975,0.72458774,0.9206509,-1.4639268,-1.2200258,0.15373397,-2.867272,FAC20251009147103
-3.5704708,0.64395595,-1.3494298,0.19883013,-1.4096589,-3.3346438,-1.0703433,0.5741818,FAC20250902068059
-0.88557726,-0.09434378,-0.95048124,3.94689,3.0927732,-2.205043,0.36724707,-0.5708486,FAC20250816129597
-1.1777871,-2.0412278,0.38295346,3.739787,-0.61854804,-1.1396984,1.1944772,-2.4984696,FAC20250708116948
-0.755195,0.9377246,-2.9692569,1.167172,-2.9836512,-1.604542,-0.42243734,-1.6537889,FAC20250902068219
-3.4632406,0.8579395,-0.92508787,0.35996747,-1.8304265,-3.7314317,-0.65677756,0.22917321,FAC20250605026311
-1.4187404,-0.99231744,-2.6782334,3.7339513,-1.8663802,-0.02379446,1.0402049,-1.4020811,FAC20250714118875
-2.363026,2.5457163,-0.60212624,3.1845777,1.2361434,-1.8900491,0.65325844,-1.1217854,FAC20250823064533
-1.6486177,-2.3436759,0.7484798,0.57982343,-1.8557339,-3.4200454,-2.2855098,-1.2882965,FAC20250525020269
-0.13518849,-1.7984426,-2.7644095,2.0558817,1.6360794,-1.6732686,-1.9750191,0.68001384,FAC20250421002106
-3.1524072,0.00920443,0.38695073,2.0133617,2.2018392,0.095967144,-0.93291336,-3.4726212,FAC20250909137083
-3.0693016,0.45470312,0.029077927,2.0879838,2.1243749,0.1767298,-0.42135787,-3.098278,FAC20250913138498
-3.1935735,-2.3925455,-2.154887,2.1976712,-0.8615079,0.8361439,-0.0053316555,-1.2397263,FAC20250718120308
-0.3537409,-1.2075696,-2.7885756,-0.6706224,0.98964465,-1.923438,-3.3517854,-2.5629957,FAC20250912074364
-0.43508136,2.644627,-0.9504692,2.3566055,2.120862,-1.6707609,-1.8389456,-2.6195276,FAC20250621034692
-2.8004882,-1.6681304,-0.26995173,1.5429177,2.2601054,-1.8057907,1.6643175,-2.7294738,FAC20250922080117
0.7126315,-0.8956019,-3.4907668,2.8581963,0.4856933,0.17422579,-1.1846697,-2.211088,FAC20250922081342
-3.7957017,-0.48728895,0.6833681,1.2750449,-0.03976384,-0.577452,-3.09211,-0.59060025,FAC20251001085041
-3.1483748,-1.8732784,-2.4419775,1.9556745,-1.8543719,0.10610993,0.5217505,-1.009241,FAC20250501095153
-1.3793118,-0.6002802,-0.6814362,0.8927822,-3.2580168,-1.3369807,-2.8103921,-1.9341276,FAC20250525102997
-1.5769335,-3.1958537,-0.78973794,1.8441762,0.67760307,0.21153075,-0.266451,-3.6054068,FAC20250926142752
-1.194868,-1.0420673,-1.487546,0.73405695,1.6330209,-1.1862379,-2.7106466,0.5370039,FAC20250420091705
-2.8610585,1.7397648,-1.7862446,-0.0038854426,-0.43203318,-2.267418,1.1906222,-3.5575871,FAC20250604106197
-1.9969712,-1.308333,-3.9904203,0.61677307,0.33778098,0.6533871,-1.176968,-2.2929962,FAC20251011089432
0.015046515,-2.189976,-3.0139265,2.1242378,1.4219562,-1.8474919,-1.6022552,0.49484578,FAC20250716046646
-2.1083746,2.114861,0.238631,2.2163787,-1.1006745,-2.2438767,-3.2480545,-0.3650191,FAC20250508008696
-0.749108,-2.2654188,-2.7377238,2.2446709,-2.9075193,-1.5733215,0.638505,-1.4352757,FAC20250510010005
-1.9173336,-1.7985271,-1.6967133,2.962553,1.3469043,0.24947141,0.2978996,-0.13408032,FAC20250606027070
-1.0702306,0.45624366,-0.72427833,1.9431973,0.90915763,0.48770994,-3.5027406,-3.0201461,FAC20250902068760
0.62748384,-1.3445438,-2.389901,1.0898535,1.7424291,-1.853427,0.053358737,-4.089251,FAC20250827066457
0.7053288,0.73971605,-2.42776,1.6939067,0.12361727,-3.1523085,-3.6955667,-0.31706747,FAC20250607028656
-3.101679,-0.39161524,-3.3491287,0.6403377,-1.233045,-2.372938,-0.62184787,1.1226989,FAC20250510009756
-3.2542284,0.09167215,0.6543099,0.46001154,0.74848914,-3.3028114,1.1468853,-2.7429128,FAC20250524019350
-0.065262154,-0.15203689,-1.8858172,3.8435616,-2.5702703,-0.16405897,-1.7064788,-1.605782,FAC20250521017823
-0.8605767,-3.978054,-0.37136942,2.6742802,0.18468861,-2.2232876,-0.37845716,-0.5515338,FAC20250519015029
-1.7598007,0.9142872,-3.1822488,0.13216513,2.507663,-1.3735847,-0.03856841,-2.8504126,FAC20250820130797
-3.6182747,-0.048602235,-1.7974274,-0.015435827,-1.1871744,-2.9471202,-1.5344304,0.8232221,FAC20250505007216
-3.6978154,-1.4387467,0.24539864,1.1362798,-1.8344495,-0.7487,0.49169695,-3.0879538,FAC20250619033879
-0.18745145,-0.32291028,-0.30009684,0.24836026,0.9382499,-4.9075675,-0.210348,-1.6448716,FAC20250611108335
-0.8389923,-0.772186,-1.5498317,1.8169153,-1.6434731,-3.8300247,1.1171185,0.1027928,FAC20250530023427
-1.5933166,1.420774,0.9210153,0.26233032,-0.32201687,-2.7181342,-2.7615173,-2.978173,FAC20250718047208
0.19081473,-2.0784342,-1.5500425,0.5661572,-0.12694277,-4.1498694,-2.3851807,-0.14346355,FAC20250710043468
-1.7766556,0.3214201,-1.0341277,0.91174024,-3.3331432,-1.0766938,-3.1059144,-2.310613,FAC20250623034792
-3.0907245,-2.4818451,-2.3148947,0.8611478,0.3635711,-0.5035852,-2.0275178,0.5831111,FAC20250902068670
-3.1715908,-1.5799173,-2.7849655,0.9696545,1.9882048,-0.104387134,0.8365164,-1.6458737,FAC20250705041358
0.66460824,1.7726355,-2.3617315,3.7246842,-0.21354072,-3.0738552,0.30492598,-1.1780144,FAC20250530023847
0.17391466,-1.114372,-1.465452,1.327754,-1.1902776,-0.7437459,-1.7984824,0.102047555,FAC20250604106068
0.07288634,0.0136032915,-2.901707,-0.33687747,-1.2608234,-3.1340513,-0.55003566,-1.1930107,FAC20250526021779
-0.39180827,-0.9398294,-1.5301536,2.6136906,-0.87533355,-3.7468536,1.0710033,0.34335548,FAC20250527103461
-0.9546457,-3.5533862,-0.7944154,2.784842,-0.078673534,-2.7866817,0.18841998,0.10894718,FAC20250531104955
-2.8290281,-1.521325,1.3682013,4.494376,0.4699256,-1.0641534,-1.4952177,-0.34002241,FAC20250519015972
-3.1898954,-1.2662774,0.50803113,0.45609722,-1.3983628,-1.0306877,-0.20964032,-4.0371957,FAC20250705040363
0.48243093,1.5772195,-3.201181,2.985661,0.37987503,-2.4173758,0.056496557,-0.70253956,FAC20250829133731
-1.6207039,0.58520126,-3.23736,0.15117602,2.318077,-1.2275106,0.123227894,-2.8084087,FAC20250827133035
-2.5511174,0.09576163,-3.849951,0.83245075,2.3268769,-1.9505644,-0.76803666,0.4616156,FAC20250826065592
-0.57899845,-1.6348176,-1.3042202,4.573565,0.5096725,-1.3489925,1.7295104,-1.4883647,FAC20250926083856
0.31978413,-0.08103332,-3.0350084,2.6853747,0.84968334,0.36985844,-0.31160167,-2.724563,FAC20250703115532
1.7320714,-0.7131258,-2.1797714,3.8289993,-0.78163856,-2.371289,-0.32914117,-1.4626256,FAC20250927142992
-2.6833696,-2.1666887,0.77732456,0.16393737,-1.2030923,-1.7787169,-0.27551162,-3.4327798,FAC20250428094230
-0.78578186,2.5985992,-0.86176366,2.70437,2.3001688,-1.5409741,-2.3025472,-2.1473413,FAC20250701039011
-1.6951174,0.58043134,-1.9815682,0.82448846,-1.0450753,-2.0673492,2.026062,-1.6868986,FAC20250420091739
0.8619977,-0.536383,-0.8940755,1.9370561,2.8731112,-2.6096134,-1.7043102,-2.3084621,FAC20250630114580
-2.4648538,-2.1326025,-2.696331,0.336749,-0.10398323,-0.27668798,-2.532031,-0.18742143,FAC20250922141356
-1.6586297,-1.5191636,-0.95917916,3.8604143,2.3667629,-0.96060336,0.89019847,-0.7002259,FAC20250421001531
-2.6329222,1.1440331,-3.2147331,3.1614795,-0.9368534,-1.4980987,0.4365857,0.8248245,FAC20250816059673
-0.8674101,-1.2447239,-0.18558948,0.66451627,-2.6818366,-3.1128078,-2.6842089,-0.90429765,FAC20250816059906
-0.9205957,-0.4973761,-0.12618218,1.2336786,-3.3603768,-2.4409182,-2.7091904,-1.5841429,FAC20250624035395
-2.8074558,-3.1443326,-1.8466594,0.7100097,1.0813789,-0.8567601,-2.3173616,0.009225101,FAC20250805053570
-0.09000264,-2.1360698,-2.6863205,2.537537,2.376097,-1.0590311,-1.7685109,-0.3121016,FAC20250717047127
1.3487,-0.67491704,-0.71537787,0.9719746,-0.22679211,-2.6916947,-2.5819097,-3.3564827,FAC20250922081113
-3.03766,-0.67938447,-1.6601576,0.43275133,2.801,-1.4870117,-0.28871855,-0.40293944,FAC20250516013278
0.28885075,0.97401184,-2.1872373,2.255445,-2.5510066,-0.9447673,-1.6041901,-1.7417622,FAC20250630038315
-0.79871327,-2.087875,0.30184975,3.4162047,-1.727974,-0.30006146,-0.4038417,-2.3540606,FAC20250905071332
0.6559717,-1.2405508,-2.4207048,0.6781719,1.1593022,-2.205149,0.21922189,-4.0832076,FAC20250720048012
-0.20902231,0.67310756,-0.3716125,1.8066441,-2.0232618,-2.6368437,0.9368111,-2.652496,FAC20250822063771
0.95016545,-1.7066042,-4.0396423,1.3080981,-1.0877407,-1.3289832,-1.4617463,-2.2841442,FAC20250512010383
-1.359595,-0.8620788,-1.9669006,1.2665327,3.4207182,-1.0666702,-2.3249485,-0.6816168,FAC20250705041429
-2.5144975,0.28563163,-1.5689292,0.6630088,3.0430586,-1.4417137,-2.9930062,-0.7012148,FAC20250807054909
-2.6066256,-3.1466036,-2.076832,0.78127587,1.5382692,-0.8028159,-2.1343794,-0.21947812,FAC20250515012695
-3.5872595,-0.3486803,0.6458914,0.37806678,0.34748346,-2.4780452,-2.8574746,-0.024847057,FAC20250616032023
0.04835309,0.37294075,-2.050703,2.924609,-1.0492142,-3.0135882,-3.0303051,0.8761946,FAC20250727123182
-0.94020915,0.84601533,0.9079218,0.42018872,0.6437801,-2.7216914,-3.1620352,-2.5230355,FAC20250526021853
-1.6301292,0.80761456,-1.8972237,2.2669172,0.8347947,1.0915887,-3.103327,-2.3534377,FAC20250804052527
-1.3028274,-2.7610495,-2.0165234,0.73181397,2.097273,-3.3194785,0.9224891,-1.2126489,FAC20250510009764
-0.108744375,-0.30096748,0.115218446,4.5160875,1.5463198,-2.2653284,0.5180368,-1.1742581,FAC20250705041308
-1.9447633,-1.826968,-1.2135441,1.1138536,-2.9528246,0.07331717,-1.2760266,-2.712118,FAC20250508008974
-1.5938845,-1.8784896,-0.7433601,-0.75722975,-0.79786086,-4.1750913,-2.0712981,-0.76064193,FAC20250421001164
-1.1880121,-0.08170205,-2.6253014,1.5560026,-0.3077506,-2.4923306,2.4547005,-1.5506762,FAC20250519015186
0.15565173,-1.6536256,-1.8151119,-0.049666837,0.7310562,-2.4863176,-0.14461508,-4.1781054,FAC20250910073458
-0.3982106,0.92555237,-2.2234633,4.0580173,-1.2332056,-1.7648176,-2.6284628,0.80111617,FAC20251017090596
-1.6325874,0.20000921,0.6341243,4.0989895,-0.17241839,-2.695888,-1.253756,0.8811292,FAC20250428004276
-4.467905,-0.608856,-0.7509552,1.5661911,1.3055062,-0.46536055,0.9748781,-1.6663929,FAC20250607028458
-1.346058,-2.0653396,0.72489077,3.1967485,-2.0168881,-1.3895782,0.48973283,-2.486402,FAC20250605026488
-1.4807953,-0.44106168,-3.4375935,1.9129261,0.21538177,-1.8254975,2.566125,-1.5868564,FAC20250530022842
-1.1439816,-1.1821115,-2.6797664,3.403715,-2.0319836,-0.21507294,0.9354434,-1.2722486,FAC20251017149548
-3.7639654,-0.21222438,-1.0175459,-0.1056692,1.9510732,-1.4066982,-2.4223838,-0.51582724,FAC20250926142847
-0.8397867,1.8247149,0.10093104,2.0600338,-1.2343351,-4.4512844,-0.052044597,-1.2364203,FAC20250922080291
-0.24756204,0.28700817,-0.58485866,4.5106435,2.164452,-2.1488543,0.4314046,-1.0689799,FAC20250821063239
0.88477737,0.19657026,-1.052503,0.7718022,-0.36536482,-2.1269977,-2.9701555,-4.298573,FAC20250522101876
-0.5808531,-2.261257,-2.896093,2.495174,-0.66126335,-1.5159416,-2.0478766,1.0817356,FAC20250701038971
-1.4342973,-1.3155713,1.7646054,1.9987472,1.293237,-3.263548,-1.7806321,-0.82348526,FAC20250517013504
-3.408447,-1.4442621,-2.448404,2.3655472,-1.9382988,0.16098493,0.5311228,-0.74360174,FAC20250820061910
-0.529826,-3.3374968,-0.5466582,2.8619611,-0.20983233,-3.0111444,0.02849725,-0.005765635,FAC20250501095337
-1.1265229,-1.4950188,0.6504567,1.4344426,-2.537446,-3.4214375,-2.5449612,-0.84855825,FAC20250915075827
-1.7372571,0.8661983,-1.2906358,-0.9485254,1.9051172,-3.8882048,-1.3307592,-2.1345093,FAC20250429094719
-2.195636,-1.7621564,-3.886212,0.28705817,0.75050867,0.19440135,-1.4895116,-1.3356069,FAC20250701039427
0.21435799,2.6298244,-1.3205953,1.2699169,0.6427401,-3.5235925,-1.1471392,-2.7370555,FAC20251005087356
1.4549626,-0.5876665,-2.5247965,3.347647,-1.0557255,-2.3000631,0.32043326,-1.3869202,FAC20250425003582
-2.7880142,-3.0179808,-1.0072272,1.451818,1.9339303,-1.6747526,-1.957372,0.43319297,FAC20250530022954
-2.5982506,-1.0560791,1.2645104,4.5105147,0.55881125,-1.4723749,-1.5181421,0.067588784,FAC20250909073082
-2.177332,-1.2576312,-3.2404172,-0.078500934,-0.09906582,0.1593208,-0.23817563,-3.5631058,FAC20250630038380
-0.52835935,-1.7121154,-2.5668623,-0.6112469,1.8088942,-1.8617291,-3.0010056,-2.8400655,FAC20250517013456
-3.1216524,0.4876362,0.59473956,0.9883495,0.92958224,-3.2349744,1.4411439,-2.3189578,FAC20250705041110
0.76343197,0.80856425,-2.5215893,1.7051833,-0.23141353,-2.9246786,-3.5526948,-0.47087172,FAC20251001085152
-1.92145,-0.50473565,2.3420026,2.4221966,1.0705993,-2.5015662,-1.0483009,-1.754103,FAC20250518100552
-2.1959126,2.1634429,-0.1703258,1.7928493,-1.3895528,-2.4436145,-3.498676,-0.38900793,FAC20250524019412
-1.6627165,0.5082186,-3.001771,0.38176575,2.5983562,-1.5891948,0.6883703,-2.7263262,FAC20250613030377
-2.0144057,2.393233,-0.5916919,3.5886788,0.5827084,-1.5898609,0.8240935,-1.2077775,FAC20250905070989
-2.593125,1.4902545,-2.0732899,0.34375644,-0.41586775,-2.1710875,1.666187,-3.03374,FAC20250711044115
-0.5664624,-2.9533427,-0.7555447,2.5597029,0.932406,0.20719863,-1.0525583,-3.0978084,FAC20250608107273
-2.3894033,0.63455355,-1.789145,2.3939404,1.1802075,1.3124119,-2.7606163,-1.9187965,FAC20250519016096
-3.1236596,0.19088537,-0.14272629,2.4106452,-3.0285099,-2.2530177,-0.6968713,0.08288342,FAC20250829133855
-4.2004895,0.06445076,-0.5024891,1.8658099,2.2985783,-0.35305032,0.33587816,-1.7823101,FAC20250724049475
-3.7311378,0.4032557,-1.5117354,0.039681137,-1.1575801,-3.3266819,-1.2623062,0.6962926,FAC20250426003851
-2.9305878,2.0956194,-2.6741774,0.015856775,1.0941055,-0.8040272,-1.2250823,-2.0142987,FAC20250517013811
-3.108827,-0.25970572,-0.9971224,0.18919112,2.497405,-1.2485465,-2.5682921,-0.6463439,FAC20250714046021
0.40190145,0.64046955,-1.9889958,2.8482244,-2.5727913,-0.77773285,-1.8583723,-1.8135941,FAC20250729051532
-2.431056,-0.8833577,-2.444556,3.2051053,-2.1717606,-0.016653236,1.1418955,-1.0703819,FAC20251001144465
-1.5666203,1.0330989,-4.0530953,1.6152239,1.9337766,-1.0408602,-1.4663475,-0.05748222,FAC20250922079239
-2.919297,-2.5275488,-1.1630434,1.3324311,0.15567704,-0.4204812,-2.6298718,0.56224203,FAC20250914075273
-2.2122416,-1.131667,-1.7583932,4.054886,1.3018376,0.6374031,-0.5675805,-0.30028874,FAC20251011147666
-1.0853208,-0.24666525,-1.3098426,1.7037672,0.69789296,-0.44181204,-4.511211,-0.7697366,FAC20250922079963
-3.2939386,-2.3830338,-0.7980221,2.1040847,1.3277769,-1.7391148,-1.3529863,1.2270823,FAC20250512098649
-3.3286874,-1.7588882,0.36233824,3.0313356,0.72366375,-1.568986,-1.1759114,0.9668108,FAC20250720048173
-1.6859615,0.6570532,-2.593097,-1.4701724,0.4003631,-3.4385922,-1.8604552,-1.614025,FAC20250805053422
-1.6871693,-0.4284771,-1.7360284,0.8590452,3.2647176,-1.6690713,-2.877229,-0.56106734,FAC20250505007397
-1.0115811,2.2889485,-2.3343322,2.3897681,-0.28588524,-0.7674966,0.61096483,-3.7844696,FAC20250629037179
-0.567876,-0.72479737,-1.6878846,2.773851,-1.6690379,-3.8753126,0.5342975,0.50347394,FAC20250623112386
-1.9055786,0.72146684,-2.1686025,-1.3255659,0.98645705,-3.5834923,-1.6970996,-1.2174437,FAC20250824132163
-1.2944447,-1.0916061,-2.6093934,1.7026069,-1.0047189,-3.6066608,1.6762955,0.07098027,FAC20250917139947
-1.1862527,-1.3101907,1.6033279,1.8627344,1.1347142,-3.4587615,-1.8894081,-0.60391265,FAC20250519014179
-0.5400447,0.1917883,0.48019043,1.9184638,2.204725,-4.614387,-0.09799166,-1.7962743,FAC20250828133423
-1.6079978,2.2594943,-2.7841272,2.2756865,-0.39204526,-0.20050302,0.48916304,-3.3782604,FAC20250508008694
0.35963336,2.4500806,-1.3038088,1.6517112,0.90592444,-3.1247084,-0.72339565,-3.1925871,FAC20250822131432
-0.60668147,-1.0998546,-0.67526037,4.6079283,0.34527695,-1.6103534,1.5384637,-1.2080357,FAC20250505096664
0.65401745,-0.64867246,-0.2850712,0.8293147,-0.007117721,-4.8122563,-0.5909056,-1.9844744,FAC20250706042549
-1.2784394,-2.5490496,-0.15908596,2.2948802,-2.412968,-0.17923954,-1.4920429,-2.7683969,FAC20250922081947
-0.8606767,0.6249389,-3.2553358,-0.9625376,-0.84691364,-3.1966863,-1.3285742,-1.7165024,FAC20251006087703
-0.9323394,-1.2688028,0.93030614,2.0753415,-2.6798818,-3.6158328,-2.0857623,-0.93050385,FAC20251003086472
-1.9533728,0.8253904,-1.7943444,2.6794271,0.95625645,1.3053981,-2.8098774,-2.4239519,FAC20251006087410
-3.2677157,0.4774527,-0.7027662,1.1072838,-2.5867186,-3.187628,-0.23975265,0.13395554,FAC20250619033950
-2.7204769,-0.04436086,-0.0912586,1.6152759,2.345488,0.127134,-0.5493631,-3.3936224,FAC20250428004059
0.2644282,2.661236,-1.5897719,1.2914416,0.839333,-3.2715118,-1.3339949,-3.0744045,FAC20250914138995
-0.4176826,-1.8455236,-1.3813304,0.12418063,-0.1633087,-4.2375574,-2.0858471,0.0570742,FAC20250425093128
-0.5724883,2.3502502,-3.6087804,1.6108208,0.49794683,-2.1723044,-1.2990916,-0.37566546,FAC20250506096778
-2.373393,1.0887202,-0.16721834,3.4058661,0.8120674,0.24034217,0.4911857,-2.388041,FAC20250430094946
-2.743337,-3.3314295,-1.1845306,1.3413949,1.9187994,-1.2825847,-2.3171458,-0.011856132,FAC20250619110838
-3.0740838,-1.3797964,0.856319,3.8114052,0.7710204,-1.4225699,-1.5663505,0.6326128,FAC20250420000568
-2.4195635,0.07859763,-0.30439952,3.978818,-0.4600844,-3.0162258,0.059336156,1.3977158,FAC20250517100225
-4.130422,-2.083959,-1.4530443,-0.037682757,0.05741735,-1.9876794,1.1112915,-1.3176436,FAC20250822063601
-3.3127582,2.40511,-2.8081236,0.12630737,0.3995614,-0.88488567,-1.5549929,-1.7405015,FAC20250525021306
-0.62978077,0.39572865,-3.1616082,-0.7903729,-1.317596,-3.5711122,-1.1549686,-1.6547137,FAC20250922081377
-3.6716835,-0.365879,1.0283837,1.2949545,-0.97521,-1.1128745,-2.822114,-0.87243426,FAC20250625036296
-1.6926537,2.4182293,-0.43858317,3.59282,0.40408078,-1.4031913,0.40453064,-1.1010205,FAC20250702115018
0.5596769,-0.15993416,-2.9908645,3.1085863,0.9068182,0.32505077,-0.81144935,-2.7971027,FAC20250714045557
-3.9382074,-2.0507698,-2.0160782,2.0310295,-1.3380374,0.51353884,-0.29916164,-0.75741035,FAC20250528103847
-1.4918591,0.82535547,-2.100861,-1.4053593,0.5725735,-3.6869953,-1.3788152,-1.8277597,FAC20250710043796
-2.7663493,-3.6725736,0.57174194,1.5684745,-0.6972596,-1.4200436,-0.97446555,-1.2694662,FAC20250502095533
-1.8887545,0.48011738,-1.023051,2.5984879,1.3421375,-3.4031281,-1.0050694,1.6225364,FAC20250421002331
-1.7225807,1.8518692,0.17206876,3.8042953,-0.005562895,-0.40129384,-0.19266017,-1.9773515,FAC20250806126217
-2.2940874,0.20624512,-0.24778329,4.218854,-0.5381278,-2.8196857,0.12731731,1.2026954,FAC20250509009492
-1.2500514,-0.7907478,-2.8366535,2.5427763,-0.2869579,-2.8772504,2.218732,-0.19549893,FAC20251006087893
1.0623356,-1.737721,-3.5690882,2.1863854,-0.32647666,-0.4940384,-1.503009,-2.3531384,FAC20250815059079
-1.1393671,-2.989502,-1.5265241,1.5914037,1.8033166,0.29633218,-2.4178553,-2.850119,FAC20250606026957
0.100723304,0.6061683,-2.1681917,2.892369,-1.0413681,-2.7039433,-3.2585115,0.67216223,FAC20250523102243
-0.45732605,1.6072614,-2.4446752,2.3265152,0.062304392,-0.75358385,0.90907776,-3.4871924,FAC20250530023451
-1.7484583,-1.1955385,-0.61689544,0.8445273,-0.34878352,0.094897486,-4.225753,-2.9551601,FAC20250624035066
-3.3459995,-1.1471022,-0.5492798,0.22504088,-1.9280808,-0.66516304,0.32454568,-3.066539,FAC20250930143944
-0.3032275,-2.1511533,-2.5756462,2.573531,0.24876758,-1.4128296,-2.3183458,0.9501863,FAC20250827066244
-3.3983405,-0.13755627,-0.3588821,0.02852188,1.4573871,-2.2411575,-3.1001825,-0.07492849,FAC20250605026503
-3.651487,-0.5738642,-1.8959234,-1.250251,-1.1162361,-1.0897092,-1.403482,-2.6499648,FAC20250725050193
-0.2790789,0.1752846,-0.07887067,1.2399299,-1.5449146,-2.408904,0.3856815,-4.223039,FAC20250907072331
-0.8073082,-1.5298429,0.9127442,1.513949,0.9535469,-3.9113195,-2.1959,-0.1518362,FAC20250511098310
-2.8425741,-0.856693,-1.2908069,4.1232867,0.9886633,0.9219816,-1.5253973,-0.31751323,FAC20250619111047
-4.177977,-1.7954692,0.13819042,2.8111572,0.67723066,-1.6481503,-0.95183223,0.9223134,FAC20250725050031
-0.848849,0.61332893,-0.8252063,2.0527208,0.77216697,0.4355588,-3.5302188,-3.2794962,FAC20250702115028
-3.3471503,0.35779655,-2.004774,2.444294,1.4945925,1.2176945,-2.4201162,-1.3987347,FAC20250607106927
-1.1530232,2.896896,-0.2953979,2.6192546,0.47462475,-1.7039316,-2.94232,-1.5577997,FAC20250506096810
-0.88436675,-1.1553879,0.63410777,1.4562416,-2.680611,-3.4898965,-2.351211,-1.0933939,FAC20250420091525
-1.8680171,0.13226914,-0.80905175,1.1882802,-3.2988596,-0.85661685,-2.739223,-2.25637,FAC20250903135291
-3.210117,-0.67811054,-2.620121,1.6472218,0.1991346,-1.8639646,0.17172766,1.6319747,FAC20250525021508
-1.1097037,-1.1294335,-2.2716038,1.4214405,3.4375741,-1.3174429,-2.3367515,-0.7355541,FAC20250916139547
0.14270425,2.6184063,-1.1759636,1.2999789,0.71024185,-3.4795067,-1.1700741,-2.6286163,FAC20251004086785
-1.7247366,0.8184155,-1.1460124,3.4443548,1.3972524,-2.308451,-1.4842181,1.5345378,FAC20250807126723
-2.0690675,-1.1835381,-3.4522455,-0.30262062,-0.640994,0.06525471,-0.5445251,-2.763245,FAC20250421001021
-2.2382011,-1.8887959,-3.2688134,0.13563177,-0.91281503,-0.22589363,-2.7662652,-0.71418357,FAC20250625035695
-0.9506178,-0.61646163,-1.9669132,2.1041887,-2.0290062,-3.879758,1.0553958,0.19963211,FAC20251013148247
1.2183307,-0.6539924,-2.6962519,1.1469421,1.9183642,-2.8249977,-0.5999864,-2.5236654,FAC20250423092741
-2.6196337,-1.4157505,-1.9876046,-0.7871839,-0.7786667,-0.094053395,-1.0977867,-2.2406373,FAC20250605026037
-0.0021303075,1.5997307,-4.2966976,2.1706293,0.41066343,-2.1406937,-0.23895508,-0.7423331,FAC20250830134177
0.14244011,2.517965,-1.3501967,2.061975,1.8281958,-2.1469965,-1.3191382,-2.8570433,FAC20250623034767
-3.710825,-1.7295517,-1.0340422,0.29842165,0.49274057,-1.5421762,1.1629974,-1.1283386,FAC20250419091319
-0.8900343,-3.0332816,-0.35395637,2.1554556,1.0506727,-0.2677632,-0.32122096,-3.7831423,FAC20250612108640
-3.5057452,-0.66919905,0.3432278,0.13312374,1.0793099,-2.2601867,-3.2520149,-0.39376986,FAC20251001084745
-1.7189499,-0.4259577,-3.094066,-0.31786397,2.3623483,-1.9459355,0.53873485,-2.55274,FAC20250529104308
-0.64046615,1.0644189,-2.5304353,-0.75478286,-1.3034071,-3.3869822,-0.9931715,-2.0003831,FAC20250519014482
-0.89393586,1.367674,0.54940605,2.1254463,-1.2726238,-3.979756,0.62824345,-2.104014,FAC20250924083392
-1.8153495,1.7755696,0.21591088,3.222811,0.5974693,-0.28989038,-0.060040876,-1.9187155,FAC20250601024037
1.5827165,-0.21339978,-1.7324271,4.0529256,-0.97668874,-2.4166148,-0.17902747,-1.6941091,FAC20250630038770
-0.18288946,2.579533,-1.0561272,2.014296,1.9232321,-2.1501114,-1.6208159,-2.4388084,FAC20250731051674
-1.5986793,0.79323214,-1.2308866,2.8803282,1.7359478,-2.6084068,-1.9158162,1.3573586,FAC20250705041050
-1.4469733,-0.6114125,-0.9997853,3.6319273,3.3401957,-1.8844448,0.2289778,-0.35632142,FAC20250613030017
-1.503021,-1.993552,-0.100497924,2.3642006,-2.8913367,-0.38186947,-0.9389562,-2.7184534,FAC20250710043678
-2.9436405,-2.8902624,-2.0658877,-0.47873712,-0.13285659,-2.1088395,0.4732701,-1.3864336,FAC20250909073155
-2.3513234,1.0158331,0.8532619,1.2362412,0.7070172,-1.9324667,0.9940003,-2.7036407,FAC20250812128199
-0.6448193,0.16224483,0.28920716,1.6914705,2.155426,-4.7943225,0.05504387,-1.5800157,FAC20250805053659
0.19654079,-0.93285745,-0.06318216,3.6998103,-1.358789,-0.70754814,-2.953269,-1.2634028,FAC20250619034127
-0.1423227,-0.4946605,0.16036706,0.35435185,1.4088871,-4.443204,-0.107375,-3.0184395,FAC20250428094250
-4.00544,0.76213884,1.3258839,3.0017576,-0.6058251,-1.6555043,0.39693564,-1.5268868,FAC20250422002591
-1.7960988,0.22865307,-2.6470735,1.2249596,-0.3317877,-1.9725157,2.4572418,-1.889477,FAC20250930143963
-2.1713326,-0.6995263,-1.6143609,4.1361485,1.9490991,0.26949924,-0.17147696,-0.34463534,FAC20250905136063
-2.0641642,0.62200993,-4.169016,1.1269083,2.0506537,-1.4502057,-1.4094893,0.17698754,FAC20250830133915
-2.381428,-0.52871287,-0.107417814,1.8513768,1.395506,-2.342808,2.266855,-2.8461466,FAC20250910073951
-3.213999,-1.3119301,0.5225363,0.3155634,-1.315413,-1.169031,-0.31209037,-3.9506993,FAC20250512098769
-1.4879713,1.665279,0.20220535,4.2874684,0.27232248,-0.28919655,-0.43356198,-2.3343966,FAC20250524019390
0.28801313,-1.9302636,-0.79057074,-0.057890117,0.8439298,-2.1874928,-1.9452412,-3.6881,FAC20250629037116
-2.6444607,-1.7052969,-0.9713109,4.2039285,2.336398,-0.34247574,0.45354626,-0.7530146,FAC20250823131901
-3.040268,-0.845438,-2.8627694,1.123416,2.3968298,-0.88029826,0.55507296,-0.45365882,FAC20250421001632
-0.506496,-2.3867126,-2.6081228,1.8811592,-2.858891,-1.9950457,0.57718766,-1.5852154,FAC20250518100725
-1.9815019,-0.44075957,1.2025099,4.6664352,0.14181834,-1.9109675,-1.5857732,0.2926374,FAC20250815058672
0.2326313,0.61501515,-2.3267493,2.104075,-0.69271827,-2.776209,-3.4528103,0.42088962,FAC20251001144251
-1.758801,0.52362484,-2.7512417,0.63469315,-0.5615808,-2.253675,2.0905337,-2.1422005,FAC20250826065789
-2.8521278,1.3578433,0.40971902,2.2741244,1.7579161,-0.07131309,-0.6154748,-2.9712424,FAC20250530022856
0.0039206254,-1.1524462,-2.3748171,-0.5788868,0.597938,-1.9358289,-3.2503798,-2.6497626,FAC20250821063185
-1.2867234,-0.17352273,0.06766841,1.1927127,1.6887969,-5.076879,0.11216276,-0.8036691,FAC20250724122074
-2.1386988,-0.03535737,-1.7158536,0.72260666,2.9653134,-1.537385,-2.9133155,-0.32058552,FAC20250505096544
-1.6385368,-1.9966471,-0.41646677,-0.53438556,-1.5444266,-3.3137467,-2.4527857,-1.0498409,FAC20250607027618
-2.8594964,-0.64760286,0.62939155,0.9893563,0.76787233,-2.264329,-4.0166006,-0.25020644,FAC20250503095724
-1.4917667,0.73314095,-0.98812586,3.225184,1.7722386,-2.1484709,-2.0891585,1.2407495,FAC20250506096751
-1.6775717,-1.236692,-0.47978008,1.4600369,-3.1557775,-0.35823512,-2.293341,-2.483673,FAC20250724122199
-1.9802207,-1.7902945,-0.8333613,1.7546575,-3.196223,-0.021223139,-2.173905,-2.5921543,FAC20250719047756
-1.5832909,1.4674076,0.4933386,-0.041981973,0.10552202,-2.636071,-2.7997737,-2.8417838,FAC20250419000037
1.2532905,0.66451377,-1.9142067,3.8582468,-0.7277762,-2.6545155,-0.16817263,-1.0594933,FAC20250913138683
-0.9691435,0.6023744,-2.693289,1.9037004,-0.9762327,-2.246607,-3.4322977,1.2068462,FAC20250520101307
-1.6977515,-0.6679271,-0.8767352,0.86427474,-0.036005884,0.12045606,-4.408272,-2.5814414,FAC20251005145765
-1.9220872,1.6337236,0.1569532,-0.008504099,-0.58559954,-2.4233253,-3.146152,-2.42393,FAC20250821061973
-2.9194477,-0.43553457,-0.76328105,3.229233,0.20585628,1.1239374,0.38654268,-3.3198578,FAC20250613030516
0.44146672,-1.8751708,-2.0525067,0.5062407,0.93961865,-2.2762897,0.011618621,-4.1284895,FAC20251018090835
-3.7365801,-2.1602485,-2.1999173,2.2380419,-1.0979855,0.71688366,-0.44172174,-0.75067,FAC20250823131897
-2.834131,-0.95865816,-2.3205295,2.70612,-2.3427775,0.05675945,0.73207766,-0.97582597,FAC20251004145418
-0.47224122,-2.9117126,-0.53252316,2.3816226,1.1886165,-0.07039934,-0.9604139,-3.2737286,FAC20250524018732
-1.0136325,-1.1354222,-2.3743472,1.5368927,3.321191,-1.0826814,-2.1841536,-0.65887266,FAC20250621111455
-0.10231717,-1.6610167,-1.9800699,0.44506717,-0.35001203,-4.4142394,-1.9709601,0.2243846,FAC20250712045036
0.55416906,1.4742938,-2.9562805,3.1991963,0.4926683,-2.4920526,0.07639873,-0.57295704,FAC20250625035988
-0.5600364,-0.4766486,-1.8397799,2.6715436,-1.6990508,-3.9135036,0.59121627,0.5158173,FAC20250814057999
-0.62061894,-1.2425665,-1.4552462,-0.57315433,1.6407813,-1.5139583,-1.5091406,-4.061204,FAC20250816129713
-1.2081047,-0.03056304,-0.37051094,1.5613102,0.70319545,0.022375703,-4.267812,-2.5114095,FAC20250813128621
-1.8402311,2.4081707,0.2858065,2.649767,-0.82411957,-2.2905717,-2.902367,-0.42816478,FAC20250613031119
-1.4761512,0.0644868,-0.32327157,0.8036792,2.1665432,-4.627648,-0.12831782,-0.63893443,FAC20250602024918
-1.2408872,0.31353644,-3.6566243,-1.1095222,-0.39152333,-3.0148547,-1.7805821,-1.2591627,FAC20250510098159
-1.6872393,0.65893096,-1.284757,2.7157533,1.6187727,-3.2562008,-1.0782906,1.5324829,FAC20250613030712
-1.5572362,0.6893327,-1.0980535,-0.3862071,1.9612508,-4.2481694,-0.62557244,-1.3600827,FAC20250521101476
1.0973521,-2.274529,-2.078538,2.6820226,-1.4479821,-2.4991722,0.51165545,-2.1537235,FAC20250716046255
-1.5874904,0.88500303,-1.3050232,3.2887983,1.608113,-2.2782977,-1.6840426,1.3394516,FAC20250625112989
-0.69437075,-0.57466173,0.45240727,1.8685615,-3.1666052,-3.0765226,-2.1927867,-1.3621924,FAC20250809127377
-3.717897,-0.2972766,-0.31366557,-0.09489499,1.3722278,-1.8489541,-2.859595,-0.47983354,FAC20250425093279
-0.94822484,-2.6794693,0.084265955,0.43653658,-1.5301427,-3.2904332,-2.4353237,-1.059189,FAC20250831067746
-0.10156014,1.0532079,-3.2470756,-0.006436559,-1.6426389,-2.183663,-1.2064544,-1.8735539,FAC20250726122978
-0.9100027,-1.5544467,-0.93822026,-0.8081438,0.63422346,-1.9643725,-1.1920017,-4.3030334,FAC20250625036282
-2.9631798,0.31265002,-0.9232229,0.431019,2.6888807,-1.2800297,-3.1121857,-1.0303934,FAC20250630038786
0.9285355,-1.73281,-3.900796,1.6376139,-0.7141908,-0.79995185,-1.4614134,-2.2196362,FAC20250513011441
-1.2861097,-2.918508,-1.7053457,1.4456917,1.9253763,0.19587345,-2.9949443,-2.847507,FAC20251010147299
-2.6568346,-3.2363033,-1.4548204,1.806624,0.19315839,0.8654061,-0.77521545,-2.8419237,FAC20250810127504
-3.1845295,1.2513479,1.3143175,1.5128784,0.7580029,-1.3194684,-0.9276774,-1.2188488,FAC20250419000359
-3.1211033,-1.3583683,0.12862532,0.1906162,-1.938031,-1.619142,0.17627367,-3.3683393,FAC20250815058187
-1.7949302,-1.100451,2.0400045,2.0373325,1.3186115,-2.9401355,-1.2958788,-1.1330298,FAC20250505096691
-3.729286,-1.3043466,-2.9858916,1.1939983,2.343117,-0.7960802,0.39362967,-0.5273281,FAC20250819130522
-2.531872,-1.1384693,1.0721846,4.2728148,0.023355426,-1.574155,-1.4307393,0.42491803,FAC20250902135009
-2.6655898,-2.6824477,-2.604313,0.09469795,0.45054036,-0.8702874,-2.4531457,-0.20397875,FAC20250805053914
-0.34276924,1.3689878,0.14116287,1.5900673,-1.3319831,-3.2087073,0.47337437,-2.6383615,FAC20250627036625
0.36081585,-1.4430737,0.6392985,1.981525,1.1192908,-3.7659698,0.17478906,-3.104644,FAC20250712044969
-0.88525414,2.920048,-0.7225864,1.8706391,0.42359322,-1.7130789,-2.8107812,-1.7432494,FAC20250914139003
-0.4615561,-1.639725,-2.91207,3.167125,-2.3619547,-1.1345392,0.7470464,-1.0625029,FAC20250813128660
-0.19408365,-0.3506626,-0.9053496,4.5351863,1.655794,-1.899347,0.73588777,-0.7191354,FAC20250620111141
-3.9916286,2.2616074,-1.1011158,0.54800767,0.28161165,-0.83679795,-1.2995727,-1.4650565,FAC20250613030511
-0.12090441,-1.0032328,-0.37754348,-0.13850811,-0.9097699,-2.4311593,-2.3750448,-0.71878576,FAC20250428094116
-3.0034251,-1.2024056,0.08719888,-0.0696262,-1.9982269,-1.9186268,0.020182904,-3.5396075,FAC20250729050875
-2.4351063,0.8328092,-2.1447093,3.0747888,-1.4119004,-1.0446475,-1.5423878,1.4022297,FAC20250513099091
0.4681425,0.07023846,-1.7469313,-0.05604716,-0.5725132,-2.3278677,-3.2387464,-3.538846,FAC20250909073037
-0.7852442,-3.8697934,-0.30479848,2.7037337,0.32178205,-2.4059832,-0.20696472,-0.521858,FAC20250525020556
-2.321179,1.1791965,-2.935913,-0.07308035,2.05327,-1.1670395,-0.3044907,-2.4349751,FAC20250821063068
0.13819054,-0.817563,0.49381322,1.4236977,1.2542017,-4.191214,0.14638285,-2.6647565,FAC20250614031377
-2.724735,-3.2195935,-1.5985674,0.84819025,0.9993457,-1.0331235,-2.8308508,-0.047513057,FAC20250721048429
-0.86680824,-0.37414658,-0.08927167,1.2637725,-3.3775074,-2.2948499,-2.2115817,-1.9395642,FAC20250805125986
1.379021,0.022542093,-0.73951787,1.4557844,-0.6019343,-2.4231834,-2.9242496,-3.6593091,FAC20250815058662
0.089004785,-0.55274796,0.41189685,1.2586188,1.8430014,-2.285544,-3.208675,-2.3282201,FAC20250729051217
-2.1688154,1.1898298,-3.0287023,-0.060146004,2.1356332,-1.0611045,-0.4715252,-2.5518203,FAC20251006087756
-0.6938061,1.4795184,0.23787811,2.2792647,-1.1614892,-4.024489,0.65802544,-1.7912695,FAC20250805053912
-0.46319625,-0.8975549,-0.74093103,4.719324,0.5308559,-1.7591925,1.4462328,-1.1547714,FAC20250619034329
-2.4877286,-2.2622044,-2.8688688,0.014077457,0.4484055,-0.19521007,-2.0290406,-0.7301796,FAC20250705039940
-0.9604237,-1.1591192,-2.2676322,1.4054564,0.54528636,-1.2126276,-2.3001077,1.2757311,FAC20250924141960
-2.5903902,-0.10197905,0.13561957,1.2293744,1.8103675,-2.5959153,1.7536507,-2.523299,FAC20250923082436
-3.0469673,-0.62192285,-3.2042797,0.55476665,-1.1347258,-2.4652045,-0.48602813,1.0962446,FAC20250608107313
-2.6172183,-3.4751155,-2.335512,0.36290935,-0.6978585,-1.2640742,0.3976959,-0.90804803,FAC20251018091000
-0.9315334,1.6176835,-3.979797,1.3787858,1.2385902,-1.9457445,-1.4636706,-0.019471368,FAC20250613108963
0.0022514884,-2.3856726,-2.3410988,2.8497167,0.008978103,-1.1778443,-2.0722766,0.5995252,FAC20250609029259
-0.92985016,1.2972038,-2.330152,3.676098,-1.4642156,-0.91423744,-3.1922767,0.17986432,FAC20250806054729
-2.8986204,2.2149591,-2.078583,0.09186461,1.0181571,-0.8383408,-1.1710281,-2.0276735,FAC20250508097466
-2.509338,-1.0995789,1.1427236,4.320832,0.59324974,-1.4821993,-1.7474372,0.3101291,FAC20250719047701
0.51255304,0.18709724,-3.9914558,2.2687874,0.017603077,0.08055258,-1.5540258,-2.040059,FAC20250617032588
-0.70367265,-0.8815365,0.5189583,2.0728111,-3.0138936,-3.4467502,-2.1038508,-0.9713286,FAC20250423092666
-1.3881971,2.8566606,-0.038629867,2.8222244,-0.082779795,-1.8887217,-2.9319131,-1.1731974,FAC20250807055120
-1.8472067,2.4365277,0.080858916,2.488561,-0.83030534,-2.463588,-2.953969,-0.31047282,FAC20250613029944
0.722652,0.013313568,-2.4948745,3.3957462,0.8786764,0.20314007,-1.0056169,-3.0602226,FAC20250509009240
1.2053217,0.89907897,-2.4626856,3.118502,-0.4325639,-2.4628031,0.09904969,-1.2185138,FAC20250528103964
-2.7688193,-2.740757,-2.174969,-0.5826237,-0.08373386,-2.3637006,0.51625425,-1.3352472,FAC20250922081207
-0.8144437,-0.011221625,0.38309363,2.0413125,1.9182148,-5.0542088,0.12678532,-1.0843579,FAC20250620111247
1.4587797,-0.44247445,-0.087466225,1.7355543,-0.5525369,-3.652327,-1.9591762,-2.6762455,FAC20250530104371
-3.5739088,-2.6216793,-1.9632623,-0.5683396,0.077117935,-2.103073,0.5752911,-1.477142,FAC20251002086316
0.44708148,-0.7272122,-0.9808894,3.6049216,-1.6093222,-0.3730806,-2.927195,-1.672969,FAC20250922080946
-1.4548839,-1.8643492,0.83570135,3.3965232,-1.6519846,-1.4529736,0.768238,-2.29991,FAC20250906071512
-0.5699198,-1.5767871,-1.972359,0.059309863,-1.0300559,-4.574546,-1.6120123,0.105953276,FAC20250521017932
0.34562063,1.1007295,-3.2561264,1.3758035,-1.6889335,-0.72360104,-1.4688178,-1.9174824,FAC20250816059936
-3.5875087,-0.4350311,1.3536787,2.024489,-0.75129735,-0.516647,-2.9868977,-1.6863636,FAC20250613031151
-4.2688103,-0.22542283,1.453549,1.0389342,-1.3641498,-2.334461,-2.169577,-1.2917168,FAC20250630037854
-0.75280213,2.9179924,-0.50519085,2.5501454,1.049401,-1.8303428,-2.4962614,-1.805625,FAC20250731052078
-1.4119508,0.56155705,-0.02008779,1.3497381,1.4208224,-1.0690541,1.1355457,-1.5233066,FAC20250907136529
0.19546638,-0.37059146,-1.3509505,0.9653754,-1.954369,-1.5118415,-0.34148073,-4.2451024,FAC20250704115748
-1.5254575,-0.2597242,-2.9855216,1.475976,-0.111401975,-2.0176904,2.5408971,-2.1853673,FAC20250825132450
-0.9128861,-4.049409,-0.19748046,2.5542812,0.4611036,-2.1436684,-0.5858776,-0.8427468,FAC20250901134794
-4.165939,0.06430373,-0.41407818,1.679165,2.3971925,-0.4175757,0.09861604,-1.8848797,FAC20250720047886
-2.0867655,1.6461092,0.16029553,-0.15071614,-0.8586206,-2.7090588,-3.0240912,-2.32312,FAC20250624035083
0.74951226,-0.5310151,-0.6798314,1.2588978,2.5413063,-2.320661,-1.6922961,-2.5334165,FAC20250727123222
-3.3113148,0.29590175,-2.4447227,2.5605934,-0.7666175,-0.9432221,-0.7996838,1.4705378,FAC20251006146100
-0.6265184,-1.7169305,-1.0691448,-0.77448934,0.59800607,-1.9707546,-1.4369498,-4.072811,FAC20250919077638
-0.31117654,-1.9645945,-0.8939553,-0.51103485,0.5265691,-2.058175,-1.9413955,-3.9026794,FAC20250922080984
1.0303824,-0.3770272,-1.4877805,1.5513195,2.7208164,-2.9456372,-1.2240161,-2.0131454,FAC20250625035741
-0.675075,-2.2182817,-2.9253163,3.0475173,-1.6066585,-0.5081655,1.0212754,-1.4792598,FAC20250510010008
-2.489104,1.3839492,-3.0174687,3.2959826,-1.3068805,-1.5821962,0.4515713,0.7101741,FAC20250929143640
-1.9566445,0.7281124,-2.2104983,-1.4982982,0.61890244,-3.5858536,-1.9233865,-1.6849068,FAC20250724049513
-2.2098107,0.542971,-3.938024,1.2514666,2.1140049,-1.2598168,-0.6625433,0.19974114,FAC20250421001924
0.07780741,-0.6646351,-1.5923654,1.2368734,-1.9863821,-1.1015807,-0.4817747,-4.6075916,FAC20250530023133
1.0177867,1.1594716,-1.8866826,3.8671262,-0.63799286,-2.8499875,-0.034162346,-1.0406226,FAC20250922081863
-1.1097825,-1.3446516,-1.3331226,1.423174,-0.29632643,-0.092419036,-4.694975,-1.5916194,FAC20250605025993
-2.739367,0.5876846,-2.093602,2.4561374,1.2643727,1.3568366,-2.6173084,-1.840319,FAC20250524019841
1.1201885,0.03990576,-0.9917175,0.70497894,-0.6159597,-2.599236,-2.771744,-3.543499,FAC20250707042788
-3.4406843,-1.32216,-2.4095507,0.9779217,2.5085545,-0.8900762,0.6211117,-0.92538583,FAC20250424092825
-1.7610103,0.6963429,0.059472613,4.1434345,-0.07694398,0.4077909,-0.21165541,-2.9670541,FAC20250429094628
-4.2413626,1.8030986,-0.886612,1.2062755,-0.17406796,-0.4675625,-0.60763407,-1.172725,FAC20250821131311
0.01814698,-1.612243,-1.0140897,2.988589,-0.49048793,-4.1521373,0.09365451,0.4583785,FAC20250421001846
0.2165791,-1.0862405,-1.9272376,-0.5351864,0.24341236,-2.0148745,-3.052376,-2.8288276,FAC20250525020457
0.7602665,-1.687617,-0.3860669,1.1147861,-0.4525067,-4.7304454,-0.28568438,-2.5821722,FAC20250706116304
-1.0202403,-1.4926932,1.3481702,1.8473533,1.0039302,-3.7109869,-2.2152286,-0.4692271,FAC20250514099484
-0.29827118,-2.6264544,-0.955306,2.909903,-0.08552785,-3.456437,0.29349938,0.34018904,FAC20250521017910
0.90309656,-0.041896448,-1.5116678,0.31804743,-0.4274766,-2.3835478,-3.144737,-3.5038538,FAC20251003086508
-1.3438464,-1.7658876,-2.5957685,3.0409923,-1.6699018,0.15919812,0.60421634,-1.1122818,FAC20250519100843
-3.2585359,-0.39934674,0.18621902,2.4743145,0.5345446,0.9109552,-0.64051235,-3.7831028,FAC20250619033948
-0.73131394,-2.9779248,-0.6710908,2.4082673,0.9115645,0.08976081,-0.61187553,-3.3495898,FAC20250601105192
-0.5868857,-1.6245922,-0.13231157,4.352365,0.16418266,-1.2130847,1.1326021,-1.7839518,FAC20250727123237
0.57639486,-2.4943333,-2.2158494,1.9283589,-1.9663022,-2.9287767,0.67788464,-2.2016006,FAC20250428004240
-1.4022118,-0.823729,-2.0601752,1.2102139,3.399357,-1.2835042,-2.5112638,-0.6113822,FAC20250902067980
-3.3146832,0.35274735,-1.7694427,2.3657606,1.3713269,1.285373,-2.6054018,-1.486866,FAC20250421001630
-2.2084656,0.75448865,-2.976718,-0.41146913,2.130877,-1.2458949,-0.41817936,-2.4414122,FAC20250523102206
-1.9513406,-1.341154,-2.3469968,3.1425645,-1.5941392,0.532224,0.32771263,-0.76503295,FAC20250518100807
1.5599983,-0.31423628,-0.26389998,1.8591729,-0.7749037,-3.6637473,-2.202306,-2.603571,FAC20250705039787
-1.9801599,2.157248,0.088513345,1.854626,-1.0512488,-2.3568597,-3.3989685,-0.50800097,FAC20250619033466
-2.2165322,0.6910698,-3.4478362,0.95264196,2.1115372,-1.6882082,-0.43917704,0.34140596,FAC20250904135570
0.8841968,-1.458727,-3.8519647,2.252234,-0.21958587,-0.36273488,-1.304975,-2.1253633,FAC20250601024871
-0.15106888,-0.06030656,-0.58687675,4.5525475,1.5723394,-1.9662594,0.7377445,-1.0802566,FAC20250721048756
-0.965245,-1.2413306,-0.35776004,0.08984454,-0.42223278,-4.3263683,-1.7962575,-0.06650767,FAC20250504096138
-0.9926266,-0.34962463,0.45692518,0.3798954,2.3583481,-1.7636696,-2.0988102,-1.9708998,FAC20250817061205
-1.9105185,2.0302956,-3.0385547,2.3519504,-0.14222984,0.112480246,0.70628726,-3.0446515,FAC20250701038991
-3.1200805,-1.4390895,0.59440285,0.34899187,-1.37828,-1.2910556,-0.21401267,-3.6009429,FAC20250521017301
-2.9891732,-0.1972558,-3.531023,0.9768183,-0.7048699,-1.9406,-0.8858451,1.3460006,FAC20250625035643
-2.9708114,-1.2352302,-1.0480131,1.201232,2.4671755,-1.3998411,1.3374352,-1.6798987,FAC20250705039798
-3.4679215,0.5683505,1.635807,2.4969556,0.1075092,-1.7214727,-0.096449405,-1.141317,FAC20250620111395
-0.862109,-0.085682884,-0.6276697,3.8743434,2.8904774,-2.196971,0.6513022,-0.8985282,FAC20250714045810
-2.5049767,-1.3693467,-1.529909,4.2618084,1.5813593,0.27833617,0.12211151,-0.31999716,FAC20251002144716
-1.0823832,-1.8408594,0.29627243,3.7875843,-0.42238274,-1.384618,1.4308822,-2.1548254,FAC20250425093327
0.42464533,-0.931246,-1.726271,3.0969713,-2.1460574,-0.5232614,-2.5585485,-1.0949861,FAC20250615031933
-1.9338968,1.592696,0.29334205,-0.025202336,-0.68531215,-2.6140323,-3.0854511,-2.2374396,FAC20250617032228
-1.953751,-0.11221776,-1.4252592,0.6829144,3.1408777,-1.5755363,-3.0450385,-0.75273,FAC20250714119120
-2.994967,1.6996696,-1.5831134,0.83307165,0.008378318,-1.2268175,1.2915968,-3.7426994,FAC20250521017601
-0.75377667,-1.4506017,0.9130569,1.3536571,0.89035636,-3.5855706,-1.9888352,-0.111184716,FAC20250710117718
-1.7360001,0.046745244,-1.1288213,0.7764876,-3.290685,-1.1589923,-3.1040726,-2.0209165,FAC20251016090351
-1.2576617,1.1997358,-2.4491925,0.85649896,-0.9164279,-2.221724,1.6684835,-1.6146046,FAC20250922081236
-4.092281,-0.25941926,1.2925038,1.2276713,-1.6869783,-2.4664423,-1.8744184,-0.7288142,FAC20250518100737
-3.6490757,-0.5315011,-1.6232258,-1.1949955,-1.0718137,-1.0403641,-1.4753673,-2.6823955,FAC20250530023598
-2.9243648,0.785903,-3.2727065,1.7187401,-1.0906157,-1.789427,-0.2594358,1.1244986,FAC20250607028210
-1.4577901,0.4161848,-2.832749,0.6374044,2.7296062,-1.5750995,0.66364217,-2.9054465,FAC20250507097308
-1.8444482,-0.3980647,-2.8103456,-0.6616152,2.2405658,-1.8787367,0.1405404,-2.214318,FAC20250705040258
-4.3309836,-2.0117116,0.586811,1.4822274,-1.5769483,-0.78508085,-0.01618789,-2.6250682,FAC20250727123070
-1.9200132,-0.7418653,0.43255672,3.3441677,-0.5969159,-1.0689081,-1.7907951,0.8675377,FAC20250525021434
-0.9521023,-1.2556067,0.88648874,3.2406602,-0.25483933,-1.3101385,0.9479871,-1.5732062,FAC20250529022291
-3.1135595,0.6493865,2.1166854,2.9323192,-0.35752115,-1.9955478,-0.15671828,-2.2106254,FAC20250818061657
-1.9640056,-1.6965743,-0.88245434,-0.9000439,-0.9467373,-4.336035,-1.7732561,-0.8208662,FAC20250922080615
-3.989152,-0.3008576,-0.4017381,1.6520126,2.1592658,-0.15128718,0.23573963,-2.150382,FAC20250531104713
0.53222233,-1.794863,-0.2467013,1.167582,-0.3779808,-4.7044115,0.089255765,-2.3741527,FAC20250526021635
-4.630326,-0.77487624,-0.8836955,1.8658452,0.65088385,-1.5038508,1.6257735,-0.57619035,FAC20250517100519
-0.4171258,-2.9264145,-0.547858,2.7356284,1.3249372,-0.2027314,-0.62911695,-3.4339004,FAC20250825132421
-1.5314858,-1.0345762,2.01421,2.16323,1.1565521,-2.8237293,-1.4032114,-1.2224374,FAC20250507097193
-2.41732,0.1786021,-0.4231824,3.5970151,0.111517265,-3.1096191,-0.01634185,1.4781922,FAC20250630037632
-1.3202146,0.26275513,-3.6839962,-1.1494817,-0.36876962,-2.9906545,-1.7950928,-1.3235235,FAC20250630037925
-4.0672956,-2.0346725,-2.2238011,2.1786766,-1.4809142,0.24614663,-0.48618153,-0.26358306,FAC20250830133945
-3.429452,-0.31063133,0.35509676,2.0556917,1.1867235,0.52456874,-0.6821816,-3.5775132,FAC20250813128736
-0.6563415,-1.1912398,1.3981979,1.5908253,0.5210461,-3.227633,-1.9049025,-0.466294,FAC20250605026157
-0.60407627,2.6201215,-0.80321264,2.4443746,1.95453,-1.6393263,-2.1380146,-1.9894361,FAC20250924083059
-0.97992027,1.2534204,-2.630384,3.5903268,-1.2222259,-0.64923656,-2.903474,0.28840613,FAC20250731124511
-1.6048113,-2.0083797,0.47039706,3.0444977,-3.0329487,-1.5384694,-0.0024087757,-2.286219,FAC20250617032401
-3.379814,2.4427283,-2.6665704,0.23705968,0.35077894,-0.9264422,-1.4792573,-1.5711234,FAC20250729050951
-2.0639126,-0.411702,-0.26866052,0.43322557,1.0769184,-0.71012324,-2.0924954,0.11796032,FAC20250524019564
-0.59101045,-1.6747675,-0.33739907,4.218966,0.2663406,-1.3627874,1.5233392,-1.8985997,FAC20250419091377
0.613759,1.529149,-2.9351819,3.0774572,0.2622141,-2.6242375,0.124262534,-0.76477945,FAC20250429094399
-1.9175624,2.9041247,-0.63976294,2.63055,0.43466872,-2.7296286,0.39460164,-0.6088055,FAC20250807054994
-1.3382487,2.694644,0.02448322,2.8700554,-0.38840172,-1.9090666,-2.8841016,-1.0610791,FAC20250613030089
-1.6337104,2.1361985,0.032198366,4.010896,-0.4195916,-0.7444238,-0.12915403,-1.8719658,FAC20250910137505
-2.841421,0.9951439,-3.3252316,2.3468895,-0.7574424,-1.8368118,0.2797654,1.0161583,FAC20250904070586
-3.0559726,0.9557915,-2.7520792,3.2216146,-0.60527366,-0.70105547,-0.40464795,1.029258,FAC20251010147276
-0.5059298,-2.9505608,-1.0780684,2.67398,1.4653821,0.347554,-1.6500881,-2.6542032,FAC20250724049328
-0.53460866,0.19392037,-0.52128404,4.060771,2.5064638,-2.4543273,0.53766525,-0.93825924,FAC20250515099630
-2.3786955,1.8808837,0.4364628,2.2124698,-1.4773927,-1.4706459,-2.9576032,-0.65296793,FAC20250907072850
0.11584218,-1.1890091,0.786245,3.8913457,1.1547878,-1.9436629,0.12944032,-1.2322984,FAC20250810127617
-3.0822487,-0.70418674,0.098324426,0.20560448,0.96069723,-2.566112,-3.504617,-0.054088145,FAC20250601024732
-3.528248,-0.45636854,0.48887128,0.37898633,0.82534087,-1.6537443,-2.5722036,-0.38643643,FAC20250723121820
-1.9163337,2.6920831,-0.7503827,3.8078709,0.23975323,-1.5024014,0.392162,-1.0512089,FAC20250521017412
-3.0988536,-0.43615887,-3.2153275,0.58693516,-1.2188053,-2.266694,-0.9561705,1.2006488,FAC20250630038129
-2.4318984,-0.9227473,-0.2995964,1.4910169,1.5344447,-2.243403,2.1784163,-2.6723382,FAC20250521017669
-1.072326,-0.4955052,-0.8372326,3.736117,3.0861294,-1.6480188,0.007266784,-0.42063415,FAC20250625112743
-2.1903207,1.6280406,-0.19429289,2.9650822,1.1317713,-1.9046873,1.6848141,-1.7535652,FAC20250516099984
-1.2536521,0.5534891,-0.9589006,3.2597628,1.9283912,-1.1533573,-3.3045108,0.3783218,FAC20250809127346
-2.9769235,-1.4645772,0.94026107,3.792436,0.4867462,-1.517948,-1.1782957,0.54136753,FAC20250528103772
-0.30182585,-1.2787461,-2.584453,-0.7033854,0.7089416,-2.0298898,-3.4549863,-2.356495,FAC20250923082500
-0.48482502,-0.24310896,0.22417635,2.2175598,-3.245535,-3.2562597,-2.0499306,-1.1738789,FAC20250618033156
-0.022329919,-2.1042356,-3.148371,2.3457665,1.6539202,-1.8860991,-1.152959,0.40548548,FAC20250505096385
-1.8493088,-0.09107748,0.78811896,4.052125,-0.086954005,-2.571958,-0.9634366,0.83336616,FAC20250707116587
-1.3605576,-2.4341655,-0.23570639,2.0037642,-2.683277,-0.36651024,-1.4981534,-2.7498755,FAC20250728050822
1.5513121,-0.68612826,-0.23927161,1.8915626,-0.7823412,-3.6187193,-1.9229034,-2.705667,FAC20250904070292
0.48596895,-0.24195017,-0.4012321,1.3719517,2.6944568,-2.3760493,-1.9059461,-2.4183285,FAC20250815058385
-0.6668241,-0.013945139,0.03294658,1.5300437,-3.2938182,-2.9755611,-2.228684,-1.5670525,FAC20250522101879
-3.06172,1.7843428,0.111925945,1.4817902,1.0377958,-3.1969624,1.0304123,-1.394745,FAC20250619110977
-0.24355848,-0.8896179,-2.48588,-0.65508103,0.45666912,-1.8895476,-3.458851,-2.5864463,FAC20250606027125
-1.2273033,0.42979527,-0.8177298,2.7484894,1.4880809,-0.9039216,-3.3462017,0.41683054,FAC20250720120882
-2.3691185,2.1421506,0.48892972,1.7372552,0.98217434,-2.3028736,0.46289626,-1.7419735,FAC20250801124646
-0.046985608,-1.8022646,-2.4220965,1.9571999,1.999087,-1.3749069,-2.020595,0.2545544,FAC20250529022423
-0.23673578,0.96065843,-1.7094308,2.942823,0.88525605,-1.1986914,1.4512051,-3.8674705,FAC20251006087414
-3.9651902,-0.33881307,0.98265624,1.7285161,-2.04148,-1.8731444,-1.867434,-0.3424912,FAC20250621111689
-2.996589,-1.3954912,0.43570867,0.023369402,-1.620481,-1.6325854,-0.15597412,-3.6229217,FAC20250421001655
-3.9674587,-0.3851826,1.1677669,1.971974,-2.4073975,-2.2668672,-1.4553097,-0.6596749,FAC20250518100792
-1.8108119,-0.47903076,2.281064,2.5299175,1.1824046,-2.3990803,-0.9757661,-1.8498882,FAC20250913074942
-0.7662256,-2.1843545,-2.9214609,2.9426825,-1.9829155,-0.5771499,0.7396396,-1.2844478,FAC20250712118227
-2.7775626,2.828303,-0.92717826,2.3897583,1.1592977,-2.8466938,0.45301887,-0.55275744,FAC20250702115132
-1.4653841,1.376681,-2.8904936,2.9225426,-1.442215,-0.12347622,-3.1726706,-0.376378,FAC20251011147491
-1.06934,0.8363431,-1.3250173,1.84789,0.6935239,0.7188394,-3.252484,-3.255665,FAC20250525021100
-4.418143,1.5187771,-0.56774974,1.1795617,0.7435084,-0.57882035,-1.290487,-0.6237377,FAC20250524102586
-2.0886495,2.1916804,-0.26663798,3.2697334,1.000755,-1.4688209,0.85789466,-1.3749366,FAC20251006146020
-0.7820716,1.6950222,0.059919074,2.010807,-1.2068661,-4.5949974,-0.33044565,-0.9683312,FAC20251016149137
-0.8208907,-0.58107084,1.0457102,0.62757003,1.56396,-2.0563304,-2.5329647,-3.12926,FAC20250915076614
-0.31844798,-2.249389,-2.0857325,2.1739604,-2.2878022,-1.7284043,1.1986549,-1.9789311,FAC20250630037542
-2.7355163,1.0055645,-3.0354655,2.8516953,-1.0349764,-1.5556831,0.2641842,1.0156897,FAC20251018090640
-1.6333455,1.7267696,0.16671476,0.23724711,-0.25443584,-2.5230162,-3.3727622,-1.9664788,FAC20250609029222
0.25469273,0.0734977,-1.5051967,3.0456324,-2.3348985,-0.42282435,-1.6737651,-1.3193905,FAC20250507008383
0.7504962,-0.52497554,-3.0358443,3.2360718,0.8519366,0.20213051,-0.9987191,-2.440554,FAC20250516013038
-0.18356192,0.48107493,-0.23378739,1.1215985,-1.5967349,-2.0426483,-0.073529996,-4.1864233,FAC20250529022236
-0.31671384,0.54088104,0.054537196,1.248251,-1.5445379,-2.592642,0.23090887,-4.1252956,FAC20250901067875
0.37197417,-1.2305002,-2.7022562,1.1467513,-2.2221913,-0.93744123,-1.22575,-3.7845302,FAC20250614109495
0.7698447,0.3500067,-1.4132593,0.50802654,-0.5493866,-2.180861,-3.262306,-3.8449667,FAC20250910137600
-0.72214615,-2.1549563,-1.8560755,-0.77758914,1.4574747,-2.0208557,-2.5835702,-2.994584,FAC20250828133376
0.9496667,-0.40534782,-2.378059,1.587571,2.644699,-3.7382383,-0.84645957,-1.4740673,FAC20250909073049
-1.6767992,0.47525296,-1.4153684,-1.1408968,1.5245959,-3.9444854,-1.3274089,-1.7040371,FAC20250908136954
-0.46957517,1.4201729,-2.661648,0.4488161,-2.3314483,-2.0101607,-0.74061424,-1.8436812,FAC20250821063206
-1.7331915,-0.43452507,-1.1122125,0.3398205,-3.1037338,-1.3970358,-3.1956825,-1.7673125,FAC20251007088614
-3.3521807,-0.04586668,0.17415734,2.0739253,-2.8595347,-2.2128162,-0.7586165,-0.060686972,FAC20250806054470
-0.0529624,2.601445,-0.54046184,2.1831574,1.361846,-2.3925445,-1.3005917,-2.2872462,FAC20250605026174
-1.1337336,0.114007875,-0.48824078,1.4179329,0.399345,0.23845965,-3.697926,-3.438013,FAC20250902068050
-0.23847455,-1.8553069,-0.8561703,2.7845712,-0.8578826,-3.8871934,0.2899343,0.4286693,FAC20250709117357
-2.519407,-1.7823236,-1.0719553,4.261338,2.0765395,-0.22586538,0.5769419,-0.7272687,FAC20250521017064
-4.142734,-1.9986246,-1.6361196,2.072887,-1.106269,0.9686551,-1.0446948,-1.1993295,FAC20250508008705
-1.6836672,0.78871405,-2.2357209,0.68163973,-0.56633186,-2.550676,1.9625453,-1.3664551,FAC20250530023452
-1.9810511,-0.80016804,-2.3286996,3.224413,-2.1281261,-0.14827791,1.2050229,-1.2597889,FAC20250513099016
-1.1258503,-0.20884371,-1.474148,3.811909,1.9442365,0.45416427,-0.59174985,-0.7179437,FAC20250721121201
-1.2568307,-1.7044187,0.37891534,3.6987135,-0.60633516,-1.404019,1.5291166,-2.059645,FAC20250519015735
0.2806979,-1.7606614,-0.94156,3.5625935,-1.541107,-0.80443764,-2.3223155,-0.5272611,FAC20250825132551
-2.033313,1.833482,-0.064264365,3.0353856,0.9542825,-0.96430594,0.8937079,-1.6927522,FAC20250823064405
-0.8311927,-0.6337996,0.22247215,1.862911,-3.4911492,-2.3348722,-1.9111922,-1.8192818,FAC20251015148742
-0.4451895,2.1287146,-0.73680645,1.1916437,0.09118812,-4.860672,-1.8706234,-0.85421497,FAC20250525020964
-1.3079484,-1.8561778,1.0493462,1.2554142,-2.1586697,-3.360803,-2.465118,-1.2062922,FAC20250721048765
-2.4800818,-1.1707315,1.1202801,4.2161274,0.86727834,-1.4901302,-1.7172726,0.26682255,FAC20250516099990
-0.8397583,0.5977852,-0.28397313,1.6556512,-3.5314484,-2.586632,-2.465614,-1.9298124,FAC20250708117014
-0.050427467,0.86805457,-2.0664349,2.9651582,0.5950886,-0.7997864,1.142397,-3.6875625,FAC20250919077614
-2.5818503,-2.8977878,-1.3204278,1.9995836,0.05190794,1.1267807,-1.3737607,-2.505506,FAC20250813128646
1.0629872,-0.7102756,-1.9157122,1.0367899,2.3196416,-2.2602909,-1.247057,-3.000005,FAC20250826065877
-2.0998385,-1.9784707,-3.5910132,0.29143685,-0.5066762,-0.25602993,-2.6367114,-0.6390898,FAC20250615031645
-3.7713962,1.6688051,0.5226982,1.6751964,-0.22989267,-0.7421322,-0.59493387,-1.4748154,FAC20251007088339
-0.91334766,-2.6368704,-3.0222542,2.0710828,-2.7847748,-1.4663105,0.037956633,-0.87669873,FAC20250707116791
-0.09619494,-1.1783136,-3.4101653,1.5089697,-1.0966052,-1.3012358,-1.5769124,0.6460428,FAC20250909137251
1.3136286,-0.61701095,-2.5858598,1.2712872,2.1141963,-3.1276786,-0.8392976,-2.140836,FAC20250505007022
-3.0696633,-0.8815465,-0.9911348,-0.33217293,-2.5727031,-1.97419,0.13667773,-2.7037742,FAC20250604106242
-1.7003726,-1.1146623,-0.41861665,0.74042696,-0.22455099,0.0070195217,-4.1728344,-3.0324945,FAC20250809056589
-2.9215856,-0.72756493,-0.62456477,-0.4231491,-2.545715,-2.3340664,0.040999547,-2.9915886,FAC20251004087034
1.2804056,-0.36105573,-2.0408807,3.5878508,-1.3106531,-2.0827332,0.28647867,-1.6340395,FAC20250817130014
0.039835054,1.073013,-2.679632,1.3706323,-2.6220417,-1.5674244,-1.1391473,-1.5695827,FAC20250922141560
-2.699484,1.1329324,-3.3699052,2.5693288,-0.9138302,-1.8715975,0.39443082,0.8741389,FAC20250726122750
-3.2152586,1.3139784,-2.6614022,-0.46138766,1.5980409,-1.0417237,-0.58680254,-1.8955965,FAC20250811127898
0.06814391,1.6309091,-3.8330846,2.162738,0.6031253,-2.1036968,-0.35612226,-0.51325005,FAC20250610108043
0.44845828,-0.41479945,-0.5922004,3.6457317,-1.6253437,-0.4658901,-2.8333385,-1.8019924,FAC20250805053816
0.32054722,-2.4800334,-2.07182,2.1173809,-2.4718742,-2.4244845,0.29730654,-1.8101348,FAC20250508097374
-1.2691535,-0.81324476,-2.140414,1.3445461,3.5144968,-1.3580196,-2.4861374,-0.77969146,FAC20250712118264
-3.935149,-0.12340572,0.7403419,0.91861194,-0.96800303,-1.0069264,-2.5916266,-0.9007928,FAC20250525020907
-0.3128311,-1.8999637,-2.9053535,2.1923697,2.3638747,-1.0581288,-1.7949542,0.010711769,FAC20251001086244
-3.7192287,-2.2274382,-1.5099758,2.0388017,-0.70731723,1.2292432,-1.1414553,-1.6927748,FAC20250513099227
-3.3495371,-0.019607492,0.21411324,2.5141058,-3.0781403,-2.1350446,-0.80676967,-0.14288571,FAC20250506007756
-2.4695318,-3.5296383,-1.3905708,1.0484587,1.8977803,-1.5031585,-2.5751898,-0.20410573,FAC20250501095149
-2.0198312,0.92985415,-0.9088088,0.1295713,2.7998846,-4.058292,-0.9281751,-1.0527635,FAC20250906071914
-2.9496975,1.7329372,0.11300299,1.4734799,1.0403361,-3.0601974,1.0591844,-1.455433,FAC20251004145471
-1.8674418,-1.7843213,-0.88392895,-0.86241615,-1.0221882,-4.252688,-1.7579213,-0.81281984,FAC20250922078489
0.97769266,-1.0395259,-2.5347319,1.417612,-1.0032182,-0.67035323,-0.7627996,-3.0711722,FAC20250924082945
-2.6171079,2.163094,-2.709742,-0.17430443,1.1743131,-0.8872682,-1.6738397,-2.524662,FAC20250617110266
-1.8907684,-3.690676,-0.299231,1.8669713,-0.92785287,-1.9707791,-0.09641376,-0.22820817,FAC20250519014451
-0.771384,-2.9731638,-0.7304134,2.2305164,1.1927122,0.19853279,-1.0071704,-3.1512907,FAC20250516100150
-1.2900602,-3.0737355,-0.84702086,1.9980385,0.6466257,0.2698858,-0.3583083,-3.3589933,FAC20250608028861
-3.048605,-0.8067313,1.1044046,1.895146,-0.44106457,-1.1279886,-3.6416874,-0.64922017,FAC20250716046641
-3.9630609,-0.42959097,1.1087207,0.995325,-0.32685953,-1.2481252,-2.7394593,-0.9574606,FAC20250809127172
0.19733945,-1.3333584,-2.6827612,1.3777717,-2.0878682,-0.4865606,-1.3717552,-4.0529423,FAC20250925142351
-1.015773,-2.4531834,-2.8254743,1.6651608,-3.2012606,-2.002915,-0.1617469,-0.8610046,FAC20250619110820
0.7495166,-0.40104067,-1.2462639,2.986121,-1.9075725,-1.9380287,0.7904562,-1.9619263,FAC20251006088137
-0.0841452,-0.26877505,-0.48624173,4.6398177,1.3826578,-2.2909648,0.8169036,-1.0319791,FAC20250813057442
-1.9792585,-1.2737135,-4.5660124,0.52443486,-0.093055844,0.09055504,-1.9589518,-1.087974,FAC20250516012953
-2.2061765,-0.96150017,-1.7238339,4.315557,1.2941642,0.39825246,-0.19830412,-0.20483613,FAC20250705041478
0.19097434,2.4743662,-1.2553536,1.173696,0.62126213,-3.8451273,-1.0512178,-2.5172384,FAC20250930084645
-1.2957289,0.9727861,0.84296525,0.12348287,0.23673968,-2.6393225,-2.998988,-2.6499674,FAC20250609107564
-2.9221275,-0.08977608,-0.1278391,2.822773,0.51956964,0.8612428,-0.029536357,-3.3363302,FAC20250902134953
0.89763266,-1.34107,-2.1213453,0.94100183,1.7200375,-2.0825243,-0.3724755,-3.5910535,FAC20250902069218
-4.0228567,-0.33970782,-0.6706172,-0.35325947,1.769223,-1.6964647,-2.4416804,-0.89473855,FAC20250817061383
0.24972868,1.3805871,-3.9401476,2.5755532,0.50631833,-2.1023662,-0.08458004,-0.73019946,FAC20250520016471
-2.6278002,-3.1672719,-1.740375,0.6983637,1.2964145,-1.2057328,-2.4213676,0.06500794,FAC20250617032269
-2.103246,1.3931026,-3.0418315,0.10693312,2.367461,-1.0848112,-0.53830934,-2.80968,FAC20250705039766
-1.5421778,-2.831384,-1.7589593,1.1929432,1.617422,-3.3395019,1.45981,-1.0191048,FAC20250729123679
1.1112227,-2.3891017,-1.8912021,2.9242547,-1.4430206,-2.422026,0.50073165,-2.419095,FAC20250806054345
-2.914137,0.6950026,-2.5645423,3.3448017,-0.76029205,-0.7397804,-0.8384434,1.2385361,FAC20250716046520
-3.3557935,-0.59091085,1.3276899,1.7277799,-0.4029854,-0.80677575,-3.2395134,-1.1863444,FAC20250614109500
1.2287889,-0.48223916,-2.980303,0.99654114,1.5906132,-3.1217322,-0.3011029,-2.5567067,FAC20250909137166
-1.7401464,0.5827169,-2.9329545,-1.4296875,0.22117282,-3.348543,-1.948512,-1.5148742,FAC20250419000108
-0.913621,-0.1486437,0.062082022,1.1874315,1.6602569,-4.892544,0.08740014,-1.0435195,FAC20250521017972
-2.8574908,0.642681,0.44979534,1.0682236,1.4588109,-2.743673,1.3102884,-2.5075164,FAC20250525020536
0.28201702,-0.1943328,-1.7211512,3.4817007,-2.4013908,-0.26745272,-2.118829,-1.7957125,FAC20250519014624
-1.4500806,0.7596591,-1.2398622,3.0795138,1.8722486,-2.3076682,-1.8849875,1.2843788,FAC20250625112858
-2.3844864,-0.848875,-2.4961915,0.0027930848,-1.1304158,0.42555928,-0.86179316,-3.442979,FAC20250821062883
0.18162803,-1.0368894,-2.19106,1.417858,-1.8177302,-0.49316883,-1.2035859,-4.417902,FAC20250807054867
-1.6011103,-1.0446044,-0.605521,0.9950761,-0.28137746,0.2552883,-4.063372,-3.003691,FAC20251009146981
0.37908787,-0.9313957,-0.77398545,3.5608,-1.6572707,-0.4987362,-2.7642512,-1.3238363,FAC20250605026264
-1.3294137,-1.6889474,0.2498664,2.6468852,-2.437535,-0.08109937,-1.0106586,-2.7121413,FAC20250520016606
-2.2018383,0.21739122,-0.2204434,2.9463975,0.81487715,-3.2724826,-0.763885,1.5177237,FAC20251003145158
-1.9410291,1.6665026,-2.328914,0.8651955,-0.38317534,-1.8972801,1.735959,-2.8201954,FAC20250603025377
-0.9439602,0.18077762,-0.3903767,1.4443747,-3.5628052,-2.1530395,-2.4900835,-2.0099258,FAC20250922141317
-3.3065696,1.1733825,-0.80821425,0.50649124,-2.0082633,-3.6482415,-0.63242394,-0.07475832,FAC20250430005693
0.55365455,-2.1123369,-0.004374373,1.5055566,-0.05554206,-4.28214,0.12597416,-2.7383854,FAC20250804052738
-0.37319854,-3.0574028,-0.668785,2.9651413,0.1610524,-3.151872,0.116938785,0.08817923,FAC20250702115221
-4.0318327,-1.9460641,-1.2626265,0.13700736,-0.06430402,-2.3535793,1.2039891,-0.9474575,FAC20250902069296
-0.39475057,-1.3935424,-1.9651741,-0.624045,1.2782073,-1.8378651,-3.1530168,-2.969879,FAC20250619033481
-2.7454078,-1.0517055,1.0258226,3.9232867,0.22720717,-1.6999216,-1.2088845,0.57978487,FAC20250826065803
-2.7529256,-1.9214033,-0.389784,2.228238,0.48920307,-1.5343766,-1.2094353,1.4243633,FAC20250626036532
0.58580416,-1.5562913,0.3732934,1.5125562,0.7527604,-4.167646,0.017370371,-2.920295,FAC20250517013477
0.7632302,-0.101222634,-2.5465708,3.3541877,1.0903993,0.12059414,-1.2561804,-3.0580351,FAC20250809056181
-0.26481816,0.5134465,-0.11959533,1.5361198,-1.9117856,-2.4509304,0.51403993,-3.6907613,FAC20250804125720
-3.546476,0.61345315,-1.15105,0.6548502,-1.567812,-2.6878617,-1.3422716,0.86971045,FAC20251003144899
-4.104862,-1.9350811,-1.3042574,0.6019518,-0.1869836,-2.2316577,1.4718422,-0.9028979,FAC20250924082639
-4.0043335,1.8358092,-2.5767512,0.32864684,0.80177814,-0.81036717,-0.6182096,-1.2425884,FAC20250421002163
0.013823018,-1.4946117,0.17432646,1.08703,0.9378044,-4.2654,0.33429655,-2.6571314,FAC20251008146600
-3.0892403,0.71177906,-2.7560005,2.9738295,-0.8212478,-0.87598366,-0.383653,1.1011039,FAC20250603105957
0.88675606,-1.2098079,-3.4479895,1.1022325,-1.2928767,-1.166567,-0.9230082,-3.1526234,FAC20250422002815
-0.8934737,-0.7089201,-1.4993632,2.0853493,0.848093,-0.6200329,-4.7295737,-0.5813333,FAC20250615109747
-1.1181968,-3.0905526,-1.4441026,1.3901654,1.8586948,-0.009610997,-2.8619666,-2.9054506,FAC20251002144845
-2.2361543,-2.2942865,-2.7058494,-0.09816513,0.34911555,-0.77545017,-2.2610714,-0.17127731,FAC20250603025082
-1.3040407,-0.46865934,-0.55791044,0.49976355,-3.1046937,-1.8238299,-3.058525,-1.6898708,FAC20250824132306
-2.1966503,1.7462416,-2.5395973,1.5892777,-0.09888396,-0.42804635,1.2328573,-2.9212003,FAC20250624035157
-2.6993122,-3.5710711,0.8289499,1.5214837,-0.51308066,-1.391974,-0.8334795,-1.5566409,FAC20250905070926
-1.7429335,-4.0612144,0.3594348,1.9484297,-0.10161054,-1.7060506,-0.89542454,-1.187299,FAC20250818130138
0.5175173,-0.35999775,-3.112372,3.2254536,1.072772,0.31802833,-1.1041337,-2.4425483,FAC20250724049256
-3.3346953,-0.58673286,-3.112354,0.8643057,2.3422782,-1.5601131,-0.046468902,0.17998317,FAC20250827065937
-2.6265347,-3.2421572,-1.3360776,1.0761532,1.5219724,-1.403464,-2.5953145,0.18593115,FAC20250714045739
-1.6689024,-1.669668,-1.7904707,-0.0952393,0.6599303,-2.067946,1.3262402,-1.2745731,FAC20250529022216
-0.748037,-1.0449238,0.2534216,1.262011,-2.9853692,-3.028442,-2.1977987,-1.3204784,FAC20250702039571
0.5406496,-1.9658017,-2.482108,0.5340649,0.70886964,-2.3771641,0.2707278,-3.8965182,FAC20251006087568
-0.22317865,-0.6750262,-0.6352037,-0.5286177,0.6378177,-2.366505,-0.35182542,-3.9870622,FAC20250521017480
-1.0744973,0.947379,-2.4390705,-1.2003996,-0.24634668,-2.909324,-1.2355787,-1.6564362,FAC20250817129926
-3.285993,-0.937172,0.55567133,0.64515567,-1.4869248,-0.9874141,-0.13300218,-4.130501,FAC20250821131350
-2.183692,-1.066792,-3.0334089,-0.068569556,-0.35545567,0.15222526,-0.2105734,-3.6136189,FAC20250926084086
-1.7285112,0.545002,-4.1645017,0.81526387,1.7930096,-2.1023002,-1.4051744,0.42029747,FAC20250519014656
-3.287209,-1.7866273,-1.075078,0.55597866,0.48129717,-1.7008473,1.5087323,-1.0640559,FAC20250625036007
-4.0942574,1.764653,-2.427924,0.07166022,1.0234121,-1.0547338,-0.66974664,-1.3182077,FAC20250525102717
-2.7536252,-2.7762487,-1.9568968,0.49552628,0.69210106,-0.77534455,-2.1756473,0.20804855,FAC20250907136656
-3.2810912,1.6030723,1.2118839,1.4900768,0.2732316,-1.1886781,-0.83519554,-1.7725269,FAC20250519016157
-1.0556797,0.49753642,-3.184576,-1.193183,-0.3816847,-3.356445,-1.2879211,-1.6166081,FAC20250605025644
-2.4469697,-1.9939063,-0.08617443,-1.0025753,0.95106214,-1.8795772,-0.5490267,-1.6857169,FAC20250607107072
-0.0013188431,-1.665032,-0.71931934,3.043897,-0.80455446,-4.0761476,-0.05532827,0.4695327,FAC20250420000431
-1.5643312,-1.0793284,-2.8687196,-0.29420277,2.5019696,-2.3995843,0.5465362,-2.228443,FAC20250821062536
0.74550754,0.8792239,-2.1892548,2.4680734,-0.200972,-2.466013,-3.4936714,-0.21261506,FAC20250902135199
-1.8864495,-1.357837,-4.174868,0.4936702,-0.4189846,0.044490527,-2.394234,-0.87695754,FAC20250731051986
-2.3176904,-2.4159763,-2.8648236,0.18221189,-0.27432555,-0.43161055,-2.7207887,-0.43315443,FAC20250916076802
0.28745946,-1.106614,0.03620334,3.6101987,-1.2504218,-1.0411961,-3.0176134,-1.2822574,FAC20250522101762
-3.4403486,0.2994636,-1.9358305,2.4568243,1.3856508,1.2305388,-2.5211616,-1.3548963,FAC20250509097771
-2.3135896,-1.0936824,-1.1100352,3.8831406,2.9364936,-0.58054084,0.08256926,-0.5045818,FAC20250830134030
-0.7988712,-2.1537685,-2.634443,1.845779,-2.9575543,-1.7359741,0.4949505,-1.3138458,FAC20250503095829
-3.635693,0.27443862,-0.14621982,0.5288303,-1.2861798,-2.6715226,-1.9030606,0.6597002,FAC20250906071970
0.56932044,0.733054,-2.3502886,1.7734447,0.08227638,-2.907706,-3.8588276,-0.2286096,FAC20250516013339
-2.192115,0.8015054,-2.3550782,0.7522511,-0.57124466,-2.0390282,2.1406722,-2.0433874,FAC20250716119686
-2.0153039,-1.4702181,-3.510082,0.13753296,-0.13928692,0.4324898,-0.78887606,-3.044946,FAC20250822131688
-1.4673291,-3.2294858,-1.9497658,0.09256557,0.21827292,-3.0419602,0.9403197,-1.4834584,FAC20250719120571
-0.8141385,-3.0178766,-0.76607263,2.3040786,0.9710802,0.11001091,-0.5198599,-3.2967825,FAC20251013148290
-0.5207736,1.3848175,-2.4196675,0.5708026,-2.585999,-2.9093647,-0.5049451,-1.9873267,FAC20250630037566
0.56409883,1.4025201,-1.5991411,2.790413,0.045941643,-0.3441696,-0.8196122,-3.8647568,FAC20250926084076
-2.071949,0.536468,0.023483144,3.8156168,0.2610212,0.4691255,0.045022726,-3.215346,FAC20250524018741
1.1703376,-0.92704797,0.006481991,1.8590573,-0.83142716,-4.570142,-1.1191652,-2.1746597,FAC20250727123139
-2.7805433,0.34377265,0.62259865,2.3943489,0.64235127,0.4552199,-0.6968735,-3.6840408,FAC20251011089451
0.085158795,1.5710579,-4.150894,2.2129974,0.40369606,-1.9856471,-0.19888839,-0.91280633,FAC20250508009049
-0.94477546,1.0989625,-2.4672358,2.4868853,-1.392091,-1.4346508,-2.4611979,0.8914698,FAC20250720121101
-1.4624411,-0.13060848,-2.676765,2.318047,-0.16507779,-2.2841873,2.5291495,-0.86087805,FAC20250509009542
-3.8603823,-2.053426,0.10096963,2.662768,1.239755,-1.7907525,-0.9630234,0.82416797,FAC20250419000287
-1.9754897,2.2643292,-0.25520748,1.4650162,-0.99110854,-2.2651737,-3.365011,-0.70609635,FAC20250711118076
-0.5343483,-1.3650295,-2.6128929,-0.589886,1.5232109,-1.7212372,-3.2737179,-2.711914,FAC20250825064647
-4.1936293,-0.5995263,-0.2101437,1.3723192,1.6821626,-0.54639494,0.4321217,-1.6177509,FAC20250607028252
-4.1205425,-0.6077968,-0.5040052,1.2082275,1.8359594,-0.19423674,0.28277022,-2.0856128,FAC20250714119159
-2.2526166,-0.65575427,-0.08078587,3.2499666,0.06930174,-2.367737,-0.5445369,1.5322406,FAC20250708043062
-2.4893281,1.8936186,0.5747354,1.4397433,0.71140444,-2.3719246,0.5335188,-1.9032047,FAC20250701039452
-1.3336434,1.3170253,0.46156886,4.231269,0.08245399,-0.21176834,-0.76497054,-2.512726,FAC20250608028857
0.744751,-1.2277135,-3.6517007,2.553408,0.0042866906,-0.020923896,-1.1731528,-2.08852,FAC20250625035611
0.3680593,2.37561,-1.5835106,1.4996008,1.0993439,-3.083632,-0.8231613,-3.2571528,FAC20251012148059
-2.5994444,1.9066542,-3.0186515,2.3765109,0.17028278,0.15341611,0.9348977,-2.908096,FAC20250613030848
-2.000704,1.1358991,-2.7072928,2.3209643,-1.2915504,-0.29458508,-2.970625,0.30810887,FAC20250622111809
-2.6640747,1.5667726,-2.3804054,0.042034328,-0.4394513,-2.6392612,1.4691328,-2.5618672,FAC20250703115475
0.6502192,-0.25143415,-2.8765683,3.1365066,0.9792041,0.2685559,-1.147554,-2.7816486,FAC20250815059171
-2.7555373,0.95595175,-3.5065882,2.300359,-0.8625481,-1.9464096,0.36722538,0.9378542,FAC20251016149208
-2.1349752,-3.0227296,-2.7142537,-0.4759422,-0.486894,-2.2505116,0.35457873,-1.558724,FAC20250702115206
-0.10629221,-2.5840611,-2.4248912,2.4005125,-2.210327,-1.6783421,0.5488017,-1.5740732,FAC20250507097329
0.68707,-1.4687423,-2.5322235,0.8784878,1.3148036,-2.055934,0.1499104,-3.8099494,FAC20250929084502
-1.5141784,0.8467773,-1.2827553,2.9133096,1.8416207,-2.5846968,-1.8680186,1.3675362,FAC20250703115440
-3.3071768,0.25031662,0.26857013,1.78955,-2.791898,-2.6942587,-0.43862513,-0.29083037,FAC20250726050311
-4.253651,-1.1113353,-0.66548926,1.1645647,0.5348396,-0.8605479,1.0896436,-1.0845823,FAC20250615109538
-1.1800452,-3.5699837,0.15474229,2.4129603,-0.39065787,-2.4105358,-0.3774067,-0.33629087,FAC20250429005035
-0.03150193,0.20137018,-1.8014891,3.6511056,-2.4927442,-0.11271587,-1.7148962,-1.9827613,FAC20250728050725
-2.021776,1.4298099,-0.0061696405,-0.28195745,-0.65456235,-2.7350454,-3.3864775,-2.1991441,FAC20250513011860
-1.6932325,2.2762177,-2.8427415,2.2849872,-0.4043577,-0.13392082,0.43566656,-3.2404807,FAC20250706041750
0.21815637,-0.82073045,-1.8933135,1.2881141,-1.8574666,-0.7076688,-0.88788617,-4.321362,FAC20250925083463
-0.2965242,1.4428929,-2.396825,0.95519227,-2.6425583,-2.3188987,-0.7758612,-1.8321458,FAC20250817060636
-0.41269818,-3.515598,-0.81068236,2.80445,0.29533702,-2.8509903,-0.06346787,-0.17389448,FAC20250428004546
0.5285468,-2.0356238,-2.0569413,0.4503282,0.72700644,-2.3799257,0.08413498,-3.861716,FAC20250708117054
1.2755995,-0.5705764,-2.3122656,1.1935762,2.011603,-2.703417,-0.70996433,-2.6931155,FAC20250920078170
-2.556907,1.7042462,-2.9719458,-0.305686,1.547011,-1.0515944,-1.258026,-2.5102696,FAC20250505096374
-3.1526687,-0.864029,0.5287264,0.7598716,0.5850987,-1.968059,-3.7166686,-0.29050606,FAC20250522018241
-3.1094177,-0.28537783,0.07617303,2.2420633,1.7563248,0.46494523,-0.39877555,-3.3484602,FAC20250625113038
-0.73955226,-1.4250618,-2.3606532,-0.7783693,1.5884887,-1.5664119,-2.669615,-3.0937397,FAC20250522018220
-0.6375308,-2.8289309,-0.40987647,2.7476375,-0.4771034,-3.3218007,0.20755029,0.20400077,FAC20251001086201
-1.3975973,-2.7878528,-2.201795,0.112499624,1.7140576,-3.0028102,0.573633,-1.2871149,FAC20250424092953
-4.0413923,0.118184336,-0.5661035,1.74692,2.6511173,-0.3324722,-0.014547479,-2.122623,FAC20250708042930
-3.049746,-0.7498704,-1.379697,-0.6047263,-2.4938269,-1.842,-0.20853128,-2.5646,FAC20250525021253
-0.35773316,1.3423685,-2.4125006,0.047015242,-1.997747,-2.7918003,-0.80544555,-1.845633,FAC20250525020409
0.28500256,0.8669208,-1.6937351,3.0997376,0.63838,-0.95324993,0.84364825,-3.9488559,FAC20250720120762
0.9951677,-0.4299216,-0.63855535,2.4828155,2.6674676,-2.3795028,-2.0129771,-2.0888765,FAC20250901134846
-2.5270047,-3.366589,-1.4721532,0.90504354,1.5698483,-1.3242393,-2.7324877,-0.16950117,FAC20250617110212
-2.8639684,0.337076,-0.58571434,0.4330359,2.4667087,-1.4177399,-2.9515882,-0.7471856,FAC20250722048815
1.1791637,0.69102514,-2.5629847,2.963962,-0.5065762,-2.4232306,0.2494546,-1.0542309,FAC20250612108686
-1.4455972,1.2733821,-2.8565235,2.7062433,-1.5675385,-0.17323852,-3.2500374,-0.3469085,FAC20250505007487
-2.7391512,-3.0925686,-1.6988487,0.81798995,0.9511515,-0.83304405,-2.6589506,-0.045031063,FAC20250913075083
-0.14434929,-0.05128836,-0.33328444,1.2770382,-1.5100795,-1.79837,0.15530208,-4.3866005,FAC20250516013254
-3.5201569,-2.634395,-1.468457,-0.62878925,0.2605264,-2.073127,0.1985811,-1.3446873,FAC20250521017994
-2.3807647,-0.025816163,-0.492387,3.6348753,-0.15356553,-2.9800386,-0.5271532,1.7063783,FAC20250806126422
0.022319019,-2.6414878,-0.9321546,0.60736156,-0.41937053,-3.6747828,-2.6894863,-0.47203487,FAC20250817060352
-3.2321384,0.3181731,-0.20263614,2.3768177,-3.0071418,-2.0423763,-0.79839957,0.11395236,FAC20250817060990
-2.7138956,0.23191923,-1.4813858,0.25252706,1.2012753,-1.1405689,-2.1550953,0.73672414,FAC20250822063916
-0.44021863,0.55529594,0.6658727,0.653658,1.3914984,-2.323536,-2.7124565,-2.429499,FAC20250630038445
-0.06276907,-2.3906248,-2.3784218,2.4204257,-1.9993619,-1.6677157,1.0029788,-1.9638573,FAC20250727050530
0.14572415,0.9837437,-2.4689791,1.4983788,-2.580306,-1.4829209,-1.1466833,-1.3848013,FAC20250919077543
-2.9139564,-3.3164756,1.0061551,1.2564645,-0.36924052,-1.3695555,-0.7910745,-1.894033,FAC20250520101401
-1.0143378,0.42856508,-0.6478489,1.789599,0.8515906,0.35673052,-3.4885254,-3.4046052,FAC20250512010450
-3.1757596,-0.80070114,-1.2193238,4.058064,0.91027737,0.9567757,-1.6203043,-0.28904128,FAC20250930144140
-0.5042413,0.9419522,-2.2408476,3.7330902,-1.2948521,-1.6100056,-2.7139745,0.7878293,FAC20250601024069
-0.8172579,-2.0771236,-3.1665926,2.57994,-0.24907985,-1.7708955,-1.631336,1.3957759,FAC20250621034664
-0.24733075,-2.675778,-0.86225224,2.9787805,0.044452325,-3.6286209,0.17967272,0.30159575,FAC20250915076346
-3.9873831,-0.6266321,0.05050756,-0.06305917,1.1540923,-1.9157487,-2.688762,-0.51099163,FAC20250620111265
0.38312066,-0.07047621,-1.9835589,-0.124773644,-0.48311087,-2.1542244,-3.514533,-3.2645311,FAC20250420000893
-1.7463281,0.6647156,-2.0062323,-1.425181,0.77946705,-3.7155104,-1.5603957,-1.7193418,FAC20250922079240
-1.3974572,-4.1411657,0.08392882,2.368321,0.019809514,-1.9265147,-0.8418737,-0.8894878,FAC20250603025067
-3.2593298,-1.6846974,1.0082551,3.9252293,0.32462662,-1.1666195,-1.3066971,0.2196501,FAC20250608107523
0.28640968,-0.73720807,-1.6077784,3.407746,-2.2091436,-0.26893377,-2.2086456,-1.3362204,FAC20250508097442
-1.407995,0.063459955,-1.3805624,-0.115089744,1.1372207,-0.8851035,0.73017716,-1.2473999,FAC20250827066124
-0.46900916,2.1899686,-0.6358682,1.5986888,-0.26011124,-4.5640774,-1.1942742,-0.7348651,FAC20250811128022
0.7473625,-2.3755713,-2.188671,2.1556406,-1.7013781,-2.828185,0.7552203,-2.264655,FAC20250924082913
-2.4968085,-1.3609806,0.95108205,3.9980946,0.9564602,-1.684533,-1.5299306,0.5402499,FAC20250804125795
-2.792812,-1.1524909,1.1400292,4.0550814,0.65035516,-1.5687565,-1.2767069,0.3818046,FAC20250816060032
0.4915636,0.888431,-3.7523742,2.377606,0.24449831,-2.0187423,0.06433753,-0.66332674,FAC20250623112356
-3.6863878,-0.27428314,0.9605834,1.8100245,-2.40523,-2.4555326,-1.1213938,-0.3963415,FAC20250705040987
-0.6631629,1.2254583,-2.0815635,2.6987276,0.7405343,-0.77611244,1.377275,-3.5828736,FAC20250913074919
0.01615696,-1.3945274,0.3647108,1.2116349,1.3874418,-3.940757,0.16557695,-3.011282,FAC20250919077176
-0.53496987,2.168255,-0.3575343,1.5331562,-0.9404685,-4.284328,-0.6963502,-1.3369713,FAC20250815058446
-1.1978812,-1.0912228,1.8258877,1.7426459,0.71727836,-2.832629,-1.3812633,-0.81417465,FAC20250910073888
-1.8480676,-0.1341799,0.86448264,4.2746954,-0.4720049,-2.6106045,-0.7893203,0.6128036,FAC20250719047482
-3.9803967,-2.0409634,0.46007118,1.3258158,-1.7122685,-0.93431884,0.11674737,-2.448106,FAC20250724122162
0.1712185,-1.9110667,-0.92395145,0.7847814,0.28203756,-3.9381785,-2.6553292,-0.11324436,FAC20250519014224
-1.7353245,-1.5910091,0.92534685,3.5251095,-1.3550719,-1.5315192,1.0188383,-2.098098,FAC20250827066486
-2.2509634,1.9767586,-0.43722424,2.8736262,1.1896404,-1.0909009,0.7908629,-1.3222541,FAC20251009088908
-1.35295,0.2890866,-0.80492777,1.0406673,-3.429605,-1.7737633,-2.8239973,-1.9253987,FAC20250920140735
-0.9394424,-1.3705178,-2.6743393,1.8115166,3.413696,-0.86201274,-1.9985058,-1.0162798,FAC20250926142879
0.16175301,-1.2195731,0.741287,2.020864,1.5479586,-3.7028594,0.1891282,-3.3149118,FAC20250601024779
-2.509154,-3.0856483,0.7222122,0.71228135,-0.8099234,-1.5286506,-0.3974352,-1.9272643,FAC20250922080298
-1.7595595,0.77658826,-2.1726458,3.0867014,-0.15288465,-1.9806826,2.610222,-0.90357155,FAC20250505007417
-1.9120705,-0.42803362,0.7934856,3.8978608,-0.055023316,-1.9291117,-1.3505021,0.760729,FAC20250805126001
-1.4789773,-0.67262214,-3.0693007,2.3206503,-0.09135739,-2.4312236,2.399732,-0.54890406,FAC20250426003823
-1.7385199,-1.5221283,-0.73557246,-0.7976866,-1.4190538,-4.0991917,-1.8574619,-1.0192544,FAC20250905136054
-0.7023177,0.9203755,-1.3310859,1.940882,0.80413634,0.43754083,-3.230067,-3.421742,FAC20250521017118
-4.472669,1.4670483,0.14662603,2.5372782,-0.76394284,-0.5752635,-0.34462875,-1.2383714,FAC20251001085935
-1.9957995,-1.3781748,-0.78941727,1.7100402,-3.3448198,-0.30299768,-2.1199174,-2.178569,FAC20250805053473
-0.5643306,2.4033444,-3.86842,1.7590473,0.24894175,-2.1580899,-1.1282301,-0.6420343,FAC20250503006666
-4.304166,-0.21229796,-0.8483755,1.9395454,1.7117642,-0.3574609,1.020452,-1.6081121,FAC20250817130038
-1.3076077,-2.7557125,-1.5370452,1.7803861,1.7195486,0.5337887,-2.531532,-2.6070495,FAC20250821131204
-0.80834746,0.1353974,-0.17095205,1.6092342,-3.466868,-2.5997324,-2.1577017,-1.8573709,FAC20250607027887
-1.5752665,0.09570785,-2.829666,0.38772872,2.6923096,-1.7676773,0.7715258,-2.72082,FAC20250917139968
-3.351641,-0.6681752,1.388939,1.9598056,-0.55889416,-0.69554675,-3.2297146,-1.483039,FAC20250617032718
-0.83514065,-1.6558664,1.0060467,1.5073363,1.060593,-3.7199337,-2.2308865,-0.41898105,FAC20250428004412
-0.68092525,-0.6990438,-1.2458739,2.1464388,1.3869134,-0.20298886,-2.1822097,0.32237706,FAC20250507097106
0.24564765,1.221227,-3.9947436,2.1751473,0.51329094,-1.8726809,-0.5189571,-0.5607278,FAC20250819130527
1.2141174,-0.29742154,-0.7157513,0.94966304,-0.31109816,-2.4760988,-2.4764836,-3.556307,FAC20250828133336
-3.358568,0.1101864,-1.423977,0.43631926,-1.7158633,-2.8608766,-0.9934751,0.8643403,FAC20250725050219
-0.6161174,2.503703,-0.9044376,2.6704142,2.2203393,-1.5060555,-2.1026957,-2.152856,FAC20250614109375
-3.4767306,0.41355833,0.77381605,0.1888444,0.8825872,-3.0927866,0.5960166,-2.5490913,FAC20250624035001
-1.876299,-0.58777434,-0.016979657,2.0468893,-3.0853465,-0.15082084,-1.8054175,-2.7610135,FAC20250711044250
-1.8848026,0.30225807,-0.93950546,1.0288336,-3.264127,-0.83309346,-2.8896313,-2.3631892,FAC20250716119606
-0.069930494,-2.5249324,-1.0560907,3.0531638,-1.1525525,-1.7087048,-2.7832758,0.18826039,FAC20250829067222
-0.87220675,2.7288468,-0.64514333,2.3377206,1.5789627,-1.5781374,-2.4642231,-1.7890131,FAC20250926083720
-0.6629732,-2.9740422,-0.99780697,2.5545776,1.3870479,0.2924033,-1.4874524,-2.7262764,FAC20250924142166
-1.2569617,0.37885752,-0.26601416,1.479467,0.17101476,0.50468427,-3.0469637,-3.3784475,FAC20250822064127
0.03661867,2.437778,-1.1374172,1.1103995,0.5693351,-4.1953506,-1.6247137,-2.049679,FAC20250912074324
0.042035636,-2.2148433,-3.0024848,2.4578001,0.9203473,-1.5396862,-1.2669065,0.54799235,FAC20250916139713
-0.4733224,0.8531399,-4.0397515,1.4836997,-2.2232454,-0.8040066,-0.7152747,-1.752049,FAC20250813056916
-3.3953383,-0.09677437,0.44156995,1.6524732,-1.9943192,-1.6902276,-2.1404903,0.4036807,FAC20250825064903
-0.08499734,-0.6971625,-2.4025548,-0.5702562,0.18391249,-1.9624408,-3.5992205,-2.6824784,FAC20251001085342
-2.5128844,-0.9007745,0.8063915,0.76184154,-1.1352376,-0.48841447,-0.9603997,-0.97601837,FAC20250512010753
-3.8245358,1.6387974,-1.7909153,0.6470007,0.7810118,-0.42927083,-0.34948707,-1.1481521,FAC20250420000975
-1.1120015,0.20266305,-0.9900456,3.18583,1.6888206,-1.1662079,-3.0100882,0.68768424,FAC20250618110532
-1.6674958,-2.4347513,0.9352192,0.6288504,-1.7872778,-3.3453095,-2.414312,-1.5649664,FAC20250813057727
-3.6809933,-2.311395,-0.5748827,2.3464017,1.3533641,-1.6069257,-1.0866154,1.0645267,FAC20250826132713
-3.085837,-1.4584666,0.5890321,0.42378178,-1.4711891,-1.3212712,-0.07791355,-3.5400836,FAC20250922079782
-0.35640723,1.1464674,-1.7911257,2.5816047,0.5774235,-0.8272797,1.1593647,-3.865344,FAC20250521017055
-1.2757288,2.3972652,-2.3349924,1.9877818,-0.5179671,-0.6529737,0.38312656,-3.6774287,FAC20250926084199
-1.1077746,-0.6914784,-1.3751217,1.7603021,0.32826975,-0.012682076,-4.4424534,-0.88511276,FAC20250606027100
0.5555445,0.9396696,-1.7040018,3.518434,0.1594718,-0.49240246,-0.14623219,-3.9693964,FAC20250907072910
-0.13390014,2.5192697,-0.9608637,2.21597,1.8958045,-2.0529692,-1.3871533,-2.5269976,FAC20250827133249
-0.44638577,-2.8020475,-2.4069347,1.7906437,-2.666526,-2.1163235,0.3956411,-1.6010239,FAC20250916139477
-0.72797155,-1.3801239,-1.0991867,-0.060052466,-0.752546,-4.325734,-1.8846983,-0.012452713,FAC20250513099123
0.63081396,-0.60922605,-3.5705292,3.0017514,0.601587,0.15177241,-1.555824,-1.9602624,FAC20250815059023
0.5492607,0.05858637,-2.6745303,3.0767217,0.9594639,0.20589143,-0.8710548,-2.9219656,FAC20250706042470
-2.1441715,-3.9658082,-0.10434479,1.7694055,-0.720755,-1.654738,-0.5298452,-0.85504735,FAC20250821062264
-1.8366075,-1.9276823,-0.518402,2.2206862,-3.1508248,-0.07052839,-1.6295931,-2.3756478,FAC20250521017091
-1.6695118,-1.6078594,-2.4104414,0.05515241,3.1587021,-2.7038994,0.2443182,-2.3292077,FAC20250421001272
-0.22955523,-2.2748125,-1.9377226,2.6662698,-1.3937528,-1.2544267,-2.4519088,0.5403659,FAC20250922080108
-2.049916,-1.8247392,-1.130722,4.20036,1.3465289,-0.2062222,0.807713,-0.5945375,FAC20250925142475
-0.9405782,2.6641848,-3.728667,1.5251614,0.25901997,-2.2691069,-1.4699124,-0.4327896,FAC20250525021225
-1.4260137,0.26098785,-2.4226117,1.2028813,-0.6220051,-2.0967581,2.3501668,-2.0168664,FAC20250728123462
-0.91856444,-0.8543056,-1.5761592,2.1134353,0.7775221,-0.6366679,-4.8449154,-0.62644804,FAC20250511098450
-0.35683468,0.26192948,-3.3967874,-0.6464047,-1.0422256,-2.9769378,-1.0263526,-1.4038596,FAC20250607027991
-3.492311,-0.7345515,-1.3275977,-0.79048103,-2.3771133,-2.1213248,-0.48675957,-2.1184628,FAC20250706041979
-3.6617703,-2.9686542,0.75978875,1.3542715,-1.0406172,-1.1819484,-0.5073516,-1.592212,FAC20250822064217
-0.5696331,-1.3355182,0.9164365,1.4769143,1.1996521,-3.9638774,-1.686154,-0.48232424,FAC20250519015738
-4.2177935,-0.9540229,-0.9059354,1.2481729,0.79591024,-0.33303362,1.1475775,-1.6369588,FAC20251005145702
-0.24635714,2.3205688,-0.656566,1.528331,-0.044885363,-4.4381204,-1.1115043,-1.2394629,FAC20250904135768
-1.1138037,0.6846238,-0.69822145,1.9810649,0.8247981,0.51498324,-3.2158222,-3.4267402,FAC20250919140460
-3.3536012,0.42813385,-0.53173757,1.9029335,3.1887352,-0.3521467,-0.38024107,-2.6099236,FAC20250521101585
-1.7896483,-1.6961875,-0.8463269,-0.80755824,-1.1421547,-4.252094,-1.7152132,-0.7592225,FAC20250505007568
-1.120706,-1.6387026,-3.0872006,3.2178254,-1.6721623,-0.022538627,1.0657364,-1.8518851,FAC20250505007162
-1.9004794,-2.5677025,0.50068384,0.19902532,-1.6295218,-3.1746347,-2.6030903,-1.4124203,FAC20250429005489
-2.1513562,-1.5428363,-3.2267368,0.06206192,-0.09808397,0.36729544,-0.5906176,-3.1731422,FAC20251007146446
-1.3263304,-2.6343753,-1.9312456,1.168304,2.001,-3.0870094,1.3102822,-1.0356346,FAC20250530104502
0.4474694,-1.4477414,-0.041780364,1.1980103,0.25923112,-4.547949,0.22258824,-2.3337572,FAC20250922080856
-1.6155554,0.2734837,-1.1177849,0.7763269,-3.2988448,-1.4230562,-3.1877835,-1.9891038,FAC20250801052232
-0.3676157,-0.1451845,-0.428926,4.3917046,1.7486705,-1.666127,0.65724635,-1.1202458,FAC20250823131908
-4.0984817,0.82629085,0.99745077,2.7959375,-0.5352418,-1.3857799,0.37917012,-1.230614,FAC20250704115638
-0.34769002,1.0116298,-3.6953723,1.5779825,-2.3381848,-0.843034,-0.994719,-1.8609921,FAC20250712044882
-3.3841968,0.722149,-0.3932366,0.68213856,-1.9119186,-3.228784,-0.9099105,0.1820967,FAC20250508008581
-2.6036222,-1.6036526,-1.2980033,4.237562,1.9564041,-0.08193747,0.44317457,-0.5780023,FAC20250624112717
-3.5804846,0.10989232,-1.1453536,0.116883695,2.1635492,-1.2720083,-2.7623816,-0.5665418,FAC20250521017223
-0.36359444,-1.7827587,-3.4549875,2.508153,1.2209554,-1.9428037,-0.7971009,0.90138,FAC20250519015337
-2.4932315,-0.91879934,-0.3423506,1.434564,1.8944037,-2.0393596,1.9256444,-2.6510081,FAC20250729123866
-1.748446,-0.96239823,-0.9339916,3.6612048,3.2522383,-1.7183664,0.30877262,-0.36555603,FAC20250806054490
1.063374,1.2709508,-1.9421358,3.7353253,-0.40991783,-2.8243735,-0.07741076,-1.1007626,FAC20250821131284
-1.4669225,-2.324512,0.77202266,0.7206195,-1.8793755,-3.4303944,-2.0860384,-1.156735,FAC20250520101164
0.08622665,-1.7518728,-0.39198497,3.5688508,-1.3298103,-1.0358981,-2.5387144,-0.4797568,FAC20250618110776
-1.0330331,-1.6138519,0.04070086,3.931068,-0.17671917,-1.3568053,1.5643722,-2.0360744,FAC20250914138930
-4.707815,1.2891818,-0.5107393,2.4262967,-0.77872014,-0.53294325,0.054530747,-0.98848975,FAC20250825132511
-0.3725429,-2.7715185,-2.681883,2.1469374,-2.3481488,-1.8786358,0.4249868,-1.2549047,FAC20250601024352
-1.2837347,1.8988118,-3.6441476,1.1385939,1.2176782,-2.0563533,-1.2831885,0.0658523,FAC20251002144580
0.09411816,-0.8102205,-1.6418384,-0.66187304,-0.05190869,-1.9863967,-2.7639587,-3.5876505,FAC20250907072557
-1.3716661,-1.3418723,-1.7665299,2.30772,-2.1162798,-0.25162765,0.65315014,-0.7819646,FAC20250519014648
0.13821587,-2.066973,-2.2740817,2.1536708,1.7168447,-1.4178466,-1.9856101,0.19500993,FAC20250627113532
-3.005961,-0.21135668,-3.3611488,0.8600464,-0.9205263,-2.176523,-0.5955191,1.1834117,FAC20250510010113
-2.0127175,-0.04423671,-0.698641,1.3723189,-3.296904,-0.41426235,-2.5456204,-2.4358282,FAC20250922081285
-2.5792787,1.5572593,-2.6046104,-0.13437453,1.9967467,-0.8134032,-1.0185775,-2.5773258,FAC20250717119921
-1.9631302,-3.579901,0.26253575,1.9128165,-0.7103291,-1.9651619,-0.36292955,-0.554466,FAC20250509009442
-0.23687118,-0.31543672,-0.52737474,1.2475569,-1.6001805,-1.6922383,0.1039653,-4.743243,FAC20250701039196
-0.2588537,1.0598457,-2.669715,-0.26694494,-1.6345047,-3.0218742,-1.0443785,-1.8466276,FAC20250621034636
-0.6338448,0.24356829,0.47956744,2.0241227,2.2065687,-4.7273126,0.049637254,-1.6697217,FAC20250924082814
-0.3994125,-1.3879062,1.3796109,2.919404,1.4250784,-2.7332244,-1.0465187,-0.64235395,FAC20250917139745
-1.1038158,-0.26860112,-2.0085955,1.2139375,-0.8527344,-3.4939969,1.8210447,-0.2441428,FAC20250715119316
-2.9573548,2.2941167,-2.5597906,0.05983172,0.6471338,-0.7856442,-1.4798697,-1.9027126,FAC20250613030233
-3.0303943,2.0420406,-2.7259703,-0.21968678,1.0139599,-0.9426156,-1.3543266,-2.0187402,FAC20250420091496
-0.6651229,-2.402816,-2.4060984,2.7383223,-0.5463823,-1.5787151,-2.3781917,1.1024646,FAC20250519016250
0.0879937,1.3370851,-4.344982,2.3277128,0.49644208,-2.016053,-0.06274309,-0.8725827,FAC20250619110918
-2.7764919,-0.087529436,-3.5907257,1.0227088,-1.2113799,-2.294055,-0.29649317,1.0760549,FAC20250922079867
-2.180635,1.7785808,0.07725784,-0.07880571,-0.8905283,-2.6087296,-3.0746017,-2.1673963,FAC20250521016789
-3.1132188,0.41847485,-0.5685151,1.7098827,-2.9820592,-2.9132,-0.2401308,0.00045709754,FAC20250610107946
-0.961519,-0.65891683,-1.4892509,2.3564904,0.9396398,-0.6724066,-4.69271,-0.31231606,FAC20250705040941
-2.5803235,-2.1876576,-2.5747337,-0.28359038,0.09052521,-0.6888557,-2.2418513,-0.38612777,FAC20250925083528
-0.16039461,-0.79398715,-2.2580605,-0.6587931,-0.24626929,-1.9945701,-3.558806,-2.9190154,FAC20250922080055
-1.2293007,-2.79334,-1.1468213,2.290533,1.2710394,0.7577052,-1.771487,-2.3552547,FAC20251010147339
-2.7811396,-0.90184885,-0.8237091,1.3290604,2.4702811,-1.3980217,1.3701445,-1.9037285,FAC20250601024356
-1.2754488,-1.5300611,-1.1365792,-0.43356648,-0.85715085,-4.467748,-1.6806375,-0.3256301,FAC20250701039240
-1.7718877,-2.358281,-1.0005113,1.4267601,-3.021909,-0.267704,-1.8249915,-2.5211098,FAC20250926084105
-1.1148751,-0.46944,-2.4141688,1.9970287,-0.67703557,-3.2187467,2.0155563,-0.1710787,FAC20250817129875
-1.0937837,1.1393508,-2.7531152,2.6639237,-1.3437581,-0.7240733,-2.9975443,0.34300718,FAC20250809056080
-4.1512403,1.1199538,0.78587365,2.4108596,-0.01691484,-0.9859335,-0.369909,-0.90139145,FAC20251018090755
-1.6175061,-1.0077497,1.7302246,1.7136848,1.3165963,-2.7769923,-1.2883732,-0.8416585,FAC20250521017919
-0.4307427,1.0734756,-3.492512,2.1648686,-2.5845232,-0.64054185,-0.894004,-1.9145589,FAC20250505007479
0.40925208,0.5765348,-2.36099,3.250291,0.39419633,-0.009809497,-0.2712035,-3.5519671,FAC20250817061164
-2.2630372,0.262081,-0.48195648,3.234126,0.2887561,-3.3097627,-0.6983246,1.6545494,FAC20250521018030
-3.4943402,-1.0488929,-2.4008956,2.1056502,-2.2816017,-0.03367539,0.6665087,-1.0257813,FAC20250805053478
-3.2472816,0.1932974,-2.8041604,-0.53993404,-1.5199782,-0.33371076,-1.0444567,-3.0486827,FAC20250502006314
-1.7751261,0.6597302,-1.8372397,-1.3113062,0.9815319,-3.8768885,-1.4124792,-1.5699972,FAC20250619034230
1.4561362,-0.5197343,-0.17968296,1.5808684,-0.5666368,-3.343864,-2.0077283,-2.8615913,FAC20250513099025
0.5045729,-2.561628,-2.3007815,2.5675912,-1.420572,-2.0050182,0.99601716,-2.2204692,FAC20250827066666
-1.7513267,1.9857911,0.03566351,3.9275856,0.46440008,-0.49904862,-0.106486775,-1.868961,FAC20250530023745
-3.0580182,1.6562462,-1.5103705,0.45964438,-0.11330761,-1.559181,1.2068853,-3.61908,FAC20250928084444
-0.83143777,0.7439411,-3.0807993,-0.95034933,-0.8838337,-3.3113668,-1.3265976,-1.6628284,FAC20250919077469
-1.4275054,0.030274998,-2.5933554,2.4958003,-0.12981646,-2.251127,2.4380815,-0.7479193,FAC20250707116656
-1.5283804,-4.1814775,0.10871443,2.3782,0.10841646,-1.7273307,-0.8841166,-0.9726254,FAC20250718047226
-1.5247164,-3.1958637,-0.90763885,1.8043399,0.8622432,0.019777961,0.012875666,-3.5813482,FAC20250922081642
-3.5056443,-1.1847916,-2.7278585,1.1773553,2.4134438,-0.83614093,0.5129556,-0.57643974,FAC20250623112219
-0.71184623,0.33701667,-3.1250427,-0.7916085,-1.2452322,-3.3821025,-1.1457927,-1.4288836,FAC20250519015712
-3.5839205,-0.17417623,-1.0174701,-0.017944716,2.388589,-1.2362822,-2.6772175,-1.0572923,FAC20250626113239
-1.9249281,-1.6714559,-0.44282612,-0.73458856,-1.0899081,-4.1903896,-1.7948526,-0.94145954,FAC20251006088123
-4.2022195,1.206965,0.47875467,2.4381564,-0.6415899,-0.8402426,0.15826118,-1.3137516,FAC20250608107260
-0.08783864,-2.0705874,-2.9310515,2.0347939,1.97823,-1.6498896,-1.5968025,0.28865236,FAC20250420091648
-1.4463202,-2.9360237,-1.9931701,0.13399467,0.4268205,-2.8923736,1.0611515,-1.4181527,FAC20250803052339
-2.5436347,1.5738449,-2.3219953,0.7095378,-0.42836022,-1.5986595,1.641224,-2.8380778,FAC20250722121548
-4.255364,1.848613,-1.751741,0.76400346,0.20766304,-0.59070456,-0.63951886,-1.0602738,FAC20250710043619
-1.3396235,1.1900791,-3.902519,1.3471825,1.6844053,-1.4378946,-1.070046,0.07750702,FAC20250716119499
1.2866757,-0.8507446,-1.6442533,3.4511395,-1.5536529,-2.1350718,0.29891786,-2.2061713,FAC20250819130533
-0.967246,2.703722,-0.64406854,2.5777266,1.6937754,-1.5293894,-2.6481256,-1.8782662,FAC20250922079254
-2.183821,-1.6697162,-3.8897078,0.38444945,0.47249833,0.2153377,-1.4475037,-1.059043,FAC20250929143652
-0.94295275,0.2926803,-3.600196,-0.88948286,-1.0287405,-2.5577586,-1.4785278,-1.2612638,FAC20250826132653
-1.4918333,0.73729974,-1.1952689,2.7876792,1.6420283,-2.8510034,-1.3587888,1.4619585,FAC20250516013328
-3.1736662,-0.15292895,-2.6247156,-0.7063461,-1.301031,-0.3968545,-1.162199,-2.819617,FAC20250830134219
-0.5865196,-0.27066615,-0.9965942,-0.9853866,0.92587095,-4.3637857,-0.54345053,-2.4562576,FAC20250421091950
0.698384,0.73270005,-2.7813811,1.2890695,-0.31291324,-3.2243283,-3.533316,-0.48633137,FAC20250821063155
0.27677843,-0.9610122,-2.0662003,1.4899483,-1.6616766,-0.41872257,-1.0923144,-4.2900524,FAC20250605026438
-1.967513,0.7334364,-2.3962386,0.7681741,-0.4863572,-2.0617318,2.2102451,-2.3593976,FAC20250615031804
-1.8935416,0.91827035,-1.233154,-0.29053685,2.3098645,-3.9889762,-1.0233722,-1.0639378,FAC20250817061196
1.2310299,-0.07657421,-1.6196619,4.0035167,-1.327621,-2.0663993,0.12677105,-1.6704085,FAC20250601024514
-2.863543,0.34176546,0.34564686,2.5281098,1.8411788,0.26564524,-0.37869424,-3.1056101,FAC20250617110419
-1.0731351,-2.3301716,0.41047,3.2114227,-2.130744,-0.6761169,-0.3812991,-2.7131586,FAC20250905135950
-2.4660454,0.108324274,0.37770095,2.5615144,1.3194766,0.48157844,-0.5988681,-3.7002985,FAC20250922081461
0.30787313,1.4720392,-3.3590243,2.321032,0.68342185,-1.8437355,-0.6569684,-0.333034,FAC20251011089324
-0.5160613,-0.57056636,-1.6044527,2.75615,-2.0480378,-3.993281,0.27144334,0.5153902,FAC20250922079670
-1.0608476,-1.3796431,-1.4154329,-0.21936019,-0.9505952,-4.698435,-1.3300648,-0.065407455,FAC20250703115506
-0.69654626,-1.9785775,-1.5134214,0.109842606,-0.9332721,-3.9298232,-2.021685,0.1632481,FAC20250627036830
-0.32796043,1.2414396,-2.5745575,-0.05365598,-2.0650265,-3.3049586,-0.9957095,-2.024964,FAC20250807055254
-2.568175,-1.8572931,-0.99414617,4.221517,1.7527912,-0.119174585,0.5262098,-0.6737401,FAC20251005087340
-1.5698218,-0.13808319,-1.4156233,4.008649,1.9888377,0.3227957,-0.41436738,-0.52128017,FAC20250804053080
-1.362534,-3.6322236,-0.36898267,2.2242954,-0.55992,-2.2615097,-0.06432795,-0.16913992,FAC20250509097980
0.27824965,-0.86889464,-0.22737251,0.6568351,0.218106,-4.7060866,-0.08718084,-1.7809076,FAC20251014148619
1.0636,-0.48056313,-2.3514702,1.1078811,2.2749052,-3.405447,-1.1533102,-1.7973452,FAC20250503006867
-2.3047442,-0.8148387,-2.907185,0.1679805,-0.49263394,0.34605628,-0.14287733,-3.9320936,FAC20250902067954
-0.46435902,2.4923518,-0.6927577,1.6473371,-0.17988312,-4.4214,-1.2436767,-0.84885013,FAC20250510010178
-0.87209463,-1.199169,0.7652348,1.9552209,-2.6779346,-3.5099387,-2.1985471,-0.8161438,FAC20250630038833
1.0351859,0.35596263,-2.4263287,0.7943172,1.3567734,-2.4644141,-0.122879684,-3.5966098,FAC20250922079463
-0.50525546,1.9860599,-0.13455445,1.9638593,-0.9765169,-4.2449923,-0.18903957,-1.3547075,FAC20250721048365
0.22179958,-1.9129666,-0.11176731,3.4612365,-1.1741412,-1.350093,-2.891184,-0.6078039,FAC20250906071960
-0.41321513,-1.514932,-0.6173042,0.6042208,0.22432241,-4.1509814,-2.27148,0.32092014,FAC20250513011738
0.8919267,-2.009114,-3.8398838,1.4716568,-1.0750008,-1.0812665,-1.8308954,-1.9695209,FAC20250910137732
-3.9360356,-1.5024892,0.57500917,1.2390126,-1.5977836,-0.6165727,0.029698396,-3.225092,FAC20250809056146
0.23475434,-1.778775,-2.0474918,0.17243083,0.3349205,-2.5949547,0.23062465,-4.1179557,FAC20250520101212
-0.30203772,-0.70732814,-0.76570004,4.3616977,1.259697,-1.9383265,1.2988346,-1.0479584,FAC20251006087820
-0.47383448,-2.2591863,-1.2512699,-0.5989472,1.0856348,-2.1312056,-1.7830731,-3.5036619,FAC20250930143922
-3.415404,-2.080366,-0.14227784,2.4541225,1.3321735,-1.855193,-1.0761337,1.0445222,FAC20251008146487
-3.7855685,2.1697876,-3.1955626,0.26788238,0.23054062,-0.92824936,-1.0956495,-1.2697389,FAC20250909073197
0.058709532,-2.3242152,-2.885036,2.4628391,2.0442317,-1.3196542,-1.4871219,-0.0909524,FAC20250716046312
-3.1652918,0.094686605,-2.6985142,-0.24258882,-1.6807916,-0.07357898,-0.80462956,-3.096007,FAC20250808126945
-3.1868672,1.9865249,-2.6081476,0.04131901,0.735286,-0.59925854,-1.2459942,-1.7066779,FAC20250524018773
-2.6338193,2.0966609,-2.3363855,1.7357559,0.14762068,-0.32667533,0.99502414,-2.9544883,FAC20250804052801
-0.664606,2.1819181,-3.8589,1.603601,0.55912656,-2.0344055,-1.0478091,-0.41528115,FAC20250915075866
-1.8963993,-0.07587974,0.6264775,4.1827803,-0.47812745,-2.6126661,-0.6345197,0.8008129,FAC20250828066921
-3.3403888,-2.1738641,0.091969416,2.5850623,1.4170238,-1.4592904,-1.4082885,0.793508,FAC20250718047249
-0.63687855,0.022044245,0.1540065,2.1404223,-3.484826,-2.6778436,-2.0167089,-1.6840974,FAC20250421001725
-0.17793216,-0.28350025,-1.0004696,4.5374284,1.6509806,-2.200854,0.87950176,-0.7525599,FAC20250506008236
-2.0152698,0.57156855,-2.8151834,-0.22013795,2.0726,-1.3474326,0.23076119,-2.331397,FAC20250814058125
-1.9173298,2.0571513,-0.16033189,1.0389878,-0.84025246,-2.3041904,-3.6115181,-0.9815099,FAC20250501005914
-0.2992653,-1.9733344,-2.9199488,2.241703,2.768153,-1.1014401,-1.5724572,-0.481432,FAC20250628113782
-3.2517543,-2.6149592,-1.4061887,1.8507643,-0.18324402,1.229225,-1.5801915,-2.2821887,FAC20250419091456
0.30763185,0.76760644,-2.0908473,3.5675147,-0.8163259,-2.4036179,-2.9932184,0.5903221,FAC20250524019834
-3.0233114,-0.4562054,-3.2785103,0.8318704,2.3012664,-2.158078,-0.18133132,0.5132922,FAC20250525020516
-3.4269555,-2.3131187,-1.8403333,2.0056732,-1.011364,0.99536693,-0.5374564,-1.5367067,FAC20250513099247
-0.7611904,-1.0561585,0.98780733,0.8953991,0.3823499,-3.1403975,-1.4181123,-0.1741693,FAC20250921141177
-1.1589596,-3.100568,-1.3434997,1.4972035,1.8946009,-0.071124405,-2.8449872,-2.7421255,FAC20250817061347
-1.6655353,0.42898998,-2.0189707,0.8506479,2.025405,-1.4923522,0.62807286,-0.048053898,FAC20250809055979
-0.5161021,-2.8734038,-0.7396403,2.6526423,0.9091835,0.31189445,-1.4994152,-2.797493,FAC20250606106704
-2.456944,1.2118316,-2.7891936,2.0822165,-1.3552487,0.09212201,-2.8633249,-0.1384677,FAC20250624112629
-1.1227347,-1.4208492,1.6002364,1.8666023,1.0481881,-3.3147268,-1.7805905,-0.63171774,FAC20250831067505
-1.190691,-1.0974483,-2.25005,1.3999524,3.4037652,-0.87714744,-2.1507554,-0.84622383,FAC20250923141694
-1.1136186,2.877884,-0.54592717,2.4734533,1.2550813,-1.5005299,-2.7158077,-1.792737,FAC20251018149899
-2.8459768,-0.15546533,-2.8911653,0.62138635,-1.2329085,-2.4650528,-0.5246251,1.0959228,FAC20250608107460
-2.8439906,-0.39180076,-0.8938368,0.21113801,2.7318413,-1.2091242,-2.528671,-0.8890152,FAC20250615031849
-3.1620545,-1.3098582,-1.086377,-0.561734,-2.320914,-1.758207,-0.31068414,-2.224528,FAC20250517013818
-0.35420856,-2.1076853,-1.3321594,-0.34523347,0.3671086,-2.3057714,-0.39134884,-4.2001414,FAC20250629037181
-2.8942854,-1.7406106,0.6277458,0.34985623,-1.4302864,-1.328176,-0.038689204,-3.4846752,FAC20250613108887
0.90083337,-1.9861951,-3.6645355,2.0213253,-0.46872503,-0.52499104,-1.7600391,-2.055667,FAC20250525020510
-4.528817,-0.75616634,-0.87899953,1.8420761,0.71824664,-1.149118,1.4611135,-0.7795174,FAC20250617032558
-3.0713181,0.13739958,0.6952381,0.6093837,0.8752086,-3.2121456,1.1472038,-2.6381826,FAC20250503006860
-3.0252867,-3.467354,0.8401307,1.441285,-0.47488365,-1.3658983,-0.97030264,-1.6001282,FAC20250530022495
-0.7362375,2.0022976,-2.027648,2.4486756,0.010871502,-0.95714074,0.9490749,-3.7580523,FAC20250630037930
-2.537905,-3.0339375,-1.4394348,1.9210914,0.38199905,1.0519297,-0.98833466,-2.3222342,FAC20250731124365
-0.002820486,0.5573095,-2.498478,2.407263,0.61609584,-0.13261053,0.6275843,-3.315347,FAC20250906071553
0.0050070877,-1.6109598,-2.2992992,2.872916,-1.3396615,-0.61746764,-1.7288725,0.36445892,FAC20250813057368
-3.3100295,-1.3934832,0.20530017,-0.22041725,-1.2998447,-1.0679919,-0.4363546,-3.2466817,FAC20250915139300
0.15012732,-2.6064215,-2.1837432,1.9341738,-2.1584291,-2.3055313,0.6581113,-1.9025747,FAC20250825064846
0.0029239776,2.4369204,-1.0846192,1.1226739,0.4263411,-4.3350244,-1.5548451,-1.9612594,FAC20250804052827
-1.2760496,-0.41333923,-2.50303,2.4743795,-0.3632465,-2.7106402,2.3155684,-0.32675052,FAC20250708117032
-1.8861722,-0.04931172,0.76400226,4.1689796,0.6180372,-1.7249465,-1.8640639,0.70131487,FAC20250827133227
0.038184986,-2.2344778,-1.3139609,3.1836882,-1.4129555,-1.0931803,-2.4768317,0.03343361,FAC20250907072818
-3.3754299,-2.2071233,-1.359264,-0.55062836,0.7916005,-1.3410608,0.35316467,-1.7372764,FAC20250809055544
-0.18966404,-1.8998582,-3.3206139,2.2057643,1.3549714,-1.9895916,-0.94159955,0.6173743,FAC20250813057180
-1.5089056,0.6900256,-0.068861194,3.460362,1.6631995,-1.7629892,-2.239162,0.8022716,FAC20250522101885
0.841132,-1.5931143,-3.5828226,1.0886086,-1.2379191,-1.1825236,-1.3264217,-2.6616874,FAC20250721048340
-0.54012126,-1.8148735,-2.921854,2.0308897,2.9060767,-1.1359396,-1.8646752,-0.46881357,FAC20250913138583
-3.490736,-0.38553625,-1.2785703,3.434175,1.0471784,1.0227834,-1.9819691,-0.32623136,FAC20250725050116
-2.6946921,1.399975,-2.7562594,2.8737245,-1.5415852,-1.6001025,0.088176265,0.8284522,FAC20250601024615
-1.8097175,-3.2338428,-2.6707516,-0.34266445,-0.24305888,-2.3152063,0.23655926,-1.4820325,FAC20250718120333
-1.5459905,-1.7628453,0.8219787,3.6350741,-1.1576693,-1.3542452,1.0228251,-2.3778942,FAC20250903135375
1.5767691,-0.43645343,-1.3985558,4.148552,-1.117655,-2.3728993,-0.22474962,-1.9095811,FAC20250706041986
-3.149576,0.7996521,-2.7049315,2.409901,-0.901891,-0.22732681,-2.0669096,0.84171736,FAC20250912138349
-3.6464605,-0.94523853,-1.4190462,-0.78407025,-2.3315337,-1.9976906,-0.6642343,-1.9331083,FAC20250819061771
-0.56308544,-1.1731812,-1.2614974,2.7193685,-1.4795548,-3.6989722,0.6719734,0.47448212,FAC20250502095634
-4.13768,-1.08905,-0.90607035,1.1169853,0.65305173,-0.7065899,1.1842295,-1.2683764,FAC20250513011703
1.1478484,0.40621793,-2.9726002,2.3227375,-0.54520404,-2.533651,0.61258966,-1.0974051,FAC20251004145301
-1.1142043,-3.0982215,-0.06918611,2.3711073,-0.5746436,-2.7225237,0.06366577,0.027273266,FAC20250823131696
-0.36671406,-2.2901325,-0.679607,2.7996082,-0.77045095,-3.6144698,0.2235549,0.40746853,FAC20250627113553
-4.2861156,1.6325078,-0.033932693,1.7891694,-0.23431313,-0.60531414,-0.50447345,-1.2147063,FAC20251001086081
-2.952261,-1.7102989,-2.4556324,2.1172798,-2.343658,-0.00407753,0.20726725,-0.68877435,FAC20250601024691
-1.4680779,-3.1615012,-0.58701825,1.9322942,0.7809112,-0.2582261,0.22814643,-3.8794467,FAC20250629114080
1.1968834,-0.7472211,-2.4136195,1.1530296,2.042872,-2.7206547,-0.7913987,-2.671083,FAC20250526103334
-1.3897598,-3.0938141,-0.50164574,1.9751428,0.851231,-0.15372875,0.010441539,-3.681484,FAC20250730124019
-0.5951675,1.5388147,0.18983337,1.627072,-1.311315,-3.9718592,0.1070967,-1.8076564,FAC20250613109010
-0.4821777,-2.912415,-1.0185117,2.7360108,1.1904861,0.38542813,-1.7696799,-2.5789678,FAC20250803125360
-1.1999505,-1.0935386,-1.9461977,1.1539978,3.058735,-1.444177,-2.611628,-0.35133803,FAC20250425093209
-3.7420216,-2.2577028,-1.5310285,2.0553582,-0.7807401,1.0755469,-1.0443369,-1.4337327,FAC20250530104489
-1.0877551,1.086814,-2.6736345,2.5570378,-1.3770057,-0.9052074,-3.3404267,0.35105428,FAC20250526103333
-1.6110219,-1.5865594,0.58251655,3.510602,-1.49922,-1.3944606,1.16856,-1.9895629,FAC20250630038800
-1.3681002,-0.14277123,-2.9204702,1.4410025,-0.15144254,-2.1835828,2.4183953,-1.5275949,FAC20250810127599
0.5134389,-0.38996956,-3.0128725,2.8061812,0.93288285,0.14495833,-0.4272532,-2.5052822,FAC20250919140584
0.8449078,-0.3611215,-0.88889575,2.1387084,2.8879702,-2.6531372,-1.5909876,-2.225871,FAC20250720048053
-0.8704369,-2.193289,-1.3165729,-0.8323644,1.1199491,-1.9777888,-2.4761953,-3.1922748,FAC20250828066799
1.0927416,-0.5393949,-1.5913198,1.5978582,2.5689447,-2.7927907,-1.03011,-2.1664515,FAC20250530023741
-2.942403,0.33705187,-2.37803,0.8365597,0.2311396,-1.3822396,-1.3029761,1.4110243,FAC20250909073239
-0.58650804,0.15419662,0.50994205,2.1491485,2.1007035,-4.6662726,0.14854422,-1.5836002,FAC20250922080384
-1.2293992,1.2051816,-2.6751428,3.1213906,-1.331954,-0.43549114,-3.022563,0.15096103,FAC20250603025339
-1.1813638,2.8647745,-0.21201847,2.8306696,0.28494066,-1.7039192,-2.8861153,-1.424827,FAC20250829067150
-3.7631054,-0.6388645,-0.21615687,-0.2998164,1.0952573,-2.3696058,-2.7952175,-0.37764525,FAC20250813128497
-2.9080002,0.6321757,-3.2404637,2.3615892,-0.44368342,-1.7195848,0.35108823,1.1688126,FAC20250817060204
-1.1832496,-0.5470482,-0.5113229,3.7339132,2.767103,-1.7166172,0.5152592,-0.66606987,FAC20250713045372
-1.6975485,-2.1810389,-0.26805273,-0.20879413,-1.4133945,-3.5213318,-2.3111904,-0.46803218,FAC20250906136242
-1.8560487,1.1253649,-2.704709,2.5506349,-1.5092452,0.049439453,-3.120766,-0.256639,FAC20250617032090
-2.6122632,0.8920437,-2.8861294,2.2427466,-1.2442788,0.058057483,-2.4367795,0.37618014,FAC20250922081558
-1.6641685,0.76928395,-1.4847543,-1.1658,1.4776825,-3.78982,-1.3522905,-1.9832709,FAC20250606106613
-1.8061925,1.2593361,-0.98990786,3.3823888,2.0528426,-1.8194286,-2.0480876,0.87389386,FAC20250429005071
-1.0973313,-0.697231,-1.7084767,1.3961649,0.062063333,-0.5458369,-4.8435855,-0.93858844,FAC20250905070781
0.7970128,-1.359903,-2.316181,0.69702405,1.199767,-2.239654,0.005763047,-3.8792112,FAC20250910073791
0.2535685,1.3214443,-3.9410348,2.4514904,0.59265226,-2.1128352,-0.035587028,-0.7111355,FAC20250708042956
-0.5398848,-0.7512978,-1.5162683,2.6324031,-2.0700955,-3.9082627,0.37444758,0.46188772,FAC20250717047029
-1.483942,-2.482117,0.7124047,0.51282346,-1.6783338,-3.1960514,-2.3890712,-1.5438948,FAC20251003145034
0.13762248,-1.9725748,-0.74624544,3.4125063,-1.4576223,-0.9371681,-2.6241875,-0.42189834,FAC20250705116021
-3.3333902,1.1544821,-0.61852896,1.054372,-2.4284823,-3.144871,-0.52345055,-0.11993416,FAC20250804052977
-1.6023229,-2.2752342,-1.9527445,0.105357535,3.0061307,-2.9189641,-0.023184536,-1.912675,FAC20250619110946
-1.6558292,0.9466394,-1.1313708,-0.86469036,1.9460753,-3.7906513,-1.2010369,-2.3424737,FAC20250426003938
-1.2002342,-2.7949939,-0.25134054,2.343068,-2.6141565,-0.48980063,-1.5361135,-2.8551223,FAC20250831067740
-2.3578832,0.3007106,-3.7022052,0.9363406,2.199035,-1.7563821,-0.65733415,0.40100256,FAC20250815129303
-1.4029065,-0.48583096,-2.9771605,2.3754058,0.048835035,-2.1893322,2.4157553,-0.7773121,FAC20250909073210
-1.6685007,-1.0412879,-0.46126705,0.8500335,-0.21223266,0.06597033,-4.1328144,-2.8403437,FAC20250902068402
0.95018226,-1.5189047,-3.29569,1.2824149,-1.2732371,-1.0040665,-1.4476607,-2.6464872,FAC20250428094248
-2.0910466,-1.438483,-4.104819,0.54994893,0.36384344,0.4333923,-1.4294275,-1.3674223,FAC20250729051151
-0.82265687,-0.19378205,0.04398311,1.1192427,-3.112498,-2.6024501,-2.5095596,-1.759188,FAC20250814057965
0.19399726,0.52124774,-1.9563587,3.096486,0.8202909,-0.9558061,1.1743109,-3.7552094,FAC20251007088538
0.3000943,-0.47463578,0.43546838,1.966438,2.1700935,-1.9673134,-2.839733,-2.560942,FAC20250531104847
-1.5985514,-1.3407947,0.8351882,-0.5111041,1.4815301,-1.8582578,-1.5127448,-2.2814689,FAC20250924082682
-1.5492538,-1.5283798,-2.5229084,-0.083256185,2.908788,-2.6459427,0.36830658,-2.152015,FAC20250731052124
-4.051345,-0.2910588,1.429433,1.3521233,-1.8192039,-2.3616047,-1.8363984,-0.9979611,FAC20250822064111
-2.8043492,-2.7152083,-2.3320599,0.20995577,0.35550076,-0.9471642,-2.4398103,0.016742442,FAC20250717047091
-1.3351074,-0.57399696,-2.6940222,2.385791,-0.49595046,-2.8505154,2.2111545,-0.2820499,FAC20250806054659
-1.9364923,2.3678195,-0.5245286,3.7815785,0.5603719,-1.0668352,0.41253257,-1.2794341,FAC20250615031803
0.1322802,-0.6017145,0.5772745,1.7618328,2.2633986,-1.845146,-2.5367715,-2.7910888,FAC20250625035840
-2.2917163,0.1718441,-3.8584833,0.846874,2.1070125,-2.083153,-0.9688793,0.5419364,FAC20250921141143
-0.541411,1.7272846,0.009152211,1.5367074,-1.0383462,-4.125008,-0.35014638,-1.3327044,FAC20251004086873
-0.09947171,2.2846003,-0.90771455,1.2021194,0.3478416,-4.52897,-1.7326751,-1.4853377,FAC20250617032962
0.32510296,2.5488758,-1.5566292,1.4148442,1.0758516,-2.8580294,-1.2062236,-3.0905128,FAC20251007146319
-0.5710353,-2.6411917,-0.76393694,2.6976979,-0.3645334,-3.4408681,0.32241818,0.38265318,FAC20250617032064
-0.82149065,-3.3065846,0.037405033,2.3308556,-0.24170406,-2.4388351,-0.31113377,-0.3395341,FAC20250929084614
-2.2968884,-3.0459554,-1.9195685,2.0090039,-0.29797944,0.5785195,0.45765504,-2.2413802,FAC20250723049159
0.33724678,-0.0104168635,-2.8574064,2.9027867,0.8107754,0.42902184,-0.59377086,-2.7897353,FAC20250930144115
-0.38477808,-1.8479519,-1.9860399,0.22381939,-1.1685326,-4.1217427,-1.8405931,0.058898766,FAC20250606106730
1.405255,-1.0494475,-1.7784933,3.523204,-1.3567997,-2.1602857,0.14504588,-1.9480933,FAC20250519014349
-2.801643,0.9602173,-2.7873187,3.3330917,-0.794082,-0.6877354,-0.22852068,0.9857519,FAC20250906136163
0.77806395,-0.6661505,-0.1565783,2.0432496,2.41632,-1.9790865,-2.163821,-2.474628,FAC20250619110985
-3.098593,-0.47506458,-0.34422705,2.738817,0.47435707,1.0847883,-0.11973707,-3.511964,FAC20250619111091
-2.5485601,0.76301533,-2.0156822,2.3274124,1.2193958,1.3433543,-2.5824323,-2.0502856,FAC20250519100865
-3.424802,1.798108,0.3752833,0.9337999,0.8696779,-3.2898073,0.38241315,-1.5691432,FAC20250601104989
-0.1984686,-0.54093874,0.5193658,1.6046631,1.6974775,-4.364208,0.27151677,-2.2368743,FAC20250904135550
-0.45907903,1.6945356,0.029342623,2.0965006,-1.0494059,-3.9550714,0.44267818,-1.785639,FAC20250605026077
0.5650425,-0.5785294,-0.6931553,0.9319306,2.5526679,-2.2701128,-1.3839831,-2.8467102,FAC20251016149098
-2.6448102,0.80697435,-3.5987017,2.325263,-0.77168226,-2.0328014,0.5679937,0.92982346,FAC20250512010850
-0.3997211,-2.6027138,-1.2594466,-0.145429,-0.37563738,-3.038606,0.32296598,-1.6927686,FAC20251009147045
-0.0956123,-2.332709,-1.203637,2.7089243,-1.3879461,-1.5123174,-2.8220003,0.28399044,FAC20250724122047
-2.133574,0.0048404713,-1.581236,3.1402185,1.5780833,1.2206264,-2.0094585,-1.2201602,FAC20250709043215
-2.9074914,-0.88522744,0.8208116,1.1991022,0.3297548,-1.8286581,-3.9979558,-0.29777914,FAC20250626113352
-0.5313101,-2.4192345,-2.5649934,1.7740092,-3.0159438,-2.0816143,0.18942595,-1.2285761,FAC20250819130597
-1.5107594,0.77283317,-0.9745393,2.7005858,1.7586701,-3.0187,-1.5206729,1.347299,FAC20250609029235
-2.8900075,-3.3393211,0.6728051,1.5039709,-0.9284019,-1.3640112,-0.83550656,-1.1618233,FAC20250813057715
-3.516329,0.85715,1.6022928,2.3778415,0.13190565,-1.4006641,-0.30956352,-1.4886078,FAC20251010147428
-3.2205746,-0.17161432,-2.679609,0.5560935,-1.2435493,-2.1202097,-1.3666996,1.1398613,FAC20250911138040
-2.9144714,-0.43767416,-3.6935496,0.83799124,-1.0778586,-2.0267205,-0.754254,1.1054758,FAC20250816059632
-1.9685519,0.65587544,-2.8075278,0.43846327,-0.4090131,-2.4729452,1.9932625,-2.1469939,FAC20251007146462
-1.7040251,0.82419264,-1.9676567,-1.3248756,0.9163781,-3.6187718,-1.6094303,-1.6988482,FAC20251006146129
1.5700538,-0.5165916,-1.979153,3.7544544,-1.0434605,-2.3349261,0.01832467,-1.6608422,FAC20250527103473
-2.0082388,-0.68530804,-2.4086542,3.1767147,-2.11651,-0.07122719,1.2167224,-1.3765771,FAC20250528103754
-2.6812682,1.9360639,0.15415207,1.7489592,1.4613533,-2.5436862,0.86907786,-1.651355,FAC20250530022498
-3.1977649,0.2655468,0.5993653,1.9193778,1.855829,0.056046076,-0.9880307,-3.2678964,FAC20250710117814
-0.5168421,2.0943258,-0.4373009,1.5600666,-0.4470495,-4.529689,-1.0726968,-0.8187535,FAC20250729051550
-4.1624207,-0.26439533,-0.6153422,-0.19269326,1.5081846,-1.8159773,-2.4178708,-0.37670562,FAC20250721048610
-1.089277,2.4409142,-3.7762182,1.4217377,0.7497401,-2.1270504,-1.6538124,-0.21614061,FAC20250530022796
0.11185743,1.4351054,-4.2069626,2.1352549,0.44099042,-2.1001956,-0.38963747,-0.70814484,FAC20250921141144
-1.4992826,0.39495847,-2.0472589,-1.5053837,0.8068981,-3.7238984,-1.5451418,-1.9333034,FAC20250429005536
-2.8234272,0.69928193,2.1265607,2.6007297,0.13271096,-1.8292572,-0.62107897,-2.450281,FAC20250815058196
-1.2768112,-0.49950078,-0.74017215,1.1171901,0.07767665,0.12545155,-4.219545,-2.464066,FAC20250724049573
-2.7601163,-3.376818,0.68929356,1.2642599,-0.6665045,-1.5744205,-0.6465263,-1.2971164,FAC20250809056576
1.4018474,-0.41500235,-0.90297186,1.2280238,-0.46999303,-2.4245503,-2.7845716,-3.2352083,FAC20251016090231
-0.899598,1.2762594,0.41427365,2.354023,-1.172631,-3.99378,0.8740068,-1.8205551,FAC20250606027024
-1.3874985,-2.0282621,0.7113948,0.5648405,-2.0066345,-3.3609433,-2.2837937,-1.3814541,FAC20251004086677
1.2664003,-1.2165312,-1.046977,0.53638995,-0.17187487,-2.6481788,-2.7897897,-2.8533695,FAC20250521018087
-1.1261613,1.1288997,-2.4645858,3.385455,-1.4431341,-0.516616,-3.270572,0.028772926,FAC20250526103181
-3.1584678,0.47938654,-3.0708513,1.8395424,-1.0447792,-0.43132368,-1.9996221,0.90307903,FAC20250623034826
0.24057744,2.5711915,-1.3087503,1.4177397,0.78559273,-3.307145,-0.98273903,-2.7459002,FAC20250922079617
-0.3941725,-1.6341355,-0.68127847,0.66824126,0.49275672,-4.200029,-2.1961436,0.28548574,FAC20250818130154
-3.3780675,-2.3716152,-1.3165181,1.8397322,0.7474497,-1.0047858,-1.5271946,1.165796,FAC20250724049467
-3.217728,-0.38661286,-2.8271692,0.519624,-1.3170464,-2.1141498,-1.4724272,1.1008841,FAC20250904070137
-1.8665953,-1.1761698,-3.5410357,0.38697347,0.037356976,0.53413403,-0.59733796,-3.2654161,FAC20250501005958
1.2627865,-0.42262602,-0.89175016,0.9676207,-0.33874467,-2.5620887,-2.7160764,-3.5004432,FAC20250902068160
-2.112665,-0.7722194,1.0616475,4.379484,0.6367901,-1.8326935,-1.4658135,0.40741423,FAC20250617110186
-0.32481757,0.9590609,-2.7934575,-0.07382009,-2.0096993,-2.728129,-1.1799955,-1.6553406,FAC20250815058590
-2.9688964,-2.284568,-2.7979414,0.50047934,0.07589324,-1.271217,-1.6984801,0.882626,FAC20250709043262
-1.7491457,0.7035267,-4.231425,1.0062231,1.7817259,-1.7554182,-1.6426511,0.24535969,FAC20250803125486
0.75728136,-0.5856856,-3.3142226,3.162684,0.9779678,0.05128429,-1.653632,-2.0169785,FAC20250630037572
-0.40581745,-0.9581855,-0.88155955,4.7268634,0.6855283,-1.7099721,1.4408196,-1.1804646,FAC20250724122328
-3.3950834,1.0403012,0.73953426,0.4511632,0.685691,-3.301486,0.52902323,-2.3228729,FAC20250430094764
-4.12979,-1.9469422,-1.2418694,0.009874653,-0.18299934,-2.6445012,1.1360902,-0.94025314,FAC20250606026726
-0.19131577,-0.36342645,-0.89459395,1.1397216,-1.722332,-1.1143391,-0.46136317,-4.6503186,FAC20250813057383
-0.38600528,-1.8487982,-0.9561032,-0.41747224,0.9015718,-2.1553562,-0.9685104,-4.097234,FAC20250711117989
-2.3714278,2.3488874,-0.7060958,3.0277328,1.3829758,-1.7944691,0.6847302,-0.9371085,FAC20250706041713
0.14109935,-0.3090664,0.51388085,1.4999346,2.1235397,-2.0064948,-2.6135244,-2.6283956,FAC20250628113733
-0.03451204,0.20823683,-1.9006971,3.63152,-2.534671,-0.1216045,-1.5791278,-1.8398865,FAC20250904070348
-1.565115,-1.7955961,-0.18014263,2.1141021,-2.6926537,0.0030039046,-1.8274344,-2.856312,FAC20250913138556
-3.6451163,-0.06780307,-0.5140228,0.3705868,1.3697343,-1.5332285,-2.5419388,0.19111131,FAC20250607106916
-4.217764,1.5507917,-0.28587517,1.1416266,0.0034541215,-0.6932313,-0.73200285,-1.0552312,FAC20251003086628
-1.1485604,2.7622607,-0.4368968,2.6546245,1.3041357,-1.5022831,-2.7876735,-1.6807314,FAC20250919078048
-2.5817587,-1.4104655,-3.493647,-0.33038786,-0.07584988,-0.00035893873,-1.586861,-1.1954315,FAC20250617032735
0.9930562,-0.4392777,-2.1824133,1.3785878,2.5517209,-3.5500305,-1.1714786,-1.5509734,FAC20250910073604
-0.6426538,2.5092604,-3.7020004,1.6533234,0.38731936,-2.1859894,-1.3025708,-0.46943322,FAC20251003145148
-1.5172822,2.6743898,-0.02457434,2.6408246,-0.38358307,-1.7999135,-2.847818,-0.9689392,FAC20250822064381
-0.7475556,-3.0059655,-0.7994502,2.3042736,0.95112056,0.16780949,-0.7391839,-3.126383,FAC20250503095726
-1.749715,-1.6227617,0.66265774,3.2222357,-2.447976,-1.790239,0.72713727,-1.9410322,FAC20250521101429
-1.746374,0.3121688,-0.8825521,2.4136682,0.9979539,-3.2435405,-1.4679757,1.6798803,FAC20250811127917
-3.487285,-0.35527176,-0.42677146,-0.07879645,1.8576641,-1.6654426,-2.6382074,-0.6089605,FAC20251012147836
-3.1959846,-0.3362669,-3.037699,0.83603126,-0.8893206,-2.3369534,-0.4871669,1.2864419,FAC20250718120264
1.5690008,-0.20595841,-0.2815619,1.9499599,-0.8188617,-3.558286,-2.254997,-2.6240566,FAC20250819130589
-2.928146,1.0283289,0.56749696,1.0425794,1.388765,-2.6858585,0.9848522,-2.3879535,FAC20250429094696
-2.1244085,2.4404707,-0.28709176,1.7252927,-1.1471463,-2.0387585,-3.3063877,-0.60060865,FAC20250919077785
-2.5811028,1.9086721,-3.0280464,-0.21026295,1.0824574,-0.8781265,-1.3182433,-2.198552,FAC20250821062360
-1.8523399,-1.0891787,-0.92260367,3.6733189,3.1328292,-1.4125978,0.39713332,-0.442004,FAC20250816059641
-4.084303,-0.24026093,0.9313255,1.3444616,-1.983965,-2.3843424,-1.548153,-0.29411653,FAC20250918140211
-3.0173962,-0.5379202,-3.3622262,0.7235477,-1.0775532,-2.237919,-0.5964415,1.15289,FAC20250712045130
-1.604914,0.7779638,-1.4922554,2.2825944,0.80498,1.1424702,-2.9290335,-2.6168098,FAC20250813057320
-2.587907,1.2966673,-2.3923047,-0.0015274468,-0.45777455,-2.609072,1.57519,-2.500309,FAC20251016149284
-2.1380503,1.9114124,-0.38702396,0.058879495,-0.825618,-2.547504,-3.3750336,-1.7675385,FAC20250929143860
-3.593668,0.5434497,-1.3189955,0.03470998,-1.2016337,-3.4958894,-1.0280658,0.5710233,FAC20250428094308
-3.7313693,-0.2313061,1.3422734,1.575858,-1.340319,-1.3306894,-2.4661474,-0.99352676,FAC20250519016219
-1.7301753,-2.838562,-1.6472185,0.52066183,0.7759859,-3.19094,1.3485708,-1.2425153,FAC20250904070382
1.2866473,-0.90205425,-0.2404656,1.6498517,-0.77329266,-4.3887444,-1.2849586,-2.3039148,FAC20250521017563
0.0345813,0.57928854,-2.1323385,2.781047,-0.89053357,-2.88111,-3.0982919,0.8457269,FAC20250716046582
0.9137906,-0.46249962,-2.0603306,1.1843376,2.5587904,-3.584301,-1.3716608,-1.5681038,FAC20250922079137
-1.8645613,-1.1737003,-3.6982071,0.52143824,0.07239175,0.58612514,-0.34559855,-3.3855083,FAC20250629114136
-2.4206164,0.6782824,-2.0743704,2.3338544,1.2309238,1.320442,-2.617136,-1.9457922,FAC20250817130008
-2.5313027,1.4277716,-2.251652,0.16309117,-0.4399407,-2.4486837,1.5837511,-2.575334,FAC20250704115883
-1.7725976,-0.24040046,-1.6984534,0.6228588,1.3721561,-1.0967227,-2.6542861,0.8230413,FAC20251001085432
-3.3775833,0.5044441,-2.5081637,2.699092,-0.039946426,0.20661533,-1.786,0.80467206,FAC20250729123844
-1.4939346,-3.0079474,-1.5982033,0.9716207,1.2321572,-3.5376937,1.4704202,-1.2051824,FAC20250519014657
-3.5036304,-1.3818016,-2.6114185,1.2083279,2.4543738,-0.8633449,0.5500899,-0.76922876,FAC20250610108197
-0.6985687,-2.3615053,-2.543611,1.847372,-3.0885832,-1.9707984,0.275006,-1.2567743,FAC20250902134957
0.71910334,0.7614,-2.7305913,1.221632,-0.2228009,-3.1959934,-3.4612603,-0.5182487,FAC20250826132740
-1.2119454,-0.88288003,-2.9646053,1.8856056,-0.66667444,-3.1345556,2.0393956,-0.23904489,FAC20250911137979
-1.9497726,-0.7064597,-1.6538419,3.9230483,1.6820757,0.3275993,-0.13806157,-0.16589664,FAC20250524019695
-2.135856,-0.7099871,-2.4103224,3.327105,-1.9207104,0.021083256,1.2438307,-1.2960768,FAC20250513012093
-0.53304,-1.84636,-1.2604564,-0.72601146,0.7083962,-2.1711009,-1.1443049,-3.9149456,FAC20250603105968
-1.0677109,-2.8224065,-0.17227978,2.6671417,-2.3108208,-0.36779398,-1.268,-2.8461716,FAC20250510009602
-1.4738044,-2.6463141,-2.5268362,-0.4464099,0.350388,-2.3618824,0.5432513,-1.4104861,FAC20250902068082
-4.0639715,1.8667289,-2.0674682,0.5007669,0.5165646,-0.63563806,-0.690803,-1.1664572,FAC20250504096160
0.71595514,1.4534963,-2.7948532,3.1504235,-0.088712804,-2.527754,0.26141134,-0.9715075,FAC20250819130696
-3.3120766,-0.16945618,0.42459723,2.0057492,0.9742726,0.52481717,-0.7696858,-3.7412813,FAC20250916139634
-0.7921505,-2.9747493,-0.4434002,2.2747433,0.8278239,-0.113807194,-0.48924765,-3.677136,FAC20250622111831
-1.2202643,-0.718909,-1.2109143,1.5128155,0.11206246,-0.09429055,-4.555129,-1.4129322,FAC20251013148137
-1.2573844,-2.2912228,0.49486634,2.800153,-2.5527763,-1.1402284,-0.24959782,-2.5512853,FAC20250616110144
-1.7328243,-0.03278225,-2.8780038,0.9809681,-0.41523176,-2.0953853,2.3699803,-2.4069622,FAC20250605026078
-2.129157,0.13008228,-3.9707334,0.7617065,2.114672,-2.2110085,-1.2022728,0.5759863,FAC20251010147338
-2.191451,0.27805546,-1.561482,0.6908651,3.1163037,-1.5380903,-3.1067111,-0.79480964,FAC20250524018928
-2.1873689,2.1511285,-0.003149701,1.7617625,-1.2071441,-2.1347237,-3.2040868,-0.4919925,FAC20250530023800
-1.3814329,0.84991986,-0.84539545,3.4148355,2.0114396,-1.4476612,-2.7204785,0.57147455,FAC20250701039525
-1.82056,-1.7081914,-0.6420715,-0.7295164,-1.156983,-4.0194497,-1.8598679,-0.7663896,FAC20251013090073
0.3775368,-0.2639224,-0.1436244,1.1489118,2.370543,-2.2583401,-2.168631,-2.4113696,FAC20250922080832
-2.5577085,-3.3162246,-1.7210969,0.70250654,1.2659955,-1.3519787,-2.6906247,-0.11249546,FAC20250910073707
-2.360827,-0.21794909,-0.1727321,1.974149,2.109031,0.35973212,-0.4440127,-3.7042928,FAC20251009146891
-2.7529452,-3.5469263,0.634302,1.2061939,-0.6267643,-1.5330956,-0.798555,-1.5725937,FAC20250924083237
-2.2939532,-2.0903976,-3.1901774,-0.13453194,-0.27595186,-0.40590605,-2.4849198,-0.6860566,FAC20250526021709
-1.6049647,-2.3944054,-0.70006025,1.6782321,-3.1042838,-0.4488448,-1.8585182,-2.2307205,FAC20250907136661
-2.1426015,-3.0885658,-1.9421092,0.14437391,0.4942527,-2.5119941,0.9390145,-0.981993,FAC20250519014015
-0.96873504,2.677028,-3.8975153,1.6286021,0.37744802,-2.1535304,-1.540552,-0.47681653,FAC20250629114269
0.13595404,0.88296026,-2.0627093,2.8647566,0.51083374,-0.48083755,0.6844831,-3.7761245,FAC20250519015156
-3.0453439,-2.1120224,-0.12862346,2.5958815,0.14260292,-0.75591934,-2.054106,0.9525306,FAC20250624035403
-4.1544127,-0.1328147,1.175223,1.2510171,-1.1630148,-0.956497,-2.5648715,-1.7650111,FAC20250818130258
-3.5031805,0.9196177,1.8075,2.6639538,-0.37667078,-1.7599571,-0.17989664,-2.0385804,FAC20250815058543
-3.439104,-1.2944807,-2.9080365,1.0734904,2.259816,-0.4896839,0.48875254,-0.82663405,FAC20250430094924
-3.506004,-0.111646816,-2.3590212,-0.99499094,-1.6761069,-1.1174554,-1.2064561,-2.4460125,FAC20250610029569
0.20079724,-1.3218809,-2.9232533,2.678548,-2.2340288,-1.6361165,0.37946814,-0.61709654,FAC20250516013015
-4.239637,-0.6683166,-0.08004909,1.5083898,1.520081,-0.33512083,0.39855272,-1.7587969,FAC20250817060210
-4.141642,-1.4104803,-0.78296536,1.0682929,0.15709703,-2.1717627,1.4809676,-0.4271796,FAC20250612108620
-0.49975178,2.1413195,-0.7765041,1.4141864,-0.03063073,-4.719243,-1.6294647,-0.54299533,FAC20250613030241
1.579451,-0.39732048,-0.19888341,2.0436795,-0.5939005,-3.1600711,-2.2051284,-2.9205232,FAC20250702115244
1.1994469,-0.8257992,-0.06299015,1.6239077,-0.62395746,-4.265092,-1.1768739,-2.255933,FAC20250701039190
-1.3587437,0.48714456,-0.61684734,1.3147382,0.51788616,0.41235146,-3.2873158,-3.3207812,FAC20250701039535
0.1775608,-1.6475732,0.21403763,1.2499226,0.99297136,-4.253855,0.31764764,-2.8006737,FAC20250627036730
-2.4719641,-0.60395694,-0.107750535,1.7093399,1.0847557,-2.3785567,2.3644178,-2.9431505,FAC20250619033289
-3.3837986,-1.553161,0.28743243,2.773372,0.69910365,-1.8581713,-0.9818111,1.1242393,FAC20251017090476
-2.5562637,0.707105,-2.079464,2.5168426,1.3757484,1.2645283,-2.4769635,-1.6304649,FAC20250815058864
-0.14657173,0.8042681,-2.542773,1.9916518,-0.97882843,-2.0004685,-3.5637016,0.3304874,FAC20250915075457
0.70784706,-0.61102265,-1.8531584,1.03843,-1.7106833,-1.0522753,-0.484597,-3.0457017,FAC20250611108344
-1.3822378,1.0877609,-3.321313,0.41495737,2.4149594,-1.2871858,-0.08416744,-3.1600397,FAC20250430094833
-1.3267661,-2.2963867,-2.1777341,0.5097124,2.6968143,-3.210231,0.5838404,-1.497811,FAC20250424003138
0.86046076,-1.2266479,-0.10058202,0.9685846,-0.03328742,-4.1351876,-0.52033347,-2.7354083,FAC20250731124403
-0.41780064,-0.67911005,0.4072232,1.489337,1.7026806,-4.4984026,0.37661487,-2.0629542,FAC20250422092108
-0.002625043,2.68268,-0.96418697,1.9370869,1.3704842,-2.2368562,-1.5530797,-2.4342308,FAC20250925142415
-3.1063888,-0.6249037,1.2438707,2.1976736,-0.5871499,-0.71462387,-3.490002,-1.0699993,FAC20250821062375
0.19340438,0.8760444,-0.45516652,0.94320464,-1.6682874,-2.308305,-0.12041691,-3.2001715,FAC20250717047078
0.71732795,-0.16432871,-2.641133,3.2963245,0.9461431,0.15071939,-1.0795535,-2.935364,FAC20250725050084
-0.16508782,1.0749316,0.08340842,0.7997787,-1.0069478,-2.9869993,-0.15126707,-1.6997302,FAC20250606106826
1.2045574,-0.6689161,-2.7627327,0.9151966,1.7855664,-2.8703716,-0.52911824,-2.680816,FAC20250515012605
-0.2246603,-0.498396,-0.723586,1.2851303,-1.5292085,-1.4592034,0.073533714,-4.7195683,FAC20250922079791
-0.13801445,-0.61439395,-1.2946355,1.1610994,-1.8113558,-0.9234878,-0.53400767,-4.7600374,FAC20250823131923
-2.013231,0.25609437,-0.8592418,2.7263782,0.8497482,-3.3601224,-0.9004513,1.7485327,FAC20250916076782
-2.2978323,0.8513028,-3.0448682,2.0132766,-1.0919893,-0.14904281,-2.8427827,0.34375933,FAC20250716119625
0.6402613,-2.2289896,-2.3883426,2.256511,-1.5661325,-2.5589967,1.023655,-2.238155,FAC20251004145268
-0.37764522,1.055027,-3.3820896,1.8938495,-2.468758,-0.75148696,-0.8440004,-1.8129123,FAC20250910137648
-0.001627567,-1.9618392,-2.714355,2.494347,1.1349125,-1.3515422,-1.4874413,0.6540408,FAC20250529104017
-2.8314342,-1.2975929,0.9843507,3.710208,0.59786385,-1.5910195,-1.3453922,0.6195916,FAC20250809056503
-3.2652338,-0.79950356,-1.513499,-0.54825294,-1.2710325,-0.24586923,-0.7528958,-2.812983,FAC20250627036831
0.27142596,0.6541772,-2.2293296,2.2884836,-0.57467026,-2.640305,-3.354961,0.39478707,FAC20250716119749
-2.3716173,-0.43067092,-0.861833,3.7082858,0.23152882,1.1122772,0.3339294,-3.3433142,FAC20250502095547
-1.455962,-0.5287508,-2.4110096,3.6465766,-1.8510548,-0.028833035,1.0919265,-1.2587769,FAC20250812128421
-2.7776654,-0.08172012,0.05618028,2.8773055,0.12168908,0.9315618,-0.34010488,-3.546803,FAC20250725122498
0.68970054,-1.5030808,-2.6026862,0.7781586,1.0758632,-2.2016344,0.18834336,-3.8184125,FAC20250921078309
-1.8632092,0.20262088,-0.7242789,2.7226562,0.52390677,-3.075733,-1.2643362,1.7687781,FAC20250523102333
-2.8783662,-2.1367636,-0.83122265,2.00264,1.3949314,-1.5457025,-1.1928401,1.2261497,FAC20250913138749
-0.41401687,-1.2277377,-2.5547283,-0.6540605,1.1632932,-1.7903192,-3.2531404,-2.4905727,FAC20250917139788
-0.5672304,0.03508017,0.10703972,1.863204,-3.4141235,-2.7838686,-2.1808224,-1.6886241,FAC20250705041162
0.917078,-1.785502,-3.6549833,2.223449,-0.31555086,-0.39299226,-1.6258099,-1.943169,FAC20250609029055
-3.151803,-1.8962803,-2.2880332,2.0208673,-1.7060523,0.3552642,0.32211217,-0.9658879,FAC20251001084800
-0.3090239,-0.013968441,0.6747103,2.1111267,2.1162183,-4.5560117,-0.14048652,-1.8806443,FAC20250422002945
-1.2465193,-3.1176574,-0.9630139,2.1438034,0.6639173,0.41959795,-0.63640094,-3.1704597,FAC20250601024599
-2.1568854,-2.0748641,-2.6611865,-0.105482146,0.08831967,-0.64691055,-2.139199,-0.16894178,FAC20250521101612
-1.2694683,-0.34372848,-1.8174839,1.7465444,0.41489688,0.333953,-4.37956,-1.2091027,FAC20250513011669
-0.2954394,-2.512232,-0.52501553,2.9279308,-0.08543346,-3.5146525,0.081003435,0.32492635,FAC20250422092379
-4.099217,-2.1641376,0.6498187,1.3058501,-1.5038899,-0.9758173,-0.111461766,-2.4095361,FAC20251012089923
-1.3672217,-1.1186345,-0.3626332,1.0149956,-0.3856248,-0.016982662,-4.133365,-2.6735334,FAC20251015148985
-1.6678377,0.504916,-0.61118436,1.2705885,-3.377398,-1.1527973,-2.5723944,-2.371262,FAC20250716046436
-3.333115,-0.7644816,-2.9436069,1.0302973,2.4005618,-1.5345268,0.37011027,0.025876068,FAC20250925083574
-1.3468404,-2.1133993,-2.0868456,0.41101494,2.9215093,-3.0110188,0.44774666,-1.8331163,FAC20250617032093
-3.499948,-1.3589768,-2.6258276,1.165849,2.3639455,-0.68018043,0.64743483,-0.8815624,FAC20250826065772
-2.0754201,1.7602216,-3.0806046,2.0403955,-0.16838129,0.013223549,0.8428055,-2.7301152,FAC20250829067126
-2.416575,1.4993999,-2.9056776,-0.32157898,1.6735196,-0.9019075,-1.2063799,-2.534138,FAC20250516100157
-1.7375594,0.69952947,-1.4053442,2.5820303,0.9750461,1.1991141,-2.750662,-2.396493,FAC20250922080758
-3.2786663,-0.34196314,-2.5797849,-0.03619507,-1.069374,-2.5331733,-1.5461581,0.9562541,FAC20250513011775
-1.713013,-1.0873499,-0.61284894,0.7717813,-0.27652392,0.102009654,-4.0541334,-2.9371548,FAC20250705041001
1.3647263,-0.13228086,-0.76596034,1.3409333,-0.48448992,-2.349296,-2.7200181,-3.534574,FAC20250527021939
-1.397338,0.8101602,-1.5685928,2.8286014,0.70243955,1.1163182,-3.0327666,-2.5678704,FAC20250827066373
-2.9781678,-0.8020198,0.9063462,1.4857538,0.49631137,-1.4930463,-3.887769,-0.50361174,FAC20250904135719
-0.17642084,-2.0311491,-2.930769,2.2791545,2.2869358,-1.3451115,-1.3998542,-0.038127806,FAC20250604106247
-2.629386,-2.6824195,-2.4514637,0.0771695,0.5868449,-1.0581186,-2.2204924,0.033658914,FAC20250520016705
0.70274156,0.70133084,-2.5986571,1.4073247,-0.100242615,-3.116293,-3.5925214,-0.45510665,FAC20250930144112
-3.9637387,-0.99700505,-0.30335504,1.4393978,0.7422542,-0.32336426,1.0792642,-1.5447315,FAC20250602105357
-0.14873396,2.4978533,-1.1402327,2.2202706,2.1149714,-1.9160194,-1.3758101,-2.7403338,FAC20250603105795
-2.594998,-0.70782644,-2.2689216,2.775446,-2.417487,-0.14251603,0.9866756,-1.0973009,FAC20250805053547
-4.350125,1.4997636,-0.40314865,1.7606574,-0.24784611,-0.4502626,-0.6497014,-0.83530825,FAC20250524019440
-3.546426,0.028679356,-1.7001122,2.639881,1.3886484,1.1904838,-2.289034,-0.9813836,FAC20250910137588
-3.2690768,-0.10417944,0.010261323,1.679735,2.4897554,-0.13666923,-0.43934676,-2.740914,FAC20250630037477
-1.1070588,-1.433499,1.434931,2.0281944,1.5337192,-3.452454,-2.3072608,-0.63433087,FAC20250701114817
-3.9081845,-0.11228973,1.0598032,1.6839825,-2.1772017,-1.9001343,-1.7363702,-0.70161504,FAC20250809127339
0.34049213,0.8338991,-2.0944054,3.2413206,0.4014391,-0.095083795,-0.26864052,-3.6865134,FAC20250909137135
-1.8808969,-0.5784156,-1.6909293,3.821145,1.7041396,0.86886305,-0.93020815,-0.6543584,FAC20250821131197
0.99371153,-0.41950676,-1.2595738,2.394009,2.9474497,-2.8999708,-1.3125926,-1.7655276,FAC20250809056583
-1.4970759,-3.129297,-0.65039563,1.9309442,0.86345834,-0.19489187,0.090962514,-3.730588,FAC20250921141141
-0.7498136,-3.7673676,-0.46165997,2.6307032,0.1666377,-2.400366,-0.21659982,-0.43955946,FAC20250819130562
0.20638205,2.6569827,-1.5212431,1.1006124,0.5267235,-3.446657,-1.3366884,-2.8224852,FAC20250724049784
-3.6537158,-2.5318573,-1.3867546,-0.75545144,0.4484898,-1.9814948,0.14046891,-1.6321857,FAC20250919077520
-3.4415398,-1.7072507,-2.4097736,1.9965471,-1.748649,0.23209052,0.36330807,-0.8250191,FAC20250819130688
-0.52984834,2.2191896,-0.61501515,1.6072332,-0.42597753,-4.597173,-1.017539,-0.76375717,FAC20250521017278
-0.6613719,-1.5819626,-0.036139924,3.498491,-0.78907925,-0.11022913,0.25674844,-1.2649258,FAC20250902068600
-1.6936363,0.4919187,-1.0706757,2.605737,1.3888708,-3.298478,-1.1463506,1.5887367,FAC20250602105338
-0.3520422,1.305556,-2.3085697,4.273076,-0.855814,-1.103154,-2.655527,0.30745676,FAC20250907072515
1.0624901,-1.6485133,-0.506033,0.60272974,-0.7660971,-3.0165699,-1.0965348,-2.166903,FAC20250521017204
-2.915239,0.79979086,-3.5008297,0.6226029,0.047230512,-1.5179228,0.34247154,0.37650797,FAC20250502006392
-1.0607809,-4.0207996,-0.09345025,2.51014,0.15421881,-2.122783,-0.6572215,-0.74725854,FAC20250519015160
-0.971434,-0.52805495,1.1128955,0.6091981,1.5072305,-2.23734,-2.654435,-3.2149749,FAC20250524102571
-3.9161487,-0.47218615,-1.062356,0.46314073,-1.4709572,-2.4403057,-1.4898745,0.8701758,FAC20250828067033
-3.617643,-0.27908847,0.780087,0.46536493,0.88447577,-1.656455,-2.5225132,-0.6017092,FAC20250903135424
-2.0055726,-3.239317,-0.8816853,1.5282998,0.52585226,-0.13681056,0.19777818,-3.7166283,FAC20250705040863
-3.6137323,0.043097,0.82981294,1.758385,-2.1855574,-2.0361564,-1.5925028,-0.27378228,FAC20250805053266
0.6282754,-0.49407008,-3.4100158,2.9363973,0.7327877,0.19005656,-1.1272074,-2.123407,FAC20251005087190
-3.9212656,-2.2071917,-1.676322,-0.4151829,0.15458179,-2.017322,0.6983567,-1.3388754,FAC20251013148258
1.3708131,-1.1035291,-2.0470374,1.4510216,2.1205099,-2.2178853,-0.936235,-2.7521586,FAC20250926142891
1.1568377,-0.3215767,-0.5907693,1.0728855,-0.23162909,-2.3749037,-2.5155988,-3.8268137,FAC20250712118478
-0.617687,-2.0716872,-3.184341,2.559251,-0.13586782,-1.6085978,-1.6159002,1.2444894,FAC20250721121332
-0.583368,-0.63644457,-1.8634713,2.2689006,-1.275903,-3.8681135,1.0042539,0.39420545,FAC20250823131966
-1.2522757,0.23780312,-3.5205011,-1.1651922,-0.53270113,-2.9161785,-1.7651123,-1.2782503,FAC20250912074404
-3.071025,-1.0950239,-2.2502205,1.1530635,2.2288222,-1.1116152,1.0201402,-0.6458917,FAC20250513011611
-3.1233,-0.5781191,-2.0145743,0.74752414,2.6377163,-1.9287364,0.33528438,-0.000889619,FAC20251014148553
-0.9105611,0.6534897,0.48071438,1.7798071,-1.7151749,-2.9434223,0.7752852,-3.3924286,FAC20250813057855
1.423157,-0.12449126,-1.7668176,3.9916565,-0.9914502,-2.3311162,-0.1711931,-1.5780782,FAC20250513099005
-3.156907,-0.29325515,-0.047957134,0.098013245,1.3208567,-1.9343837,-2.9059203,-0.2300903,FAC20250825132457
-1.0440967,1.1633992,-2.4916453,3.1529322,-1.5177376,-0.7527378,-3.0537674,0.21366921,FAC20250705116198
-3.179219,0.64967453,-3.2314956,2.4333553,-0.8187395,0.28635162,-2.088228,0.32961273,FAC20250825132336
-2.9973757,-0.14463279,-3.340379,1.6022612,-0.5612215,-1.8414384,0.18375479,1.2980351,FAC20250809127459
-3.0555296,-0.57889044,1.1354592,1.7877915,-0.89713305,-1.3553668,-3.2964363,-0.4666294,FAC20250817060943
-0.16972454,-0.39222082,-0.5802139,1.3420675,-1.4858534,-1.4951867,0.058312517,-4.7704754,FAC20250522101777
-2.7860227,-0.749155,1.1105332,1.7080946,0.030812606,-1.4987957,-3.8967712,-0.5622285,FAC20250914138993
-2.8464947,1.8116522,-1.2462076,0.37160757,-0.048690286,-1.6485609,0.87645656,-3.9394894,FAC20250613030759
-3.6160934,-0.40970093,-1.9175315,0.22588144,-1.051192,-2.45869,-1.406331,1.0951957,FAC20250519015629
-0.601171,-1.833162,-1.0533696,-0.5366822,0.721696,-2.0814035,-0.8863157,-4.2657785,FAC20250814057913
-1.0824021,-1.2194374,0.35597476,0.53367,-2.614475,-2.8762424,-2.5964117,-1.5425707,FAC20250922079380
-2.0551963,-3.2872963,-2.3814266,-0.2444866,-0.40189427,-2.114526,0.1950145,-1.322115,FAC20250525021088
-3.5246947,0.72872746,1.568636,2.2679918,0.46758345,-1.5942177,-0.39591604,-0.9757105,FAC20250519014195
-1.3936007,-3.1633987,-0.47473896,1.9171752,0.5219043,-0.2036334,-0.07043786,-3.8703172,FAC20250612108722
-0.2855295,1.4756128,-2.9149592,1.7480056,-2.4864569,-1.0580086,-0.8798836,-2.1209953,FAC20250618033019
0.11070049,-1.9501882,-0.29724604,3.5791728,-1.1706499,-1.1617138,-2.7700458,-0.44563115,FAC20250830067488
-1.9453315,-1.6412748,-3.8536892,0.13996099,-0.071158186,0.07095259,-1.8847002,-1.111882,FAC20250525020862
-1.1008102,-3.9940329,-0.0025786823,2.535813,0.15808514,-2.0630386,-0.6371483,-0.7743692,FAC20250713118635
-1.6106519,0.7951168,-1.2704309,2.7132993,1.7424921,-3.0895953,-1.3637925,1.4281777,FAC20250809127474
-0.71440136,-2.3651714,-3.137342,3.0526683,-1.6913501,-0.5985082,0.889662,-1.4681368,FAC20250420000951
-1.6935638,-0.17340425,-0.22931197,1.0227962,0.27476642,0.3044655,-3.4211624,-3.8374104,FAC20250512010889
-0.3719136,1.1638496,-2.9519236,-0.018445574,-1.9513234,-2.5459626,-1.1186807,-1.8272187,FAC20250506097002
-3.091858,1.7646438,-1.7481964,1.1536334,0.17104094,-0.6718792,0.9842154,-3.749798,FAC20250520016759
-0.9908524,-1.4838624,1.2747617,1.6464473,1.1314462,-3.4687455,-2.043603,-0.4193357,FAC20250709043124
0.35232615,-2.0936704,-1.3168689,-0.15447319,0.9917758,-2.1265583,-2.7409122,-3.0170412,FAC20250421091863
-3.5458326,-0.3186951,-0.056981485,0.06761444,1.309037,-2.1540418,-2.8758063,-0.2493959,FAC20250821062355
-1.7070216,0.1148095,-0.92300093,-0.071549095,1.4386716,-4.6234474,-0.28038567,-0.42641622,FAC20250611108486
0.90237534,-0.6896963,-2.9116406,0.80998164,1.4147334,-2.2157552,-0.060883842,-3.4911225,FAC20250420091702
-1.3717924,0.6099207,-1.0210835,-0.94194686,1.6206837,-3.9515684,-0.9620546,-2.4065247,FAC20250607028106
-0.69499964,-1.8090708,-0.45033786,0.8604352,-2.3580747,-1.1108202,-1.1427096,-0.92721814,FAC20251009088876
-4.2653728,-2.6997886,0.84635043,1.5500115,-1.1087966,-0.93211263,-0.69537294,-2.0012584,FAC20250722121583
-0.44067454,-0.34275514,0.34583354,1.2805239,1.8244528,-4.4690337,0.19448864,-1.8955501,FAC20250903069421
-3.2672293,-0.6455882,1.1601396,1.9604654,-0.35156396,-0.6283187,-3.3332212,-1.0339627,FAC20250818130334
1.0061918,-2.633342,-1.8190578,2.708815,-1.6011887,-2.2921708,0.35096604,-2.2832665,FAC20250504096342
0.6712597,-2.4470015,-1.9776981,2.8819184,-1.6732326,-1.9032048,0.6191123,-2.2206085,FAC20250507097103
-2.2397113,1.0794916,-2.8881407,2.220007,-1.2740521,0.0637211,-2.895393,-0.08122945,FAC20250513011129
-2.796172,1.8749571,-1.4503605,-0.29283568,-0.40648785,-2.4318893,0.6319096,-3.6850245,FAC20250422092368
-0.5553694,0.6833224,-2.7097604,-0.5624045,-1.5928111,-3.8914132,-0.95034176,-1.8222963,FAC20251005145553
-3.378966,0.18828104,-2.6851215,-0.7536763,-1.6456501,-0.6912375,-1.2211162,-2.7847579,FAC20251001085465
-2.6403377,-3.1426497,-1.77327,1.6368589,0.14531887,0.6182506,-0.047087803,-2.601727,FAC20250927143024
0.7075731,0.7249352,-2.1566236,2.2590735,-0.16905499,-2.7065146,-3.468768,-0.09031898,FAC20250622111903
0.68303347,-1.4625165,0.04522142,1.3990723,0.05237936,-4.3831244,-0.026934637,-2.472167,FAC20250713045235
-0.0225772,0.64265305,-2.4975455,2.7266252,-2.7468317,-0.68052447,-1.2863252,-1.4828343,FAC20250904070585
-1.1983681,1.2647978,-2.6070745,3.0616581,-1.4399549,-0.46898717,-3.326052,-0.13968994,FAC20250830067348
-0.18417233,-1.8467135,-1.057801,-0.24108478,0.9379561,-2.1667578,-0.7862581,-4.048079,FAC20250821062756
0.35056493,1.2688174,-2.284695,3.3509269,-0.60389155,-1.7253065,-3.1854663,0.0037503492,FAC20250615031757
-2.9668944,-3.3833482,0.46090552,0.9584857,-0.84611446,-1.4956257,-0.8174146,-1.4014405,FAC20250827066080
0.12495357,1.0174152,-2.1777472,3.0059788,-2.6818895,-0.6811747,-1.5878578,-2.0654094,FAC20250619033375
-3.5931966,-1.6603347,0.16326107,2.8503835,0.44670135,-1.2615724,-1.1655881,0.93473214,FAC20250724049771
1.0230356,-0.42668706,-1.2520428,2.2668223,2.830691,-2.669393,-1.386238,-2.0597532,FAC20250625036005
-0.014363234,2.5294385,-0.77076584,1.8693675,1.2430736,-2.4863205,-1.3588225,-2.2415383,FAC20251003144926
-0.4000288,0.06362024,-0.65420085,4.2805533,2.243129,-2.1412191,0.52575487,-0.88719994,FAC20250521101470
-1.7015386,0.74544334,-1.6097183,-1.090459,1.5102926,-3.7929134,-1.4189351,-1.4743024,FAC20250519014791
-1.7916151,0.9668869,-1.110927,-0.4922241,2.3273082,-3.8868244,-1.1828665,-1.6600788,FAC20250725122437
-2.3203576,-2.2984486,-2.8671994,0.3554977,0.25327775,-0.20635581,-2.3088074,-0.22928733,FAC20250421001993
-1.6775658,0.23074491,-2.9464848,0.053229652,2.410193,-1.7059668,0.5219579,-2.5532572,FAC20250809055672
-1.4651867,0.7483639,-1.7350562,2.412097,0.79458386,1.0849588,-3.0993738,-2.4142845,FAC20250629114300
-0.5092721,-2.8777437,-0.760601,2.6435816,1.3064824,0.14305075,-1.1401466,-3.039173,FAC20250429094604
-1.8380445,2.3320644,-0.24233964,3.7293358,-0.0067516654,-1.0558951,0.16411927,-1.4335736,FAC20251001085107
-2.5484002,1.0167947,-2.9589972,2.6032069,-0.9585653,-1.6326665,0.25898495,0.97061956,FAC20250607028507
-3.0058203,-1.9826801,-2.0270433,2.3643389,-1.4228626,0.8837164,-0.2840853,-0.9779966,FAC20250420000646
1.2674993,0.69920516,-1.8566567,3.9829414,-0.7720185,-2.7560062,-0.33573228,-1.0567154,FAC20250610107948
-2.2382963,-3.109092,-1.4859977,1.8098276,0.17528707,0.72004396,-0.2987711,-2.5578406,FAC20250624112573
-3.633608,-2.3133168,-1.3746178,0.2324092,-0.1573759,-2.3808742,1.3502841,-0.9684026,FAC20250429005472
0.77838665,-1.3558414,-3.8416793,2.6720386,0.23807651,-0.13585414,-1.9720129,-1.7873594,FAC20250728123458
-1.2320307,-2.2411995,-2.1635242,0.4223132,2.452023,-3.1351452,0.8357059,-1.4751858,FAC20250428094191
0.41903538,-1.4385362,-2.530869,1.5551165,-1.4334282,-0.16336174,-1.4156052,-3.9744053,FAC20250510010171
1.2434802,-0.6469496,-0.06522813,1.4882096,-0.4078093,-3.9364662,-1.4790026,-2.1667886,FAC20250828066906
-1.0783538,-0.709441,-2.1893835,1.6070968,-1.3749799,-3.80524,1.4085517,-0.021454237,FAC20250720047985
1.1926302,-1.3329813,-1.430034,3.3534083,-1.7587461,-2.1516502,0.2775187,-2.286372,FAC20250923141684
-0.624034,1.9191271,-0.25693035,1.8077148,-1.184206,-4.414544,-0.42212015,-1.037687,FAC20250522018361
-1.7219797,0.38572776,-0.97376376,2.613925,1.1206964,-3.0781035,-1.355089,1.6868427,FAC20250905070911
-1.1874524,-1.8492335,-2.7103236,-0.055595394,1.6227825,-2.688156,1.0192505,-1.44017,FAC20250531104880
-2.3195505,-1.4973848,-4.030861,0.46053004,0.5475928,0.35091653,-0.9394775,-1.4644251,FAC20250519014844
-2.5729725,1.0788283,-3.1379561,2.1043797,-1.1934637,0.28640607,-2.740618,-0.2735727,FAC20250513011477
-3.0007927,-1.6294239,1.0311728,3.8650525,0.44362846,-1.2293917,-1.2912525,0.15705478,FAC20250626036386
1.2478918,-1.050425,-2.8116906,2.149072,-1.1044959,-2.5995603,0.89865077,-1.6979543,FAC20250723121788
-2.8170083,-0.53176135,-3.550412,1.0530328,-0.8593587,-1.881528,-0.33622333,1.1572126,FAC20250709117352
-2.9351082,-1.0652388,-3.351136,0.5846788,-0.8965582,-2.1664674,-0.7512996,1.1309044,FAC20250913075113
-1.1334028,-2.1983848,-2.715727,1.6374103,-3.2874963,-1.9258898,0.12144093,-1.0314767,FAC20250906136448
-1.0101862,2.9439416,-0.5479982,2.4960015,0.9622914,-1.6539552,-2.8597019,-1.745995,FAC20250817061095
-0.6068855,-1.547426,-2.4970016,1.7751768,2.7642562,-1.2298591,-2.005077,-0.15456066,FAC20250617032730
0.20884562,-0.34717932,0.016224697,0.85274154,1.9134492,-1.3591852,-1.8662902,-1.5390501,FAC20250818130382
-2.2622275,0.6889392,0.08658433,3.48992,0.97437596,0.43648222,0.08843067,-2.8424318,FAC20250525020773
-1.56709,0.50574744,-1.4182428,2.762251,1.1455995,1.2068114,-2.805517,-2.2320378,FAC20250530022627
-1.0205148,-1.8828051,0.28456393,3.7946746,-0.0648019,-1.3307507,1.3817548,-2.3442903,FAC20250705040954
-1.887704,0.8746791,-0.7764163,-0.085056216,2.682022,-3.9793322,-0.89536124,-1.3500451,FAC20250618110806
-1.8691281,0.9423155,-0.89339167,-0.22727142,2.6156716,-4.0663905,-0.94091105,-1.745053,FAC20250512010840
-3.1293986,-0.75963646,-0.97351104,-0.7475322,-2.3608954,-2.267461,-0.22710301,-2.6443691,FAC20250623034755
-4.5360055,1.5138005,-0.92203194,1.7436796,-0.665076,-0.3317966,-0.37299564,-1.0265346,FAC20250618110540
-1.3241907,-2.1728053,0.58451647,3.0490637,-2.6228209,-1.3980128,-0.14001007,-2.5462728,FAC20250913075184
-3.905412,-0.35662994,-0.43588156,-0.16809978,1.3825537,-1.9770741,-2.6569839,-0.32951137,FAC20250822063950
-3.257502,0.2865541,-2.3012733,0.8913285,-1.5010512,-1.8301595,-1.7666966,1.2476662,FAC20250619033211
-4.010572,1.8763473,-0.90288895,0.911644,0.058804248,-0.5056736,-0.7377154,-1.1983687,FAC20250815058652
-3.1373587,-1.1658759,0.15739569,0.1454622,-1.7682191,-1.4011127,0.05119664,-3.5653152,FAC20251011147469
-3.1304376,0.025886182,0.31059095,1.8353072,2.03563,0.1460292,-0.81259865,-3.1462245,FAC20250510009938
0.95966417,-1.1503656,-3.464965,2.4337254,0.12327624,-0.14164615,-1.3274324,-2.3651536,FAC20250519015254
0.14892957,-1.793035,-1.9262213,0.05702468,0.5296409,-2.4396205,0.097995505,-4.076892,FAC20250716046694
-0.9518059,-1.6663818,-0.29033858,4.104132,0.309079,-1.1610801,1.4773569,-1.5723932,FAC20250617032464
0.94086444,-1.5621624,-3.1091347,1.3703011,-1.0204242,-0.6593967,-1.2582769,-2.7809913,FAC20250724049683
-4.6496506,1.5542377,-1.0906656,0.9130128,0.037445873,-0.7279616,-0.7190404,-1.0169953,FAC20250726122651
-0.3237634,2.1984599,-0.42793217,1.5507137,-0.7805685,-4.222615,-0.59553665,-1.4865181,FAC20250813057791
-4.834509,1.2901225,-0.7898186,1.507213,-0.2596228,-0.49031883,-0.6866118,-0.8529448,FAC20250529022193
-1.8637576,-0.49147046,0.9841329,4.2599454,0.5105206,-2.0349388,-1.5461859,0.5710823,FAC20250922081555
-0.39123917,1.1733878,-2.7944875,-0.089283,-1.9929645,-3.0385318,-0.9560793,-1.9494451,FAC20250914138895
-0.7685886,-1.5796901,1.190483,2.1259937,1.3847879,-3.4630888,-2.1694922,-0.4228901,FAC20250809127424
-2.8329399,-1.2725596,0.018015865,1.3126898,2.5545068,-2.0564907,1.0679884,-1.9480475,FAC20250602105436
-0.25000316,0.6431375,-2.070028,3.679422,-2.6072412,-0.17318866,-1.2790219,-2.0151715,FAC20251001144268
-3.7671595,-0.30328196,1.2626772,1.5673057,-1.012586,-0.79855573,-2.7782545,-1.5204377,FAC20250521017878
-0.09515555,2.909003,-0.89023983,1.5178269,-0.07392016,-3.1806474,-1.5768849,-2.0326176,FAC20250612108544
0.91418177,-1.7316363,-3.6069717,2.1268728,-0.41452938,-0.48693776,-1.6621696,-2.0295787,FAC20250915076144
0.10161153,-2.171806,-0.94398046,3.1857026,-1.2353326,-1.2389678,-2.5419464,-0.07773067,FAC20250529022320
-3.1246471,-0.28776622,-2.4304342,-0.84271944,-1.5674795,-0.77878326,-0.7652109,-2.708482,FAC20250424092935
-0.7786715,0.38149348,-3.316361,-0.9502492,-0.86109596,-3.2547634,-1.2892531,-1.5080916,FAC20250506008026
0.76464367,-1.3027856,-2.2401378,0.8645144,1.5732995,-1.9380533,-0.122480415,-3.7059715,FAC20250521017501
0.8175628,-1.3125876,-2.981707,1.2348056,-1.1446149,-0.6523738,-1.0273881,-3.063735,FAC20250720120782
-0.8719101,1.0502917,-2.355567,3.3523176,-1.468882,-0.92095965,-3.1603796,0.29550833,FAC20250707116780
-3.491,-0.1659317,-2.4748106,-0.9523362,-1.4500264,-0.8948026,-1.2497007,-2.454275,FAC20250814058114
0.32741958,0.029421827,-1.570002,3.4359388,-2.34071,-0.30903092,-2.0534568,-1.7712417,FAC20250718047166
-0.4291485,-2.1084936,-3.2052288,2.6266282,0.23185532,-1.7202842,-1.3868239,1.0880613,FAC20250706116456
-1.8432832,-0.97059023,-1.5383887,3.989406,1.5612015,0.5998129,-0.3726725,-0.5429207,FAC20250607028627
-0.8415513,-1.3394758,-2.4993796,1.6202686,3.1592727,-1.0498663,-2.1636288,-0.5812119,FAC20250513011351
-0.7443875,-2.408092,-0.36713725,2.5514534,-0.8708212,-3.3076522,0.2497184,0.3812018,FAC20250830067458
-3.2888923,-0.20723544,0.4756781,1.9929725,1.049014,0.43007627,-0.8513328,-3.7172644,FAC20250530022779
-2.8011787,0.7848939,-3.0849066,2.4666767,-0.9784072,0.15979552,-2.0147116,0.38121656,FAC20250815059158
-0.9564505,1.4529557,-2.401869,1.4013022,1.6783426,-1.087347,-0.14782116,-0.26217714,FAC20250420091645
-0.9152159,-1.0634346,-2.5680337,1.7547132,3.5399888,-0.9329976,-2.0813918,-1.0012587,FAC20250519015866
0.6714402,0.18167476,-2.1541858,3.3426425,0.8600929,0.10550908,-1.0385658,-3.4089935,FAC20250610108207
-3.3511589,-2.4850333,-1.406014,1.9235877,-0.23534788,1.2323264,-1.3731678,-1.8669742,FAC20250910137644
0.728948,-1.3694924,-2.616125,0.81459534,1.2838237,-2.0248373,0.16155371,-3.8422878,FAC20250506096767
-0.5442572,-2.4157877,-0.23704796,2.6518846,-1.0355669,-3.4326673,0.023744296,0.3264045,FAC20250911137898
0.6545367,1.1419865,-3.8636253,2.449985,0.19820844,-2.1774583,-0.01645915,-0.9488017,FAC20251007146364
-2.8026354,0.030242551,0.6997328,0.87840444,0.7997669,-2.925575,1.4337716,-2.9823039,FAC20250905070720
0.6128945,0.25706646,-2.238052,3.29364,0.9018714,0.12175292,-0.8732125,-3.2249,FAC20250502095458
0.5187632,-2.658862,-1.7218853,1.9788845,-2.196899,-2.67782,0.35454893,-2.26514,FAC20250802125189
-1.2224143,-3.4288025,-2.3073459,-0.16564414,0.30027285,-2.6154346,0.033856045,-1.3876613,FAC20250807126504
-1.0611372,-0.2917698,-0.22695738,0.6006314,1.2641139,-4.9095154,0.09211168,-0.79347795,FAC20250727123155
-2.8007936,1.995929,0.048115835,1.511655,1.0872699,-2.9189703,0.80173874,-1.1117988,FAC20250520016435
-0.8840407,0.73330474,-0.79561967,1.9684368,0.6429354,0.4768135,-3.2445574,-3.5613947,FAC20250922081587
-1.2983365,-1.9031324,0.9460649,0.69689864,-2.1264133,-3.1872232,-2.3396053,-1.786001,FAC20250703115429
-0.0033674422,0.943482,-2.402685,2.8362296,0.30240974,-0.30325264,0.5747778,-3.5990145,FAC20250511010248
-2.6193175,-1.3629748,-2.33105,2.3905296,-1.7491922,0.2363446,1.0109087,-1.3152097,FAC20250619110837
-1.9983829,-1.7196504,-0.71967673,-0.9541152,-0.81236655,-4.150127,-1.8286698,-0.9648027,FAC20250922080778
-0.9184871,-0.74433804,-1.3138806,1.800334,0.53339845,-0.45844835,-4.535712,-0.67535245,FAC20250626036465
0.55881476,-0.51447433,-1.8686267,-0.14227454,-0.24042472,-2.0379744,-3.3590598,-2.8464158,FAC20250429005371
0.23565418,-1.2915049,-2.3830066,0.94336224,-2.015295,-0.80424726,-1.0968326,-3.9097197,FAC20251012089852
0.81380725,-1.5293564,-2.5635617,0.44696623,1.1388338,-2.3301108,-0.17845841,-3.6015658,FAC20251006145909
-0.76691806,1.8632244,-0.020478234,1.9618996,-1.2759297,-4.3015,-0.11855497,-1.2046149,FAC20250607028230
-1.1755618,-1.6609887,0.033731293,3.9113896,-0.44423378,-1.2562284,1.5413967,-1.6910343,FAC20250628113790
-0.26560864,0.9316612,-2.1583123,3.7625253,-1.0240045,-1.7823322,-2.6593642,0.7129258,FAC20250911074035
-1.1477578,0.52995926,-0.80380285,1.5488157,0.5279196,0.52187455,-3.315488,-3.505464,FAC20250826065539
-0.973533,0.8101801,-1.0713476,0.474412,0.14156859,0.51487434,-2.3128343,-1.518208,FAC20250519015895
-3.3067472,0.51056063,-2.7716706,2.3485556,-0.6487326,-0.030893497,-2.0590372,0.7747388,FAC20250816059849
-3.0160828,0.47699463,-1.9792652,2.4502063,1.4351146,1.2505718,-2.4926696,-1.4515162,FAC20250807055263
-3.0712154,-0.38756752,-3.4908874,0.8781043,2.3660734,-1.9146907,-0.2584686,0.40428856,FAC20250716046282
0.1427309,2.5874882,-1.4124981,0.9958651,0.5931257,-3.6003304,-1.4561203,-2.6985114,FAC20250620111277
-1.4803146,0.6355675,-2.782914,-1.3284684,0.3631026,-3.2011323,-1.7393018,-1.501518,FAC20250822064139
-2.690124,-0.20447448,-2.9208004,1.1631637,2.1751225,-1.0972536,0.42525524,-0.028246596,FAC20250818130243
0.37788042,0.64341354,-2.288244,2.019087,-0.37708265,-2.6449766,-3.6266453,0.13519284,FAC20250522101989
-1.2431502,0.03201122,1.1551853,0.24953051,0.9847027,-2.5576053,-2.6968534,-3.1065414,FAC20250502006303
-1.4221853,1.4759548,0.30425516,4.1765194,-0.16360445,-0.06605151,-0.5384927,-2.4380994,FAC20250614109253
-2.3545356,-1.1476722,-1.6271116,4.321416,1.3465135,0.31938186,-0.023092795,-0.23112303,FAC20250605106434
-1.6482947,0.8697304,-1.0192262,3.5306933,1.4037799,-1.9875785,-1.8656873,1.2864138,FAC20250919077772
-1.2294908,-0.84770757,-1.0257852,1.2141073,0.030525403,-0.1440514,-4.534367,-1.5594676,FAC20250919078046
0.8700006,-1.3497472,-2.631939,0.600227,1.174575,-2.3482287,0.011682949,-3.4518383,FAC20250820130749
-1.0970209,2.696138,-0.59263074,2.1841996,-0.2857187,-3.952138,-0.24207813,-0.4915282,FAC20250603025288
-1.5121188,0.553113,-0.79251736,2.9915977,1.7346572,-1.3092481,-3.052692,0.6293984,FAC20250926083944
-0.53558636,1.3225595,-2.6005516,-0.41752645,-1.4569521,-2.5354154,-1.0479579,-1.8793104,FAC20250705040214
-1.5227991,0.7021665,-2.4770923,-1.4244235,0.36903533,-3.4603274,-1.6605153,-1.6434616,FAC20250807054995
-0.23513307,-0.9791447,-2.7526042,-0.535924,1.1824396,-1.7090933,-3.2788103,-2.5421557,FAC20250826132734
-1.6600282,0.90484303,-1.2820387,-1.0166787,1.6362412,-3.768044,-1.1541561,-2.076813,FAC20250919077818
0.18068637,0.7128063,-2.1197116,2.965911,0.48371863,-0.70295453,0.9083025,-3.5997968,FAC20250826132826
-4.106766,-1.7179673,-0.87719506,0.9618378,0.033344597,-1.7665262,1.4776355,-0.75224465,FAC20250716046836
-3.1377995,0.8182359,-2.5246334,2.8805997,-0.86807805,-0.35571873,-1.4505038,0.96773785,FAC20250424003548
-0.17333142,-0.27117434,-0.5121858,1.1997162,-1.6003016,-1.6904012,0.028751807,-4.5945473,FAC20250924142154
-2.5070517,-3.2271929,-1.2484694,1.0504539,1.6645718,-1.2964325,-2.6188958,-0.05759529,FAC20250714045738
-2.5762615,-0.26129362,-2.7509103,-0.15174481,-1.0941066,0.27242696,-0.85216606,-3.4299564,FAC20250924083223
1.486467,-0.6792944,-0.26772827,1.7551098,-0.41182178,-2.9122212,-2.1613884,-3.2208412,FAC20250922082325
-1.9319413,0.6839907,-0.272143,0.58243823,0.25949126,-0.5641159,0.43097433,-0.45042685,FAC20250607028071
-1.0949938,1.0650315,-3.9409113,1.5983229,1.7292922,-1.2340325,-1.243838,-0.057816725,FAC20251017149357
-2.1120996,-0.04070311,-0.7026613,1.0167348,1.9995372,-2.2208974,1.6816679,-1.4198967,FAC20250821131090
-2.502256,-0.49754298,-2.7247381,0.027323745,-0.6781692,0.22542596,-0.23200287,-4.071732,FAC20250822063953
-0.6512834,-2.0952497,-2.887651,2.3449125,-0.37505913,-1.5984161,-2.033563,1.2550905,FAC20250420091744
-2.0442612,-0.5482336,-0.51185864,1.7214193,-2.9977806,0.026387515,-2.0927312,-2.6461682,FAC20250926084094
-1.7471265,0.48931792,-1.8919505,2.6789114,1.0858947,1.3333787,-2.606538,-1.9808924,FAC20250711044447
-0.41282275,1.1764777,-2.4889455,-0.13509777,-2.0424063,-3.4665117,-0.9003922,-1.9754684,FAC20250423092463
-1.9328802,-0.09193365,2.1598482,2.1572287,0.7550575,-2.3806062,-0.8889691,-1.3809121,FAC20250607028438
0.8029071,-1.2197127,-2.550303,0.42069936,1.9076124,-1.882145,-1.1866093,-3.2004778,FAC20250922078959
0.1543805,0.9954685,-2.71695,1.787408,-2.4533336,-0.89138335,-1.4432688,-1.6958673,FAC20250924083188
0.6076402,0.6823126,-2.3033807,1.6722747,0.0023074737,-2.7945354,-3.6500416,-0.22925209,FAC20250605106450
-2.3024492,2.0925512,-2.5781808,1.9593588,-0.30696833,-0.06320171,0.7293725,-3.1498706,FAC20250519014231
0.7568838,-1.4731566,-3.2629907,1.0720336,-1.6680723,-1.1034987,-1.4840729,-2.926433,FAC20250630037679
-3.6833997,-2.3766422,0.5933157,1.1298031,-1.2624451,-0.95511943,0.05219238,-2.5273788,FAC20250809056543
-2.13799,2.070082,-0.21233687,1.2750198,-1.298635,-2.3912222,-3.4991338,-0.68167734,FAC20250709043202
-3.3592474,-2.5093057,-2.0427725,-0.667318,0.280595,-1.9216927,0.42773312,-1.6417726,FAC20250822063815
-0.76867783,-1.6314397,0.89494044,1.5587114,1.1356468,-3.7272654,-2.4207184,-0.2535841,FAC20250425093139
-0.80367833,1.4602007,-3.1078079,1.7503179,1.750793,-1.5138211,-0.50290126,-0.04838241,FAC20250920140784
-1.0823319,-0.86883366,-1.9161099,0.9767754,2.9610777,-1.5839623,-2.2539885,-0.13742697,FAC20250605026464
0.030913368,0.8017594,-1.6465855,2.94674,0.77880806,-1.1581527,1.237437,-3.8507695,FAC20250904070426
0.2375821,0.43721908,-2.1099494,2.833936,1.0597651,-0.59689224,0.9292298,-3.2840552,FAC20250902068095
-0.98911923,-2.5766225,-2.9788604,2.0025463,-2.6654117,-1.3609623,0.062337678,-0.9152098,FAC20250925083469
-2.8537648,-0.8896253,1.0698675,1.6566926,-0.06258685,-1.566546,-3.9317374,-0.60643125,FAC20250822131535
0.7442401,-1.8573529,-0.098787665,1.5126761,-0.24937402,-4.333097,-0.06752012,-2.4816911,FAC20250517013569
-0.033612892,1.0949537,-2.103724,4.039416,-0.8865487,-1.6338414,-2.6935146,0.43412808,FAC20250920078207
-3.6282907,-2.0482807,0.034299813,2.515097,1.0270772,-1.7017417,-1.1591918,0.9591709,FAC20250630037873
-2.1421778,-2.904705,-0.33891368,0.67487454,-1.2625078,-1.3788972,-0.53582925,-0.49804476,FAC20250615109798
-2.8626697,1.6940335,-2.4359257,1.7580149,0.2019682,-0.36258897,1.3908386,-3.0368986,FAC20250724049669
-1.0156837,2.7132146,-3.63613,1.4329581,0.53010666,-2.149872,-1.8669202,-0.3978575,FAC20250430094950
-1.5090253,-3.3319926,-2.0490477,0.05732816,-0.07412047,-2.8561256,0.6314967,-1.3597074,FAC20250519100915
-1.9722733,-0.15234947,1.9124967,1.7995472,1.109917,-2.3905857,-1.1150599,-0.91921276,FAC20250430094761
1.2376779,-0.32344404,0.30187896,1.5903851,0.09632557,-3.5414479,-1.3838456,-2.7968993,FAC20250912138189
0.09696456,0.99358714,-2.2429597,2.6187801,-2.5808291,-0.74009854,-1.360968,-1.8839067,FAC20250717047084
-3.1416087,1.8673648,-2.2442343,0.07050358,1.245809,-0.7243972,-0.7355499,-1.6985824,FAC20250617032953
-1.4584879,1.4180439,0.5319868,3.8107207,0.34174135,-0.26958418,-0.40867603,-2.6775603,FAC20250509097778
-1.8310131,-0.776576,-1.1532155,3.6987126,3.1608353,-1.3117776,0.24609727,-0.34436375,FAC20250729051144
-2.429564,-0.9402314,-0.043541294,1.4268894,1.2110202,-2.3685756,2.150151,-3.0705001,FAC20250618110797
-3.0351098,-1.866575,-1.9294673,1.6788446,0.9093577,-1.6446924,-0.6975299,1.6579473,FAC20250528103831
-3.3704796,-1.2818599,-2.8974762,1.3027793,2.0477402,-0.45630288,0.8598332,-0.95272267,FAC20251001085807
-1.3274546,0.5458484,-4.308126,1.0767602,1.7295464,-1.8915622,-1.1867807,0.2804092,FAC20250915076374
-2.90729,1.4215429,-3.0665207,-0.32172838,1.707154,-1.1180781,-0.5707799,-2.1302028,FAC20251014148533
-0.4723491,-1.801534,-0.7522152,4.418795,0.2935583,-1.0801784,1.2900112,-1.6758254,FAC20250503095773
-1.7127665,2.3907592,-0.21589942,3.9915383,-0.40915158,-1.1350343,0.101597734,-1.5383155,FAC20250525020956
-0.23600532,-2.4347885,-2.1878316,1.8749528,-2.5631626,-2.0924754,0.6587054,-1.818217,FAC20250617032880
-1.3999082,0.61371416,-3.1859307,-1.349051,-0.13128357,-3.0712376,-1.7731653,-1.5757045,FAC20250428004510
-3.5355132,0.4122344,-0.7647442,2.0132697,2.8602524,-0.24299131,0.06512884,-2.2817943,FAC20250613030479
-2.0856965,-1.1746728,-4.171866,0.72515994,0.53723735,0.5978944,-0.96583605,-1.7799696,FAC20250902068805
-3.3525121,0.711119,0.7049611,0.38967714,0.9467326,-3.0331054,0.60186124,-2.4502492,FAC20250827066380
0.23367622,1.3958584,-3.8424346,2.7516348,0.6018011,-2.2693238,0.16186373,-0.76282835,FAC20250625112941
0.012384795,0.61710453,-2.0692415,2.9941816,-1.0391762,-2.672224,-3.0469704,0.8541779,FAC20250922141384
-4.269917,-1.1116667,-0.6039212,1.5099268,0.3188606,-1.7358162,1.4293824,-0.5012528,FAC20250706042335
-2.8174033,-1.072483,-2.291992,2.326016,-2.495144,-0.2621556,0.92243135,-1.034301,FAC20250419000337
-1.0852934,-0.61846894,-1.5852262,1.5002831,0.22384526,-0.38179684,-4.688034,-0.8992511,FAC20251006087376
0.25258777,-0.64335245,-2.230064,-0.29901966,0.15006651,-2.0554166,-3.5435927,-2.7396903,FAC20250913138738
1.1239824,-0.89665705,0.104861684,1.777807,-0.44920507,-4.3961344,-1.0264027,-2.2998753,FAC20250515012439
-2.0449414,0.52301246,-3.7409363,1.0194831,2.1758945,-1.9428142,-0.5546703,0.30122188,FAC20250701039505
-0.36679217,0.9394556,-2.4098244,1.2585918,-2.7959185,-1.4224668,-0.61998916,-1.5191532,FAC20250607107189
-3.1194701,0.66674817,-0.4445161,1.2531122,-2.6784608,-3.1890273,-0.2236136,-0.16070594,FAC20250922082197
-0.427283,0.86640435,-3.7551947,1.1711065,-2.4296122,-1.2376376,-0.90696734,-1.4741725,FAC20250617032279
-1.5461959,0.7301256,-2.7359881,-1.3383105,0.1873039,-3.3323183,-1.7829995,-1.5239693,FAC20250812128186
-2.2513506,0.83657044,0.77749026,3.2209048,-0.88707685,0.47777408,-1.2450808,-2.0255158,FAC20250926084041
-3.1200874,-0.21754412,0.3753249,2.391345,0.9788465,0.67728364,-0.70549315,-3.7288704,FAC20250516013319
-2.0086768,0.6222507,-4.0471673,1.3827842,2.0006702,-0.77349055,-1.1799498,-0.0033081938,FAC20250719120605
-0.93686336,-0.3501813,0.9803589,0.34124997,1.5130883,-2.367642,-2.470226,-3.035913,FAC20250827066262
-2.5396729,-0.7722687,-2.369736,-0.8602294,-1.6572957,-0.6241237,-0.7975841,-2.6869953,FAC20251013148157
-1.8611407,0.7123874,-1.9625018,-1.4971204,0.8181058,-3.61338,-1.782472,-1.861793,FAC20250629037276
-1.7947427,-0.12593971,-0.47866938,1.1612011,-3.1467466,-0.5594572,-2.4987693,-2.444982,FAC20251007088696
-1.756412,-0.20906231,-1.5507017,0.87406313,3.4744,-1.6119776,-2.8544059,-0.9129594,FAC20250910073798
-0.47818673,1.3367649,-2.5880685,-0.3626795,-1.4960684,-2.7432172,-1.007966,-1.9859658,FAC20250601024446
0.2944613,-2.535968,-2.1386244,1.8261964,-2.0781207,-2.4954848,0.61351264,-1.9936395,FAC20250725049877
-2.622785,-1.2955205,0.9921337,3.99724,0.76264536,-1.4619204,-1.5831429,0.42942438,FAC20250712045118
-2.1816604,-0.8593184,1.0723454,4.246844,0.590892,-1.6872338,-1.5602696,0.34493196,FAC20250726122928
-3.6565478,1.8829938,-2.6571953,0.19062506,0.83235717,-0.7729731,-0.82536477,-1.343427,FAC20251006087409
-3.2697418,-0.042662393,-1.1533654,0.1907443,2.3678524,-1.1494545,-2.8385208,-0.83862317,FAC20250428094195
-1.0896606,2.6663084,-0.3375538,2.4197142,1.3309512,-1.4658042,-2.6308038,-1.7576013,FAC20250519015825
-0.3425643,-1.5470191,-2.5196385,-0.7262272,0.9409046,-2.0018504,-3.1706326,-2.3869472,FAC20250711044725
-1.2905279,-2.793662,-1.6098028,1.4138495,2.002648,0.14822476,-2.886594,-2.805184,FAC20250613108994
-2.7504041,2.583923,-0.78007483,2.1281574,1.1217439,-2.9620423,0.603244,-0.53615326,FAC20250707042729
-0.545832,0.20796011,0.16512156,0.71872485,1.8026823,-4.324342,-0.34495488,-1.8887899,FAC20250825065031
-2.1685,-2.7674656,-1.7831686,-0.40953246,0.81010455,-2.3289113,0.540176,-1.4536605,FAC20250515099582
-3.8598876,-1.999373,0.31714678,0.76324356,-1.586151,-0.886614,-0.08533349,-2.6038346,FAC20250725122581
-3.1243522,1.830237,-1.9372767,1.3667461,0.21657248,-0.4401201,1.0656899,-3.4947944,FAC20250811128102
-1.7703385,1.6791165,-2.3709183,0.9155024,-0.5909111,-1.9141228,1.7732303,-2.54315,FAC20250626036508
-3.010805,-0.87623537,-0.68603474,-0.41525775,-2.5886161,-2.3890734,0.045641065,-2.6667712,FAC20250612108838
-3.0462077,-1.4283308,0.93918455,3.7951686,0.13745041,-1.4479766,-0.90808064,0.49752754,FAC20250805053543
-0.70410144,0.85320175,0.21788146,2.01896,-1.7273219,-3.0532582,1.0121197,-2.7894583,FAC20250629037065
-1.8967977,-0.07625413,-1.6405449,0.6964759,2.924546,-1.4651022,-2.8633459,-0.44092,FAC20250919077724
0.45020276,-2.5129082,-1.76573,2.0373342,-2.319685,-2.694294,0.4357303,-2.1498961,FAC20250821062862
-3.493331,-2.5865803,-1.639112,-0.7674397,0.24896125,-2.0809247,0.13795447,-1.6359693,FAC20250922082372
-0.47314385,-3.3684974,-0.7415443,2.8030193,0.29398397,-2.895028,0.13091408,-0.115967005,FAC20250805053721
-1.6830868,-0.46421203,-0.23304762,0.94557464,0.05995131,0.33099097,-3.5208194,-3.5074883,FAC20250821063396
-1.7732528,2.3152359,-0.08616655,3.6021774,-0.30569506,-1.3281438,0.40841293,-1.6272172,FAC20250925083440
-1.8464217,-0.31932706,-0.41290155,1.3891109,-3.0838137,-0.40723026,-2.2785466,-2.4585907,FAC20250521016979
-0.70030165,-0.33500195,0.81913126,0.58034515,1.7933232,-2.1664371,-2.6629643,-2.8392777,FAC20250503006584
0.12245559,1.3546393,-4.4410076,2.2902195,0.3785175,-2.0310462,-0.04549452,-0.95163995,FAC20250913075009
0.102074854,-0.87589455,-0.12127368,3.6076217,-1.4182085,-0.6135811,-3.1964061,-1.4557343,FAC20250806054301
0.23232004,-1.536053,-2.834535,0.89052653,-2.0427933,-0.7865293,-1.6031489,-3.5261421,FAC20250804125669
-1.3917415,-0.81314343,-2.9410572,2.4525073,-0.2614972,-2.6711822,2.2738206,-0.2645786,FAC20250429005354
-3.2471015,-1.0653633,-1.6750817,1.1309355,2.6199014,-1.3725902,1.0454267,-1.0890242,FAC20250508008728
-2.0499263,-3.2310314,-1.0156873,1.4606075,0.51266503,-0.058093864,0.2517404,-3.657477,FAC20250905135999
-2.655983,-3.1223502,-1.4134092,1.0352149,1.4829998,-1.1416726,-2.301542,0.14334327,FAC20250520016621
-0.10124867,-0.25908208,0.41730514,1.5270966,1.1671467,-4.813297,-0.23063791,-1.2722598,FAC20250613030293
1.499588,-0.29162648,-0.674752,1.3976107,-0.69174516,-2.8498511,-2.6148994,-2.9653587,FAC20250922081603
-0.9963776,-0.26756597,-0.98116696,3.751497,2.7978334,-1.763092,0.33268306,-0.48859528,FAC20250423003001
-1.0471417,-2.8872757,-1.507602,1.4352047,1.8540996,0.036022507,-2.9061437,-2.758334,FAC20251001085790
-0.3867028,1.2804896,-2.3823566,3.6984694,-1.0469174,-1.1801203,-2.983555,0.20298809,FAC20250619033694
0.04731325,0.7175552,-2.7148528,2.8115363,0.31031343,-0.018238239,0.39940628,-3.32764,FAC20250917139853
-0.35980976,1.261622,-3.326322,2.1039827,-2.3846047,-0.60634834,-0.9410041,-2.085816,FAC20250707042760
-1.6974118,1.903808,0.45832598,1.509466,-0.92410856,-2.4812903,-3.3564284,-0.9075934,FAC20250506007749
0.053499397,1.1774079,-2.2426276,2.584384,-2.481795,-0.647354,-1.3967446,-2.008539,FAC20250529022369
0.5934822,1.5185493,-3.3050919,2.3160722,0.1553024,-1.9735651,-0.66002643,-0.5251076,FAC20250724122311
-1.7543869,-1.9110854,0.1411096,-0.43049055,-1.1648234,-3.7463539,-1.8948356,-1.2059237,FAC20250505007395
0.9998281,-0.3882271,-1.7419705,1.9460095,2.7839763,-3.0624275,-0.9357735,-1.7640903,FAC20250804052791
-0.3166085,-0.84023404,0.29606074,3.981172,0.7470483,-1.6747421,0.78075874,-1.051858,FAC20250705041428
0.34911254,2.0091593,-2.8243098,3.1545215,0.21062787,-2.6012197,-0.005579008,-0.6044938,FAC20250817060976
-0.20505615,-0.15296257,-0.63354295,4.432143,1.7244815,-2.127434,0.7375303,-0.8890175,FAC20250716046146
0.10576797,1.1866509,-4.183983,1.8077525,0.4619774,-2.0530298,-0.71753204,-0.41603985,FAC20251017090600
-1.8957824,0.9934276,-3.4973676,-0.33563054,1.6689065,-0.8099182,-1.0541466,-2.4811249,FAC20250814057972
-1.3747519,-0.60812587,-3.2799268,2.5324166,0.24757503,-1.8469679,2.3381364,-0.81542873,FAC20250607028149
-3.524763,-2.665894,-1.2664933,1.4801562,0.07295098,1.1175212,-1.4416839,-2.523786,FAC20250709043150
0.70492584,-0.15914847,-2.5072052,3.1448252,0.95554775,0.13952495,-1.0749693,-2.9921644,FAC20250605025667
-3.036986,-1.7651293,-2.0638528,2.1567826,-1.7983041,0.47778437,0.0073469444,-0.8678932,FAC20250524018865
-0.2602015,0.41810066,-0.03174239,1.5460097,-1.7779509,-2.5358248,0.54100907,-3.8936996,FAC20250815129328
-3.8594356,-0.425079,0.8330852,1.7939901,-2.2337298,-2.2088156,-1.3734276,-0.2112268,FAC20250810127683
0.084796876,-1.9989084,0.12692851,1.3291292,1.0349953,-4.2170568,0.38250336,-2.777532,FAC20250624034945
0.24601601,-1.7111408,0.016454149,1.1858952,0.6108267,-4.2634387,0.37880078,-2.521242,FAC20250707116724
-3.5584624,-0.48345473,0.39587137,0.37776703,0.2501108,-1.9216852,-3.1137633,-0.24632491,FAC20250619034076
-1.52443,-2.3637862,0.9379798,0.6488246,-1.818706,-3.149182,-2.4975307,-1.7092533,FAC20250620034370
-0.22644071,-0.030659156,0.38376942,1.5048492,1.776409,-4.5200224,-0.01590541,-2.0344534,FAC20250915075565
-1.0507412,-0.8918141,-2.1921694,1.7092804,-1.3933277,-3.7329633,1.3265704,0.21688055,FAC20250916139404
-1.1470432,-1.0942593,-1.0066861,1.3492397,-0.13438888,-0.049240213,-4.4272094,-1.6373931,FAC20250705040450
-2.2553325,-0.8973649,-1.6352733,4.3469024,1.5314946,0.33979818,0.039967634,-0.31424567,FAC20250915076481
-3.5436745,-0.4922332,-1.7785838,-1.3233984,-1.5528716,-1.701431,-1.205473,-2.4050832,FAC20250519014877
-0.15003376,2.7377126,-0.6893047,1.4777544,0.4282327,-3.4651446,-1.5474758,-1.9085577,FAC20250505096421
-0.20223558,0.5934161,-2.159436,3.047826,-1.0361885,-2.425638,-2.9361103,0.96162593,FAC20250820130888
-0.6364858,-2.5939014,-0.29785362,2.5363374,-0.40721297,-3.288668,0.28320786,0.14470477,FAC20250829067120
-0.019122588,-0.6074368,-0.9765279,1.3115058,-1.5042442,-1.3787016,0.056872346,-4.580103,FAC20250906071577
-0.45271954,0.053472947,0.78751,0.91154057,1.7009635,-2.2106612,-2.8512287,-2.7113578,FAC20250831067580
-2.445745,1.6051766,-2.1881676,1.2297846,-0.08354149,-0.690964,1.3495016,-3.1292174,FAC20250729051257
-3.4122293,0.1912649,-1.3737855,0.2953029,-1.6917312,-2.9413805,-1.1700656,0.76292706,FAC20250706116515
-0.16197199,-2.136453,-3.2248695,2.142326,2.067837,-1.576133,-1.0898432,0.043207172,FAC20250816129482
-0.64322424,-2.2351036,-0.557503,2.5144007,-0.669018,-3.2913868,0.5184719,0.3811365,FAC20250818061511
-3.1061795,0.25589687,-0.2538654,1.9599123,-3.0161204,-2.5871248,-0.32004285,-0.083818935,FAC20250621111507
1.3284588,0.84209394,-2.5347476,3.0813427,-0.3732654,-2.3172393,-0.40219724,-0.8896475,FAC20250828133507
0.6278225,1.6072903,-2.4372945,3.4351828,-0.30660772,-2.7110038,0.3239355,-0.97307235,FAC20250530023801
-0.5809315,-3.4017797,-1.0314412,2.886474,0.2714911,-2.8369915,0.23524824,0.013100403,FAC20250519015979
-3.449166,-0.14743754,-2.0033646,-1.0614876,-1.5465314,-1.1230568,-1.1200819,-2.5973778,FAC20250817130033
-1.5546134,0.82796514,-1.3077563,2.6393805,1.733799,-3.050748,-1.3224175,1.4023404,FAC20250421001781
-3.9819212,-1.7991748,-2.0031009,2.0961397,-1.6634933,0.50680894,-0.43062824,-0.61374444,FAC20250517013514
-2.0725503,1.4414165,0.10124661,-0.3164667,-0.7774448,-2.6448364,-2.9976883,-2.3347025,FAC20250529104246
0.14082028,-1.9848677,-0.11748296,3.6330292,-1.1192609,-1.282294,-2.67361,-0.62693995,FAC20250521016923
-0.030364478,-2.0174081,-1.8123224,2.7291365,-1.7471665,-0.96104836,-2.389251,0.12236782,FAC20250503006940
0.9432063,-0.97691953,-2.9168046,1.0921737,1.5397185,-2.0938208,-0.10280003,-3.41972,FAC20250619033471
-1.3117721,-1.6381875,0.7728238,3.3069184,-2.0487578,-1.3966496,0.39168838,-2.1390765,FAC20250617032683
-4.5454545,1.5183352,-1.689901,0.73130244,0.1879887,-0.59862787,-0.76378006,-0.9160495,FAC20250419000145
-0.2763028,1.2306187,-2.9651492,0.5547445,-2.2271376,-2.1665792,-0.71213526,-1.8563123,FAC20250630038657
-3.167125,0.11309599,0.54595816,1.946676,1.3936028,0.31252092,-1.0592792,-3.6805837,FAC20250519015034
-1.5310644,1.0410696,-4.123684,1.2146227,1.6488682,-1.3951224,-1.5843092,0.11599582,FAC20250531104853
-2.1204696,0.121515736,-0.8852391,2.72139,0.8638282,-3.172043,-0.64857197,1.7731471,FAC20250429005374
0.5153354,1.654381,-3.1966426,3.169965,0.23451065,-2.4795804,0.08637498,-0.79309595,FAC20250608028863
-2.9320753,-2.7089713,-2.4180124,-0.3926454,-0.3847705,-1.9963007,0.6281635,-1.3691013,FAC20250624112702
-0.23270062,-2.176655,-0.55465305,2.7022023,-0.33538875,-3.7504797,0.11553595,0.3678469,FAC20250607028242
-0.8785606,2.118295,-2.0320897,2.25452,-0.1361815,-0.7277011,0.6272157,-3.7172496,FAC20250507097036
-1.8482503,0.41494596,-2.8193579,0.35485986,-0.4706828,-2.6052957,2.0203295,-2.3314114,FAC20250523102137
-0.75987256,-1.238421,-0.8726829,-0.0023722262,-1.9131544,-3.8706794,-2.1294434,-0.37665173,FAC20250531023885
-4.2198224,-1.3587164,0.3240003,1.4215606,-1.8107519,-0.71394646,0.34840658,-2.822011,FAC20251002086324
-1.8555454,-2.013556,-0.24048404,-0.4157457,-1.5267514,-3.5854557,-2.1021805,-0.91766185,FAC20250419000094
0.46409404,-0.7275258,-0.99189657,3.5152798,-1.7192825,-0.42883718,-2.900252,-1.6504939,FAC20250817061152
0.5125751,0.80163914,-2.7344146,1.2959609,-0.6221396,-2.8643627,-3.411842,-0.32740992,FAC20250527103597
-0.70976543,1.7851577,-1.8251042,2.4329593,0.24870819,-1.0938928,1.0954008,-3.8439417,FAC20250619033756
-2.8572307,-0.70671487,0.3201005,0.8444303,0.40709585,-2.6654303,-4.0348396,0.15661335,FAC20250420091738
-2.0481758,-0.51567703,-0.5673045,1.5996771,-3.0573118,0.004952721,-2.096817,-2.5900598,FAC20250629037413
-1.4990392,-3.9721751,-0.17820883,2.2796986,-0.07065231,-1.7580733,-0.4531868,-0.7058533,FAC20251006146073
0.15908213,2.6145449,-1.2627758,1.1850679,0.59176743,-3.672293,-1.3306857,-2.250886,FAC20250617110445
-1.1222296,-0.50438,0.0058800788,0.85761476,1.396411,-4.9349427,0.18713182,-0.88867366,FAC20250615031884
-1.9588376,0.926793,-2.3843415,0.15797658,-0.5653467,-2.332112,1.6971773,-2.5790746,FAC20250607027292
-0.7152399,-2.1328118,-2.608345,2.2887251,-0.59956145,-1.6221396,-2.2491872,1.1917105,FAC20250629036984
0.5598363,0.10200272,-1.54349,2.7398803,-2.2671177,-0.6245322,-2.0927958,-1.508668,FAC20250708042939
-0.64218575,2.115671,-0.473119,1.7482786,-0.58962137,-4.4743323,-0.89065707,-0.6643312,FAC20250616109861
-1.6707535,1.0734354,0.8426449,-0.00083344826,-0.17799687,-2.6513991,-2.7369561,-2.9375722,FAC20250611108457
-3.4783905,-0.56428355,0.27886447,0.45507094,0.8408829,-1.9705588,-3.2638226,-0.1252091,FAC20250705040426
-0.9645099,0.32698262,-0.39643213,3.2907252,1.6354643,-1.0893232,-3.023758,0.26814124,FAC20250706041868
-2.177135,0.36138132,-1.6048214,0.79290575,3.189547,-1.5570095,-3.0000105,-0.7885094,FAC20251017149441
-1.7032278,-2.052258,-0.8178941,1.5300682,-3.139939,-0.4197057,-1.8190033,-2.2558732,FAC20251004145431
-0.4971021,-1.4635283,-2.64793,1.9845003,3.0426285,-0.86227155,-1.9444224,-0.695311,FAC20250922081384
-1.214438,-0.69128996,-1.7839121,1.2697451,-0.276899,-0.32197833,-4.8056097,-1.2477314,FAC20250914075240
-2.4321742,-0.97438926,-1.4918855,4.2633214,1.1447865,0.71014184,-0.64146596,-0.2824959,FAC20251012089643
-1.2539158,-0.8758395,-2.2334688,1.54897,3.656903,-0.9865477,-2.2528539,-1.1489133,FAC20250605025554
-0.0037873245,-0.28661367,-1.6299268,3.8829331,-2.20385,0.10722546,-1.8219367,-1.7168987,FAC20250422002801
-0.34398052,-1.1122297,-1.0104586,4.7284565,0.536314,-1.6725578,1.4282075,-1.2266039,FAC20250826132867
-2.5083463,-3.245336,-1.6099801,0.7364828,1.334202,-1.2150263,-2.467986,-0.024886945,FAC20250420000782
-1.5637027,-1.0029137,1.994462,1.8669087,0.9563732,-2.957996,-1.3438377,-1.010317,FAC20250714045745
0.28791246,2.4798841,-1.535955,1.4740231,1.0653312,-2.943455,-0.9974533,-3.066966,FAC20250524019700
0.96683836,-0.40302184,-1.8774775,1.9258075,2.8057513,-3.3326228,-0.82246894,-1.6260167,FAC20250429005380
-3.3392901,0.12722601,0.03203926,1.5971402,-2.534433,-2.2541707,-0.9807167,0.13907662,FAC20250922079176
-1.795998,0.76709884,-0.6872747,-0.10929547,2.62254,-4.107418,-0.8296208,-1.5711092,FAC20250823131902
-2.5230298,1.4132919,-2.2561438,0.058953464,-0.44303858,-2.5156252,1.5120229,-2.7283185,FAC20250819130463
-2.6199307,-3.1881382,-1.2225385,1.2914474,2.1577597,-1.6422952,-1.9887717,0.13747708,FAC20251009088853
-2.0621004,0.14749414,2.3541014,2.6049745,0.36476102,-2.118026,-0.68368626,-2.2160654,FAC20250828133513
-0.789328,0.8145877,0.16448744,2.20385,-1.6799234,-3.2833436,1.2113819,-2.560762,FAC20250817060219
-0.61197114,-0.6194601,0.32087266,2.094916,-3.1605394,-3.270784,-2.0478995,-1.1145601,FAC20250505007237
-2.7691703,0.6033942,0.64813006,0.94816405,1.0268009,-2.8164926,1.2349827,-2.582784,FAC20250421002113
-0.50755566,0.54605514,-3.1697028,-0.546911,-1.3863031,-2.6701055,-1.130734,-1.3967534,FAC20250717120005
-3.5726311,0.16121797,-1.563795,0.22488062,-1.0728422,-2.780696,-1.2241532,0.94469494,FAC20250817060171
-3.4560053,-2.4787288,-1.4634548,2.0452151,-0.48288122,1.1908242,-1.0365946,-1.9001054,FAC20250912074705
1.3991978,0.55514115,-1.5389755,4.0155473,-0.6411653,-2.6804473,-0.40058163,-1.2164792,FAC20250516100065
-0.852364,0.4292026,-1.8892086,2.0497434,0.6708644,0.782686,-3.527799,-2.192211,FAC20250726122725
-1.6866361,-1.2656919,-2.7638369,-0.29270118,2.7106621,-2.5817544,0.45739192,-2.2849553,FAC20250509009362
-3.5188143,1.877196,-2.9301875,0.023119574,0.8969671,-0.94411254,-0.97858816,-1.5251703,FAC20250605026319
-2.873308,-1.2075444,-0.4831544,1.084094,2.8070297,-2.009273,0.86163354,-1.266263,FAC20250530023154
0.6419978,-0.32374063,-0.5374381,1.3127962,2.471749,-2.3218505,-1.7535355,-2.4656637,FAC20250609107786
-2.129631,-3.4227467,-2.550806,-0.39191696,-0.67856723,-2.1897323,-0.0331857,-1.499811,FAC20250724122153
-3.9622695,-2.126358,-1.1995516,-0.49229625,0.30719936,-2.0914106,0.49348015,-1.1078509,FAC20250830133942
-2.981736,-0.37003425,-3.0959132,0.9479564,2.3162694,-1.6954477,0.032942515,0.2519195,FAC20250811127876
-1.6017747,0.8777952,-4.188551,1.2070969,1.8122902,-1.4015536,-1.6946346,0.09044068,FAC20250713045343
-1.3932493,1.2640777,0.21141005,4.2188377,0.03116114,0.012627854,-0.44943365,-2.5294063,FAC20250527103546
1.1455243,-0.8526891,0.17556763,2.0137405,-0.5251101,-4.3671875,-1.1241874,-2.1509757,FAC20250821063022
-2.452384,-0.1456213,-0.6178044,3.5690613,-0.11188926,1.1418562,0.13476485,-3.2009563,FAC20250515099801
-1.5168881,-0.066296905,-0.23593813,1.0580333,0.35433444,0.22621192,-3.3675957,-3.5761309,FAC20251007088438
-1.0529201,0.5487452,-1.3947613,2.1221278,0.6447281,0.79823726,-3.4280734,-2.5267322,FAC20250612108850
-1.4404727,0.42009988,-0.4777602,0.34421322,2.5500119,-4.1493397,-0.42422777,-1.2642359,FAC20250827066027
-3.5995543,-1.735851,-2.3391552,2.0779264,-1.8024274,0.27578887,-0.10097377,-0.5220473,FAC20250504096224
-0.29668123,2.4093423,-0.9716267,1.427121,0.38451597,-4.31861,-1.3297905,-0.9866941,FAC20251001084934
-1.1736958,-2.0054102,-2.2126365,0.31191853,1.5976005,-2.5125132,1.1449754,-1.373329,FAC20250528103840
-3.2237656,-0.33925566,0.9409256,1.7915701,-1.244198,-0.9585927,-2.9196548,-0.50748694,FAC20250519014414
1.5721943,-0.053427123,-2.162518,3.3636117,-0.7097262,-2.4101555,-0.059207723,-1.3902538,FAC20250623112161
-2.3193812,-4.095524,0.2205222,1.8911502,-0.45486397,-1.4782844,-1.1797411,-1.1283206,FAC20250704115807
1.1215273,1.1018884,-1.9468457,3.7271178,-0.39297184,-2.7615988,-0.2019749,-0.9830523,FAC20250611108373
-2.4139996,-2.2471988,-2.344595,-0.06670321,0.3619819,-0.14701526,-1.7912914,-0.6567815,FAC20250713045519
-1.2308391,1.2966075,-3.8953915,1.4793304,1.7065532,-1.1910226,-1.8422962,-0.12489915,FAC20250822063733
-0.13008693,-0.68638,-1.3957074,1.216773,-1.8185848,-0.8278375,-0.6074149,-4.693998,FAC20250907136728
1.4316761,0.48104504,-1.6712396,4.0619044,-0.66113764,-2.6217182,-0.38026327,-1.3617216,FAC20250513011752
-2.4959598,-1.062834,-1.5502484,4.3094945,1.1251056,0.6626442,-0.6668102,-0.2732954,FAC20250606106887
-0.26963475,-0.015766459,-0.21315975,1.2647482,-1.3576127,-1.9036925,0.19037645,-4.4808955,FAC20250610029736
-1.2039006,-2.1868103,0.43302366,2.8257096,-2.656175,-0.97208375,-0.6328104,-2.7047045,FAC20250506007610
-0.8387858,0.9890581,0.32943892,2.0528188,-1.66268,-3.3066356,0.99926555,-2.6516619,FAC20250914139046
-2.616645,-3.109368,-1.68545,0.82359457,1.6603699,-1.4231517,-2.1896675,0.16855209,FAC20250607027744
0.16032705,-2.9147673,-2.1900353,1.932145,-1.8568761,-1.9968907,0.46283707,-1.9028276,FAC20251005145632
-1.3768842,-1.782258,0.4941808,3.401601,-1.338843,-1.1625636,1.0130873,-2.1258335,FAC20250907136512
-1.0404809,2.7408342,-0.49884376,2.6108654,1.7433606,-1.4425652,-2.5281544,-1.9252855,FAC20250513012079
-3.2361917,-1.5413995,-2.260409,2.049765,-1.8723137,0.16560334,0.3280706,-0.79533225,FAC20250528103723
-0.99596924,1.4150922,-3.9329758,1.8415849,1.8232825,-1.1495506,-1.4560146,-0.3375088,FAC20250721121147
-2.0219123,0.16626522,0.019495388,4.021239,-0.2437828,-2.5352497,-0.18028104,1.1142682,FAC20250825132458
0.7074934,-1.7957348,-3.7423272,2.3853805,-0.24064785,-0.21705288,-1.7698133,-1.8291905,FAC20251004086969
-0.6468737,-1.7587293,0.6651705,1.4368693,1.2402686,-3.8357806,-2.574301,-0.22789939,FAC20250424092818
-1.2690973,-1.9495354,0.22345047,3.7398376,-0.19069594,-1.3229653,1.5446948,-2.274987,FAC20250725049876
-0.26698133,-2.0578985,-2.866276,2.2503526,2.616462,-1.1125717,-1.7054753,-0.41129065,FAC20250621034529
-2.3988407,-0.794209,-2.8385465,0.078476354,-0.5969695,0.3183733,-0.2395793,-3.8609765,FAC20250812128155
-0.8093779,-0.22964461,-0.92991745,3.185678,1.695902,-0.79850405,-3.4926267,0.2103297,FAC20250922079336
-2.0176477,-0.05955322,-1.5625417,0.78336453,3.1779187,-1.4521128,-2.8754556,-0.71132183,FAC20250712045076
-4.624071,1.3247794,-0.567888,2.1949322,-0.74099123,-0.43815595,-0.23258317,-0.9022479,FAC20250606027184
-2.483934,1.49726,-2.8636215,-0.2859485,1.7640711,-0.9806073,-0.8283184,-2.3339403,FAC20250608028972
-0.35029575,1.4359826,-2.7093008,0.87730896,-2.6983252,-2.559374,-0.4391575,-2.0254076,FAC20250914075194
-2.2509718,0.45489302,-1.7139609,2.6406808,1.266947,1.3230841,-2.4167795,-1.5547583,FAC20250617032316
-2.4705024,-3.1505716,-1.3540411,1.4936913,0.44917324,0.39549536,0.01751914,-3.030234,FAC20251005087285
-3.042703,0.7361087,0.6100723,0.78985226,1.1632831,-2.896148,1.065087,-2.4189801,FAC20250928143339
-1.2178999,-1.118789,1.8548349,2.0872858,1.191239,-2.5820055,-1.1720966,-1.1149315,FAC20250615031923
0.007675659,-0.12899259,0.6596117,2.0615497,1.8343092,-4.157136,0.070714764,-2.2615092,FAC20250819061811
-0.3552293,0.16646016,0.6546364,2.1506457,2.0794644,-4.526521,-0.025718115,-1.9610432,FAC20250428004612
-3.5520306,-0.85284126,-0.9828809,-0.59674895,-2.2184632,-1.6762624,-0.3699519,-2.2602832,FAC20250513012198
-0.8508769,0.9823717,0.4160423,2.160499,-1.4038161,-3.7262282,0.98847455,-2.1338234,FAC20250716119563
-2.6452787,-2.592188,-2.287472,0.47618666,0.7580032,-1.001055,-2.0705721,0.28832856,FAC20250614031379
0.08658643,-0.4002156,-2.4110768,-0.4184233,0.039318487,-1.9446858,-3.595441,-2.7349017,FAC20250827066013
-2.545521,0.4541951,-2.0249264,2.3842013,1.3200523,1.3264076,-2.3788052,-1.70546,FAC20250530022704
-2.8799405,-0.036012214,-3.2233307,0.93991876,-1.2837465,-2.0681586,-0.87127346,1.210881,FAC20250708116915
-1.8189486,-2.4909282,0.4189787,0.09936299,-1.4327242,-3.482263,-2.0420272,-1.1713496,FAC20250601024584
-3.110541,1.1965823,0.7038913,0.7308854,0.7410568,-2.9997337,0.65190953,-2.111616,FAC20250904135585
-1.8559623,0.38526484,-2.8861575,0.76610667,-0.3505433,-2.28423,2.2377524,-1.9866796,FAC20251011089202
-2.6698465,-0.87305856,-0.4744684,-0.4267826,-2.3513012,-2.417316,0.0036726638,-3.0769765,FAC20250603105644
-2.7913876,-0.36490378,-1.4328152,3.3025682,1.4639069,0.960774,-1.5893258,-0.4888327,FAC20250530022915
0.06706862,-0.59577614,-2.307577,3.1102138,-2.4407651,-0.39969552,-1.6119895,-0.6185002,FAC20250521018129
-2.732273,1.777589,-2.3726685,1.5894637,-0.17933582,-0.3030766,1.1955049,-3.2060952,FAC20250921141098
-2.65949,0.33234325,-1.7376258,2.620092,1.3968192,1.3220875,-2.3802226,-1.5186832,FAC20250625035951
0.54665893,-2.3490496,-2.0482557,2.4561899,-1.7555135,-2.1179092,0.9455531,-2.2114913,FAC20250428004220
1.4132285,-0.42619324,-1.082201,4.1221156,-1.2430688,-2.2777972,-0.17277074,-2.158456,FAC20250630037690
-0.35254788,-2.3977702,-0.677413,2.8444192,-0.47709304,-3.606821,0.1934409,0.3456958,FAC20250827133068
-1.6001437,0.20573854,-1.2085773,0.7009492,-3.2273064,-1.483696,-3.1443644,-1.8474628,FAC20250724122280
-2.2214875,-2.155301,-0.15663548,-0.5738762,-1.1174818,-3.5603528,-1.984567,-0.8913567,FAC20250428004620
-1.4129318,0.45970538,-3.1305943,-1.2738879,0.07485402,-3.3213089,-1.5993716,-1.3215057,FAC20250421001108
-0.017132107,2.4994752,-0.56169975,1.5773616,0.31510106,-3.9258244,-1.1145313,-1.6734875,FAC20250823131888
-1.0003773,-0.88562536,-1.1266959,1.5358617,0.24126637,-0.32417545,-4.667384,-1.167806,FAC20250605106521
-2.9354026,2.0170841,-1.7630677,0.2124465,0.96649826,-0.54515475,-1.0230763,-1.7110487,FAC20251012147972
-1.070624,-1.6330006,-0.64239717,-0.7222131,0.6993267,-1.9770913,-1.1799254,-4.360163,FAC20250630038685
-0.8537425,-2.195361,-3.164194,2.9813337,-1.739846,-0.42787567,0.82736045,-1.4764606,FAC20250604106217
-3.7340605,0.40212503,-1.1475524,0.098423615,-1.0918851,-3.3461096,-1.2087059,0.5971787,FAC20250815058339
-3.2808821,0.78306836,-1.2644843,0.8570848,-1.5654637,-2.690605,-0.44481385,0.8156398,FAC20251011147538
-1.0241618,-2.9067285,-1.4018716,1.5870697,1.8826469,0.11162185,-2.7671556,-2.840195,FAC20250802125204
-3.1389658,1.3354107,0.446082,0.9705357,0.91498744,-3.123759,0.8979351,-1.9567251,FAC20250711118170
-2.6863012,-3.0244443,-1.046668,1.5552573,2.392937,-1.9203395,-1.6973908,0.3289482,FAC20250510009668
-3.166593,1.4424901,0.5200497,0.71255237,0.6935629,-3.1199412,0.58088636,-1.974097,FAC20250805053298
-3.8120074,-0.20060344,1.2136022,1.6741086,-2.0729043,-2.1186767,-1.6925112,-0.6223428,FAC20250528103695
-2.1342428,-1.7343719,-0.5753187,-0.91067016,-0.9591542,-4.1425266,-1.754366,-0.9646325,FAC20250424092920
-2.3696542,-0.94907737,-1.7124629,3.7961254,1.3993218,0.7164536,-0.6576621,-0.28007972,FAC20250805053527
-0.66968846,0.1724416,0.9242697,0.48209357,1.310946,-2.4821148,-2.4106019,-3.0136511,FAC20250606026715
-0.8645567,-0.61661804,-2.0297005,1.6489908,-1.2297097,-3.7156134,1.3954606,0.01146942,FAC20251010088992
-0.7572919,-0.6203684,0.46576485,3.6313312,1.3433217,-1.2896,0.7347459,-1.0863569,FAC20250822064015
-0.6133031,-2.7979789,-1.2190431,2.6530252,1.5921984,0.38847283,-1.8875384,-2.4357512,FAC20250725122620
0.5592437,-0.38793653,-1.019068,-0.20871948,-0.5392107,-2.5431201,-2.5272949,-3.6288462,FAC20250421002124
-0.7195964,-2.4209843,-1.4767056,-0.643672,1.453339,-2.0555909,-2.1757019,-3.110868,FAC20250625036045
-1.174587,-0.08577507,-0.32136026,1.4534804,0.44351986,0.08744856,-3.9359653,-2.3195596,FAC20250502095554
-3.1242397,-2.0351336,-2.2567294,2.4311078,-1.3132224,0.7158209,-0.21145488,-0.80178976,FAC20250805126029
-0.59232295,-2.511037,-2.4631684,2.6215823,-0.5800518,-1.6016351,-2.2934327,0.99632365,FAC20250916139613
-1.7669793,-0.6255336,2.043911,1.9759071,0.94369465,-2.6793964,-1.0305042,-1.1270677,FAC20250606027105
-3.7696817,-0.07716054,-1.2929696,0.14813721,-1.2172772,-2.9814253,-1.4501865,0.7523295,FAC20250922079783
-3.3418634,-1.4990704,0.5617449,0.43027258,-1.6131235,-1.3551507,-0.083601475,-3.3337646,FAC20250530104481
-3.2243063,0.544941,-2.2631767,2.0966935,-1.2380005,-0.84500366,-1.8870393,1.2556185,FAC20250506007633
0.74416363,0.69361395,-2.4895313,1.5465199,-0.0460769,-3.1621113,-3.539609,-0.31875524,FAC20250529022389
-1.4741206,-2.8683228,-1.3990691,1.2646149,1.0313966,-3.0546975,1.7690552,-1.4064362,FAC20250618110716
-3.2398176,-1.8515378,-1.3698941,1.2531537,2.5827875,-1.0493058,1.0303618,-1.8713236,FAC20250915139174
0.40721586,-0.42742193,-2.081323,-0.19550619,0.42442054,-1.9613056,-3.4026532,-3.0221825,FAC20250627113632
-4.0465035,-1.7904451,-2.132243,1.9849395,-1.4015173,0.3218043,-0.46469855,-0.42635998,FAC20250428094119
0.51662403,0.38916305,-1.7840804,0.1567541,-0.5205977,-2.086771,-3.3419378,-3.5129876,FAC20250423092720
-2.2145238,-1.2394938,-1.4720496,3.9064975,1.9474645,0.04454958,0.2611439,-0.4495841,FAC20250804053155
-3.0902543,-1.5726476,1.0719117,3.8971317,0.46897617,-1.2658218,-1.3947697,0.25139892,FAC20250605106420
0.13271944,-1.750908,-1.8211823,-0.30586904,0.7457307,-2.5014753,-0.3286917,-3.740823,FAC20250519015811
-0.5777444,-2.4672668,-3.0056698,2.9742792,-1.4807087,-0.61683047,0.6644963,-1.0978132,FAC20250814128915
-3.369262,0.25869727,-0.8681004,0.4211689,2.3118668,-1.1422801,-2.9707108,-0.7449256,FAC20250721048341
-3.0455875,-1.0999348,-1.4742805,-0.61132145,-2.7539325,-2.335319,-0.041306168,-2.289938,FAC20250804052795
-1.1394937,-1.6886829,0.28068072,2.2266052,-2.8622186,-0.8082328,-1.1924189,-2.37415,FAC20250420000966
-1.6063613,-1.8795898,-0.3087151,2.1040142,-3.2426362,-0.5113119,-1.2568158,-2.239454,FAC20250525021145
-2.516677,0.5669116,-2.0130622,2.3525062,1.2725228,1.3105991,-2.5111065,-1.8159598,FAC20250814128816
-1.7631204,-0.790824,-2.657212,-0.48331314,2.5930684,-2.0478985,0.08586963,-2.2553911,FAC20251015148947
-1.6259198,-1.0655876,-2.6129358,-0.13846956,2.6405585,-2.3694444,0.5555533,-2.233662,FAC20250824132147
1.3947937,-0.29540813,-2.565758,2.9738872,-0.7679069,-2.3849251,0.25679252,-1.2231998,FAC20250716046240
-0.85001075,-0.3245229,0.3006354,1.5136664,1.5429173,-4.8726454,0.29729247,-1.1346848,FAC20250909137215
-2.6510186,-1.2328324,1.1999214,4.19081,0.48442474,-1.3936071,-1.426643,0.1695872,FAC20250922141482
0.31712854,-0.24202016,-1.8212461,-0.2454686,-0.36217612,-2.1770487,-3.2704246,-3.3129215,FAC20250831134274
-3.1359696,-1.1712751,0.6482833,0.44769806,-1.2610443,-1.0778198,-0.33802137,-4.010676,FAC20250608107538
-0.06399033,-1.1965976,-2.1467927,-0.54267013,0.8787969,-1.8975455,-3.2511382,-2.8241208,FAC20250501006199
-2.479924,-0.01369439,-1.2707864,0.5234222,2.7073936,-1.2495823,-2.8394125,-0.53250134,FAC20250922080850
-2.9933102,0.26809293,-0.8487087,0.2734123,2.3225906,-1.4425846,-3.0577927,-0.71860164,FAC20250804053013
-2.9091148,-2.0856936,-2.1409585,2.0583029,-1.1431295,0.4421908,0.80943483,-1.3571907,FAC20250713118617
-1.2815711,-2.7451985,-1.5142365,1.7032944,1.8986351,0.40103877,-2.6317136,-2.7225413,FAC20251011147596
-1.2754226,-2.4347532,-1.978213,0.77722204,2.3901243,-3.2862935,0.88677573,-1.253784,FAC20250807055175
0.6702978,-1.9707558,-0.092739284,1.4069167,-0.2134193,-4.3211966,0.004216829,-2.5525253,FAC20250822064074
0.7808363,-1.8305155,-3.6449149,1.4413582,-1.0036081,-0.82657754,-1.5528088,-2.104394,FAC20250804125699
-2.8810897,2.4284718,-2.9395416,0.02782266,0.4082382,-0.8773847,-1.7133884,-1.9838064,FAC20250527022111
-4.027508,-1.6556861,-0.89936554,0.8889636,0.12244672,-2.253209,1.5118716,-0.45501384,FAC20250613030245
-0.8437818,-1.8219862,-0.72911656,4.0379653,0.9231844,-1.0511372,1.5097733,-1.5024496,FAC20250703115321
-0.5064823,1.1024832,-2.6987996,-0.29180822,-1.8610872,-3.0296,-0.93689835,-2.021839,FAC20250603105707
-0.3079518,-2.452748,-0.8559083,3.1081724,-1.1932762,-1.5906795,-2.9191782,0.3168713,FAC20250918140170
-1.0111809,-1.4805101,-2.7039416,3.0260854,-1.8498951,-0.09715519,1.010148,-1.627527,FAC20250922082088
-0.83187884,1.7774569,-2.2710748,1.7467115,-0.10710362,-1.1475855,1.2393421,-3.352237,FAC20250422002803
-0.5039522,0.16545081,0.2684966,1.6008315,2.0103624,-4.6306987,-0.06512676,-1.5927731,FAC20250607028515
-1.0699773,-0.5171035,-2.3158426,1.9787562,-0.832221,-3.364842,1.8886503,-0.030418854,FAC20250720047881
-1.5607781,-1.9425,-1.9993795,0.2401373,3.224368,-2.8348215,0.16064529,-2.0827777,FAC20250615109788
-3.5373716,-0.5448651,0.32107145,0.18027309,0.89438516,-2.3572173,-3.0605273,-0.25762194,FAC20250607027710
-2.1219277,-1.0844542,-3.260117,-0.061764862,-0.2689022,0.23728487,-0.37556604,-3.4058852,FAC20250429004748
-1.7328424,-0.37015024,1.8575749,1.7166675,0.6278502,-2.417046,-0.7963488,-0.7728516,FAC20250530023035
0.25958472,0.56020385,-2.200026,2.4450004,-0.7331561,-2.9294953,-3.1926613,0.65997857,FAC20250419000360
0.91686654,-0.6324695,-0.7266895,2.027187,2.6401987,-2.5065618,-1.9399303,-2.0481553,FAC20250522018295
-3.5668576,0.40157184,-0.5654003,1.8975861,2.8825452,-0.18515827,-0.16900073,-2.4010227,FAC20250912074192
-0.24967904,-2.29113,-1.5470641,2.643155,-1.4807327,-1.286344,-2.6173937,0.34747982,FAC20250804052756
-3.3297126,0.5950194,-2.4204743,2.821344,-0.68631524,-0.5696444,-1.3314087,1.2360855,FAC20250901067794
-0.7397437,-3.9110272,-0.36943975,2.6197534,0.402768,-2.256178,-0.34746936,-0.67680407,FAC20250705039993
-1.0500363,-1.8826376,-1.238279,-0.9709863,1.2358502,-1.8316348,-2.0146887,-3.4819255,FAC20251010147186
-0.9571295,-0.2542616,-0.76519763,3.6355581,2.7787228,-1.9195802,0.64486426,-0.6641267,FAC20250419000158
-0.41179565,0.4016497,0.5607662,0.56163514,1.3995694,-2.424903,-3.0765789,-2.2254345,FAC20250926083778
-2.0180185,-1.545524,-1.5200572,0.5540345,-0.8999676,-0.088503405,-2.319058,0.11826628,FAC20250827066656
-2.401206,1.5383512,-2.2212527,0.04559555,-0.48135957,-2.5759096,1.3461037,-2.6131437,FAC20250919077671
-2.1649652,-2.1184192,-0.23164266,-0.5473689,-1.3605417,-3.4300926,-2.0870636,-0.8757925,FAC20250606106814
-3.5024064,-0.049098592,-0.33150935,1.6717659,2.7483585,-0.2318447,-0.29973415,-2.5295966,FAC20250804125664
-1.1481009,-1.8650544,0.26807138,3.721791,-0.37764728,-1.1729326,1.4068846,-2.245843,FAC20250521101448
-3.273887,-2.5267386,-1.9427822,-0.7364678,0.02082169,-2.1877494,0.36075324,-1.3877249,FAC20250922078932
0.63738424,0.71952134,-2.3399863,1.4820544,0.21364741,-2.9469337,-3.70588,-0.39727944,FAC20250705041424
-1.8239328,-0.103756174,2.3261216,2.5233886,0.6286497,-2.1674495,-0.83446765,-2.0544066,FAC20250429004647
-2.7258155,-1.04329,-0.59428644,-0.8162693,-2.0084352,-2.1984365,-0.3882847,-2.7940924,FAC20250904070381
-2.387822,-0.96887904,-2.810861,-0.19404212,-0.45270061,0.03575964,-0.059055716,-3.8949387,FAC20250729050857
-1.2896055,2.8706822,-0.2611454,2.5937068,0.64764327,-1.5023367,-2.8722184,-1.6417797,FAC20251002086359
-3.9712524,-0.041133713,-0.74842656,1.9455444,2.2298965,0.010196538,0.3766438,-2.2077515,FAC20250530023788
0.06921627,-2.0606666,-2.4414613,2.5127697,0.72208846,-1.2021825,-1.7817315,0.6198782,FAC20250514099308
-1.5481969,-0.055175237,-2.9190838,1.8147,0.04896549,-2.0767198,2.359291,-1.1635804,FAC20251008088795
-2.0154948,-0.21894325,2.2619834,2.4826689,1.0330907,-2.0650501,-0.9549293,-2.3624501,FAC20250906072009
-0.42380825,-1.4404672,-2.1393514,-0.7244416,1.233559,-1.7546839,-3.0934322,-2.7649608,FAC20250718120280
0.45686528,0.76349646,-1.9246383,3.3248029,0.35025933,-0.09627616,-0.5136312,-3.6936655,FAC20251015090172
1.359509,-0.85537577,-0.27096844,1.5278221,-0.69820243,-4.100023,-1.4932286,-2.4784,FAC20250825064824
-0.937274,-2.8520267,-1.0343217,1.9280953,1.6948133,0.27780327,-1.6975245,-2.8176003,FAC20250801124750
0.39173263,-0.81477505,-1.8354734,1.1123266,-1.6931777,-0.87758416,-0.56998765,-4.007218,FAC20250428004544
-2.0875955,1.1470394,-3.023582,-0.15452668,2.0873883,-1.1071204,-0.58814484,-2.5962925,FAC20250513098941
0.090202816,2.4332416,-0.8769905,1.2523022,0.40255913,-3.9663296,-1.2166882,-1.9933723,FAC20250609029346
-0.93896186,-3.9890182,-0.112505436,2.5564494,0.41704887,-2.1416376,-0.54518366,-0.8494506,FAC20250918140151
-1.3305795,0.27151605,-0.70639604,1.4460487,0.50041,0.61285555,-3.1935966,-3.1948998,FAC20250922082201
0.9710207,0.19510488,-1.2623552,0.48949197,-0.68267155,-2.4695113,-2.9841805,-3.3797789,FAC20250922141612
-3.0699759,0.09468747,-0.07924321,2.191093,-3.0496716,-2.3761888,-0.37433332,-0.06971332,FAC20250601024246
-0.12901586,-0.018468367,-2.0209572,3.7112746,-2.4997888,-0.13359621,-1.5256513,-1.4445893,FAC20251011147715
-1.1144007,-2.0496907,-3.0356627,2.557691,-2.440094,-0.9247919,0.5218,-0.73086125,FAC20250617032922
-0.74956447,-0.5466859,0.051346418,0.61651224,1.1741781,-4.73959,0.060960177,-1.1139485,FAC20250507097160
-0.5317125,-1.4533967,-2.6190352,1.9744674,2.8758767,-0.87375826,-1.8409313,-0.50205415,FAC20250510009998
-1.9502356,-3.4626637,-2.02325,1.4520011,-1.0713239,0.46238372,-0.445542,-2.2149742,FAC20250615109529
-1.6351087,2.3391948,-0.34408444,1.2354442,-0.40862727,-1.9763777,-3.2990792,-0.9954882,FAC20250607027826
-2.1600456,-0.9081331,-2.3536317,3.0797298,-2.1745043,-0.046092473,0.92943054,-1.0536457,FAC20250927143171
-2.7669332,0.85298276,-3.564929,1.8480014,-0.58545876,-2.0003667,0.112775676,1.0466013,FAC20250922082185
-1.2307024,-3.0722828,-1.4494565,1.3370961,1.8301508,-0.020045256,-2.8324974,-2.6926649,FAC20250706116412
-0.98840046,-1.1164476,-1.077124,-0.14483564,-0.46468237,-4.954154,-0.8565563,-0.11964523,FAC20250505007507
-1.4645591,0.9579547,-1.406222,1.9618937,0.8396509,0.9341717,-2.993903,-2.902444,FAC20250609029213
-0.5703477,-2.4140615,-1.1341702,-0.58758754,1.1461363,-2.1073909,-2.2422855,-3.2025108,FAC20250806126188
-3.0328352,-0.6573614,1.0548011,1.851413,-0.548216,-0.93755704,-3.3958955,-0.75305456,FAC20251010147429
-0.9416762,0.29929793,-0.3646937,1.3720294,-3.458093,-2.2755222,-2.5990977,-1.8050486,FAC20250611108270
-2.0232222,-0.4770979,2.1616359,2.2651865,1.3100883,-2.3745244,-1.0757282,-1.5051293,FAC20250513099018
-3.6830583,-1.9098624,-2.0553844,2.1300056,-1.223914,0.5469347,-0.2312687,-0.6061832,FAC20250714118916
-2.9433804,-1.5821493,0.5258957,0.13297258,-1.5669938,-1.6173683,-0.12845895,-3.2626493,FAC20250705040999
-2.3045223,-1.1474235,-1.3152461,4.304037,1.228987,0.5529644,-0.57318723,-0.33261552,FAC20250913074958
-0.22745162,-1.7254035,-1.9790902,0.20947538,-0.99419063,-4.23111,-1.9535943,0.104507856,FAC20250521017007
-1.5407504,-2.9664352,-1.6020975,0.6368812,0.7294806,-3.3431528,1.3498297,-1.3129282,FAC20250729051472
-3.9890578,-0.6196713,0.20317845,1.3396502,-2.0346956,-2.0516326,-1.393127,0.3537881,FAC20250530023158
1.1325898,-0.68240386,0.19176999,2.0520282,-0.6639296,-4.392398,-1.1910785,-2.2090807,FAC20250725050082
-2.0990407,-1.7194722,-3.4788032,0.12166526,-0.96662754,-0.30853125,-2.7524745,-0.6901919,FAC20250506096713
-3.7147107,-1.3685627,-2.6798043,1.1157326,2.3655434,-0.78878343,0.47717854,-0.7675853,FAC20250424092819
0.21225438,-0.45907322,-2.0854037,-0.34418783,-0.22256863,-2.0053322,-3.4033334,-2.8114958,FAC20251001085000
-1.968836,-0.4330496,0.99698615,1.4974455,1.7251116,-1.3492118,-3.6776679,-1.0447316,FAC20250519015579
-3.1607149,0.65570176,-2.8172972,2.2656913,-1.0421804,0.08740282,-2.1536117,0.47797102,FAC20250827065991
-1.3270471,0.07998386,-0.88641745,0.8620238,-3.2264812,-1.5937462,-3.0170164,-1.733608,FAC20250421001782
-2.5431082,-0.61457354,-1.3076289,3.9631722,1.3243372,0.93478346,-1.3598323,-0.49554688,FAC20250428094048
-0.34808418,-0.0066834595,-0.074442,1.2251056,-1.2952101,-2.2200928,0.37547868,-4.547866,FAC20250829067114
-2.7388694,-0.8905821,0.9070032,1.6352946,0.30022526,-1.6385014,-4.016551,-0.39041117,FAC20250902068022
0.15638337,2.5595758,-1.5144048,0.9801306,0.74822193,-3.4914577,-1.310642,-2.9188848,FAC20250822064247
-2.0409606,1.5069641,0.33765638,-0.24062309,-0.7240248,-2.563976,-2.6814854,-2.7977376,FAC20250515012464
-1.5850283,1.417876,0.24370953,-0.23879649,0.055648625,-2.5727162,-2.8866916,-2.6170306,FAC20251001085506
-3.1119812,-0.435224,-2.799228,0.15938504,-1.2117283,-2.5085738,-1.2158223,0.9803355,FAC20250713045475
-4.698527,1.3229766,-0.3343572,2.0966592,-0.44058332,-0.47004926,-0.3592153,-0.8832793,FAC20250827066680
1.3008916,-0.7925968,-1.3191795,3.6238303,-1.5751203,-2.1958647,0.17913556,-2.1801622,FAC20251005145752
-2.2599442,-3.2682817,-2.4306645,-0.2703047,-0.52847093,-1.9103907,0.11482742,-1.35084,FAC20250606106807
-1.4463475,1.9592881,0.077938534,4.238371,0.031625368,-0.47656295,-0.58244616,-1.9154695,FAC20250523018532
-1.6620849,-1.3767711,-2.447702,-0.19875827,2.9712903,-2.542709,0.23064685,-2.183183,FAC20250517013634
0.7028069,-1.4385712,-3.6539645,2.808902,0.24403527,0.04489129,-1.7345206,-1.800249,FAC20250706042484
-0.88059926,-0.67190325,-1.3536754,2.3353987,0.9983486,-0.54802704,-4.500116,-0.40444022,FAC20250606106661
-1.9802316,1.7761765,-0.10745069,-0.058025345,-0.6003019,-2.4817455,-3.2000332,-2.0539615,FAC20250520016496
-4.4209523,-0.42275998,-0.57043636,1.889122,1.4156828,-0.77171016,1.0271204,-1.1269394,FAC20250803125497
1.0965914,-0.6348443,-0.08722353,1.6060807,-0.56538653,-4.4094825,-1.0488368,-2.1007454,FAC20250806054471
-2.955358,1.853789,-1.0909334,0.30057403,-0.12555838,-1.6139555,0.6560153,-4.050562,FAC20250421091930
-1.8910309,-0.36122307,0.9710408,4.257167,0.0055197757,-1.9589612,-1.1924868,0.579661,FAC20250922080707
-4.03907,-1.916457,-1.302121,0.51791424,-0.24482168,-2.1584356,1.5035543,-0.888311,FAC20250914075208
-0.33681893,1.2307218,-3.0613503,1.9414182,-2.6383965,-0.78188187,-0.86483514,-1.8808692,FAC20250927143099
-0.67107254,-1.9791492,-1.5427908,-0.865703,1.1005422,-1.9074051,-2.4676046,-3.0530257,FAC20250619033729
-1.3552271,-0.5567599,-2.7478278,2.4084532,-0.30311325,-2.6911173,2.2158072,-0.26988608,FAC20250809056189
-1.069884,1.4326754,0.16382493,0.849498,-0.23666452,-2.1744936,-3.789219,-1.3410238,FAC20250515012688
-0.28261995,-2.3156567,-1.7754527,2.8356059,-1.2335868,-1.2054846,-2.382218,0.4791067,FAC20250614109400
-1.3426765,-1.4184309,-0.7373427,1.0606815,-0.37472177,-0.08904985,-4.349064,-2.1854506,FAC20250428004287
-0.5544531,-0.18119088,0.13699985,1.9565773,-3.2616956,-3.0110726,-2.0490055,-1.3807713,FAC20250523018622
-1.8236411,1.0019181,-0.83801293,3.1492455,1.9394087,-1.7706971,-2.3639338,0.86592287,FAC20250609029287
-1.5691086,0.57514054,-0.62818843,-0.29058003,2.2412126,-4.184112,-0.82828504,-1.5716487,FAC20250701039109
-2.5367692,-0.7920116,-2.53461,-0.32475403,-1.0692157,0.25623208,-1.0535651,-3.0227711,FAC20250825064943
-1.4103272,-0.5259611,-3.2846725,1.9333988,0.31846082,-1.681729,2.449828,-1.640099,FAC20250519014430
0.20186667,0.49375433,-2.1949215,2.2772374,-0.6495887,-2.9570057,-3.2848082,0.67024446,FAC20251006087640
-3.760856,0.0003473448,1.0930523,1.5300974,-1.1827087,-0.51580685,-2.3930042,-1.7060211,FAC20250525021107
-0.4945047,0.31116655,-0.73678696,3.8546226,2.005705,-0.50664544,-0.16444875,-0.7321816,FAC20250905071134
-1.780589,-0.93145275,-2.464468,3.032747,-2.1475651,-0.18470295,1.1291074,-1.304748,FAC20250601024052
1.1492347,-0.8092929,-1.7016891,1.007862,2.1816707,-2.6421149,-1.2572709,-2.2695584,FAC20250923141938
0.6992292,0.70853,-2.7058403,1.3271482,-0.3444484,-3.1519544,-3.5254984,-0.49858147,FAC20250627113403
-3.6306036,-1.5170681,0.6593371,3.2155223,0.51851445,-1.5661469,-0.9810861,0.70145595,FAC20250817061376
-0.13793468,-1.8768954,-2.8469577,2.0709593,2.2966337,-1.3876501,-1.5410175,-0.061724894,FAC20250926083618
-2.996259,-2.9364035,-1.5884931,1.7542056,-0.20119186,0.95881385,-0.7449732,-2.2392135,FAC20250621034532
0.82085454,0.39195666,-1.36261,0.569325,-0.53166944,-2.1444902,-3.173278,-3.8156374,FAC20251004145435
0.053804763,-2.2665956,-1.7093775,2.6407335,-0.5868736,-1.0776976,-2.4412718,0.2569095,FAC20250907072729
-2.6383638,2.762557,-0.9854174,2.4938164,1.1179962,-2.605215,0.4831509,-0.50371325,FAC20250913138743
-3.8791008,-2.0373597,-0.4267348,2.6009464,0.77419776,-1.5825437,-0.9889272,1.2048798,FAC20250506007757
-1.4270355,0.66829,-2.4707675,-1.3232912,0.14701691,-3.3932137,-1.5886079,-1.6243057,FAC20250902068383
-1.9462116,-0.16916555,0.4984853,4.050173,-0.46447432,-2.5268958,-0.45481074,0.9151856,FAC20250910137491
-2.7337167,-1.9408292,0.09082825,-0.44035125,-1.4541212,-1.3998945,-0.5603534,-2.7832115,FAC20250827133152
0.110284984,-0.2195815,-1.5822179,3.7461371,-2.2172697,-0.055986993,-1.9998565,-1.7891542,FAC20250822063588
-1.2915918,-1.241688,-2.286689,2.9166868,-1.7601924,0.10763034,0.7508558,-1.1020569,FAC20250617110206
-0.11731738,0.9166205,-2.300465,3.2143526,-1.0639821,-1.8610306,-2.9380019,0.6007792,FAC20250809055960
-4.1611147,-0.3559404,-0.25259617,1.5955057,1.8898044,-0.4322313,0.5035187,-1.7425642,FAC20250619033512
0.46383044,-2.1955256,-1.2598428,0.9123752,0.40927643,-3.898855,-2.709768,-0.34990028,FAC20250902068579
-3.9381113,1.312457,0.7062642,2.0140808,0.06985276,-0.8043714,-0.6776541,-1.0401398,FAC20250530104655
-1.0955026,-1.0366137,-1.3321885,0.61200774,2.3932362,-1.813607,-2.6741648,0.15268765,FAC20250622111939
-3.4375415,-2.3959646,-1.2993371,0.1309907,0.1787785,-2.2873085,1.1289538,-0.94267315,FAC20250916139561
-1.0719409,-1.5078276,0.862798,1.4746196,-2.4408357,-3.4310598,-2.4266868,-0.9669214,FAC20250522018237
1.3563275,-0.67213106,-0.032053847,1.9567615,-0.7131776,-4.180232,-1.5017474,-2.334631,FAC20250818130351
-0.028169632,1.096432,-2.5124862,2.0797322,-2.6010773,-0.9050405,-1.1670237,-1.7517389,FAC20250905070884
0.53557646,-0.54731715,-3.4346085,2.946854,0.74680966,0.19040625,-1.022693,-2.1347988,FAC20250423092436
-1.59143,-1.274916,-0.8485347,1.0406038,-3.088245,-0.55441207,-2.2060344,-2.0251627,FAC20250509097762
-3.7202685,-2.7845604,0.48361167,1.0338658,-1.2913504,-1.134775,-0.5729186,-1.622632,FAC20250902068660
-1.5695226,0.9982259,1.0010271,0.13767713,-0.5013342,-2.7461824,-2.5808566,-2.9783154,FAC20250623034830
-2.7452047,-2.1240458,-1.9284402,-0.49776465,0.20061423,-0.31238365,-1.9393915,-0.8092625,FAC20250611108298
-1.9309951,2.2355633,0.19616163,2.358149,-0.9131159,-2.269709,-2.9908972,-0.37042952,FAC20250827133027
-1.3967032,0.73011214,-1.0231036,3.3703308,1.6638516,-1.6822904,-2.3948622,1.0346597,FAC20250922080439
-0.23105948,0.44770405,-0.05718383,1.2550339,-1.4621055,-2.3761458,0.4201927,-3.8079655,FAC20250705040978
-0.5487963,-1.6861322,0.63480484,1.5405136,1.2789116,-3.80315,-2.4028194,-0.23041068,FAC20250726122847
-4.070372,1.8315842,-1.1460586,0.81648636,-0.004457776,-0.42139807,-0.6469946,-1.1675652,FAC20250902068474
-3.1957166,-0.17984426,0.27775556,2.315874,0.92031,0.65650177,-0.5063842,-3.498207,FAC20250503006891
-2.4759276,-0.81348914,0.9357214,1.7410567,0.16026503,-1.8110018,-4.105748,-0.2950002,FAC20250513012211
-0.4081258,1.508404,-1.6731237,2.7050455,0.33744353,-1.263612,1.3569243,-3.8309927,FAC20250705040545
-0.7799853,1.4901491,0.33689365,2.0752826,-1.2102631,-4.213458,0.25336292,-1.4362961,FAC20250922080936
-2.7206047,0.6496975,2.1021597,2.4213057,0.32461798,-1.8797048,-0.7319313,-2.0295067,FAC20250925142515
0.59931165,-0.6477022,0.25404075,2.2887204,2.3254428,-1.8582398,-2.3605998,-2.3556242,FAC20250913074949
-2.2467468,0.13820508,-3.6373012,0.8882576,2.199686,-1.9416732,-0.5044469,0.3685419,FAC20250813128642
-0.99945474,1.0891415,-2.390043,3.5514462,-1.2240901,-0.59648174,-2.868733,0.30665246,FAC20250924142015
-1.5954881,-0.43422487,-3.0263002,2.539826,0.19417855,-2.0653908,2.4986584,-0.69345796,FAC20250922078866
-2.909536,-0.59838676,1.2439227,2.05357,-0.3970135,-0.8624453,-3.4061096,-0.9254978,FAC20250422002628
1.5282696,-0.43041298,-0.7141574,1.6116273,-0.38600194,-2.4198508,-2.6127532,-3.2391286,FAC20250829133811
-3.1593182,0.7715838,-0.57896763,1.1341065,-2.3509135,-2.683915,-0.68678725,0.26104805,FAC20250507097067
-3.3239164,1.6011046,0.24384986,0.8528751,1.0236171,-3.1840384,0.68770874,-1.5861636,FAC20251006145956
-0.579795,2.6181715,-0.72742337,2.4360256,1.7545861,-1.6682252,-2.1230571,-1.9986078,FAC20250428004100
-3.06068,2.1322153,-0.2677255,1.7346488,1.5948147,-2.815024,0.40129048,-0.8643467,FAC20250930144039
0.19011126,1.6284332,-3.2228265,2.7489257,0.90216994,-2.167782,-0.20064469,-0.37235117,FAC20250716046676
-3.0583498,-2.0495968,-0.43760818,1.4137305,2.754831,-1.5995032,0.91162366,-2.0696027,FAC20250902068002
-1.8963196,0.21910545,-0.53056437,0.25991818,2.1565354,-4.4002156,-0.43128785,-0.55871665,FAC20250613031011
-1.1238507,2.2143464,0.26523665,1.7935811,-0.2905468,-1.1323104,-1.8497673,-1.0423241,FAC20250714045819
-2.6833594,1.138259,-3.3736196,2.3911684,-0.86443937,-2.0104065,0.44464907,0.8679744,FAC20250520016675
-3.250534,-1.4994909,-1.5985019,1.0198972,2.3263674,-0.9355209,1.1277729,-1.7295887,FAC20250817061131
-3.6080816,-0.9765681,-2.896476,1.0457851,2.42456,-0.9490778,0.13186881,-0.29877475,FAC20250625036346
-3.6642768,2.0149703,-0.17220646,0.6948286,0.317717,-0.83242315,-1.1771907,-1.5166293,FAC20250617032562
-0.5853726,-0.30574813,0.3747238,1.7025696,1.5927944,-4.7992277,0.19895588,-1.2305639,FAC20250804052444
-3.4375496,0.5146953,-2.6281116,2.6795175,-0.4588571,0.056484085,-1.9475203,0.8411067,FAC20250615031486
-0.20320292,1.2630231,-2.7379594,0.55802554,-2.3644469,-2.3224785,-0.98320794,-1.7803688,FAC20250421002096
-0.9212966,0.5501142,-2.990426,-1.0186543,-0.31641123,-3.0555909,-1.1381803,-1.1524626,FAC20250725049958
-3.6230958,-1.6367965,0.5914076,3.0511923,0.70339555,-1.4800076,-1.1145974,0.676887,FAC20250428004265
-0.13491282,-0.9291271,-2.469081,-0.5901228,0.59156245,-1.8919418,-3.4899461,-2.457545,FAC20250519014057
-3.2665594,-2.2401528,0.115901016,2.4524057,1.6382731,-1.6369581,-1.3732243,0.6886962,FAC20250827066433
-2.330338,-3.020886,0.8723845,1.0961666,-0.5380172,-1.5452935,-0.103823386,-1.7014213,FAC20250716119649
-3.1017969,-0.25979295,-2.85364,0.17217903,-1.3023816,-2.4043474,-1.2452523,0.94731605,FAC20250826065633
-2.485273,0.96909225,-3.0095372,3.05225,-0.8194698,-1.0444211,0.112229384,0.86882985,FAC20250902068779
0.2721221,-1.3548996,-0.65083516,3.3793519,-1.6823726,-0.8782457,-2.1768835,-0.5529852,FAC20250516013165
-2.768289,0.08233057,-1.2383863,0.40622383,2.8236158,-1.2029288,-2.8568501,-0.9045569,FAC20250423092647
-1.1963899,-1.8431885,0.16938187,3.7321434,-0.47181544,-1.2318547,1.4821087,-2.2930999,FAC20250522018319
-2.7990527,1.7732973,-1.543499,0.086139716,-0.3210282,-1.81097,0.95194596,-3.5818033,FAC20250424092983
-1.2763193,-2.2075415,-0.07439829,2.1364436,-2.4318144,-0.18957458,-1.6889008,-2.8670359,FAC20250721048579
-2.5946047,2.0633,0.014359999,2.132261,1.8723103,-1.963027,0.22249065,-1.1505445,FAC20250519015732
0.4875643,-1.3102863,-2.2388167,0.34433153,0.90747756,-2.2853792,0.12182991,-3.9693449,FAC20251016090269
-1.5999346,1.0392652,-0.91692734,3.298779,1.9660163,-1.5632296,-2.3995194,0.80408955,FAC20251018090765
-1.0020661,-1.4190158,0.90553826,1.8939638,-2.5098565,-3.4840465,-2.3250184,-0.82873654,FAC20250531104700
-3.2476466,-0.034050375,-0.34794948,0.14294119,2.1516757,-1.2973183,-2.5125883,-0.8575122,FAC20250608028920
1.1111884,-0.9460571,0.085077815,1.4471204,-0.061830133,-4.0610943,-0.7919877,-2.5752637,FAC20250728050618
0.5945658,-0.2868471,-2.1444223,3.3661163,-1.0360714,-1.0661612,0.5010157,-0.87627405,FAC20250612108860
-3.3027265,-0.7924157,0.30148318,0.3370638,-1.7753888,-1.208127,-0.062155526,-3.723792,FAC20250605025579
0.236481,1.0191047,-1.6123313,2.9926698,0.5296898,-0.9395604,0.7667342,-3.8123965,FAC20250804125611
0.24589998,0.21325064,-2.1701543,2.788204,0.63923204,-0.6801617,1.0169327,-3.4494424,FAC20250716046538
-0.19261982,-1.9512962,-2.9593933,2.4214048,0.14057668,-1.4392288,-1.6069429,0.92828184,FAC20250522018503
-3.6542053,-2.4495935,-1.9192626,-0.3220253,-0.18429154,-2.173398,0.7869134,-1.1637747,FAC20250905070946
-0.24442278,0.14879619,0.6221357,0.7973936,1.6199619,-2.4334533,-3.0079126,-2.3776772,FAC20250821063138
-1.8558779,-1.3394566,-4.2050653,0.39942998,-0.43043885,0.058032382,-2.1631596,-1.0936903,FAC20250705040959
-4.387822,-0.93203217,-0.6115174,1.5833821,0.79788566,-0.81491923,1.1804286,-1.1495117,FAC20250625036032
-0.64163226,-3.0542405,-0.35317707,2.2892106,-0.15991032,0.21670614,-1.2055459,-3.5530486,FAC20250908136978
-2.7907977,-2.9292016,-1.0411726,1.5148504,1.8710419,-1.6554884,-1.8595827,0.6276306,FAC20250922080175
1.0956898,-0.5923219,-0.04003744,1.648968,-0.6184641,-4.3794394,-1.2719078,-2.0632215,FAC20250813128673
-2.2063072,-1.022394,-2.9581218,-0.03828027,-0.3375177,0.19451903,-0.12226538,-3.701102,FAC20250726122829
-0.42864376,-1.2726707,-1.094034,4.5655694,0.43861642,-1.5363117,1.5800287,-1.26733,FAC20251016149148
-0.28110898,-0.009052781,0.41078645,0.49603543,2.13796,-2.1817544,-1.9996542,-2.7589278,FAC20250722121604
-0.13101767,-1.7111938,-1.6916885,-0.42844513,0.57032865,-1.9982271,-0.70660955,-3.9909804,FAC20250819061840
-2.910777,0.17604788,0.40175515,2.0539265,1.9345676,0.15753596,-0.8101909,-3.3190858,FAC20250705116039
0.10655123,0.99127966,-4.6006093,2.1467452,0.51387256,-1.9385303,-0.06891872,-0.8583001,FAC20250718120265
-0.808906,1.6023743,0.32670566,2.0057008,-1.3431768,-4.1093245,0.055605087,-1.4313731,FAC20250603105713
-2.2234035,-1.2735008,-3.2538037,-0.4958846,-0.3073914,-0.034151893,-0.8574391,-2.213164,FAC20250612029915
0.6390462,-0.8106222,0.31312066,2.7520275,2.2077625,-1.8148819,-2.6519523,-2.3874724,FAC20251003145097
-2.6173396,1.4824858,-2.3419437,-0.21696457,1.830449,-0.8174524,-0.84692466,-2.3544877,FAC20250618110789
-0.65714115,-0.8302981,-1.3610643,2.1756282,-1.5655754,-3.6169264,0.8810292,0.28032723,FAC20250726122921
-1.7425965,-0.8152656,-0.40479484,0.7742691,-0.12553552,0.15541014,-3.7938123,-3.155653,FAC20250921078317
-1.1410987,0.22697496,-3.6077807,-1.0941904,-0.46352452,-2.9160035,-1.5827256,-1.2708755,FAC20250612108649
-3.4594803,0.9589064,1.6826577,2.695187,-0.5507186,-1.6935759,-0.07960414,-2.004155,FAC20250530022516
-0.7634281,0.70772266,-1.2495974,1.8476189,0.6667581,0.49903893,-3.31328,-3.2193205,FAC20250421002141
0.1589351,2.595654,-1.1909232,1.4344664,0.6401706,-3.5065682,-1.2093176,-2.095388,FAC20250527103496
-2.6757545,-0.682724,0.35099998,0.93464595,1.0816063,-2.5918815,1.7725303,-3.0642176,FAC20250712118213
-0.4774657,1.2529075,-2.7385883,0.7991599,-2.7189012,-2.3545794,-0.443006,-1.8725263,FAC20250821063209
-0.77663016,-1.0326643,-1.9778594,1.1160039,2.504369,-1.3936341,-2.4440057,0.12623438,FAC20250603024971
-2.224089,-0.8514984,-1.2270691,4.153584,0.9398042,0.9654804,-1.443663,-0.5053502,FAC20250523102348
-3.5188808,-0.40668267,-1.8756542,-1.3046247,-0.99206656,-1.2001553,-1.3831614,-2.659114,FAC20250807126718
-0.8896452,-3.323213,-2.5133483,1.5895371,-1.8361169,-0.63399905,-0.010596125,-1.4269218,FAC20250526103330
-1.3486469,1.1666466,-2.6515079,2.9318974,-1.3557848,-0.1951448,-3.0587232,-0.070892945,FAC20250526021813
-1.5580736,0.795965,-1.3559719,2.8326807,0.82595396,1.0991781,-2.8598273,-2.5155017,FAC20250921141055
1.3807468,-1.1254563,-1.8094289,3.2354858,-1.52213,-2.3080986,0.22143999,-1.9613637,FAC20250914138910
-1.1286439,0.7477516,0.98407215,0.21125166,0.5387626,-2.6667986,-2.6276536,-2.850992,FAC20250609029479
-0.6557401,0.6045653,0.41760653,1.4426783,-1.4519548,-2.8085766,0.44529635,-3.9203959,FAC20250628113990
-1.1383306,1.1650645,-2.2617526,3.437195,-1.4764066,-0.6983667,-2.8593178,0.27614042,FAC20250617032775
-2.9265301,-3.2927852,0.82126313,1.360749,-0.621751,-1.5015348,-0.58277255,-1.4279294,FAC20250706116416
-3.526335,0.6082423,-0.5440997,0.4611981,-1.7470917,-3.4577796,-0.657007,0.28081533,FAC20250506096855
-1.0204476,-2.81248,-2.901604,1.8068435,-2.590263,-1.3494118,0.10714506,-1.0576124,FAC20250428004321
-0.5427406,0.31828257,-3.0972133,-0.6451544,-1.4097812,-3.5515845,-0.98412204,-1.5898833,FAC20250507008516
-4.034516,-1.7647135,0.2977668,2.795935,0.53841615,-1.6471609,-0.8547123,0.87666035,FAC20250901134676
-1.4594122,-2.9930058,-1.9962158,-0.029763555,0.2713699,-2.791551,0.73525244,-1.3768792,FAC20250523018630
-2.5275114,-0.4369911,-2.816984,-0.08352874,-0.82446665,0.38148522,-0.7941775,-3.5215223,FAC20250903069608
-3.0406582,-0.112334765,-2.6503086,-0.31532624,-1.7240674,-0.021722903,-1.0031941,-2.9542181,FAC20250817060136
-0.103576854,-2.01388,-0.86834997,2.8691754,-0.14719859,-3.7893636,0.30446056,0.39826632,FAC20250630038208
-1.8762662,0.0682198,-2.847563,-0.36621386,2.0285344,-1.5824579,0.39741135,-2.2780702,FAC20250821063289
-2.4339952,2.4908683,-0.63529634,2.5176206,1.2499524,-2.1844096,0.5735965,-0.85643744,FAC20250919140384
-4.1400776,0.9830585,0.8813941,2.8103456,-0.770082,-1.1932498,0.45789394,-1.4464676,FAC20250605026050
-2.9579468,-3.6706064,0.5549966,1.4984161,-0.6348677,-1.4161241,-1.3224903,-1.2485992,FAC20250825132587
-0.66119456,2.1829247,-3.7507582,1.5270871,0.6668339,-1.9944867,-1.3089778,-0.4039525,FAC20250611108520
-3.293803,0.01039648,0.48106533,2.4421124,-2.7030225,-1.8444448,-1.3210378,-0.053834483,FAC20250919077997
-1.6864907,0.6350975,-4.318169,1.2019136,1.822463,-1.2556762,-1.7868042,0.09139784,FAC20250704115750
-0.6058399,1.2172812,-2.2197692,4.0840693,-1.0354128,-0.97244817,-2.5846279,0.33447343,FAC20250510009728
0.40156493,0.649169,-2.2688165,3.0967207,0.35692427,-0.046013407,-0.27942666,-3.538832,FAC20250527022132
1.4807087,-0.6153448,-0.1472863,1.6856911,-0.6903554,-3.3535697,-1.820486,-2.6562827,FAC20250817061380
-2.7837327,-0.8310195,-1.2216438,4.180183,0.89048374,0.87847596,-1.4557046,-0.31413972,FAC20250826132807
-3.167185,1.3069439,0.52190804,0.8550304,0.9606334,-3.0456097,0.75008017,-2.093992,FAC20250726122713
-1.708949,2.3991833,0.16459669,2.4260938,-0.7428898,-2.2778847,-2.8743093,-0.5345328,FAC20250813056936
-2.4864457,-0.4176911,-0.56693417,1.239303,1.4013381,-1.9017069,2.060984,-2.110698,FAC20250902069369
-1.9084058,-1.317184,-1.074918,3.5963218,2.9432938,-1.3954765,0.5830528,-0.44194207,FAC20250619111051
-2.7251368,-0.6136086,-0.7422296,3.2785757,0.32146597,1.1915107,0.09102554,-3.4512062,FAC20250823064601
-1.8285056,-3.9752905,0.33428234,2.0223708,-0.038324643,-1.5140526,-0.9171373,-1.0695492,FAC20250515012726
-0.49738935,-2.975032,-0.6581647,2.2286255,0.6376954,0.24843255,-1.4366938,-3.1006198,FAC20250722121472
-3.5629482,0.658617,-1.1930053,0.19625634,-1.1486057,-3.332275,-0.9782668,0.5600563,FAC20250619033630
-1.4220835,0.61251473,0.17343645,4.1077538,0.24442872,0.21092606,-0.1136581,-3.0277348,FAC20250805126097
-3.0686924,0.2724706,0.089254744,2.6284635,-2.9440117,-2.0233264,-0.870285,-0.009278781,FAC20250705041466
-2.2823725,0.6229114,-1.7561115,2.7150292,1.6423333,1.1766082,-2.1627872,-1.5726825,FAC20250625112907
-3.2321584,-1.6674039,-1.2697498,-0.65429026,-1.7484794,-0.8379752,-1.0431669,-1.7183484,FAC20250822063448
-3.2215378,-0.3249507,-2.4661806,-0.4688854,-1.5045674,-0.2006156,-0.6341462,-2.8766754,FAC20250701039275
-1.9864249,-2.2591927,0.0165023,-0.32236227,-1.2590482,-3.4598236,-2.1083727,-0.8937909,FAC20251019091079
-1.1333935,-0.49551854,-0.3823008,0.037631102,0.78389,-4.8614535,-0.10370781,-0.5670559,FAC20250714119061
-2.7303722,1.0372303,-3.4068286,2.3663895,-0.72517914,-1.8200071,0.4631491,0.9400994,FAC20250428004156
1.1188633,0.19082804,-0.9247148,1.2198899,-0.4666912,-2.0390701,-2.881454,-3.769399,FAC20250628113941
-0.26465887,-3.0531216,-0.86517984,2.9819124,0.38873658,-3.2493448,0.04193312,0.13323423,FAC20251006087700
-1.6373698,-2.6244695,-1.4964476,-0.14141835,0.35067618,-2.9221148,0.9204485,-1.2808828,FAC20250430094775
-1.2049023,-0.47240642,-1.0663464,1.3280221,-0.056292944,0.35961178,-4.0742683,-2.4007287,FAC20250829133624
-2.805729,-0.11559092,-3.2334023,0.996711,2.2335176,-1.6796689,0.036135763,0.28089455,FAC20250702115169
-1.4488622,-0.5170268,-1.121729,3.8161204,2.7496612,-1.0321037,0.26859677,-0.4055849,FAC20250720048262
0.6441687,-0.4767407,-3.0962555,3.225832,1.1866361,0.19272795,-1.4058664,-2.412584,FAC20250525102890
-0.45339116,2.5536337,-0.6009373,2.0945032,1.5188534,-1.7328887,-1.5632744,-2.3585608,FAC20250519016310
0.8933516,-1.7283152,-1.6788393,3.107335,-2.204535,-2.131086,0.35048422,-2.0006585,FAC20251007088549
-1.0368793,-1.5240604,-1.4753156,-0.5058079,-1.2953002,-4.146059,-1.8498533,-0.42490745,FAC20250510009960
-2.5463583,0.041626893,0.38672116,1.4804261,0.98768395,-2.787739,1.9378155,-2.5991366,FAC20250919140624
-3.358225,0.47001955,-1.1113673,0.34782663,-1.6685555,-3.3669686,-0.60340744,0.43251485,FAC20250705041345
-3.8562706,-0.42794815,0.723858,1.8408347,-2.2983496,-2.1152728,-1.3637697,-0.17666177,FAC20251006087624
-2.9728742,-0.58948344,0.46958873,0.77578735,0.29395583,-2.615998,-3.6755729,0.19505364,FAC20250729050836
-2.6500309,1.1751748,-2.912218,3.1296215,-0.92331386,-0.9171097,-0.079229146,0.84890485,FAC20250519100847
-2.6761928,-0.2670058,-2.5805924,-0.048638735,-1.1916258,0.37477475,-0.8467805,-3.4648073,FAC20250601024600
-2.0104723,-1.2849072,-4.013355,0.64851546,0.42241302,0.542322,-1.0518199,-1.9110157,FAC20250505096605
-2.5625856,-1.3805019,-0.03137331,1.212569,2.0743194,-1.9968256,1.477807,-2.6745348,FAC20251006087874
-3.4997063,-0.7110428,-3.1221979,0.83155924,2.3217158,-1.608303,0.026571529,0.14200924,FAC20250817060965
-0.8429579,0.9582805,0.43063623,1.8424853,-1.6074116,-3.3023832,0.8453301,-2.7123682,FAC20250705040615
-3.9310594,-0.23277444,-0.8565869,-0.17799105,1.7212771,-1.6225648,-2.3559504,-0.50668335,FAC20251006087996
-1.4803618,-0.8166558,-0.9917333,3.5844572,3.1797795,-1.7682282,0.332405,-0.3612352,FAC20250708042901
-1.8602312,0.6915658,-2.0780954,2.6031003,1.2648728,1.2621784,-2.5191078,-2.0720131,FAC20250524019730
-0.036441553,-1.8516047,-0.7496701,0.7032753,-0.19732967,-3.7497523,-2.227616,-0.0316115,FAC20250825132625
0.29970413,-1.9559923,-0.39738858,3.558543,-0.86282,-0.9896076,-2.5918105,-0.5442798,FAC20250905071225
-1.1518857,-2.0216196,0.6634499,2.957352,-2.4337666,-0.9875423,-0.4113746,-2.6094496,FAC20251018090958
-1.3239602,-2.1393194,0.5170377,3.0040905,-2.3931096,-1.2365383,0.078429766,-2.47297,FAC20250815059162
1.1662618,-0.9705192,-1.6071044,3.6125267,-1.5798453,-1.9022812,0.2217308,-2.1043131,FAC20250622111910
-3.2231357,1.5988066,-1.8944066,1.2871864,0.10534796,-0.67504007,1.3733726,-3.3200445,FAC20250428004527
-1.1782916,-2.5816133,-1.5223752,1.8930782,1.862287,0.46058887,-2.5352216,-2.7013936,FAC20250426093688
-1.7961084,-1.2646047,-3.7204242,0.369931,0.11380966,0.48432037,-0.984758,-2.3871298,FAC20250924083298
-1.094584,-2.9634678,-1.4116825,1.4450235,1.7511483,0.0690704,-2.6936588,-2.743406,FAC20250913138503
0.052656934,0.61598444,-2.2461965,2.970317,0.585256,-0.5665436,0.94076264,-3.5783942,FAC20250701039539
-1.4504031,-2.3540182,-0.4345097,1.9682729,-2.9409928,-0.4428277,-1.8013854,-2.5626938,FAC20250524019903
-1.7592573,0.84427905,-2.7111256,0.17642918,-0.54706734,-2.7676055,1.6086624,-1.8698096,FAC20251017090472
0.20357181,2.5095482,-1.2088523,1.7516806,1.3447058,-2.5140078,-1.180966,-2.6616812,FAC20250903069914
-4.4403014,1.1476145,0.08290565,2.7447722,-0.87105316,-0.86196667,0.4960055,-1.1635419,FAC20250509097780
-1.5223215,-1.7214513,0.7597502,3.5444248,-0.84745455,-1.279695,1.0759755,-2.2895937,FAC20250912074590
-1.9182192,0.31683433,-0.23103939,3.9181044,-0.17035803,0.79386544,-0.18623205,-3.0772262,FAC20250619111059
-1.3179067,-1.7376572,0.6847514,0.39919958,-1.9901546,-3.2159612,-2.2901895,-1.4737345,FAC20250530023087
-1.3455868,-1.9402934,0.3118577,3.6669064,-0.30560148,-1.3545402,1.5143703,-2.380832,FAC20250927084338
0.31976563,0.7405567,-2.3352468,2.290506,-0.6606895,-2.2895281,-3.4360614,0.21215776,FAC20250921078287
-3.0992692,-1.2186412,-2.381867,1.1822902,2.370097,-0.88140416,0.7779744,-0.7144508,FAC20250625035587
-1.7624109,-2.457452,0.5157194,0.19026287,-1.4849327,-3.2941272,-2.1305923,-1.2628793,FAC20250520101269
-1.9093207,-1.2206941,-0.6728054,1.631991,-3.0694199,0.04155172,-1.8558896,-2.5860868,FAC20250729051185
-3.106561,-2.704319,-1.9936224,-0.6687685,0.00019202183,-2.0945604,0.2561701,-1.3485552,FAC20250813057620
-0.008214678,0.77360225,-2.2654583,2.8082528,-2.5727844,-0.426783,-1.3332695,-1.7885664,FAC20251009146980
-4.616476,1.5566663,-1.3481554,0.90029144,-0.025324872,-0.7766709,-0.6102118,-0.88363403,FAC20250521017014
-2.9526181,-0.6170304,0.25544727,0.47886366,0.52123976,-2.5098648,-3.6673672,0.035896674,FAC20250521016965
-2.6659484,-1.7024372,-0.34107605,1.3736483,2.3198442,-1.7481639,1.4535751,-2.6673522,FAC20250603025364
-1.6802158,-2.201871,-0.70799804,1.8427942,-3.132125,-0.29886863,-1.6484721,-2.2083952,FAC20250701039118
-3.0900824,-0.07033165,0.7835702,0.22435534,0.856225,-3.0272465,0.8331478,-2.809146,FAC20250714119158
-4.077553,-0.1366568,1.4194163,1.0614077,-1.4155658,-1.8632637,-2.1225061,-1.4300967,FAC20250429094645
-3.0147521,1.0833296,0.5686556,0.90003103,1.1240903,-2.7968996,0.9233755,-2.1627207,FAC20250525021532
-3.2161367,-1.374566,-2.027732,1.0753059,2.3160021,-0.75525653,0.9061098,-1.3504796,FAC20251001085167
-0.8725454,-0.24680074,-0.95090485,2.7031085,1.2628176,-0.5373415,-4.022733,-0.19207683,FAC20250721048349
-2.6684906,1.7330989,-1.6840007,-0.16074778,-0.44764796,-2.4953876,0.9419344,-3.2199736,FAC20250922081021
-3.8968258,-1.9676656,0.5175387,1.2814472,-1.6214663,-0.8548982,0.10084955,-2.6417413,FAC20250512010416
0.43513283,0.38994855,-0.42795518,0.93723166,2.04957,-2.229807,-2.187359,-1.7752099,FAC20250919140364
-1.4928579,-0.12935126,-2.7176955,2.448852,0.021627849,-2.118901,2.464693,-0.7845158,FAC20250420000939
0.10196683,-2.0119722,-1.566537,0.13505252,0.79489744,-2.1605484,-0.014493929,-4.083325,FAC20251007146199
-2.5361567,-1.1816554,1.2024646,4.20987,0.6007439,-1.2845855,-1.6258832,0.1113287,FAC20250917139878
-1.5543051,-0.022768907,-2.859907,1.2916198,-0.34805256,-2.1864383,2.4521735,-1.941531,FAC20251012089599
-3.3708339,-0.29344618,-2.3521278,0.18111745,-1.1257674,-2.5139492,-1.3855327,1.0531809,FAC20250729051479
-1.416231,-0.05338655,-2.672032,1.2148781,-0.51921725,-2.2531838,2.3341594,-2.0770423,FAC20250822064305
-0.75336766,-2.1112525,-3.0768905,3.062112,-1.5622752,-0.35541743,1.0098356,-1.9090894,FAC20250630037926
-2.171916,0.072482444,-0.5133445,1.6551785,-2.9136603,0.12599535,-2.317896,-2.957897,FAC20250502095592
-0.5362414,-2.1293314,-1.4689187,-0.8311836,0.6893301,-1.9328763,-2.032017,-3.3682156,FAC20250813057507
-4.820647,1.3337585,-1.2385924,1.0461632,-0.08555805,-0.6367816,-0.48840907,-0.92881143,FAC20250619033277
-1.1272821,0.1565016,-3.5420349,-1.0580842,-0.6080506,-2.6995754,-1.6132245,-1.2321185,FAC20250603105874
-1.8989265,-1.4860097,-0.69489664,1.7246765,-3.0629923,-0.00045055177,-2.068046,-2.2569535,FAC20250902069025
0.3483785,2.483872,-1.6414651,1.3822352,1.0678369,-2.8374438,-1.1064315,-3.2540686,FAC20250520016697
-3.9880242,-2.2433202,0.6192454,0.99245787,-1.3224411,-0.8365686,-0.48769873,-2.3639755,FAC20250528103823
-2.9858987,0.7080991,-2.4973032,3.430089,-0.6228363,-0.40983126,-0.94337773,1.0160044,FAC20250814128893
0.9118682,-2.3191574,-1.9116696,2.6866126,-1.6194097,-2.2701921,0.475347,-2.1581316,FAC20250805053671
0.20181794,-1.932649,-0.58682865,1.1223165,0.5790959,-3.8168862,-2.6848326,-0.20246199,FAC20250612029856
-1.6232446,-3.0633643,-1.053387,1.8331331,0.5105965,0.15028629,0.22387192,-3.1732397,FAC20250919077262
-3.1818907,0.0053424546,0.09751754,2.607527,-3.039102,-1.9678879,-0.8498144,0.026208445,FAC20250915076052
-2.948642,-0.7158095,1.4472045,2.032214,-0.1108129,-0.6895127,-3.356336,-1.4481655,FAC20250921141007
-1.6598073,0.48645726,0.260823,3.8596742,-0.1674697,0.61941487,-0.46755904,-2.9588587,FAC20250814058096
-0.6014727,0.7614351,0.5120191,1.5711846,-1.6180217,-2.8796868,0.48305586,-3.2566237,FAC20251006088202
-3.3608115,-0.10457911,-2.1743207,0.36278135,-1.2828913,-2.2734818,-1.6283747,1.0427936,FAC20250927143187
-1.830815,1.772417,-0.32390028,0.5378882,-0.87894297,-2.3535018,-3.6606724,-1.083517,FAC20250601105172
-0.50544155,1.8336481,-2.114664,2.3650558,-0.097047485,-0.8341894,0.7894772,-3.744133,FAC20250512098789
-3.5112164,0.7540147,-1.1677257,0.2642895,-1.3886178,-3.3767133,-0.8131684,0.5111588,FAC20250705116124
0.32743993,-1.2896225,-2.5299926,1.1734053,-1.8642441,-0.6594474,-1.2571416,-3.861955,FAC20250513011459
0.6071128,1.2172873,-3.3664584,2.8809032,0.2738187,-2.2637105,0.10524218,-0.7682127,FAC20250510009798
-0.16245176,0.86310524,0.58434093,1.957252,-1.178032,-4.4236546,-0.36853838,-1.4529783,FAC20250922081454
-0.362294,-1.8616966,0.35334677,1.3537998,1.117671,-3.8460038,-2.591562,-0.22800758,FAC20250926142604
-3.1910672,-0.11605296,-0.23791066,1.0414094,2.65016,-2.0550337,0.90204793,-1.2160633,FAC20250718047331
-0.8404032,0.27015612,0.83278894,0.24461856,1.1909759,-2.5840025,-2.7362027,-2.6857014,FAC20250906136300
1.0906782,-0.7888205,-1.3272967,4.1913548,-1.6064119,-1.7932854,0.0786238,-2.0751286,FAC20250922141593
-1.9273373,-1.1670455,-3.93995,0.50993526,0.3119301,0.54552335,-0.6230368,-2.3915105,FAC20250724049803
-3.2379427,0.22932662,-1.8939594,2.480546,1.4336803,1.2423207,-2.3113954,-1.1952101,FAC20250806054541
1.3092569,-1.0029879,-1.3251349,3.9457185,-1.5539187,-2.1156783,0.06149658,-2.2785978,FAC20250710043754
-0.33269688,1.3106946,-2.594067,0.32615182,-2.3136342,-2.7085328,-0.73994374,-1.9069923,FAC20250530104646
-0.30400646,1.2716848,-2.667417,0.77475023,-2.3768806,-1.8581907,-0.9826888,-1.6675848,FAC20250530022692
-3.1732209,0.62165534,-0.15485011,1.0332227,-1.9115007,-2.4491863,-0.9426743,0.36898187,FAC20250906071766
-0.5504712,-2.1566033,-2.618571,2.6667397,-0.45516208,-1.3955857,-1.8468637,1.1846838,FAC20250510098081
-3.1744926,-1.8509365,-1.0501109,1.3399012,2.5367136,-1.1468598,1.0686735,-1.992937,FAC20250419000262
-2.5578446,-0.08992184,-0.30804846,3.459285,-0.53361535,1.1397709,-0.3337026,-2.755161,FAC20250915139353
-1.3212584,-1.8975605,0.72735214,1.0582759,-2.1167862,-3.3232522,-2.456671,-1.0452216,FAC20250922079088
-0.8837537,-1.1820877,0.7426968,1.8295724,-2.54587,-3.4623926,-2.3456466,-0.7847602,FAC20250510010156
-3.5974963,-1.3130561,-2.7698781,1.1511253,2.2910333,-0.79887855,0.48620257,-0.70050156,FAC20250425093217
-2.5364623,-3.1874976,-1.5959766,0.814061,1.4166291,-1.3216438,-2.5352373,0.08999586,FAC20250504096110
-1.4493529,-2.1054955,1.1316402,0.8763661,-2.0231013,-3.1434057,-2.4277003,-1.8461663,FAC20250826065180
-0.8252151,-1.3293589,-2.401921,1.6214129,2.9930532,-0.9248545,-2.2710307,-0.62636584,FAC20250524019869
-0.06536502,-1.5718949,0.18471333,3.8482153,0.044483457,-0.68597186,0.33585277,-1.5516237,FAC20250606026939
-1.1928747,0.17850375,-1.1963594,3.129889,1.734148,0.98905456,-1.7661126,-1.4536284,FAC20250511098596
-1.3275726,0.6771806,-0.7270289,3.6231513,1.2797796,-1.661574,-1.831003,1.1486081,FAC20250621034597
0.18925841,-2.2450051,-0.5672642,3.4050624,-0.9098981,-1.3913369,-2.658991,-0.18192302,FAC20250925142397
-2.388793,0.37287354,-2.0755198,2.282741,1.1885391,1.3208193,-2.664407,-1.6952232,FAC20250827066474
0.7838982,-1.1362624,-3.4409528,2.7910113,0.37586147,0.05595609,-1.6675384,-1.9838895,FAC20250816059763
-4.638355,1.4420259,-1.8235394,0.57741565,0.30496836,-0.71798027,-0.5413952,-0.95200986,FAC20250420000810
-0.4018982,1.139161,-2.582327,-0.11432806,-2.1059356,-3.397618,-0.85053056,-1.9202415,FAC20250519015523
-0.8987407,-0.15546095,-0.21290423,0.33163613,1.3876976,-4.7187047,-0.117696285,-1.1713104,FAC20250606106599
-1.9310554,-3.466312,-2.3822293,-0.20595299,-0.53637797,-2.1688755,0.021735074,-1.3811933,FAC20250606027044
1.1573151,-0.50518095,-1.7445111,1.4731168,2.5880976,-3.1507418,-1.642868,-1.6659857,FAC20250610108174
-1.0413415,-2.2883852,-0.9608032,-0.8429667,0.92725074,-1.9677851,-1.9121151,-3.500729,FAC20251001086109
-3.0332544,-1.1620383,-1.8403878,1.0293027,2.6118822,-1.1729921,0.90182185,-1.1004634,FAC20250902135173
0.54750264,-2.060188,-0.17626491,1.4014709,-0.22131446,-4.551516,0.15601294,-2.5478313,FAC20250731124393
0.86827093,-1.1006371,-1.168114,0.97601384,2.3725655,-2.383797,-0.99116546,-2.5232174,FAC20250710043461
-2.358949,-2.077945,-2.9897969,0.15045083,-0.9196756,-0.3916004,-2.8328464,-0.64722997,FAC20250519015185
-1.0282041,-1.173034,-2.3256936,1.5302851,3.2589011,-0.8179278,-2.0277908,-0.85657287,FAC20250916076880
-3.5139687,0.48273173,-0.9268077,2.1407604,-1.571766,0.16627692,-2.7280464,0.2711989,FAC20250516013151
-2.510064,-0.601184,-2.5781183,-0.023044636,-0.8462857,0.33095288,-0.5961876,-3.5648623,FAC20250815059278
-1.6047229,-2.4965272,-0.69149977,1.7570723,-2.8494446,-0.21111786,-1.9978049,-2.5281177,FAC20250903069788
-0.5916963,-1.4094896,-2.5255454,-0.66486686,1.5526307,-1.6851858,-3.0976472,-2.684156,FAC20250805125894
-2.2471106,0.25819343,-3.9655254,0.95624644,2.1550164,-1.7341726,-1.013481,0.39413044,FAC20250714119142
-2.9464703,1.6263728,-2.0866292,1.1159376,-0.13008909,-0.84686387,1.437441,-3.1921928,FAC20250617032652
-0.89223176,1.3834525,0.27326053,2.3659656,-1.061265,-4.257138,0.44971877,-1.2277786,FAC20250509097881
-4.132035,1.9823427,-1.2504476,0.6622447,0.19691949,-0.64812934,-0.9666163,-1.235701,FAC20250527103575
-1.4734305,0.72596675,-2.8188176,0.55172527,2.6612482,-1.560078,0.56234986,-2.912653,FAC20250921141227
-1.8962485,-1.0547072,-3.8487422,0.51382524,0.14154895,0.6858263,-0.9348692,-2.3549426,FAC20250421002341
-1.6940749,-0.7119194,-2.7903576,-0.13564794,2.78017,-2.1884475,0.43334505,-2.4457402,FAC20251001085210
-0.027464824,0.5821328,-1.9695797,3.216285,-1.1356175,-2.5869718,-2.8335278,0.8356008,FAC20250804125610
-2.728759,-0.78194463,-2.4499938,2.5327268,-2.4214325,-0.2115449,0.98273957,-1.06831,FAC20250626113355
-1.2809635,-1.037139,-2.6439219,3.4233925,-2.10618,-0.30647716,0.98227644,-1.2703097,FAC20250531104773
0.24470071,1.1606055,-4.2788687,2.359343,0.4850357,-1.9990742,0.050298978,-0.966856,FAC20250816129541
0.15316011,-0.68073976,-0.21012713,3.775432,-1.4463704,-0.39716834,-2.869318,-1.583019,FAC20250516100187
0.7827481,-1.8119555,-3.1565113,1.7494739,-0.7476065,-0.29000157,-1.7062943,-2.5491054,FAC20250823131733
-1.8684667,1.9191393,-0.48062652,-0.12238812,-0.42446396,-2.376087,-3.2957394,-1.97875,FAC20250524019732
-2.0689673,-0.018326603,-0.28620934,1.8443116,-2.9059756,0.13814409,-2.0583336,-2.9911864,FAC20250630038217
0.43718883,2.3602562,-1.6720277,1.6162006,1.3791467,-2.636365,-1.0023228,-3.4296284,FAC20250615031988
-3.0258038,0.7122459,-2.5669672,2.8469303,-0.78121656,-0.6526506,-1.1655011,1.1714188,FAC20251001085896
0.98250437,-1.1498916,-0.2923237,1.1820296,-0.38825917,-4.49596,-0.6549967,-2.3637114,FAC20250421001061
-1.1172174,2.7368953,-3.5828428,1.3375902,0.42067176,-2.212456,-1.8576285,-0.43392742,FAC20250515012521
0.24324207,2.5479805,-1.3521472,1.4319277,1.0933656,-2.8097565,-1.2667412,-2.8915942,FAC20250915075417
-3.9524379,-1.9535235,-1.1935886,0.54036325,-0.14092356,-2.5224638,1.4857135,-0.8373373,FAC20250926084168
0.9795873,-0.4966132,-0.58756036,2.4150019,2.6466973,-2.2262788,-1.8346807,-2.3411953,FAC20250804125857
-3.0852516,-0.08898703,-1.4260497,3.2835155,1.1499548,0.9757343,-1.7938638,-0.3619717,FAC20250906136265
-0.62595993,1.1639158,0.9875143,1.4774213,-1.1418698,-1.5118423,-0.66221714,-3.2828066,FAC20250429004776
-0.6926521,-1.603243,-0.72780097,-0.5500849,0.98322177,-2.059192,-0.9480246,-4.1179614,FAC20250811128030
-1.7859724,-1.2719413,-1.2084529,3.671148,2.417558,-1.1700896,0.7441687,-0.23317386,FAC20250831134515
-1.979072,0.29685503,-4.1229773,0.771861,1.8921398,-1.9870083,-1.4564443,0.4686373,FAC20250606106765
-1.652522,1.9851398,-2.9881248,2.2527027,-0.3400781,-0.11153191,0.6702451,-2.8923564,FAC20250425093160
-3.5698125,0.21667251,-0.5534589,1.75582,2.8249395,-0.21459363,-0.21186273,-2.4414368,FAC20250912074365
-3.9844148,-0.2202289,1.4960289,1.0388671,-1.3425702,-2.1340969,-2.080084,-1.229223,FAC20250702115200
-0.40282804,-2.053453,-3.3591683,2.5396163,0.48402345,-1.4144398,-0.7989894,0.8705313,FAC20250919140667
0.45833328,0.33783987,-2.3280928,3.0258021,0.8227888,0.035703916,-0.2037003,-3.2969315,FAC20250613030552
-3.2874463,-2.4326751,-1.546578,1.9281973,-0.5070271,1.0115927,-0.7560671,-1.5846692,FAC20250812128298
1.084099,-0.44226027,-1.663612,2.3332071,2.8711076,-2.9740973,-0.885583,-1.8243165,FAC20250826132819
-1.4647535,0.8938966,-0.98919606,3.2598653,1.9746493,-1.4370974,-2.6430762,0.6138695,FAC20251006088171
-2.5704682,-2.9282858,-1.7017783,1.0432832,1.6548517,-1.2047908,-1.9722395,0.3157844,FAC20250521017899
-0.4258751,-1.7212901,0.35994226,1.0003834,0.6523404,-3.6721592,-2.3427815,-0.11967538,FAC20250511098613
-1.583009,1.2333102,-2.701344,2.421061,-1.5121167,-0.08546018,-3.12576,-0.35068974,FAC20250530104409
-0.55298454,2.082924,-0.7354151,1.4066937,-0.25383088,-4.750967,-1.5390472,-0.6199984,FAC20250930144075
-3.116417,-1.5036185,-2.4258928,2.1257138,-2.1299589,0.16546994,0.24528702,-0.8291009,FAC20250824132090
-1.847664,0.3011266,-0.66891336,0.23258346,2.3395076,-4.273504,-0.549464,-0.6360502,FAC20250910073812
0.22556013,1.4210498,-3.994136,2.0293982,0.34501988,-2.057454,-0.8901304,-0.5396458,FAC20250922079361
-2.8759427,-0.3778433,-3.235584,0.7432771,2.2933261,-1.9755762,-0.16747166,0.38107657,FAC20250926142656
1.3557208,-0.74433243,0.04954429,1.8903639,-0.7529089,-3.868401,-1.6731395,-2.4145699,FAC20250906072126
-0.92123467,0.3253264,-1.045409,3.173298,1.7483816,-1.0887171,-3.211726,0.4355135,FAC20250710044025
0.3518191,2.3200095,-1.3815024,1.687224,1.4748622,-2.6925702,-0.9011374,-3.1325154,FAC20250807054928
-1.9598453,1.8346181,-2.1797025,1.6825012,-0.06614066,-0.27808335,0.9506893,-3.26598,FAC20250618110567
-2.863698,1.7539959,-2.5158792,1.9754351,0.2913693,-0.0020008828,1.0502732,-3.0521193,FAC20250516012973
-2.421288,-0.48304385,-0.19941992,1.401511,1.2248476,-2.4978333,2.1618338,-2.5326092,FAC20251010147234
0.036596715,-2.750413,-1.9865329,1.6070948,-2.4223979,-2.6688402,0.49502754,-2.0719411,FAC20250619111120
0.1015474,1.302093,-4.2150106,2.090458,0.55630666,-2.0174365,-0.475836,-0.6528775,FAC20251008146604
-1.555478,-1.79306,0.45167527,2.9061046,-2.8879569,-1.3454965,0.07802258,-2.2464921,FAC20250529104046
-0.23343664,0.8146232,0.035383288,1.6806413,-1.6188072,-2.769191,0.5613017,-3.4922664,FAC20250521017355
-1.4874645,-1.7186253,0.75489384,3.2072728,-2.2197015,-1.5645745,0.510965,-1.9583777,FAC20250918140228
-1.2398618,1.1208361,0.42946804,4.0637317,0.05996561,-0.06871069,-0.41848078,-2.6594386,FAC20250522018429
-3.0519066,2.2846081,-3.0458438,0.05505497,0.40074265,-0.9029247,-1.5020057,-1.8258086,FAC20251017149534
-2.8511145,2.0351567,-2.773552,-0.058137722,0.98015046,-0.9624011,-1.2060466,-1.9507586,FAC20250815059265
-1.8447143,0.20993668,-0.71143997,0.07540339,2.0399659,-4.3581047,-0.46485785,-0.5978066,FAC20250902068161
-0.690481,0.704927,0.5102595,1.5964061,-1.5653479,-2.6409242,0.41405,-3.6545355,FAC20250727050470
-0.349544,-0.35593408,-0.254778,3.9702947,1.9097707,-1.8710724,0.8402963,-1.240325,FAC20250426003769
-1.1536376,-1.7304649,-0.5864706,4.388061,0.3447229,-0.5762391,1.1271682,-1.1536455,FAC20250505007257
-0.67604613,-2.8711371,-0.8955956,2.3013644,1.4559393,0.20750967,-1.1539677,-2.816181,FAC20250615109638
-1.7509909,0.43533617,-0.2312301,2.9239078,0.52931696,-3.0875254,-1.3342502,1.5922629,FAC20250519014333
-1.2001263,-3.1856356,-1.9157828,0.11304209,0.002529583,-3.2190118,0.8284928,-1.594794,FAC20250817060245
-2.3478613,1.8983808,-2.4721742,2.2162614,0.25286824,-0.06614178,0.9601629,-3.0722451,FAC20250716046794
-1.8323109,0.69675696,-0.9296537,-0.013656778,2.449879,-4.1599975,-0.81299573,-0.97909725,FAC20250522101946
0.032211643,-2.136968,-2.7540667,2.3105412,1.951766,-1.2231442,-1.4959931,-0.044896428,FAC20250918140289
-2.8626885,-0.048260722,-0.038298182,2.611806,0.94842863,0.8107285,-0.19656506,-3.3925614,FAC20250815129120
-0.7270638,-2.3626769,-2.5539308,2.5942636,-0.63390934,-1.5338876,-2.250867,1.1024928,FAC20250528103753
-4.727463,1.4280107,-1.195393,1.1939352,-0.29222858,-0.5902197,-0.41784984,-0.84589523,FAC20250710117540
-0.32908607,-2.1945622,-1.330258,-0.41775763,0.62838906,-2.072027,-0.74500084,-3.9561017,FAC20251007146360
-0.36429286,-2.3862638,-3.061444,2.794119,-0.26196682,-0.9481908,-0.73279285,0.59351003,FAC20250916076774
0.5372811,-0.8364116,0.49004513,1.4394491,0.8571724,-3.7825367,-0.22795072,-2.5571578,FAC20250628113850
-0.70157367,-2.3646345,-2.6624043,1.9296917,-3.0262566,-1.8727114,0.11436386,-1.0249515,FAC20250817060641
-2.6867576,0.75376093,-2.6647801,2.2660928,-0.70985353,0.07993556,-2.5639598,0.48749697,FAC20250509097850
-3.1423755,0.7622599,-0.5864588,0.98890066,-2.585477,-3.3138154,-0.27320704,-0.13518833,FAC20250815058254
-2.6689649,1.1316109,-2.7874916,3.1390667,-1.0341747,-1.1137385,0.026148375,0.91303796,FAC20250624035277
-2.3875463,-1.825245,-2.8654304,0.05417887,-1.1541713,-0.3462665,-2.7973323,-0.86603206,FAC20250428004258
-0.8635362,-0.6019509,-2.2274864,1.9488585,-1.0914824,-3.5074627,1.5808347,0.07117145,FAC20250425003623
-2.6546369,0.0071070637,-3.6102679,1.5002456,-1.0655427,-1.6978248,-0.322814,1.1312572,FAC20250829067174
0.29640096,-0.82702905,-0.3572577,3.5278237,-1.3898889,-0.49455836,-3.0188587,-1.5299712,FAC20250705041432
-2.4909632,-0.9501241,0.9891136,1.9532214,0.05315906,-1.7942184,-4.220048,-0.31307697,FAC20250919077689
-0.020543449,-2.2792752,-1.9088154,2.605758,-0.8304941,-1.1781352,-2.58003,0.33737785,FAC20250422092176
-1.4644659,0.87841856,-0.96355045,3.3268769,1.9397128,-1.6824713,-2.3560462,0.84459853,FAC20250619033748
-4.1703086,1.4268733,0.48621866,2.0616698,-0.122365505,-0.7749988,-0.40749556,-1.1063646,FAC20250506096836
-0.41470265,-1.3409317,-1.0916483,-0.83061856,0.36860266,-1.9950365,-1.5666741,-3.9506848,FAC20250512010817
-1.255465,-1.7741979,0.7161728,3.2222629,-2.22518,-1.0106871,-0.14615153,-2.4937701,FAC20251003145120
-2.1522841,0.14353554,-0.60348713,3.0361185,0.1351671,-3.2345943,-0.80022514,1.7709334,FAC20250714045948
-3.640368,2.008208,-2.0027995,0.22768396,0.8164861,-0.88532907,-0.8203915,-1.3767642,FAC20250428004557
-0.5235863,-0.30310163,0.063817546,1.9388518,-3.171278,-2.980151,-2.0764182,-1.0871572,FAC20250812128396
-0.57689506,-0.60171294,0.3021284,1.9256946,-3.0940812,-3.3033733,-2.0802088,-1.088067,FAC20250531023888
-0.19387329,-2.329359,-1.3009865,2.9203384,-1.7876024,-1.4337219,-2.6365707,0.17410827,FAC20250607027703
0.38047382,0.6655768,-2.0217595,2.4846067,-0.5462933,-2.7162323,-3.275937,0.4229383,FAC20250826065644
-2.562652,0.58863026,-1.288604,0.79162276,2.9773498,-1.3734165,-2.9164681,-0.715994,FAC20250429004886
-2.4952884,-0.6732796,0.3032207,1.3650129,1.0187196,-2.5917084,2.081245,-2.9767365,FAC20250530022978
-0.49558553,1.7003933,-0.085353106,1.7695856,-0.97970444,-4.326824,-0.29039654,-1.2111454,FAC20250920140778
1.453676,-0.80772775,-0.1748959,1.6175795,-0.6623187,-3.7139277,-1.6194031,-2.6116927,FAC20250629114161
-2.0640287,1.6736557,-0.2413623,-0.24615152,-0.7669239,-2.4853795,-3.2100875,-1.9929029,FAC20250925083475
-3.0332277,-0.12336105,-2.520945,-0.34596577,-1.4274765,-0.022060491,-0.69668204,-3.210828,FAC20250922079394
1.0700604,-2.1417503,-1.4797784,3.1055434,-1.7119598,-2.22384,0.22070144,-2.3136053,FAC20250515012654
-1.1421498,-1.3363974,1.650013,2.1789145,1.4409494,-3.2011547,-1.933259,-0.81140983,FAC20250509097950
-4.243161,-1.17806,-0.7168423,1.5148705,0.20752566,-2.2124836,1.5459734,-0.22117583,FAC20250915075644
-4.339014,-1.0436163,-0.7419251,1.4627271,0.2599614,-1.7511752,1.4507505,-0.4424686,FAC20250607027796
-1.0391568,-1.6375834,-0.009034139,2.4962106,-2.086381,0.057645425,-0.6935867,-1.727495,FAC20250701039133
-2.459009,-0.52370197,0.23086578,1.4484266,0.95133865,-2.6724358,2.1512308,-2.9074233,FAC20250516013221
0.4797296,-1.2557745,-2.462631,0.7643032,-1.9072686,-1.125107,-1.0661297,-3.495855,FAC20250513011068
-1.9012779,0.6447529,-3.0587702,-0.30518812,2.1893408,-1.2491844,-0.17519131,-2.4688697,FAC20250909137227
-2.8567276,1.4711028,-2.3664546,0.02241079,1.827178,-0.7298347,-0.37724912,-2.01918,FAC20250510009627
-1.3065122,-0.32620245,-1.5267042,1.3077477,0.1495056,-0.11060228,-4.487966,-1.2604066,FAC20250525019944
-3.4084375,0.63122594,-2.4924161,2.6345751,-0.7218822,-0.338838,-1.699657,1.1178662,FAC20250605025733
-1.4276168,-0.13532628,-0.122673415,0.76333964,1.9822164,-4.4564767,0.017526537,-0.7052201,FAC20250809056231
-1.0520979,1.1051921,-4.153167,1.2456316,1.5175525,-1.5740042,-1.5237694,0.020508254,FAC20250429005414
-2.96083,-0.6487255,-3.3315446,0.42190263,-1.2340639,-2.3691037,-0.9643486,1.0250242,FAC20250702115263
1.0993783,-2.394544,-1.7881919,2.8900962,-1.3511511,-2.3364882,0.3928317,-2.4403837,FAC20250625036091
-1.3008872,-0.25695306,-0.06561069,0.8073775,1.6266445,-4.807768,0.12158949,-0.6565581,FAC20250530023458
0.084099144,-1.63503,-0.01913922,3.6422596,-1.237759,-1.090417,-2.7501848,-0.751211,FAC20250629037213
0.24579501,-1.9215586,-1.9583387,0.24432984,0.52396315,-2.4009743,0.3137338,-4.002161,FAC20250724049579
-1.1758928,0.8921762,-1.2398837,2.7106924,0.71607727,0.93307966,-2.9527292,-2.7363667,FAC20250927084405
-0.7807427,-1.2921021,-2.6146576,1.8333896,3.121579,-0.78362674,-1.8752203,-0.761869,FAC20250905070652
-1.4456301,-1.8512806,-2.4414592,-0.060208265,2.5143337,-2.8374307,0.51296544,-1.793949,FAC20250720120814
1.1351994,-1.0505801,0.3009967,2.0170608,-0.48809883,-4.158361,-1.0438815,-2.3561494,FAC20250516100199
-0.9939465,-2.8847198,-1.6589999,2.5757768,0.43961236,0.9436509,-1.188732,-1.5793005,FAC20250610108037
-3.2229476,0.25154698,-1.1268085,0.22265974,2.3411252,-1.1488266,-2.8687367,-0.8769679,FAC20250705040475
-0.906411,-0.2522271,-0.99296737,3.1939483,1.6483245,-0.80703855,-3.5655818,0.20270428,FAC20250825132503
-2.4482155,1.7845584,-1.2570353,0.28607103,-0.16444965,-1.6011531,0.798589,-3.8400488,FAC20250830134236
-3.1453195,-2.6308699,-1.481408,1.756349,-0.3412313,1.1598984,-1.2469889,-2.2741096,FAC20250623112342
-2.6970427,-2.8355093,-1.1392512,1.2517319,1.167086,-0.99078786,-2.2629895,0.49705473,FAC20250525020445
-2.6999044,-2.5051687,-1.2056538,1.8313985,2.0715156,-1.8964739,-1.3462416,0.92763054,FAC20250707116824
-4.416358,-1.0215645,-0.64989936,1.4856791,0.2408552,-2.1408968,1.490412,-0.25822708,FAC20250828133518
-4.360511,-0.9761661,-0.66693354,1.642397,0.4809867,-1.8673221,1.4940645,-0.31941468,FAC20250521017665
-1.2783259,1.1275446,-2.579662,3.1207469,-1.4548719,-0.39662108,-3.0462556,0.075260885,FAC20250701039297
-3.0179472,0.5470773,-2.3919234,3.016576,-0.5945977,-0.54932916,-1.4310819,1.2692336,FAC20250608107303
-3.0288825,-0.41823205,-0.026760915,1.8025011,1.4287834,0.3004487,0.35780075,-2.5059712,FAC20250813057734
-1.2379098,1.3303865,0.56581867,3.9452882,0.0724708,-0.17056431,-0.5703821,-2.7053328,FAC20250924082636
-3.4897807,-0.5133188,-0.08294985,1.0864011,1.7698417,0.18942241,-0.41977692,-2.9300792,FAC20251018149939
-2.2572503,0.8554547,-2.786492,-0.42606008,2.025877,-1.2219998,-0.3024935,-2.285943,FAC20250630038583
-2.8555996,0.09151277,-1.676647,2.7850773,1.4534005,1.2430944,-2.0993688,-1.1084269,FAC20250421001819
1.3281311,-0.6443043,-0.05061063,1.9606926,-0.88721955,-4.036877,-1.6289923,-2.2487082,FAC20250713118778
-2.8849962,0.09820283,-3.1298034,1.3435992,-0.22189835,-1.9036376,0.29163677,1.1077605,FAC20250610108122
-3.3373938,-2.4591427,-0.94609624,2.2498143,1.7721034,-1.8235599,-0.8716808,1.0097706,FAC20250721048444
-1.4590273,-4.154626,-0.12711929,2.354118,-0.018334128,-1.7019801,-0.66288656,-0.8270993,FAC20250915075536
-3.422848,1.6730022,0.32399413,0.7338467,0.80444163,-3.290043,0.40484142,-1.6588486,FAC20250508097666
0.12740618,-0.2698237,0.3778784,1.416585,2.1137497,-1.9611622,-2.7517428,-2.3547604,FAC20250814058159
-1.1379225,0.19343671,1.1199667,0.23520869,0.8182866,-2.5372548,-2.4375963,-3.2292476,FAC20250610108084
-1.6687572,-3.3331456,-2.1589878,0.0528366,0.099245325,-2.3059638,0.43958202,-1.1610451,FAC20250705041075
-3.3804288,0.13112225,-0.44279328,1.5963709,2.847546,-0.26734477,-0.36186576,-2.4699252,FAC20250624112419
-1.644598,1.0451424,-2.5623863,2.6586087,-1.1765118,-0.13887547,-2.8437722,0.2318689,FAC20250624034908
-0.17224531,-2.3114095,-1.6830343,2.8061287,-0.60817766,-1.1118966,-2.5278976,0.67276025,FAC20250424003283
-0.042241976,0.11355704,-1.8103758,3.845412,-2.5445056,-0.123717465,-1.6492935,-1.7759111,FAC20250614109232
0.76631397,-0.7460467,-3.2670207,2.7824159,0.47650185,0.123978555,-1.2375689,-2.2543306,FAC20250605026247
-2.1111379,-1.3086607,-3.3053598,-0.2305336,-0.21664906,0.09522937,-0.4257735,-2.8699036,FAC20250913138470
-1.3699751,-0.24741271,-0.0971606,0.9433686,1.7358776,-4.6295567,0.21892478,-0.63717324,FAC20251001085524
-1.3126225,-0.31329378,0.042171806,0.83027655,1.9457223,-4.693879,0.122051775,-0.8685894,FAC20250607106980
-1.0502504,-0.4959188,-1.5119944,1.6769326,0.45879364,-0.51241326,-4.6547813,-0.73805916,FAC20250609107579
-2.7354524,-0.6918189,0.84197974,1.5205148,-0.38420224,-1.7957857,-3.7171862,-0.047438502,FAC20250716119602
-1.2823994,1.4111202,0.5274653,3.980628,0.010166108,-0.21452324,-0.69430596,-2.574815,FAC20250830067299
0.39610106,-0.7283345,0.32071266,1.999998,2.1522017,-1.8982979,-2.8374894,-2.3630335,FAC20250619034002
-1.7789037,-1.6307662,-2.76521,-0.7557395,-0.05799796,-1.3288935,-2.067661,-0.15979874,FAC20250422002709
-1.6183298,-2.8669298,-1.804532,0.13970529,0.5294796,-3.196234,1.0090463,-1.241076,FAC20250515099738
1.1960332,-1.6657381,-2.3595862,2.665135,-1.2248849,-2.4618802,0.6817644,-1.9043857,FAC20250713045411
-4.767594,1.4403303,-0.9566938,1.1477786,-0.13552296,-0.5461186,-0.73286897,-0.93431455,FAC20250709117484
-1.2627074,-3.8638265,0.13521321,2.3990276,0.13449886,-1.8095313,-0.65674424,-0.8175683,FAC20250531104888
-2.7972937,-1.3194798,-3.2067547,1.0418818,-0.40043375,-1.5513403,-0.44334865,1.337725,FAC20250902068947
-3.4079974,-0.214054,-2.4123423,-1.1014624,-1.4538741,-1.037883,-1.2363113,-2.4184473,FAC20250610029580
0.039646443,-0.9256997,-1.7345916,1.1997775,-1.8759267,-0.7004338,-0.85205495,-4.4362326,FAC20250623112338
-2.989175,-2.6266599,-0.5727206,2.0612378,1.8341719,-1.4309458,-1.6279074,0.6667132,FAC20250714045876
0.17705558,-1.2785637,-2.5101743,1.5438491,-1.6307578,-0.12941423,-1.4443386,-4.143906,FAC20250821062531
0.025111033,0.60271144,-2.241528,2.5393963,-0.94888574,-2.5288794,-3.1289444,0.71179956,FAC20250623034822
-4.804573,1.1275878,-0.76747936,1.4388261,0.1596066,-0.5145836,-0.93788594,-0.5257748,FAC20251006087773
-1.3009226,-1.9993114,1.0827652,1.1636066,-2.1072915,-3.265721,-2.4362557,-1.3448373,FAC20250702114972
-2.0479648,1.2482462,-2.9297066,2.1556077,-1.4127041,0.10392556,-2.984141,-0.3038927,FAC20250524019167
0.102458544,2.5221086,-0.5922031,1.5814282,0.1134258,-3.4092119,-0.48649487,-2.6590734,FAC20251004145415
-2.2542663,-2.8154948,-1.7282926,-0.06480421,0.20490718,-2.486587,0.90072066,-1.1407187,FAC20250516012848
0.17582668,-0.70926577,-1.4671006,3.639424,-2.047943,-0.121947125,-2.2887006,-1.4383343,FAC20250916139620
-2.5296555,1.4613727,-1.8540589,0.653697,-0.4875044,-1.2802036,1.4167122,-3.2214203,FAC20250926083992
-1.8690342,-2.6048863,-1.559956,0.40050855,0.86789525,-2.9360683,1.481801,-1.2958069,FAC20250710043773
-0.6472061,0.9641274,0.11697149,1.7466158,-1.7926909,-3.0403237,0.7243303,-2.7052348,FAC20250606026915
-0.4827047,1.0064218,0.03735182,1.9879793,-1.7181027,-3.221927,0.8868374,-2.4536116,FAC20250526021679
-2.7484083,-0.18149926,-0.86007476,0.4353323,2.1599653,-1.0241743,-2.6257052,-0.44325203,FAC20250707116557
-1.0304261,-2.275754,0.4310254,2.893183,-2.2845223,-0.66471016,-0.7637587,-2.8204947,FAC20250902068277
-2.0274346,-0.4414079,1.1230764,4.323143,0.22674185,-1.9900101,-1.3418555,0.39994735,FAC20250512010508
-3.1501386,0.3950931,-0.5766407,0.44512266,2.2641435,-1.1986679,-2.9482884,-0.87147856,FAC20250503006465
-1.7152859,-1.5877213,-1.1181498,-0.79928356,-1.2107191,-4.31093,-1.6647125,-0.70517266,FAC20250716046264
-2.5120556,-3.328166,-2.0767062,-0.37657622,-0.42030025,-1.8500614,-0.061007302,-1.3745992,FAC20251013090083
1.0100725,-1.5244797,-3.2446485,2.140921,-0.2389807,-0.27875963,-1.6414671,-2.3605018,FAC20250903135225
-3.2983534,1.8592931,-1.5452645,1.2627705,0.32736138,-0.5541029,0.8708675,-3.813666,FAC20250513099130
-2.7530112,-1.3962486,0.19951907,-0.01691125,-1.7013576,-1.680862,-0.03400762,-3.382604,FAC20250729051206
-4.116253,1.8909217,-1.7896603,0.38319418,0.7103118,-0.94389766,-0.80021846,-1.2693225,FAC20250707042840
-0.7412039,1.6590174,0.19800963,2.0136456,-1.0618472,-4.3251853,0.0021233063,-1.1735576,FAC20250527022100
-1.0095755,-0.7004409,-1.3006448,2.4597638,1.0949131,-0.6120872,-4.2296014,-0.04557146,FAC20250428004093
-2.0289867,-1.0446755,-0.9097466,3.7468388,3.0786035,-1.0388532,0.25904876,-0.50008667,FAC20251010147135
-1.2977018,-2.2237473,-2.204248,0.34285405,2.4234686,-2.898954,0.74881166,-1.6548909,FAC20250709117326
1.3816564,-0.7720355,-1.4012554,3.8464277,-1.3745353,-2.1745582,-0.050665163,-1.9850067,FAC20250827133279
-2.6879892,-0.7323023,-2.4955983,-0.33831093,-0.97628015,0.09303913,-0.4479704,-3.3248873,FAC20250628113945
0.9270362,-0.4707616,-1.9566666,1.6408666,2.6515691,-3.3473172,-0.9087475,-1.5097029,FAC20250508008816
-1.9762721,-1.3906009,-3.8581865,0.16103126,-0.6377036,-0.031106438,-2.3721864,-1.088609,FAC20250909137177
-1.1593101,0.47762942,0.13983363,1.982808,0.8026265,0.24078245,-3.0662675,-2.0520709,FAC20250608028939
-2.8121266,0.45828748,-3.1881337,2.0398703,-0.6514062,-1.8782904,0.270602,1.1966693,FAC20250902069015
-2.1838331,-1.0867814,-1.3191439,4.002247,1.7851841,0.3262455,-0.18726648,-0.49471608,FAC20251006088015
-1.47141,-2.1103199,-0.27628177,1.9951332,-2.7596831,-0.19201137,-1.8894466,-2.7905488,FAC20250517013709
-1.3548235,-2.3014154,-1.9637886,0.3716767,2.784516,-3.0775983,0.3765289,-1.6703466,FAC20250519014952
-2.072943,1.8648114,-0.9026894,0.25392565,-0.8997217,-2.2434082,-3.8182864,-1.1993346,FAC20250630038763
1.0387609,-0.63166517,-3.0870826,0.78719944,1.4041098,-2.7545722,-0.06979144,-2.6808429,FAC20250627113418
-2.5367725,-0.03866249,-3.5112164,0.89327824,2.166359,-1.6354018,-0.5479821,0.38515168,FAC20250808127112
-0.590479,-1.5178822,-2.4530132,-0.6254524,1.5038041,-1.7323866,-3.073768,-2.6771789,FAC20250726122971
0.058619905,-2.3585188,-1.814455,0.07067858,0.43293366,-2.36555,-0.069522426,-4.063929,FAC20250908136915
-2.1285489,-1.3195164,0.8648505,3.7619298,1.006198,-1.6418507,-1.631022,0.6075725,FAC20250630038511
-1.5513712,-1.2612743,-0.70858365,0.8416532,-0.31340802,-0.036180515,-4.3323984,-2.4507337,FAC20250902069046
-3.1945252,-0.3798997,-0.98222166,-0.07627076,2.4134634,-1.3275161,-2.4912694,-0.9164855,FAC20250903069663
-2.477912,-2.4563825,-2.1970098,0.12534697,0.55624455,-1.3070829,-2.0548613,0.43175292,FAC20250823131770
-3.101329,1.4151987,0.6943269,0.7081136,0.8192723,-3.014515,0.42817017,-2.1181686,FAC20250716046677
-2.7101116,2.5436604,-0.7710742,2.197243,1.2802818,-2.7465808,0.37636626,-0.55723923,FAC20250923141630
-1.0525619,-0.48144424,-1.0107288,2.064798,0.6662965,-0.6934634,-4.1274266,-0.026030086,FAC20250804053091
-3.5853193,0.13451359,-1.5365691,-0.007682567,-1.2304033,-2.823089,-1.5720083,0.8179289,FAC20250720047945
-2.7745955,-2.7579858,-2.2457564,0.25191164,0.4680924,-1.0885276,-2.3118591,0.12821627,FAC20250530023142
-0.20995574,-0.34737363,-0.5505332,1.242999,-1.5517861,-1.4903392,0.017432794,-4.6343837,FAC20250617032726
-4.1805587,-0.9777692,-0.6411289,1.0991267,0.8679851,-0.46868467,0.94743484,-1.5315348,FAC20250605025532
-1.4458624,-1.8665724,0.61788297,3.3675718,-0.95916617,-1.4091197,1.2337495,-2.2953787,FAC20250516013186
-1.968898,-1.0447713,-3.3768787,0.075894274,-0.21360292,0.2458548,-0.2690803,-3.2779999,FAC20250926084013
-2.002823,-1.5828112,-3.5531845,0.24016456,0.21602196,0.45532218,-0.7603897,-2.716565,FAC20250607027890
-3.2413697,0.57892007,-2.5536234,3.074031,-0.5196773,-0.4565966,-1.4198914,1.1805644,FAC20251002086336
-0.12907471,-0.70984477,-2.420458,-0.5414355,0.11498467,-1.9797603,-3.6211438,-2.4745405,FAC20250622111782
-2.5268738,-2.9575534,-1.9839904,0.737005,0.9098698,-0.7069122,-2.458961,0.0038969337,FAC20250821062055
-1.063982,0.57912886,-2.9153202,-1.1147207,-0.14635755,-3.2438104,-1.3349502,-1.3099079,FAC20251015148905
-3.3743892,0.8668992,-0.6732221,0.37874028,-1.6600151,-3.2428699,-1.1234003,0.29760006,FAC20250530022769
-3.2025425,0.5635464,-0.097530656,0.89942956,-2.4026163,-3.103416,-0.36165097,-0.3465369,FAC20250619111057
-0.88151264,0.56800514,-0.91868937,1.6916264,0.64264214,0.49039498,-3.3228724,-3.2839956,FAC20250513099030
-1.3817289,-2.5304663,-2.1364944,0.060939107,2.2698028,-2.8729727,0.40852237,-1.6194055,FAC20250815058166
-0.98444736,-0.8968974,-1.815059,1.075551,2.9442818,-1.4718286,-2.4868493,-0.26857606,FAC20251017090367
-0.4272646,-1.3166208,-0.10943929,4.104807,0.81299603,-1.4085966,1.205576,-1.7397318,FAC20250805053834
0.21736678,0.5185612,-2.050866,2.9233234,0.6601316,-0.49190444,0.76441514,-3.5306911,FAC20250614109462
-2.836164,-3.0053124,-1.1946706,1.4099854,1.981375,-1.545946,-1.7072314,0.420731,FAC20250703115535
-0.857523,1.4610054,-2.9125576,1.6689,-0.25959495,-0.5882247,1.14515,-2.729842,FAC20250706042475
-4.062021,-2.5638337,0.55940866,1.2845062,-1.2238271,-0.82948875,-0.6186159,-1.8879868,FAC20250714045752
-0.35582966,-1.8080467,-3.4429026,2.1058688,1.2288707,-2.0687068,-0.86311394,0.81570834,FAC20250922079273
-2.6205096,-3.2081587,-1.8577678,0.52275497,0.96647966,-1.3987745,-2.6872995,0.01754146,FAC20250923141797
-1.6896904,-0.24587423,0.73277193,4.084906,-0.14558673,-2.2128813,-1.2556044,0.79212,FAC20250519016309
-3.310004,-0.5748118,-1.108375,3.6429536,1.0362328,0.89917135,-1.7836115,-0.27543733,FAC20250807055287
-3.029743,0.7972219,-2.5770514,2.842988,-0.826282,-0.769047,-0.7224702,1.0964131,FAC20250622111999
-1.2733924,1.0805049,-4.06531,1.3597003,1.6219136,-1.380703,-1.6022735,0.020900454,FAC20250804053160
-1.7301837,1.1699773,-2.8184526,2.7307353,-1.3403388,0.045565955,-2.8181431,-0.097368814,FAC20250531104919
0.12579514,1.3928185,-4.0891,2.3641405,0.37523574,-1.9751551,-0.105606414,-0.8300062,FAC20250723121763
-3.4882853,-0.1305441,0.49331784,2.2288833,-2.7121797,-1.9519932,-1.0870764,-0.08657599,FAC20250705039965
-2.0158556,2.100748,-0.48155132,0.12642257,-0.91639495,-2.1053016,-3.2041345,-1.8589029,FAC20250923082455
-4.4467063,1.4033473,-0.6997016,1.5023214,-0.37942007,-0.42953083,-0.62205845,-1.0444077,FAC20250601104963
-1.513204,0.83388823,0.6296953,3.805874,-0.23319085,0.18300736,-0.8249745,-2.508452,FAC20250801124647
-2.261445,-4.0731115,0.24798511,2.006054,-0.34532413,-1.4271727,-1.0687749,-1.0354156,FAC20251010088999
0.30468452,1.6260984,-3.5287116,2.8064415,0.3301303,-2.310614,0.025907459,-0.70236254,FAC20250902134920
-0.3778764,0.47031325,0.13717756,1.508693,-1.5538453,-2.496824,0.44113,-4.078698,FAC20250711044440
-1.541736,-4.175659,-0.20752585,2.4326613,0.0703831,-1.6009411,-0.74795485,-0.8069726,FAC20250813057665
-2.052059,-3.0915294,-1.0830634,1.5537425,0.58318824,0.2827745,-0.009258263,-3.1928923,FAC20250806126443
-0.16815831,-1.0503328,-0.3122257,-0.14347947,0.63507754,-4.4915953,-0.03378968,-2.5626724,FAC20250506007627
1.0600389,-0.79918957,-2.9872723,0.9018004,1.2920673,-2.5640633,0.07834691,-3.2043262,FAC20250717047023
0.30338126,0.7312731,-2.0415545,2.9152608,-0.83586735,-2.5672417,-2.9512432,0.61649716,FAC20250926083836
-2.141372,0.1267306,-0.6716784,2.9509265,0.2642935,-3.2444715,-0.6869443,1.7419488,FAC20250610108160
-0.7224303,0.9560158,-1.3690528,2.0619872,0.7672549,0.4390048,-3.2880585,-3.2130861,FAC20250529104157
-1.9047434,-1.0821471,-2.5453026,3.0201094,-2.066906,-0.0153295435,0.9513511,-1.0013304,FAC20250822131608
-0.4693822,-2.4851353,-2.39718,1.7867125,-2.8010378,-2.0698504,0.320415,-1.4469181,FAC20250902068330
-0.8709549,-2.1504648,-2.7694654,2.2604482,-0.5676022,-1.636593,-2.2025921,1.2393771,FAC20250827066051
-0.5511029,1.0007703,-3.6773193,1.6142727,-2.4590755,-0.9498448,-0.56708425,-1.8464587,FAC20250922081412
-1.8181512,1.8555995,-2.965563,2.3357568,0.056567285,0.061928827,0.812449,-2.9010448,FAC20250619033892
0.011568625,2.4405353,-0.8720142,1.242009,0.32566684,-4.068751,-1.3269073,-1.8633686,FAC20250915076368
-1.4608555,0.37125543,-0.73762536,0.93074596,0.34147823,0.32286096,-3.5120385,-2.9000006,FAC20250424003482
-2.755845,-0.18814772,-3.8268843,1.0369909,-0.692835,-1.9595244,0.058169317,0.9043368,FAC20250705040518
-2.1390119,2.1986322,-0.5665526,0.97426784,-1.3615086,-1.9659181,-3.4761252,-0.9520526,FAC20250922080541
-2.478223,-1.1551656,-1.5418227,4.2611227,1.5269474,0.19303794,0.22799984,-0.3217747,FAC20251005087355
-0.43140903,1.0413258,-3.5451488,1.8613292,-2.3656168,-0.6440497,-0.8613432,-1.9513127,FAC20250923141647
0.50407094,1.7941563,-2.5245736,3.4272673,-0.12045257,-2.8164833,0.23469499,-0.88296926,FAC20250919077627
-0.83138067,-3.5884736,-0.65644467,2.5240583,0.15944794,-2.3781524,0.037930585,-0.25331584,FAC20250614109240
-1.6148844,2.153978,0.16532102,3.9657738,-0.29741597,-0.7549419,-0.12982033,-2.0258842,FAC20250525021001
1.5905007,-0.34631804,-0.20622322,2.080742,-0.59714156,-2.919362,-2.2072809,-2.9984245,FAC20250806054560
0.9082904,-1.833903,-3.5095959,1.3168023,-0.9790235,-0.9279881,-1.6047759,-2.3318098,FAC20250504096188
-3.384102,-0.41202825,-2.15403,-1.0754257,-1.2571142,-0.84065396,-1.1848897,-2.6005547,FAC20251001085544
-1.6519263,0.7886,-0.91487074,-0.45874575,2.2289505,-3.8936343,-0.9451166,-1.7040803,FAC20250731124314
0.39094782,-1.0297593,-2.063069,1.1474994,-1.7807267,-0.8100343,-0.7631901,-3.9076145,FAC20250426003860
-2.895014,0.72646636,-2.9759586,2.2919652,-0.79431385,0.20657732,-2.3159518,0.37429965,FAC20250528103872
-1.3707283,0.89375126,1.0443786,0.038287982,-0.2375536,-2.7618687,-2.2693555,-3.0062728,FAC20250607027596
-1.179544,-1.7671517,0.7411903,0.798599,-2.3203073,-3.17946,-2.1335025,-1.5324355,FAC20250714046010
-1.999621,-2.3735046,0.15317282,-0.20592529,-1.322534,-3.3134508,-2.1678543,-1.0632173,FAC20250912074799
-1.5321282,0.7030075,-1.2235727,2.646288,1.4800525,-2.72334,-1.2738196,1.4388219,FAC20250705040488
-0.9452614,-1.8189869,0.094928026,3.883375,0.13716397,-1.2629558,1.4668267,-2.1651843,FAC20250501095349
0.34901804,-2.2442083,-1.398343,0.7879692,0.09157516,-3.9509563,-2.5626652,-0.33495122,FAC20250902069059
0.06184054,-2.1216123,-0.66103554,3.0622382,-1.3294411,-1.4015709,-2.7321358,-0.17216067,FAC20250429005392
0.20265284,2.5242212,-1.2768306,1.1030725,0.71894467,-3.625431,-1.3509383,-2.5014951,FAC20251009146861
-2.2578907,2.6158233,-0.87173927,3.0610054,1.1469047,-1.959959,0.45587343,-0.7692096,FAC20250625036124
-1.3628966,-0.26540503,0.16006121,1.2658712,1.6881078,-4.8850093,0.12464672,-0.61619496,FAC20250613030250
-1.9515121,1.0696474,-2.7718036,2.6338403,-1.346884,0.0036014845,-2.5935626,0.06849401,FAC20250919140637
-2.1392133,1.1683083,-2.8087082,2.2418287,-1.410377,0.07384464,-2.8558445,-0.18869433,FAC20250829133612
-3.3366942,-0.7400983,-0.9044451,-1.0082009,-1.1494371,-1.0457845,-1.0147687,-2.6959133,FAC20250504096193
-1.2203553,1.3941965,-3.9998782,1.5349178,1.7118249,-1.0897338,-2.0812008,-0.30231017,FAC20250526103201
-2.6510048,-3.0286434,-1.2688183,1.7240762,0.10612143,0.8054183,-0.5663074,-2.7420323,FAC20250912138194
-1.724669,0.6092778,-2.851086,-0.16394258,2.4077778,-1.3277059,0.00308136,-2.6247795,FAC20250615109539
-1.623491,-2.4313483,-2.1222928,2.6658103,-0.65178627,1.022004,-0.5360868,-0.88611287,FAC20250930143965
0.98639566,-1.616394,-3.3902128,1.5822209,-0.8450268,-0.66596353,-1.517795,-2.3194587,FAC20250904070444
-0.45612225,-2.563011,-1.6784263,2.6178539,-1.1072732,-1.5786935,-2.7640843,0.6719857,FAC20250607028522
-4.046445,-2.4036071,0.7142645,1.4469644,-1.3408155,-0.94151646,-0.35512483,-2.0207222,FAC20250516100022
-0.3033818,1.0930523,-2.0142794,4.32435,-1.0085547,-1.4822458,-2.5698495,0.5260443,FAC20250519015290
0.9289099,-1.3306777,-3.7416158,1.2929553,-0.9969156,-1.0862188,-0.9783381,-2.4890652,FAC20250605026181
-0.54385275,-1.2982124,-1.0201323,0.2559984,-0.82447374,-4.003028,-1.9516033,0.18480185,FAC20250701039160
-1.009294,2.7163038,-0.4454327,2.6000695,1.2504857,-1.5354167,-2.6643567,-1.6389227,FAC20250627036869
1.159162,-1.2928016,0.18169086,1.6922442,-0.070605256,-3.922222,-0.85422033,-2.805362,FAC20250619111102
-2.4484372,-0.6846731,-2.5752537,-0.0038870103,-0.7738935,0.44929728,-0.6728315,-3.6104481,FAC20250729051620
-4.2747746,-1.0068617,-0.6502635,1.2569,0.463874,-1.6596502,1.2825494,-0.47786006,FAC20250715119281
-0.9324252,0.6789903,1.0503309,0.6808831,0.8326741,-2.492817,-2.8637612,-2.6804695,FAC20250707116701
-0.3837368,1.0907077,-2.7000875,0.7051304,-2.6506126,-2.7380972,-0.48219135,-1.7597935,FAC20250524019271
0.97835046,-0.58934593,-0.9737747,1.7932854,2.621568,-2.5319033,-1.6430501,-2.1454973,FAC20250730124042
-1.2290667,-1.3518558,1.7240751,2.3417997,1.5282233,-3.2680821,-1.9347609,-0.8019032,FAC20250915076160
-1.019842,-1.4375349,1.4567857,2.357979,1.7150408,-3.2754095,-2.0283408,-0.6749966,FAC20250602105367
1.1256763,-0.6300956,-1.2822741,2.1177206,2.7301707,-2.3889136,-1.1392285,-2.4582608,FAC20250527021959
-1.0231724,-0.4812669,-1.2890781,1.6442418,0.34998292,-0.21712035,-4.374402,-0.91717654,FAC20250906071564
-3.38635,1.579125,-1.7675782,1.2246792,0.09191597,-0.7338654,1.3279632,-3.447334,FAC20250915076360
-3.4765096,2.0258107,-2.0967326,0.24450745,0.8617355,-0.6580035,-0.985226,-1.5516875,FAC20250608028873
-0.18413079,-0.67485285,-0.72287285,4.460977,1.0000017,-1.8443239,1.1617179,-1.0237153,FAC20250813057099
-3.44899,0.80593467,1.6995448,2.826901,-0.591675,-1.6311567,0.007939711,-1.9777188,FAC20250615031692
0.56245387,-1.4776951,-1.1640558,0.48356092,1.7131101,-1.9164362,-0.85947937,-3.8233922,FAC20250904070579
-1.0414771,0.29154453,-0.40926355,1.3875927,-3.4384246,-2.032801,-2.461304,-1.9849632,FAC20250706041780
-0.722499,-2.2801976,-2.9306738,2.7724164,-1.7726921,-0.66867316,1.0064024,-1.6479234,FAC20250713118827
-3.2074776,0.69611716,-0.59601617,0.8401075,-2.2975187,-3.3457823,-0.34594992,0.011737055,FAC20250815059139
-2.5891411,1.2141469,-3.0153353,2.3582447,-1.2376492,-1.6479948,0.066458136,0.92105925,FAC20250520101117
-0.7150458,-0.84682536,0.3912356,1.7164159,-2.94938,-3.1301718,-2.1699429,-1.0017086,FAC20250930143979
-0.8573171,1.0250229,-2.2189634,3.7704306,-1.0102097,-0.94302315,-2.5841856,0.5965104,FAC20250601024910
-4.774644,1.390967,-0.6915429,1.3096132,-0.095479935,-0.62844676,-0.7828952,-0.9281674,FAC20250727050486
0.2391696,0.46725193,-2.0948224,2.9185605,0.46851057,-0.66149056,0.9147043,-3.6342852,FAC20250524018947
-4.0843897,-2.1189039,0.69159853,1.3957789,-1.3903593,-0.81726617,-0.21335758,-2.2604399,FAC20250501095239
-1.0100195,2.6312227,-0.48265964,2.5644274,1.6472045,-1.414633,-2.5594273,-1.8425125,FAC20251012089752
-1.6024685,0.029758962,-3.0723472,0.08200312,2.4883182,-1.7899398,0.65446323,-2.6005704,FAC20250619110948
-3.259802,0.15634635,-0.30605507,1.6502525,2.966639,-0.34318772,-0.4856689,-2.5586565,FAC20250831134344
-2.3939784,-0.20458889,0.12636136,1.8853769,1.3420091,-2.2966025,2.1072838,-2.4627883,FAC20250922081886
-3.3147013,0.7279117,-2.4857452,2.9555514,-0.62151116,-0.2522292,-1.3649526,0.9815414,FAC20250908136794
-3.3459268,-2.2217345,-1.1125833,2.249796,1.1700155,-1.5660329,-1.0766513,1.3018157,FAC20250703115405
0.2801246,2.6140778,-1.3509175,1.606125,0.91686416,-2.5595815,-1.2310694,-3.0739903,FAC20250517013656
-0.62922287,1.9713084,-0.35917568,1.6307359,-0.7656631,-4.3918614,-0.7776892,-0.6542351,FAC20250510009716
-1.6426661,0.29039535,-0.48993278,0.4152995,2.2652376,-4.3291407,-0.48761424,-0.6686915,FAC20251012147908
0.29886675,-1.5453676,-2.7964857,1.001317,-2.0392487,-0.70965576,-1.5307727,-3.5445487,FAC20250525020471
-1.5649815,-0.26879793,-2.7281518,2.7512913,0.04545612,-2.1581,2.4104857,-0.57388985,FAC20250612108586
-1.4726177,-3.5501783,0.24119698,1.8596834,-0.48989537,-2.0894547,-0.32276255,-0.51555943,FAC20250714118997
0.43524545,-1.7615612,-3.0086746,0.8647259,-1.8380085,-0.9115026,-1.7225145,-2.891001,FAC20250706116482
-0.58536536,0.63683677,0.17709039,1.5840203,-1.7813224,-2.628341,0.63492507,-3.396676,FAC20250530022925
-3.3663683,-2.2582862,-1.3134513,-0.053310968,0.4170733,-1.9991798,1.0565339,-1.2276359,FAC20251001086241
-0.6712179,0.683777,-0.7496748,2.382737,1.1362789,0.20460121,-3.4860995,-1.7656202,FAC20250828133382
-3.0190163,2.1295316,0.15006675,1.397298,1.0964311,-2.926765,0.47964007,-1.388194,FAC20250909137231
-3.3424263,1.4097447,0.57424045,0.6288097,0.6247785,-3.183823,0.49143818,-2.0630352,FAC20250725122497
-3.059109,-0.48808265,0.69525504,1.371934,0.64672756,-1.4278207,-3.688796,-0.22800693,FAC20251006088019
0.7825103,-0.8444202,-3.3982143,1.7508532,-0.49658927,-0.27450165,-0.561997,-2.6988676,FAC20250427093850
-1.2827915,-0.43438315,-3.1411498,2.1059577,0.15829442,-2.0184422,2.435509,-1.1703551,FAC20250430005860
-1.6087356,-0.3998116,2.171873,2.0287302,0.31572196,-2.724414,-0.80676335,-1.3782636,FAC20250713045344
0.26595473,-1.3875061,0.19447258,0.99586755,0.781146,-4.3127303,0.0536801,-2.6469064,FAC20250624035349
1.2498068,-0.94176936,-0.00803545,1.8186129,-0.65964395,-4.15351,-1.282752,-2.390216,FAC20250815058764
-0.72505176,-1.7915798,-1.0788803,-0.76431865,0.7117547,-1.9206291,-1.5174443,-3.8529606,FAC20250806054416
0.5377811,-1.4069208,-2.3644893,0.43835822,1.1355569,-2.125887,0.043053605,-3.975774,FAC20250603105816
-1.1164806,0.83161217,-1.1785724,2.7622945,0.69940555,0.9186654,-3.0231397,-2.7329478,FAC20250530022748
-3.179175,0.17820211,0.013088613,1.5956078,-2.4607868,-2.3647592,-1.0416093,0.3008079,FAC20250919140461
-2.7939618,1.8261709,-1.2705925,0.2710061,-0.18710911,-1.6497887,0.75736105,-3.8883424,FAC20250509009167
1.2771914,-0.65507984,0.1798839,1.4409688,0.045997772,-3.1210685,-1.3780893,-3.1301312,FAC20250512010443
-0.3880174,1.529185,-2.7347145,0.7000458,-2.390172,-1.9732823,-0.7394687,-1.9283112,FAC20250922080204
-0.38648266,1.196623,-2.9082172,0.62304467,-2.4759998,-2.3624582,-0.40319356,-1.9195517,FAC20251007088377
-0.5612986,0.7061645,-3.7685616,1.2201946,-2.4886463,-1.3610362,-0.45388114,-1.475815,FAC20250816059827
0.9915409,1.2431796,-2.0454178,3.5946112,-0.2931718,-2.8112898,-0.058676727,-1.0263312,FAC20250815058292
1.2447312,0.75666004,-2.1286578,3.5301642,-0.45612642,-2.6498694,-0.15199013,-1.0764505,FAC20250821131152
-3.4721818,0.20403807,0.86274856,1.5744814,-2.077787,-2.4330952,-1.3872555,-0.22712174,FAC20250714045912
-3.0672696,-1.80096,-0.77193576,1.2822387,2.3770134,-1.3465431,1.270862,-2.3434548,FAC20250902068595
-3.617446,-0.5898128,-1.4308498,-1.2913011,-0.91966355,-1.2810322,-1.495128,-2.6096845,FAC20250830134191
-2.5602236,-0.5731133,-0.7849637,3.4665215,0.16356872,1.2211176,0.1664916,-3.214652,FAC20250605025848
-2.883297,-0.53061986,-0.5858163,2.9160287,0.21512249,1.1615133,0.020437138,-3.4837961,FAC20250421001978
-1.46548,0.5232055,-1.0838592,2.5297656,1.4738855,-2.979036,-1.5073969,1.4732738,FAC20250421001098
-2.3607063,-0.4859288,0.6100245,3.403958,0.3480553,-2.4701755,-0.89476085,1.1426462,FAC20250915076045
-1.7866495,-0.09900307,-0.80447686,1.3870723,2.2984347,-1.9390743,1.7196895,-1.7232355,FAC20250919077590
-1.6261772,0.017684624,-2.7644804,1.0926322,-0.32757705,-1.9941202,2.4181628,-2.2008307,FAC20250617032325
-2.059298,-2.3420439,0.23228492,-0.29662758,-1.2415719,-3.4302876,-2.1743782,-1.2078278,FAC20250503095846
-2.6653042,-0.77325565,0.5569497,1.2441674,0.3392855,-2.3493822,-4.2465396,0.021099512,FAC20250622111829
-1.3125623,-1.9735503,0.54556066,3.114655,-2.3258896,-1.1630726,0.15291584,-2.2185607,FAC20250817060659
-2.813299,-3.0699072,0.881397,0.8717456,-0.7132449,-1.4843229,-0.5911647,-2.0285115,FAC20250919077839
-2.9907167,-1.5177401,0.61539567,0.19933297,-1.3712903,-1.4257578,-0.17263035,-3.3904285,FAC20250525020945
1.6124445,-0.30565846,-2.0765603,3.5733495,-0.7191988,-2.3433695,-0.16264687,-1.3640933,FAC20250428094159
-1.6713328,2.3916578,0.08020768,1.9543592,-0.74756706,-2.2536623,-2.9860575,-0.6430076,FAC20250623112277
-3.0426438,1.6408271,-1.7213053,0.8713163,-0.004603763,-1.3208599,1.4315956,-3.3618588,FAC20250804052972
0.62170726,-0.77013797,-3.34615,3.1228173,0.88321066,0.19401132,-1.4957157,-1.925537,FAC20250922081141
-3.616034,1.6234965,0.36976585,1.637673,-0.32301617,-0.72300863,-0.36261582,-1.4371915,FAC20250905071148
-0.8287868,2.3522923,-0.59537286,1.9235073,-0.4904431,-4.2815604,-0.71484387,-0.45748973,FAC20250607028571
-3.4059803,-0.6471803,-1.6792601,-1.182054,-1.7518458,-1.7209835,-0.8866546,-2.265506,FAC20250718120144
-2.7978315,-2.7658408,-1.0137521,1.8977604,2.3699226,-2.0259192,-1.4696738,0.6479599,FAC20250806126307
0.17364119,-0.93694496,-1.9388068,1.345305,-1.7438118,-0.46087766,-1.0082453,-4.405095,FAC20250421001501
0.99288255,-0.47869554,-2.6577601,0.94649196,1.7516811,-2.3114066,-0.21321231,-3.1749148,FAC20250420000770
-3.196832,0.19085047,-2.6875648,-0.6273524,-1.6393472,-0.54561377,-1.1458898,-2.9592268,FAC20250721048337
0.8144505,0.48310232,-1.4089273,0.57042587,-0.6517448,-2.2007892,-3.1028414,-3.6799865,FAC20250712045131
-3.4917927,0.48359692,-1.5045328,0.20413177,-1.0750002,-3.1186109,-0.8684374,0.7412161,FAC20250422002642
1.0720735,-0.5961609,-2.1354475,0.8020579,2.0755527,-2.8255734,-1.1440177,-2.3781152,FAC20250926142738
-3.60819,-0.9502449,-3.0196748,0.8641196,2.3047695,-1.2785509,0.14268743,-0.07451842,FAC20250516013190
-0.79521734,-1.5494322,1.0695591,1.8686358,1.315979,-3.5251136,-2.335811,-0.4354485,FAC20250910073359
1.031331,-0.52017134,-2.2356496,1.0717957,-1.0226481,-1.0549995,-0.44445792,-2.5723708,FAC20250706041968
-1.7977966,-0.18498068,-1.4179982,0.7476968,3.1225727,-1.6213412,-2.898656,-0.6595996,FAC20250921078402
-0.29835054,-2.5248115,-2.2503326,1.7000455,-2.602069,-2.1388578,0.5387809,-1.7926008,FAC20250510010148
-0.1941798,-0.9350099,-1.3657978,2.8210518,-1.5097061,-3.8774107,0.14517178,0.5773038,FAC20250428004494
0.9652427,-0.9755533,-0.39709345,1.3670819,-0.5061644,-4.733751,-0.64242816,-2.0491457,FAC20251012089749
-1.4207805,0.09979835,-2.8197408,1.2528508,-0.32699928,-2.153768,2.3889153,-1.9561356,FAC20250426003818
-1.0219902,-4.050541,-0.03565544,2.5133953,0.36195222,-1.9736737,-0.66108847,-0.857084,FAC20250826132701
0.49315658,-0.09414806,-0.07836439,1.3897927,2.3508291,-2.2042718,-1.9766157,-2.2279758,FAC20250920078213
-2.950595,-0.79869884,1.2901243,1.9370865,-0.47643167,-0.9355053,-3.502702,-0.99740356,FAC20250528103864
-1.4380265,-0.09547426,-2.7184317,0.6008784,-0.64069057,-2.2278085,2.2028315,-2.55972,FAC20250616109905
-0.023500063,2.519265,-0.18931185,1.8403443,0.4338639,-3.3642275,-0.57482564,-2.3341184,FAC20250519015062
0.007919961,-2.0929582,-0.73699963,0.77637833,0.6433027,-3.969816,-2.663944,-0.14501467,FAC20251015148855
-1.6281643,0.6923345,-2.5069592,-1.3698437,0.57193416,-3.3839605,-1.7897578,-1.4073952,FAC20250929143608
-3.0995367,0.35843095,-0.65096444,1.0033457,-2.5707908,-3.0542815,-0.41225642,0.12926382,FAC20250617032830
-0.1435518,1.1390634,-2.2093983,2.911246,-2.6967795,-0.6626193,-1.1962743,-1.9372519,FAC20250503006829
-4.1099906,-0.29174212,1.3062186,0.9520291,-0.8557863,-1.3556117,-2.4469118,-1.5657382,FAC20250613030442
-2.3660762,1.6643251,-2.7252939,1.9744341,0.16931383,-0.020267902,1.0576904,-2.8940442,FAC20250706041900
-1.2789723,-2.492872,-2.0750625,0.44631213,2.2489238,-3.2240615,0.6762315,-1.3391315,FAC20250710043577
-2.582566,-0.024983723,-0.38138685,1.6641103,3.0295854,-0.25977433,-0.46489802,-3.096703,FAC20250816059684
0.43160057,-1.829505,-2.271174,0.4219922,0.63823044,-2.2948587,0.21402217,-3.9034815,FAC20250716046403
-2.0832472,-3.149515,-1.0575,1.5160521,0.50897366,0.042293213,0.22416914,-3.5004284,FAC20250831134465
-1.2883799,-1.6131886,0.6822326,3.241071,-2.205734,-1.2728381,0.26251307,-1.9247928,FAC20251001085555
-2.4449317,-2.9226162,-0.78098536,1.659463,2.011518,-1.4433748,-2.1115801,0.3460331,FAC20250630038430
-3.7619169,-2.053589,-1.6865606,2.0680375,-0.9526581,1.0998769,-0.94601715,-1.392862,FAC20250919140631
-2.0035925,0.30826944,-4.1114426,0.8764962,1.9282485,-1.5843711,-1.1762248,0.30197895,FAC20250530023408
-2.2558649,-2.0832798,-2.9615245,-0.1896767,-0.40394524,-0.67162776,-2.4494386,-0.4693552,FAC20250513012227
-1.9714645,-1.8514719,-0.46732444,-0.77171314,-0.998624,-3.9944437,-1.7941803,-0.93539643,FAC20251010089110
-3.633042,-0.90687263,-2.9603815,0.70814216,2.3645248,-1.6917493,-0.022399247,0.12812315,FAC20250812128324
-3.427395,-1.4767314,-2.5643594,2.07674,-1.7380519,0.24823685,0.41592827,-0.8889463,FAC20250513011116
-1.6000086,-4.1002855,-0.1579204,2.3283274,-0.19265993,-1.6423644,-0.6503148,-0.75117046,FAC20250506008211
-1.7419903,-0.9931751,-2.845579,-0.24970646,2.7200232,-2.3793612,0.40811193,-2.2955165,FAC20250516100076
-0.06318798,2.4477224,-1.1049057,2.069594,1.9168049,-2.017961,-1.3087194,-2.7147563,FAC20250817129885
-2.0061853,1.047566,-2.6452937,2.2348142,-1.4672958,0.03950558,-2.894504,-0.11703034,FAC20250421001099
-3.2971141,0.9582668,-0.6888361,0.43304783,-1.8522085,-3.521467,-0.8037229,0.10237597,FAC20250609029209
-1.5154651,-1.2533648,-2.698431,-0.0641235,2.558238,-2.4194055,0.6993766,-2.168278,FAC20250718120346
-0.09608099,-1.1685002,-0.73096424,-0.5602207,0.13008472,-2.1944418,-1.651429,-4.0379963,FAC20250713045520
-3.6182075,-0.36385804,-1.82548,-1.2323619,-1.1741494,-1.2384726,-1.4477314,-2.408175,FAC20251007146171
-0.900384,2.524299,-0.69350654,2.6318095,2.0595288,-1.3600909,-2.3669972,-1.9266511,FAC20250711118176
-0.16560951,0.051379405,-0.5733609,4.5715113,1.6971096,-1.6986024,0.47625124,-0.9977356,FAC20250919077949
0.9410619,-1.5859125,-2.3440778,0.7402329,1.1491746,-2.38006,-0.057800844,-3.3381636,FAC20250607028452
-0.6485371,-1.3601168,-1.1980436,0.025794663,-1.1389054,-4.055758,-1.4945207,-0.07949804,FAC20250724049342
-3.7729957,0.7299718,1.3961751,2.7267764,-0.20949414,-1.5140212,0.08362476,-1.3891174,FAC20250922078955
0.060191,-2.1696017,-0.12152108,3.4207735,-1.0781378,-1.676851,-2.817678,-0.28961748,FAC20250920140951
0.35912615,-0.52760285,0.27280796,1.7060263,2.0458064,-2.079907,-2.7946103,-2.325987,FAC20250922078553
0.9437256,0.3757495,-1.2721034,0.6854219,-0.6175929,-2.2075303,-3.0837247,-3.697398,FAC20250806054524
-0.15592203,-2.0364811,-3.1679916,2.1018248,2.2395508,-1.5402364,-1.0580326,-0.03279735,FAC20250621111718
0.170638,0.54128873,-2.1215632,2.87903,-0.9836858,-2.7631612,-3.118068,0.73534447,FAC20250827066399
-0.024621528,0.93666995,-2.494636,2.6814036,-2.459806,-0.5148424,-1.1708975,-1.8276435,FAC20250906071703
-2.5487802,1.3998392,-2.278127,0.1565032,-0.43392432,-2.297624,1.5888035,-2.5429947,FAC20250607028365
1.2430257,-1.335836,-1.6144485,3.4825594,-1.6098088,-2.0157654,0.1813927,-1.9531355,FAC20251012089771
-0.68501663,-3.739053,-0.25471285,2.6800075,0.39003664,-2.176958,-0.38495865,-0.5981953,FAC20250912074695
-0.12579241,-2.0119088,-3.553938,2.2053726,1.2591562,-2.0750186,-0.6196781,0.51631814,FAC20250929143645
-2.5399368,-1.7746185,-1.016232,4.169102,2.0841742,-0.29717872,0.600568,-0.7543533,FAC20250509009517
-1.7068973,0.597938,-1.8606355,-1.3841107,0.8295762,-3.6772478,-1.5590996,-1.8793746,FAC20250521017984
1.3217129,-0.6905828,0.13297759,1.9802214,-0.44844514,-3.8322382,-1.4842918,-2.4070795,FAC20250513011662
-2.722326,-0.36916077,-0.41992787,2.9170659,0.67577106,1.0685629,-0.03918888,-3.5406656,FAC20250420000474
0.003961055,-2.5245426,-2.2925227,2.033105,-2.2966654,-2.11221,0.6957962,-1.8007697,FAC20251002144649
-0.17865287,0.98927504,-2.4477987,1.7253724,1.4701113,-1.0709873,0.107027344,-0.26316443,FAC20250624035155
-0.8957582,-0.18829438,1.138939,0.7515638,1.298097,-2.2237484,-2.7539675,-3.0666366,FAC20250519014539
-2.474614,-0.5649293,-2.6582072,-0.20882213,-1.4750108,0.31614566,-1.733017,-2.4638748,FAC20250913075088
-2.0035276,2.4478872,-0.6958444,3.5465174,0.41254824,-1.4107643,0.5731825,-1.1120404,FAC20250609029370
-2.9618762,-0.13734077,-3.09899,0.5197159,-1.2897612,-2.192162,-1.2605071,1.0389218,FAC20250508097375
-1.2131796,0.71265167,1.0352925,0.025698554,0.17338714,-2.6557171,-2.5176399,-2.9601233,FAC20250620111192
-4.1222153,1.3593173,0.6345085,2.289178,-0.316537,-0.88497627,-0.3184108,-1.2541785,FAC20250530023326
-1.6541797,0.6827225,-1.3866165,2.7234595,1.6962533,-3.2560842,-1.0044526,1.451173,FAC20250628113912
-2.1966093,0.19877931,-0.65155953,2.8965306,0.62638015,-3.3045416,-0.4944426,1.5764557,FAC20250912074527
-0.6745107,1.0062048,0.13439797,2.1492424,-1.5797118,-3.2728531,1.0532527,-2.3826656,FAC20250615031704
-2.2940953,2.585309,-0.6372673,2.8296025,0.874397,-2.0234952,0.60028917,-0.8624127,FAC20250721048746
-3.5515518,-2.0040731,0.24507862,2.6961627,1.1904825,-1.7325038,-0.9497699,0.8461175,FAC20250624035232
0.41839027,-2.0915103,-2.5557084,2.2992473,-1.6330463,-1.9838381,1.1135262,-2.0607412,FAC20250720120851
-2.8320546,-2.8045769,0.88276756,0.8313766,-0.80888224,-1.4403547,-0.31891134,-2.1980994,FAC20250823131884
0.8407815,-1.6240734,-0.85663193,3.3458579,0.21674277,-0.43986285,-2.2526565,-0.8437608,FAC20250512010816
-0.7906999,-0.7972224,-1.7696319,1.9265571,-1.3527455,-3.6221473,1.1835986,0.27098176,FAC20250816059654
-1.6452874,-1.7824507,-2.1426556,-0.060815156,3.1294458,-2.7305706,-0.0077164103,-2.1672204,FAC20250525102974
-3.7962046,-2.0793161,-1.5606211,1.9246056,-0.8416344,0.9892293,-1.0669757,-1.2683902,FAC20250922082255
-1.6655958,-1.4831395,-2.958337,1.0020838,0.30936918,0.22408605,-2.9450173,-0.065262884,FAC20250529104194
-4.2632804,1.4322221,0.30666402,2.2574327,-0.58399975,-0.6152964,-0.31549606,-1.305015,FAC20250902068582
-1.2753685,-1.9581537,0.039335903,3.7190976,0.007563598,-1.3743998,1.6973295,-2.4314327,FAC20250708117059
-1.7746309,-0.18563652,-1.6269482,0.9305345,3.4636154,-1.2667216,-2.7248795,-0.94913393,FAC20250608028829
-1.1826652,-1.7716699,0.3535923,2.9156103,-2.2374341,-0.3305218,-0.50130093,-2.3715189,FAC20250713118751
-0.7465798,1.0965314,0.40104017,2.1882677,-1.2826731,-3.6418142,0.89845747,-2.105837,FAC20251001086040
-1.788843,0.63173544,-4.0502753,1.006594,1.8460449,-1.6312155,-1.4078343,0.28278607,FAC20250805126135
-1.3792453,-1.747351,0.5451953,3.5789304,-0.35765037,-1.4875038,1.4770038,-2.230828,FAC20250830133984
1.5382916,0.13292228,-1.8536026,3.6002798,-0.6335809,-2.4984438,-0.26236305,-1.308492,FAC20250918140239
1.0995121,-0.13668762,-1.0295788,0.88652265,-0.3731888,-2.2034776,-2.8957603,-3.6798282,FAC20250605025851
1.4558911,-0.70419514,-0.19370577,1.4825867,-0.44136068,-3.3673074,-1.6317623,-2.8262355,FAC20250720048011
-1.6915957,-1.0041804,1.9026889,1.8875784,1.2649446,-2.70679,-1.2955348,-1.0990902,FAC20250513011010
-0.24880894,1.3069052,-2.3807223,3.4391267,-0.8826414,-1.216166,-2.9341412,0.10163446,FAC20250903069570
-1.4872708,1.1263278,-0.7729554,3.4113474,1.920729,-1.5090283,-2.2397175,0.5685158,FAC20250615109775
-2.374169,-0.5982248,-0.09748372,0.28004408,1.5717218,-1.7690309,-2.998711,-0.096363194,FAC20250525021169
-3.589293,2.0981138,-0.93946266,0.6183492,0.25858304,-0.5626344,-0.87163824,-1.3774189,FAC20250922141418
1.2095232,-0.71796334,-2.366107,1.1582173,2.133658,-2.9946907,-1.0078613,-2.1369147,FAC20250714046017
-2.8353982,-0.5702927,0.43760693,0.99657285,0.37786,-2.3231487,-3.9318774,0.09655343,FAC20250601024527
-3.1613443,-2.6320317,-1.0119998,2.087984,1.9760216,-1.8032743,-1.1052222,0.8898562,FAC20250802124998
-2.0744126,0.15902053,2.2288377,2.4138494,0.6303758,-2.0808215,-0.8230105,-1.815031,FAC20251005087242
0.010883666,0.5837665,-2.0288424,3.096777,-1.0541519,-2.5645902,-2.8421597,0.8538814,FAC20250920140814
-4.3460174,1.4997185,-0.9150007,1.0788234,-0.08607462,-0.53440523,-0.42756602,-1.0734869,FAC20250524019781
-2.7957535,1.6951934,-2.8567371,-0.25771058,1.3962827,-0.83768797,-1.0238124,-2.1051657,FAC20250721048651
1.0032704,-0.727157,-0.32277346,2.7102134,2.3870606,-2.001255,-2.0093198,-2.2850766,FAC20250724049397
-3.0525508,-0.62404597,-0.06395229,0.11453187,1.0229244,-2.4657466,-3.3666096,-0.03409929,FAC20250922080525
-2.7638373,-2.6274586,-2.214109,-0.5471039,-0.2791815,-2.1128712,0.49619675,-1.3366203,FAC20250914139028
-3.7097363,-2.321272,-1.4703614,-0.6515268,0.42486992,-2.0419195,0.44037807,-1.6679709,FAC20250519015292
0.45892903,-0.533569,-1.2631257,3.3431425,-1.8368527,-0.33185557,-2.7002892,-1.663772,FAC20250523102143
-0.84797823,-0.4920113,-2.0587924,2.0207984,-0.38223097,-3.0383136,2.1029813,-0.37574577,FAC20250716046793
-2.5996134,1.0077758,-3.0758114,2.5818424,-1.0346729,-1.559525,0.18690091,0.9311601,FAC20250906071521
-0.7584686,-1.4227234,-2.7284024,1.8621564,3.2647321,-0.85893637,-1.9107133,-0.89505184,FAC20250614031236
-0.57770044,-1.5844891,-2.8388667,1.9387934,2.9848967,-0.96147776,-1.7327759,-0.6203107,FAC20250519015994
-2.0744646,1.2115513,-2.7985418,2.153589,-1.5114938,-0.03405664,-3.0704954,-0.38313493,FAC20250711044457
-1.6533072,-0.589137,-2.7876809,-0.5432272,2.1673155,-1.954307,0.30440655,-1.8694868,FAC20250514099430
-0.97030765,-1.5258046,0.08980133,3.926888,0.03927275,-1.4457318,1.5892105,-1.9172951,FAC20250429004974
-2.1343238,-0.78732604,-1.5498142,3.9520543,1.8919066,0.39807463,-0.40553883,-0.38074163,FAC20250906072198
-0.4033634,2.0743887,-0.5917265,1.3111626,-0.39278635,-4.5158286,-1.2091141,-0.94254345,FAC20250419091383
-1.519829,-2.5751905,-0.69091165,1.8358334,-2.7575493,-0.20252302,-2.0300915,-2.5962586,FAC20250805053955
0.2593734,-2.130026,-2.2060864,0.40741444,0.45622918,-2.2928793,0.29422686,-4.055709,FAC20250519015921
-1.2657512,0.7768682,-1.398938,3.1038182,0.7977435,1.0684509,-3.0027518,-2.4682639,FAC20250508008885
-1.8276621,-3.4011054,-2.3166084,-0.3171726,-0.44010103,-2.259403,-0.06676037,-1.4194243,FAC20250505007414
-1.1857506,-1.689549,0.41778758,3.6702259,-0.3588495,-1.2693778,1.2908202,-1.9752809,FAC20250905135939
-1.1725359,-3.973967,-0.0065252255,2.3767378,0.04603963,-2.0022776,-0.6479838,-0.8022855,FAC20250613031034
-2.6328475,-2.9109395,-2.2335842,0.27500638,0.78809726,-1.071806,-2.385034,0.05121162,FAC20250809055822
-2.3756688,-0.09116924,0.059397712,3.7650042,-0.39240766,-2.9660897,0.084947534,1.1831622,FAC20250905071107
-2.919134,-1.111736,-0.0026396345,0.004614334,-2.1208863,-1.8760102,0.18949386,-3.0687008,FAC20250714119053
1.5485197,-0.102910094,-1.7128855,3.7645907,-0.7557026,-2.41024,-0.31613505,-1.4947724,FAC20250813057614
-0.17129251,-2.645248,-0.982566,2.9658766,0.26868016,-3.4709713,0.18025206,0.27695158,FAC20251004145364
-0.27904052,2.3265417,-0.49571654,1.6593329,0.12773111,-4.091538,-1.1595827,-1.0722661,FAC20250616110074
-0.91020906,2.6596816,-0.28210124,2.526091,0.9890224,-1.5893936,-2.6696067,-1.3672054,FAC20250922080063
-2.9460554,-1.3379682,-0.039779086,1.0373752,2.4090242,-2.0500617,1.0757871,-2.021506,FAC20250811128116
-3.2444763,-0.086335436,0.15547237,1.7748882,1.9639106,0.22479585,-0.4885257,-2.9830074,FAC20250701039052
-0.57262015,-3.2864213,-0.7264158,2.616869,-0.16658904,-2.9407833,0.06295839,0.01832608,FAC20250525020011
-0.67245466,-0.7560716,0.3584235,1.7870686,-2.835468,-3.391573,-2.2213628,-0.83000636,FAC20250606027112
-0.34545073,1.3846849,-2.5740585,2.8651826,-2.6011934,-0.51698935,-1.0232084,-2.1654027,FAC20250517013884
0.17361142,-0.5700247,-1.8799686,-0.43054035,-0.19293809,-2.0072174,-3.2769988,-3.1247559,FAC20250813057296
-3.0192008,-2.189614,-0.25827748,0.06808561,-0.91984767,-0.3580424,-0.61595833,-2.0863318,FAC20250709117262
-0.44759583,-1.5399165,-2.5483153,1.6651628,2.5209928,-1.1799227,-2.0724082,-0.15359943,FAC20250712045147
-0.9520966,2.7293758,-3.5403113,1.3641151,0.29291436,-2.2124143,-1.6042948,-0.4807188,FAC20250815058832
0.2375388,-2.0488563,0.51532125,1.8433656,1.0822524,-3.7706044,0.2846542,-2.874861,FAC20250906136170
-0.9229575,-1.6601303,-1.1162283,-1.0243363,0.26290163,-1.8971009,-1.8586807,-3.7275746,FAC20250922079976
-3.0182967,0.47492477,1.839822,1.5769545,1.6412796,-1.6672661,-1.4836097,-1.6723475,FAC20250805053486
-3.4052086,-2.1620083,-0.18699472,2.4565516,1.410628,-1.651356,-1.188261,0.9034793,FAC20250704039679
-2.4465015,-0.7305555,1.1019258,1.9189163,0.44992596,-1.4445275,-4.038744,-0.67322403,FAC20250831067652
-3.527454,-0.31239378,-1.8715785,0.103203095,-1.0698878,-2.5426316,-1.5971243,0.9749959,FAC20251013148166
-0.30908185,1.8576024,-3.9647284,1.7589684,0.6001189,-1.9207029,-0.8810815,-0.50766504,FAC20250630038308
-1.9865881,1.0660622,-3.3885026,-0.21137749,1.9003383,-1.1596962,-0.43105337,-2.4035306,FAC20250429005131
-1.18339,0.44000956,0.4197132,2.30868,1.0667459,-0.4791476,0.8136284,-2.2038038,FAC20250905071324
-0.9615738,-0.55843246,-1.4435501,2.8419507,1.3606961,-0.65590173,-3.9372783,0.24785355,FAC20250525020133
-2.324596,-0.96185327,-2.3877177,2.778959,-2.2407131,-0.08172611,0.9966691,-1.1852672,FAC20250818061683
-0.8005416,-1.4378084,1.2667569,1.585607,0.8467877,-3.5049527,-2.0024579,-0.4123375,FAC20251006087821
-3.4753265,-0.68720007,-1.7355429,-1.2887357,-1.2925344,-1.2954357,-1.2147422,-2.2970307,FAC20250708042952
-0.98002785,-0.6845878,-1.3793185,3.1857314,1.2908342,-1.0521492,0.62085027,0.5650053,FAC20250630038131
-1.391384,0.7315438,0.35205033,4.0857835,0.4231156,0.018969798,-0.1896509,-2.8832114,FAC20250614031244
-0.49251652,1.8743106,0.16988058,2.0860918,-0.7257544,-3.718206,0.3532522,-2.0450268,FAC20250513012306
-1.028083,0.028227104,1.367382,0.5891094,0.7759995,-2.4699068,-2.648575,-3.345521,FAC20250428094153
-3.582271,0.1815878,-0.52715194,1.7489058,2.7243385,-0.19426942,-0.09156269,-2.3620129,FAC20250831134257
-1.1859525,-2.741594,-1.3904313,2.0108314,1.4908361,0.5933271,-2.1444972,-2.4857042,FAC20250815058542
-0.31756538,0.82650083,-2.1534088,3.7847826,-1.0580032,-1.774803,-2.626731,0.8249701,FAC20250519014784
-1.6479243,-3.020339,-1.4751666,0.77224123,0.5550158,-3.4978573,1.5035825,-1.2980258,FAC20250907072930
-0.48354238,1.5508895,0.021288225,1.8049384,-1.20763,-4.496773,-0.5025122,-0.9732761,FAC20250910073288
0.9833691,-0.5056536,-1.1846968,2.090764,2.7933178,-2.6763039,-1.3143831,-1.9370892,FAC20250521016834
1.4507072,-0.54113317,-0.25283414,1.9403292,-0.83188367,-3.9619095,-1.7952942,-2.2669299,FAC20250516013092
-3.852178,-1.9399002,-2.1145077,2.1521232,-1.1930414,0.61657894,-0.5884416,-0.5276695,FAC20250728123380
-0.9066185,1.0658878,-1.66798,2.1510968,0.914294,0.58894557,-3.2403665,-2.88795,FAC20250811127846
-0.20880409,-0.52499765,-0.6762049,1.2483149,-1.4225092,-1.3735062,-0.008014691,-4.7035093,FAC20251012089830
-0.16801174,-0.18287328,-0.82443273,1.2238643,-1.7171001,-1.1139003,-0.43812227,-4.5680947,FAC20250813128638
0.11633425,-0.4898774,0.5017814,1.5498229,2.1168025,-1.8692425,-2.5814009,-2.6518626,FAC20250821062743
-1.1453648,-0.9194774,-2.3060112,3.2610147,-2.125595,-0.44763643,1.1453887,-1.2014482,FAC20250720120925
-2.4736242,-0.22662678,-3.6117694,0.64459306,2.166657,-2.4282153,-0.83517706,0.6978309,FAC20250529022362
-1.9240326,2.5511007,-0.94659686,3.7422113,-0.17968042,-1.6720178,0.7676995,-1.0130403,FAC20251014148683
-0.18952177,2.157831,-0.6258519,1.1081393,-0.08882312,-4.3962536,-1.3915372,-1.5151224,FAC20251006087709
-0.020585379,-1.865314,-2.2425675,2.7018325,-2.6809938,-1.6289277,0.5122694,-1.4147921,FAC20251018090909
-0.4367706,0.9259351,-3.0945444,-0.05676343,-1.9419364,-2.329136,-1.1699327,-1.6120791,FAC20250521017347
-0.63283855,-1.4555396,-1.731809,-0.022171658,-1.0835603,-4.250417,-1.600439,0.026119271,FAC20250503006508
-3.6157556,-0.5817579,-1.6690787,-1.4060886,-1.0019342,-1.5037887,-1.5769421,-2.3560727,FAC20250910073586
-3.4594362,-0.8021874,-1.6006875,-1.2904155,-1.2399738,-1.5192224,-1.2145736,-2.257111,FAC20250607027391
-1.7612001,0.6937032,-2.0834498,-1.4126068,0.7901189,-3.572577,-1.7031591,-1.8107879,FAC20250621111453
0.07309668,0.8315425,-2.493934,1.9465415,-0.80217934,-1.976961,-3.5734255,0.10511539,FAC20250506096734
-1.2520156,1.2234042,0.4474923,4.01051,0.5714336,-0.38433418,-0.17515336,-2.6059217,FAC20250826065434
1.3382006,0.52493286,-1.8168495,3.6994894,-0.6837895,-2.3999202,-0.24230288,-1.2118007,FAC20250830134218
-3.3604512,-0.18442006,-1.9440218,-1.1865494,-1.5677154,-1.3688593,-1.0968988,-2.4030395,FAC20250505007118
-0.83487624,0.78016573,-0.86296403,3.0840123,1.769978,-0.5638281,-2.9730735,-0.17652473,FAC20250529104248
-0.6775282,-0.6362891,-1.6291035,2.372768,-2.0926862,-3.794674,0.58469653,0.3488978,FAC20250915076338
-3.0586803,0.8457383,1.9824345,2.4208615,0.021665229,-1.7399871,-0.49402842,-1.9583036,FAC20250422002436
-0.292697,-1.1098657,-0.93566525,4.6979485,0.5210585,-1.7280222,1.3093764,-1.126495,FAC20251007088613
-0.6559058,-1.821638,-1.6803489,-0.700047,1.3330547,-1.8532114,-2.8469486,-2.9290838,FAC20250514099356
-1.5630926,1.0641466,-3.459016,-0.16250877,1.9120326,-0.8940526,-1.0188675,-2.9807434,FAC20250727050604
-0.9277793,-1.9737201,-0.15316573,3.9142816,0.03713436,-1.2970783,1.6059179,-2.3200192,FAC20251004086692
-2.3182397,0.99797374,-2.763302,-0.14410824,-0.43796748,-2.8485816,1.4846939,-1.9874532,FAC20250922079449
-1.8554153,1.960192,-0.20544367,0.5372089,-0.69194174,-2.3397126,-3.455303,-1.3304691,FAC20250513011438
-3.5215213,-0.69036967,-1.6767411,-1.0707664,-1.9298561,-1.8202732,-0.8922232,-1.9734149,FAC20250512010744
-2.7240937,-2.7845352,-1.4015225,1.3565358,1.6780362,-1.4680092,-1.7311611,0.66889155,FAC20250914075287
-3.3390024,1.0042937,-0.8840887,0.59673774,-1.9163543,-3.2754848,-0.67169,0.2191721,FAC20250619033645
0.44105142,1.6383402,-3.094857,3.1227508,0.46167937,-2.4724593,0.04750305,-0.6403546,FAC20250914139051
-1.5095586,-1.6011833,0.7640725,3.4013972,-1.564709,-1.325404,0.8799281,-2.129522,FAC20250902069310
-2.7793865,-0.85782516,0.7106602,1.2323629,0.3435518,-1.9078708,-3.9613853,-0.24781993,FAC20250525021405
-0.73745185,-0.202916,-0.86720204,3.867055,2.6352727,-1.5421208,0.14270367,-0.57509464,FAC20250617032417
-0.91689014,-1.6838403,0.9829183,1.7572376,1.485851,-3.665426,-2.4180062,-0.42975357,FAC20250426093511
-1.2348448,-2.332909,-0.068286955,2.3678303,-2.4892976,-0.3589045,-1.1542624,-2.5728996,FAC20250726122937
-1.1488521,-1.4481293,-1.0799576,-0.32893354,-0.9625297,-4.2984576,-1.6603018,-0.25017032,FAC20250802124996
-1.2025115,-1.6484604,0.8303852,0.99496096,-2.218734,-3.069302,-2.5445533,-1.3927494,FAC20250709117227
-1.1223172,0.40577218,-3.4676394,-1.0976235,-0.632168,-3.077202,-1.5736595,-1.4260796,FAC20250525020742
-0.20865043,1.9812094,0.1092415,1.9726312,-0.4632994,-3.3934205,0.2653066,-2.4838395,FAC20250717119892
-2.8964233,-1.5137761,-0.6533002,1.2230366,2.3911946,-1.4490492,1.2889031,-1.8959476,FAC20250821063330
-0.7268724,0.7454446,0.89805025,0.79382366,0.92049265,-2.274746,-3.1393685,-2.1713274,FAC20250810127714
-1.3511713,0.56519914,-0.91451263,2.8315623,1.397738,-2.4556162,-1.7368445,1.4607888,FAC20250706041871
0.64156157,-0.14107291,-2.7044413,3.1565,1.0746093,0.19369856,-1.1227145,-2.942773,FAC20250922078901
0.9765629,-0.9591699,-2.8615568,0.62165195,1.2335557,-2.4540808,-0.137461,-3.1330876,FAC20250430094811
-1.4696269,-0.24599165,-3.0445795,1.1299605,-0.22635128,-2.1224613,2.396384,-2.0497289,FAC20250721048358
-0.35452658,-0.034080677,0.45840463,1.7811446,1.9487422,-4.433691,0.1535463,-2.0117097,FAC20251014148593
1.2988406,-0.18018629,-1.0883093,1.1233263,-0.47093314,-2.2181468,-3.116319,-3.1404421,FAC20250619033602
-3.4419177,0.1147766,-1.7201575,2.496861,1.4549514,1.0930824,-2.267565,-0.97113925,FAC20250813056930
-3.3110883,0.22151129,-2.6528537,-0.8641448,-1.5142828,-0.7332666,-1.372302,-2.6333287,FAC20250521018032
-2.7993598,-2.6315768,-1.8811531,0.57480717,0.15534592,-0.73333067,-2.508413,0.23789692,FAC20250430005742
-3.7566912,-1.7009734,-1.7625569,2.0205557,-1.3824097,0.758357,-0.3690333,-0.9805343,FAC20250624035396
-2.8405387,1.254191,-0.35669392,1.87435,2.2058825,-2.1567366,0.96739876,-0.8504102,FAC20250509009334
-3.9781404,-0.64941794,-0.9284031,1.7819471,1.0497305,0.23447399,1.0311476,-2.1092172,FAC20250902069069
1.5442932,-0.6469357,-0.0780048,1.7596673,-0.48298737,-3.24593,-1.7949013,-2.8951638,FAC20250619111099
-1.8574543,-1.099408,-4.131113,0.5722529,0.010632244,0.6260393,-1.3508179,-2.0297294,FAC20250625035719
-3.9568682,-0.50089777,-0.29270783,-0.13987646,1.2667453,-2.0112927,-2.5669928,-0.36500087,FAC20250629037203
-3.5289695,0.5405651,-0.28761017,1.2834462,1.4735467,-1.675165,-2.6928437,0.6732918,FAC20250712045033
-2.2646244,0.7873965,-2.9673407,2.5205395,-1.1260526,-0.74652606,-0.62263995,0.934898,FAC20250916139596
0.5679126,-1.030924,-1.9639022,1.337684,-1.4738089,-0.5571765,-0.83990484,-3.8003817,FAC20250420091765
-3.533541,-1.9797065,-1.4686813,1.9928908,-0.80551,1.110195,-0.8787283,-1.6002107,FAC20250701114855
-2.939357,1.520989,-1.8613292,0.77999204,-0.101487495,-1.4013976,1.6774333,-3.025033,FAC20250617032323
-2.8594615,2.33525,-1.4244176,1.1198146,0.9528663,-1.190311,0.8211871,-2.9043214,FAC20250902068879
-1.1969053,0.46705148,-0.84501696,3.4658992,1.9257991,-1.206181,-3.0360196,0.40897912,FAC20250509009432
-0.6203231,-1.4604057,-2.4266474,-0.7558827,1.5104659,-1.6919255,-2.8290803,-2.844747,FAC20251006087892
-2.6009693,-1.1666865,-1.6116403,4.282472,1.3037357,0.23199406,0.20910175,-0.2812237,FAC20250516012745
-2.6526434,-2.4508364,-0.64257216,2.0388174,2.181669,-1.7688645,-1.5513741,0.72362465,FAC20250702115073
-3.431619,-0.33743107,-1.2498721,3.1730866,1.2902373,1.0056401,-2.0338101,-0.47998092,FAC20250720120846
-0.5744151,2.0031536,-0.2395125,1.7585472,-0.7586038,-4.261056,-0.47683242,-1.0359187,FAC20250922081451
-0.19082391,-0.47917122,-0.6831278,4.556561,1.2497876,-1.9660797,1.0606487,-1.0128585,FAC20250823131879
0.2820914,1.4520199,-3.4315803,2.5967531,0.7168872,-1.7684755,-0.11538769,-0.5738954,FAC20250806054264
-1.6863741,-0.29545465,2.212336,2.3956606,0.6653764,-2.2679372,-0.76681834,-1.7357358,FAC20250522101908
0.078562655,-0.19552064,0.4792524,1.5633919,1.8735871,-2.1045828,-3.1157603,-2.2723503,FAC20250721048582
-1.234318,-3.048307,-0.72141385,1.851177,1.0764668,-0.06830354,-0.23806596,-3.4257405,FAC20250501095217
-3.0254714,-0.6406729,-1.5615776,1.327761,2.0632195,-1.11751,1.6368017,-1.4268496,FAC20250821062165
-2.2501297,-2.1452157,-2.9396343,0.0034159746,-0.30876058,-0.49730098,-2.5338347,-0.45902976,FAC20250503006646
-2.153333,-1.6133932,-3.351516,0.008116034,-0.59526414,-0.20094916,-2.3307164,-0.80585504,FAC20250903069655
-3.376508,-0.7848454,-1.8854368,-0.92650115,-1.5680926,-0.94996065,-0.9254787,-2.1129558,FAC20251006145969
-3.356857,0.022148866,0.35887262,1.7720565,-2.2780867,-2.0168467,-1.3330971,0.2591363,FAC20250524019065
-0.7199812,-0.8592527,-1.275349,2.6049483,1.2355992,-0.52038485,-4.104876,-0.28740647,FAC20251001085099
0.45974407,-1.5221732,-2.9130864,1.0409561,-1.7336073,-0.7678336,-1.4451004,-3.4078918,FAC20250718120126
-3.3461766,-0.37461248,0.123672955,1.4150954,1.8903728,0.116370946,-0.46504012,-2.8561866,FAC20250528103796
-3.97376,-1.7299694,-0.9386583,0.8100902,0.010006152,-2.097696,1.5057266,-0.71606934,FAC20250806054520
-0.6122913,1.0033813,-1.7795486,2.4635441,0.9608752,0.5280345,-3.3906608,-2.522345,FAC20250723121801
-0.99468285,-1.8702364,0.15685067,3.8073437,-0.48455,-1.161986,1.3173214,-2.1331022,FAC20250927142988
-1.5345967,-0.08558028,-2.8616333,2.2391698,0.08806759,-1.9299569,2.4423778,-0.97258615,FAC20250613030009
-1.0557897,-0.49352264,-2.561125,2.011584,-0.5025524,-2.877796,2.0699573,-0.3799728,FAC20250909137311
-1.6790676,0.906523,-3.0322506,-0.051896576,2.192554,-1.075613,-0.37193137,-2.7371671,FAC20250519014210
-1.0792776,0.106062636,-0.6497762,0.92101616,-3.2549012,-2.2040467,-2.9157794,-1.6729225,FAC20251010089146
-0.27457732,0.61769193,-0.0029189675,1.163347,-1.4220629,-2.5056963,0.13841821,-3.9956512,FAC20250902069052
-3.5635798,-2.4062839,-1.9373224,-0.51930183,0.103058666,-2.066956,0.6553296,-1.4940776,FAC20250521017525
-2.4678948,0.12584238,-3.6841977,0.90891695,2.2834232,-1.8875232,-0.5027809,0.35083172,FAC20250715119391
-0.07722612,-0.54768986,-1.1066351,1.01994,-1.8250722,-1.2005504,-0.21254417,-4.323546,FAC20250625036050
0.50265896,-0.44534168,-1.3897414,1.0901852,-1.5011537,-1.2409687,0.003390414,-3.6193805,FAC20250630038332
-0.6630709,-0.8015379,-1.5743166,2.281374,-1.6530466,-3.6834953,0.79475224,0.39389953,FAC20250926083726
-0.837019,-1.9908636,-1.6338053,-0.7537034,1.477664,-1.8067497,-2.2402923,-3.2300456,FAC20250914075232
-2.7528133,-1.824347,-0.029842146,1.2917987,2.3203888,-1.821556,1.1920798,-2.5981898,FAC20250706042100
-2.617205,-1.6693579,-0.10398545,1.2802864,1.9678923,-1.7607517,1.5138314,-2.914621,FAC20250519014520
-1.9722401,1.1076537,-2.9897182,2.2329473,-1.3084477,0.02092564,-2.5807014,-0.09111828,FAC20250817060096
-0.25590104,-2.0794811,-1.2799771,-0.24122316,0.6074163,-2.064347,-0.47671074,-3.9594269,FAC20250906136158
-3.0316021,0.14292516,-0.18710545,2.3151307,-3.0809228,-2.3604999,-0.42009667,-0.014866972,FAC20250903069525
0.22389217,2.2230477,-1.2415736,1.414527,1.5459915,-2.50088,-1.0355954,-2.8316662,FAC20250924083118
-3.1451023,-0.6092036,-1.1143187,3.7408898,1.0768182,0.9890553,-1.7907124,-0.38704866,FAC20250922078992
1.1815718,-0.8310731,-0.02982178,1.2051299,-0.2168073,-3.8135319,-1.232021,-2.7130687,FAC20250805053987
-2.871197,0.0310254,-2.669052,0.12122468,-1.3673204,0.33527428,-0.84100175,-3.2191916,FAC20250714119044
-3.5125456,-1.2239876,-2.6706877,1.1614429,2.393154,-0.9378131,0.56629425,-0.5489856,FAC20250610108093
-0.4085864,-0.56421715,-1.0068183,1.1881665,-1.640666,-0.82352644,-0.678819,-5.010354,FAC20250823064384
-3.308422,-0.2874692,-2.2643228,-1.0627726,-1.489368,-1.0214739,-1.3127416,-2.3934975,FAC20250912138176
-3.5513036,-0.3002734,-0.6245923,0.052867733,1.6569797,-1.5869594,-2.6228178,-0.3024377,FAC20250515012466
-1.7867123,1.2566373,0.7238806,-0.072490826,-0.35860628,-2.677349,-2.6198523,-2.9896014,FAC20250624035187
-1.2415173,-3.705401,0.20302097,2.1739137,-0.042943623,-2.0430632,-0.3369791,-0.7516801,FAC20251001085169
0.2536055,-1.2986838,-2.4810662,1.3112508,-1.8096236,-0.414045,-1.3205676,-3.962177,FAC20250419091213
-2.3199897,0.026223032,-0.5007103,3.583977,-0.027849523,1.0252593,0.1311982,-3.1228333,FAC20250706116295
-1.9838003,-2.300159,0.3107481,0.04768381,-1.4133341,-3.3970983,-1.9408126,-0.85113734,FAC20250924141976
-1.6028461,-0.006514344,-2.8682017,1.1108519,-0.21596485,-2.0407078,2.3963277,-2.2671604,FAC20250516013023
-1.7030622,-2.2789383,-0.44746125,-0.27941856,-1.2508646,-3.3066654,-2.0705147,-0.48901632,FAC20250806054066
0.07143122,-1.7362899,-1.3215286,-0.0030625174,0.88014436,-2.234437,-0.25838026,-4.063639,FAC20250618110583
-0.85934955,-0.85034114,-1.1318814,2.5145488,1.0952744,-0.5725714,-4.2849393,-0.34261152,FAC20250922081317
-3.0420346,0.24890037,0.707158,0.49295798,0.6513292,-3.248367,1.0938561,-2.482323,FAC20250804052518
-3.8848999,-0.04593674,-0.3655014,1.6371324,2.3977535,-0.19284879,-0.04438629,-2.2143002,FAC20250914138826
-3.4330602,0.04666295,-0.06308964,0.8158611,1.4302918,-1.3021783,-2.8341506,-0.020437807,FAC20250922079790
-3.098582,0.54306316,-2.0935168,2.2985826,1.4008534,1.1668614,-2.2843523,-1.3170383,FAC20250809055324
-3.067331,-0.41918063,-0.321345,2.6956713,0.49392346,1.0038234,-0.06521135,-3.5177393,FAC20250902068953
-3.425167,1.9359117,-2.6662245,0.049298022,0.7308291,-0.75180817,-1.0558274,-1.4166245,FAC20250915139134
-1.5588908,0.79757655,-1.4200497,2.7526054,1.8155278,-3.0432575,-1.0775667,1.3749521,FAC20250724122245
-1.6042149,1.0349065,-1.1074731,3.2069361,1.8930931,-2.1136134,-1.9633981,1.0585167,FAC20250607028524
-3.7218459,-0.081681445,-1.0134151,-0.15221868,2.0739639,-1.3067175,-2.4804566,-0.85954046,FAC20250604105988
0.88039154,-0.97468704,-0.23293161,1.3265651,-0.24751729,-4.5820017,-0.5573381,-2.099044,FAC20250831067603
-0.53592443,-0.8988696,-1.3788369,2.3596637,-1.7595052,-3.873318,0.61904037,0.4649499,FAC20250607028382
-0.35156205,-0.951688,-1.2041501,2.854454,-1.8920504,-3.8739796,0.06949178,0.5199276,FAC20250621111612
1.3555684,-0.9178125,-1.2306385,3.8415637,-1.5128009,-2.0891573,0.023604268,-2.224293,FAC20250820131004
-4.095247,1.1404976,0.47906244,2.4545388,-0.59356916,-0.9662293,0.35221905,-1.3413793,FAC20250521018004
-3.3682065,-0.1515575,0.7238356,2.3719013,-2.6393185,-1.965693,-1.1177194,-0.26177338,FAC20250828066817
-2.373319,-0.4524737,-0.45174325,0.7741501,-2.428642,-0.7637881,0.65804404,-2.2394366,FAC20250905070981
0.32241786,0.20127055,-2.5142238,2.4905698,0.47483575,-0.31712037,0.714206,-3.2152472,FAC20250807126793
-1.074434,2.679539,-0.496164,2.5080369,1.6803229,-1.4177834,-2.6857529,-1.8758886,FAC20250508097491
-2.8133981,0.083866484,-3.8001597,1.468561,-0.7159418,-1.6746595,-0.008417884,1.0402614,FAC20250719120682
-1.5857435,-0.38181186,-0.4987691,0.8921178,0.040518936,0.3396579,-3.7200022,-3.3377738,FAC20250425093282
0.82733583,-1.4601935,-3.6268513,1.3511314,-0.92138296,-0.9091459,-1.2122262,-2.319176,FAC20250421001583
-1.358602,-1.0187908,-2.5973518,3.3038538,-2.0213249,-0.14461818,1.0233748,-1.381488,FAC20250904135815
-2.4607882,-2.073206,-2.6417558,0.31279057,0.06643213,-0.45365137,-2.1134455,0.10327335,FAC20250613109110
-2.087444,-0.9304021,-3.0678537,0.35786414,-0.14280891,0.3810769,0.00053077727,-4.0492597,FAC20250619033293
-0.40375996,1.4487416,-2.9187903,0.45869845,-2.148705,-1.9510225,-0.8477693,-1.9739478,FAC20250723121790
-0.6962456,-2.1536236,-1.0834296,-0.69918627,1.0133307,-1.981517,-2.21458,-3.4699123,FAC20250803125262
0.64585775,1.6797798,-2.4612,3.366244,-0.047227066,-2.6248636,0.28618017,-0.91302174,FAC20250827133209
-1.3059422,-1.8899026,0.41669324,3.6084692,-0.3976276,-1.3267821,1.4604557,-2.491573,FAC20250915139110
-1.8582492,-1.0830923,-3.9530406,0.049519196,0.16690026,0.19915535,-1.3324906,-1.7127284,FAC20250607028418
1.0275731,-0.38053244,-1.4847723,2.437351,2.990154,-3.090389,-1.0948116,-1.6642878,FAC20250508097570
-0.10730937,-1.0932204,-1.3987204,2.6665232,-0.79986405,-3.8442862,0.45937893,0.5449637,FAC20250805053951
-1.1196795,2.7721488,-0.18471049,2.4379766,0.2488728,-1.6701514,-2.6559987,-1.3979862,FAC20250919077220
0.006440177,-0.023809524,-2.721216,0.8168866,-2.485952,-1.7966077,-1.3828688,-0.37797344,FAC20250608028898
-1.2212119,-0.69573957,-2.6109133,1.977906,-0.7125797,-3.170713,2.0313714,-0.2430768,FAC20250826065899
-3.224005,0.7385775,-0.37967467,0.83185416,-2.3629527,-3.3871486,-0.391119,-0.14658354,FAC20250924083229
-3.4679582,1.5628587,0.43540466,0.57262605,0.87229013,-3.2830281,0.29714227,-1.7260165,FAC20250711044235
-2.0714035,-1.833103,-2.9095209,0.1958465,-0.6011613,-0.07104634,-2.6,-0.6108456,FAC20250502006350
-3.6998842,-1.2693753,-2.400545,0.89896965,2.5526555,-0.9458546,0.30017447,-0.7036915,FAC20250521017151
-1.9441248,-0.27638423,-0.47202185,1.7019777,-3.0405116,-0.118199654,-2.0720153,-2.5389268,FAC20250821062455
-2.2059872,-0.58898133,-2.2441049,3.0505912,-2.2811954,-0.32193998,1.2244109,-1.1159714,FAC20250501006108
-2.2473168,0.19024855,-1.5882089,2.8876305,2.1774685,0.84204817,-1.399988,-0.8515877,FAC20251002144791
0.4718258,0.03233973,-1.9426895,-0.11969667,-0.035503384,-1.9821136,-3.1839962,-3.2164235,FAC20251001086043
0.04661763,0.46246192,-2.0528078,2.684201,-0.8607526,-2.939961,-3.0653172,0.8926711,FAC20250817060372
0.28778917,-0.7593757,-0.6875516,3.4286325,-1.6260843,-0.39567786,-2.271779,-1.0542948,FAC20250806054814
-3.0442991,-2.641623,-1.6343229,-0.82933474,0.4238368,-2.2904022,0.14032769,-1.5948546,FAC20250814128944
0.23636806,-0.9645401,-0.1380926,3.6826386,-1.3983141,-0.6260821,-2.8188176,-1.3269738,FAC20250618033066
-1.9500484,1.9575046,-2.976714,2.3575249,0.08184791,0.018585926,0.8323569,-2.7317085,FAC20250705041041
-4.2356224,-2.0442712,0.43022898,1.1333582,-1.538406,-0.8411165,-0.23525526,-2.2239559,FAC20250806054125
-2.0024393,-0.5759176,2.1283429,2.300501,1.2576462,-2.4901404,-1.0215484,-1.552905,FAC20250922079379
0.08846014,-0.65231746,-1.676827,1.1723093,-1.9216813,-0.78541857,-0.81667775,-4.2277856,FAC20250822064020
0.19205338,-1.5438234,-1.4102894,-0.34797233,0.7785735,-1.8730991,-2.6440825,-3.2106304,FAC20250703115426
-0.3043499,1.3941787,-3.8708324,1.6497058,0.9299574,-1.6647398,-0.7505539,-0.32451499,FAC20250908072983
-2.2193468,1.9507835,-2.7887053,2.1462975,0.0596159,0.049755517,0.81187457,-2.9187398,FAC20250508009072
-1.2945791,1.449428,0.3217361,4.079023,0.18717687,-0.20973891,-0.5452837,-2.3735495,FAC20250807126519
-3.8003979,-0.36390308,-0.21201721,0.109633766,1.3313494,-1.5076126,-2.6426787,-0.4734347,FAC20251009146823
-0.3401224,1.0059283,-1.4701352,2.7402134,0.9380935,-1.381933,1.5078226,-3.8292265,FAC20250607027902
1.0190539,-1.1277007,-0.25406227,1.1517118,-0.43550077,-4.261465,-0.78230524,-2.535893,FAC20250507008319
-4.241102,1.8063266,-1.7031957,0.3523531,0.507327,-0.8944685,-0.9401246,-1.189984,FAC20250922141504
-1.4564693,-1.6581599,0.8921895,3.5975897,-0.90402645,-1.358989,0.99819636,-2.2345474,FAC20250907072436
-0.18170919,-0.5870296,-0.8400865,4.548288,1.1321859,-1.9071329,1.0323645,-0.9074224,FAC20250526021601
-0.00072007737,0.6683957,-2.0428956,3.4253833,-0.9881527,-2.365546,-2.7885659,0.8229351,FAC20250513011118
-0.4068689,1.0624961,-2.100876,4.2287016,-1.1205117,-1.4153298,-2.4720688,0.6367108,FAC20250427093748
-4.1410794,-1.0646626,-0.54411477,0.9055167,0.38024175,-1.9315784,1.0647221,-0.36435694,FAC20250919140411
-2.7660036,1.7351873,-2.67,1.9213327,0.08165727,-0.008476813,1.0439645,-2.8742347,FAC20250623112287
-1.6450661,0.22230358,-0.8553087,0.87075293,-3.2020917,-1.2570302,-2.858374,-2.0324996,FAC20250924083352
-3.838414,-1.7176563,0.3977464,2.9484653,0.6606885,-1.6091667,-0.9151092,0.758451,FAC20250422002669
-0.8162489,-2.9464586,-0.29960147,2.171439,0.7215861,-0.20038404,-0.39169174,-3.6857934,FAC20250621034613
-2.8032594,-2.6297061,-1.2944334,1.8031193,2.1136858,-1.849793,-1.3910445,0.8747878,FAC20250813056931
-2.953183,-2.6750796,-1.4736191,1.9780083,-0.33602288,0.9909497,-0.33863112,-1.7165486,FAC20250902134929
-0.13614924,-0.18549353,-0.67465055,4.4220085,1.4915771,-2.1046968,0.8741128,-0.8949034,FAC20250905135896
-0.64835125,-0.9664387,-1.1244606,0.29013902,-2.953753,-1.959799,-2.7158842,-1.1779675,FAC20250722121575
0.1446829,2.4226556,-1.3695165,0.96606034,0.46832263,-3.9040468,-1.5877517,-2.4431098,FAC20250927143032
-0.3224563,2.0390234,-0.5750742,1.4211005,-0.12923406,-4.4920936,-1.2744377,-0.9107206,FAC20250904070592
-1.6881982,0.07442444,-3.1098816,0.85707766,-0.2288841,-2.1358232,2.240092,-2.0200076,FAC20250907072561
-2.3470464,-1.3037376,-0.16170205,1.4623581,1.8160912,-1.988196,1.8675175,-3.0202625,FAC20250630037918
-1.9954059,0.4547335,-0.82639664,3.6331542,0.35573804,-2.6789374,-0.47336006,1.6223073,FAC20250819130584
-1.8977879,0.703394,-0.152556,3.9321942,-0.08320853,0.54941726,-0.047401637,-2.8671274,FAC20250809056251
-1.5326859,-4.1575327,-0.16359836,2.3347058,-0.09591481,-1.684228,-0.69964933,-0.80328095,FAC20250922079542
-1.1227474,0.9026393,-1.3925818,-1.0703231,0.58602035,-3.576718,-0.7346093,-2.14994,FAC20250624035416
-0.2962868,-1.7894485,-1.6196275,0.2826281,-0.88083464,-3.8527622,-1.8582671,0.12016537,FAC20250811127874
-2.6067414,1.1539191,-2.082304,0.17482989,-0.44028848,-2.1584363,1.6734846,-2.6073778,FAC20250613029971
-2.1599078,-3.1627223,-1.0428355,1.4340514,0.54622895,0.06822047,0.1639839,-3.4171221,FAC20250913138538
-0.853672,1.6789432,-2.2403793,2.1171992,-0.042931356,-0.6798342,1.0126647,-3.3983588,FAC20250517100387
-1.4002464,-0.71491957,-3.258501,2.4747236,0.39144322,-1.8268422,2.3653677,-0.8640376,FAC20250422002542
-1.4704518,-2.608204,-1.8813531,0.22991458,2.1647837,-2.7969463,0.5400136,-1.4494171,FAC20250503006682
-0.14110474,-1.8881253,-0.18669723,0.9921466,0.5856297,-3.8150945,-2.6130793,-0.11415785,FAC20250422002829
-1.0191858,-0.52047557,-2.2691467,1.8803321,-1.347867,-3.4831371,1.5579083,0.010403335,FAC20250916076816
0.6492841,-1.5139202,-2.8816516,0.9659221,-1.5471181,-0.95386875,-1.2669942,-3.2386525,FAC20250609107614
-2.3623798,-1.3781173,-1.0557185,4.1625876,1.9569719,-0.11261234,0.31273794,-0.5186789,FAC20250530022636
-3.747546,-2.1077008,-1.6217363,-0.32750708,-0.1308159,-2.3838003,0.86687416,-1.1762189,FAC20250607107120
-0.29208887,-0.61115867,0.6610876,1.8441174,2.0422926,-4.227537,0.10247704,-2.2256248,FAC20250713045304
1.1158572,-1.1060826,-1.3446257,3.7801297,-1.7339429,-1.8620789,0.15071988,-2.2143173,FAC20250506096952
-0.162093,-0.36265433,-0.78481907,1.1927872,-1.6145318,-1.4801185,0.022148902,-4.57572,FAC20250524019520
-0.07275863,-0.5648427,-1.1540358,1.2568523,-1.6229442,-0.8610787,-0.5383628,-4.5452814,FAC20250910073936
-0.6387098,-0.46429494,0.67665946,0.5976466,1.8786136,-2.2649267,-2.713703,-2.7217157,FAC20250903069853
-1.7212145,-0.39242956,1.1033155,4.377482,0.15162653,-2.0513246,-1.4467732,0.3588422,FAC20250519014449
-0.5101124,-1.3436865,-0.4049935,4.1251945,0.48749283,-1.2062109,1.3373629,-1.4075775,FAC20250813128639
-1.6850675,-1.1070583,-2.6957386,-0.12025962,2.7542229,-2.357357,0.4137758,-2.3862226,FAC20250716046773
0.22402348,2.5690458,-1.249741,1.3556956,0.87770027,-3.2774675,-1.1931565,-2.5852456,FAC20250607027404
-1.729454,2.1822147,0.43686783,2.7893143,0.13376634,-1.2370578,0.15423271,-1.9405264,FAC20250502006405
-2.9426653,-1.0964267,-1.8744506,1.1932173,2.398485,-1.191361,1.1527646,-0.9286064,FAC20250428004349
-2.0449154,0.15782113,0.26860985,3.9848177,-0.4798624,-2.7689843,-0.118281,1.033258,FAC20251001084806
-2.7392266,-0.39898175,-2.3463492,-0.032261465,-1.6023669,0.32839695,-1.0564644,-2.984743,FAC20251017090477
-2.0115595,-1.5106366,-3.9852464,0.26465556,-0.27241108,-0.062793374,-2.1043606,-0.8786968,FAC20250512010678
-2.3587003,-1.3734837,-2.8881643,-0.19629994,-1.053925,0.04275771,-2.4617043,-1.2637438,FAC20250813056887
0.91550684,1.5462329,-1.9166024,3.7644148,-0.21799627,-2.8392673,-0.07962937,-1.0705051,FAC20251018149925
-2.9862697,-1.5260162,1.0275259,3.802804,0.35390294,-1.138702,-1.3851423,0.19699796,FAC20250906071605
-1.8300802,-1.8919758,-0.041968394,-0.39963904,-1.751248,-3.1236486,-2.333619,-1.0942688,FAC20250613030901
-1.1325662,0.053458676,-0.43335617,1.4804318,0.29908255,0.35690442,-3.4604986,-3.2404785,FAC20250716046911
-0.68173456,-1.5066036,-0.9342442,4.4187913,0.2834863,-1.229334,1.6278213,-1.4682201,FAC20250828133531
-0.1838076,-2.4968476,-1.3885616,2.8751395,-1.2295012,-1.6246327,-2.603659,0.42982507,FAC20250730124256
-3.2962527,-0.8177152,-1.1030941,-0.7910422,-2.2718213,-1.9653949,-0.50620997,-2.2507455,FAC20250815058783
-3.1394787,-0.17022787,-2.578947,0.48260608,-1.1480769,-2.2231233,-1.0284364,1.121326,FAC20250701039165
-1.5704643,0.4507404,-1.7999331,2.1224701,0.88065237,1.0336843,-3.3391917,-1.8527238,FAC20250501005981
0.59714013,-0.4114654,-2.8248227,2.3693128,0.07458992,0.37615013,-1.0327682,-3.3222373,FAC20250615031515
-1.730356,-0.60988,-3.030907,-0.45723227,2.2270827,-1.9234802,0.27465796,-2.4007661,FAC20250610108083
-0.55682766,2.1848202,-0.5189195,1.6603433,-0.32442033,-4.516787,-1.0703753,-0.6536771,FAC20250922080914
-0.5955447,-1.2114546,-2.289515,-0.82674384,1.2272952,-1.5122633,-2.6429389,-2.9909437,FAC20250801124849
-0.6050378,-0.045227773,0.1660353,1.9042615,-3.1715386,-2.9443543,-2.174776,-1.3769772,FAC20250506007716
-0.5646394,-0.07152811,-0.25460067,1.3179605,-3.268793,-2.5328395,-2.2057905,-1.6673464,FAC20250712045064
-0.038924925,0.55328053,-2.6037877,2.2786012,0.23476596,-0.2707983,0.8617053,-3.3583722,FAC20250630114590
0.91454685,-1.8127688,-3.5355985,2.1532278,-0.3277455,-0.522589,-1.6706625,-1.9307305,FAC20250829067230
-3.0404267,0.65697604,-0.548877,1.2202569,-2.7796311,-3.1126473,-0.24365231,-0.09724592,FAC20250917139948
-3.5981762,-0.04919362,0.77884525,1.5754055,-2.2255545,-2.2844157,-1.2681453,-0.2607448,FAC20250915139187
-1.8506051,2.043389,-2.9363415,2.2055886,-0.32472646,0.15966605,0.41928762,-2.946195,FAC20250816129583
-1.9967781,-0.05946295,-0.466658,1.5380076,-2.9677448,-0.059740786,-2.2797225,-2.7088876,FAC20250611108248
-2.065083,0.550612,-2.7372713,0.04779465,-0.5189127,-2.8903615,1.8050535,-2.1603594,FAC20250506096727
-1.6673734,-0.8053755,-0.30425093,0.8130055,-0.14222823,0.22768252,-3.619419,-3.4790425,FAC20251005145538
-2.033235,1.1192012,-3.2838905,-0.22612792,1.7602309,-0.787165,-0.97595763,-2.5708568,FAC20250815058424
-0.9645346,-3.521249,-0.35873678,2.4208102,-0.07794221,-2.4648225,-0.025165366,-0.28056982,FAC20250512010544
1.5031767,-0.7644437,-0.42834744,1.2616718,-0.50517803,-3.0835369,-2.0482519,-2.9599266,FAC20250819061843
-1.152776,-0.53669155,-3.0179524,1.70707,-0.13100389,-2.1961815,2.3548207,-1.2801182,FAC20251018149998
-2.8847036,0.12565483,-3.0946078,0.9034109,-1.0758576,-1.5026622,-1.424291,1.1942953,FAC20250828066825
0.76773804,-0.28283608,-1.3562243,0.64964646,2.3301141,-3.167647,-1.9464507,-1.8552573,FAC20250608107424
-2.6047666,1.0416476,-2.9552333,3.0947535,-1.0321797,-1.3413075,0.35824785,0.90071625,FAC20250530022960
-0.27303812,0.37135142,-2.0053253,3.724918,-2.4309323,0.09671544,-1.3574942,-1.9221666,FAC20250924083324
-2.7729495,-3.114103,-1.3344688,1.266524,0.24013163,0.5427588,-0.40819708,-2.8867977,FAC20251007146413
-3.473329,-2.5423377,-1.8745811,-0.522594,-0.18244827,-2.1225646,0.44429988,-1.2629893,FAC20250528103879
0.36291954,-0.77902436,-0.0827575,3.5850332,-1.4214267,-0.702442,-2.7051508,-1.2966596,FAC20250705041463
-1.006994,-1.9894556,-3.1338596,2.3041868,-0.56187725,-1.8012552,-1.8494469,1.4643435,FAC20250816059337
-2.646078,-0.97073674,1.0393255,1.9022453,-0.046095468,-1.5873787,-4.1023364,-0.56172204,FAC20250519014000
-0.39358217,1.1513779,-2.895905,1.1277201,-2.585496,-1.7220625,-0.76323104,-1.5776131,FAC20250625035876
-1.8043237,1.9058652,-0.35008782,0.6683845,-0.66930425,-2.1871734,-3.6552427,-1.1345071,FAC20251012089732
-2.573674,1.3594463,-2.523635,2.9766927,-1.484186,-1.3754505,0.08537405,0.67836434,FAC20250524019305
1.0056924,-1.4062757,-3.776194,1.2635235,-0.9626715,-1.2681108,-1.0802948,-2.3375027,FAC20250510098285
-0.6706398,-1.3544835,-2.6786149,1.923814,3.076077,-0.8115441,-1.9818801,-0.73219895,FAC20250513099202
-3.0933237,0.20287743,0.6926936,2.0424387,1.4149679,0.18600497,-1.12574,-3.5946789,FAC20250909137429
-1.4141521,-2.6960506,-1.7837586,0.3496417,2.0480256,-3.2334015,0.6326081,-1.2470267,FAC20250707042671
-0.21425365,0.9671124,-1.7438222,2.7326207,0.76734525,-1.0933188,1.2940115,-3.5225832,FAC20250904135606
-0.8221568,-0.17476211,-0.71486515,3.8538022,2.6497347,-1.9167275,0.5200395,-0.7067175,FAC20250706041612
-2.2093172,-3.9523153,0.031027148,1.9789158,-0.58704597,-1.4151235,-1.0685575,-0.76729655,FAC20250917076996
0.57060087,-0.17729786,-2.6654685,2.927814,0.78720933,0.26879737,-1.0885336,-3.1490073,FAC20250525020438
-1.3336661,-2.4435775,-2.0964394,0.2052905,2.3600373,-2.9152632,0.4880853,-1.4838605,FAC20250530104635
0.16026416,1.2566236,-4.321694,2.1334445,0.4162723,-1.9320512,-0.15439972,-0.8963211,FAC20250907072413
-1.3421829,-2.015965,0.59590065,0.40380192,-1.9205536,-2.952569,-2.4156451,-1.6280024,FAC20250513011349
-0.98706096,0.49422252,-0.9291521,3.2176714,1.8662274,-1.2865556,-2.8859246,0.55031925,FAC20250926084203
-1.9479861,0.28107625,-1.1476246,2.4033937,1.3208634,-3.3754504,-0.7685333,1.6313376,FAC20250919077224
-1.8313558,1.8250504,-0.4565401,0.5585503,-0.7377386,-2.2259166,-3.7030787,-1.1142571,FAC20250516013085
0.5445438,-0.43211308,-1.5547093,1.0864729,-1.7081797,-0.97962135,-0.3690531,-3.3050687,FAC20250822064239
-2.4941988,-2.5762444,-2.543162,0.03895968,0.24640091,-0.8777374,-2.531073,-0.23378216,FAC20251001085728
0.30957988,-0.8158401,0.057822224,0.27026632,0.5211991,-3.8692853,-0.441518,-2.4807305,FAC20250912074879
-0.54473454,-2.6366239,-3.0933518,2.7524624,-1.5507466,-0.89581126,0.3029809,-0.26175523,FAC20250606026677
-0.18027899,-2.2529278,-0.62481683,2.9026904,-0.32641858,-3.6730406,0.0883145,0.352961,FAC20250701114854
-2.3387332,-1.7111251,-0.7240434,4.0060587,2.500256,-0.6426794,0.47738108,-0.7725707,FAC20250630037555
-3.3267882,-0.28392217,0.3000087,1.9288093,0.96662825,0.59039617,-0.6283729,-3.459663,FAC20250914075267
-1.0919957,-0.45748332,-1.4715048,1.3703856,0.15469234,-0.35912526,-4.609064,-0.99452823,FAC20250617110484
-0.88809335,-0.32571694,-1.8939394,1.8407346,-0.3706513,-2.8657982,2.1547267,-0.5644601,FAC20250423092449
0.5420439,0.7256236,-1.929744,2.3334973,-2.3675773,-0.82021946,-1.8035084,-1.7609597,FAC20250428004443
-3.4953108,-0.45098466,-0.024148777,1.2045704,2.0840013,-0.41670176,0.13541552,-1.8581369,FAC20251015090145
-2.141612,0.2121604,-0.866132,2.844471,0.57152367,-3.2204084,-0.8064931,1.8039464,FAC20250617032734
-2.1491685,0.23267448,-0.34490058,3.684869,-0.15958199,-2.798145,-0.012624105,1.318012,FAC20250825065094
-3.8712633,-1.0886269,-0.3724155,0.604156,0.8339158,-1.0092709,0.7105446,-0.9709487,FAC20250714045732
-1.2307907,-2.536133,-1.9854463,0.47282067,1.9189802,-3.1295977,0.8373707,-1.3738258,FAC20250505096380
0.8479833,-0.5542983,-0.47250727,2.2897356,2.6192918,-2.2710295,-1.9222158,-2.1318386,FAC20250509009315
-0.32466552,-1.9102029,-3.17866,2.4447541,0.96971947,-1.4150451,-0.9520481,0.792512,FAC20251017090484
-3.1026313,0.21646072,-0.7341268,1.4959154,-2.7532837,-2.6937563,-0.51213825,0.38927048,FAC20250629037387
-0.4998604,-1.719626,0.35653406,1.4502386,1.2527848,-3.8250089,-2.5654466,-0.14229116,FAC20250530104517
-2.9981527,0.07264929,0.43422237,1.9871395,1.8693913,0.21061026,-0.8807995,-3.2378705,FAC20250822131413
-1.8880091,-3.0379493,-1.2454664,1.8899289,0.2568752,0.51597416,0.0855995,-2.6592274,FAC20250516099989
-3.2711623,-2.8034089,-1.270099,1.4668928,0.05497274,0.95688725,-1.3376139,-2.61982,FAC20250521101637
0.8574456,-0.6301209,-0.5065866,2.2534063,2.5781627,-2.190036,-1.9760001,-2.0421534,FAC20250630037832
0.031919166,-0.98647135,0.4991926,1.3904481,1.5941422,-3.8643804,0.114917696,-2.913696,FAC20250907072319
-2.5267625,-0.9174295,-0.49127117,1.2191646,2.1289585,-1.8419431,1.6893181,-2.1177683,FAC20251010089050
-2.7861326,-0.9007416,-2.4537013,-0.66870874,-0.97656316,-0.0926169,-0.9003589,-2.3398743,FAC20250816129479
-2.3264608,-0.9806809,-1.279752,4.3467226,0.9853832,0.7373595,-1.059056,-0.3429831,FAC20250424092924
-0.34337872,-1.9509062,0.25973248,1.4060156,1.2777113,-3.6430714,-2.7485523,-0.30104697,FAC20250707116839
-0.96588796,-1.628608,1.270943,1.7600759,1.2138199,-3.510702,-2.1852753,-0.5368775,FAC20250731124409
-3.5147035,-0.6711052,-1.6449221,-1.2584851,-1.5123394,-1.5628372,-1.2452747,-2.2719176,FAC20250804053124
-0.7841805,-0.15650421,0.99871784,0.57988566,1.4911613,-2.1746054,-2.6908655,-2.909674,FAC20250821062255
-0.23658317,0.6454898,-2.1803873,3.3742075,-1.1696333,-2.212312,-2.71664,0.9337009,FAC20250630038658
-2.6954396,1.6520507,-1.471621,0.034916498,-0.3436414,-1.9006381,0.9190185,-3.6085083,FAC20250521101536
-0.32890594,1.143524,-2.6818566,-0.10815164,-1.8071139,-2.9720612,-0.98667264,-2.0285602,FAC20250606106710
-2.9018056,-2.5588431,-0.93753004,2.0707884,2.237037,-1.8994092,-1.206303,0.81695056,FAC20250813057670
-0.18065554,0.5979946,-2.3757765,3.2307003,-2.6000473,-0.24216053,-1.301405,-1.7406329,FAC20250821062775
-3.4014804,-1.8687326,0.58216393,3.1869495,0.34641266,-1.0260667,-1.4696898,0.532227,FAC20251011089495
-3.1922195,0.43252817,0.61831033,2.5680196,-2.6469798,-1.8737459,-1.3057522,-0.23381147,FAC20250909073174
-3.099259,2.148637,-2.9361062,0.005712499,0.5464632,-0.7811004,-1.3712392,-1.7421395,FAC20250519014134
1.5247593,-0.20587072,-0.74264455,1.6896768,-0.52437156,-2.4073281,-2.8076723,-3.1957037,FAC20250819061756
0.21691556,-0.756848,-1.7447948,1.0860002,-1.9091661,-0.9180076,-0.6998903,-4.242764,FAC20250602105335
-0.35384557,2.457008,-1.0304401,2.3244953,2.2248838,-1.5388011,-1.7203809,-2.5343955,FAC20250809055471
-0.18020971,0.5850037,-2.1862693,2.9375825,-1.1331837,-2.550339,-2.849044,0.9531397,FAC20250617110337
-1.1631942,-2.3548822,-2.109375,0.506779,2.1467702,-2.847061,0.8539213,-1.4762715,FAC20250805053950
-1.3792484,-2.476541,-2.2721574,-0.012617923,1.5339756,-2.7525759,0.79408485,-1.3874063,FAC20250807126777
-3.277498,-0.8096298,-2.7817965,0.9069119,2.4108555,-1.1511008,0.26937085,-0.19769885,FAC20250419000329
-3.0101547,-0.72100735,1.2236344,1.4660635,-0.28798348,-1.3213223,-3.4131694,-0.7848301,FAC20250525021066
0.4052285,0.63761586,-2.2399957,1.9281572,-0.2531629,-2.6924334,-3.5963235,0.1291754,FAC20250813057551
-2.4289017,-0.13433854,-3.537286,0.667617,2.1312382,-2.1260839,-0.5836832,0.5071199,FAC20250513099076
-1.0324886,-1.4328569,-3.017767,3.423408,-1.5941882,0.07531262,1.103117,-1.9601015,FAC20250915076168
-3.0418248,-2.536414,-2.0783904,1.7556843,-1.0070747,0.29951534,0.5153849,-1.2000002,FAC20250725122387
-0.6335416,-2.2356696,-2.7883067,2.5815957,-0.37809798,-1.5236762,-1.8746538,1.141815,FAC20250826065307
-2.9955196,-0.5683495,0.47376683,0.8016903,0.5408604,-2.3268213,-3.6861541,-0.028728778,FAC20250926083663
-2.9591532,-1.2965498,-0.9200843,0.9588136,2.411855,-1.4844652,1.2026927,-1.8300334,FAC20251003086378
-2.8098507,-0.2984524,-2.6576626,-0.28686878,-1.0898246,0.2636998,-0.8752993,-2.9189875,FAC20250426093623
-3.5513816,-2.3079042,-1.5231881,1.995413,-0.68003094,0.9590018,-0.70671815,-1.4499595,FAC20250912074620
-1.7803724,0.75190604,-2.1407952,-1.4096615,0.48899078,-3.4975467,-1.6917492,-1.717739,FAC20250906071927
-0.7986362,1.0588157,-2.2530594,3.6053452,-1.2741499,-1.0582737,-2.709864,0.53356683,FAC20250607028216
-1.6810738,1.538596,0.35790634,2.625529,0.42443419,-1.3152394,1.161224,-1.8521369,FAC20250919077292
-1.6094579,-0.9449253,-0.13431141,1.7039405,-3.2923763,-0.7643548,-1.7279662,-2.210794,FAC20250726050333
-1.5165249,-0.07633906,-1.1603515,0.61774194,-3.1903324,-1.4508572,-3.1692123,-1.7027333,FAC20250905136048
-2.0395746,-2.3841677,0.106328465,-0.22386034,-1.2960867,-3.3427036,-2.169333,-0.95134854,FAC20250623112388
-1.5867512,-2.1474907,-0.75092965,1.440832,-2.9366019,-0.32557842,-1.8690611,-2.3064327,FAC20251018090857
-2.1813781,-1.3215134,-1.3786252,4.064875,1.8284364,0.22530326,0.21660638,-0.6701644,FAC20250624035246
-0.099697426,-0.44023225,-0.7482311,1.2253478,-1.4954554,-1.5982734,0.19347614,-4.599148,FAC20251006087740
-1.1436871,-2.477328,0.057699446,2.5273857,-2.4533348,-0.51709163,-1.0070814,-2.7820063,FAC20251001085948
0.10533281,-2.3521106,-0.436037,3.3057163,-0.93141997,-1.5611669,-2.7505531,-0.19075659,FAC20251019091088
-0.7840942,0.84017897,0.28888512,2.0967605,-1.5633185,-3.2474327,1.0942109,-2.5584505,FAC20250426093651
-3.4175875,-0.15607427,-0.88403517,0.008540398,1.8912672,-1.2894816,-2.8013246,-0.6114449,FAC20250918140049
-1.5794947,1.0094397,0.7079894,-0.20419179,-0.09682731,-2.5981803,-2.7140799,-2.6787405,FAC20250617032804
-2.6982234,-0.9944544,-0.9670827,-0.5598521,-2.532462,-2.4789941,-0.01462274,-2.5219765,FAC20250630038485
-1.000432,-2.4504905,0.3836107,3.059446,-2.2739775,-0.8546847,-0.5860953,-2.6933532,FAC20250706042300
-3.1923642,-0.2779156,0.19553141,2.2569575,0.39395794,0.8348578,-0.6836314,-3.5281193,FAC20251006087951
0.6236395,-2.0208776,-2.448186,2.3873377,-1.773637,-2.3034775,0.7936044,-1.8186926,FAC20250705116133
-0.340263,-1.7015817,-1.8514413,0.23560782,-1.1936299,-4.011196,-1.5915385,0.0016232568,FAC20250521016882
-2.7078226,0.7138516,2.0781891,2.4647222,0.24656701,-1.9591776,-0.5981434,-1.9109719,FAC20250821062431
-3.0160863,0.15653849,-0.18458365,1.7691519,-2.9334297,-2.701257,-0.2363198,-0.112196304,FAC20250530022979
-0.038221754,-2.1244173,-3.0457802,2.1954145,1.9641293,-1.5821241,-1.1414124,-0.0015617802,FAC20250804052641
-1.1691577,-1.9566913,0.6203274,3.312517,-1.6690153,-0.7862094,0.30661634,-2.4511204,FAC20250605026485
-0.38212577,-1.8053553,0.39205512,1.4328746,1.155601,-3.7613385,-2.5309036,-0.16892636,FAC20250825132490
-3.3998842,0.76863676,-1.1687919,0.26402488,-1.3058728,-3.2319613,-0.86391336,0.5331309,FAC20250913075048
-2.7114327,-1.1203039,0.053137787,-0.15486471,-2.0197961,-2.1369166,0.10064502,-3.005354,FAC20250513012163
-1.9779981,0.54604155,-0.17749013,3.7612233,-0.42625841,0.7298819,-0.22345245,-3.0363123,FAC20251004145366
-3.54491,-0.18824607,0.78241706,2.1648843,-2.642691,-1.8949538,-1.2190875,-0.4189223,FAC20250724049230
-3.0196226,1.6473447,-1.6031731,0.72120273,0.0057332497,-1.136354,1.2048093,-3.5203052,FAC20250729051299
-0.8663733,1.7438602,-3.785623,1.7897365,1.4695933,-1.2849517,-1.6025999,-0.40033,FAC20251001085751
1.1716634,-0.75061554,-2.539473,0.8415341,1.7762033,-3.0614893,-0.7254698,-2.2763195,FAC20250926142628
-1.6581181,-1.8479618,0.6611095,3.4612613,-0.77914786,-1.368972,1.3111466,-2.4136543,FAC20250630038180
-0.13152392,-0.2540067,-0.7512536,4.3976307,1.3987899,-1.9969766,0.9040429,-0.8567357,FAC20250727123191
-2.6551242,-1.0600414,-2.455123,2.3209918,-2.4532514,-0.33328658,0.9015199,-1.022054,FAC20250530022468
0.9823113,-2.0079987,-1.7127696,3.0590367,-1.7526015,-2.0494843,0.37404954,-2.0806806,FAC20250429094366
-3.0319982,1.642833,-1.3230007,0.4901154,-0.007804793,-1.4591795,1.0889541,-3.6322334,FAC20250920078082
-3.3510833,-2.5837014,-1.3290011,1.5325497,-0.017456764,1.1198845,-1.482085,-2.4646497,FAC20250724122268
-2.0492723,-0.20223987,1.8710908,1.793534,1.0110235,-2.4296684,-0.9112232,-0.7292344,FAC20250511098478
-0.26107442,0.97981447,-2.9206824,1.3037331,-2.5931404,-1.3963236,-0.88103855,-1.4250554,FAC20250814058062
-2.9264934,-0.8370033,-0.059125416,0.035708394,-2.3386118,-2.190144,0.26061362,-3.1823194,FAC20250706042108
-1.3751473,-1.8229575,0.43141925,3.5598528,-0.41962537,-1.3865019,1.4673258,-2.3065536,FAC20250709117410
-2.6265032,0.21753427,-1.702269,2.4952226,1.4024631,1.1737847,-2.595268,-1.2604252,FAC20250613031155
0.13773815,-2.089341,-0.9369325,0.77065444,0.14764005,-3.8224862,-2.6422443,-0.068944655,FAC20250908136790
-0.261744,0.898214,-3.0803096,-0.2628675,-1.6070766,-2.4923048,-0.95975107,-1.8404105,FAC20250919140462
-1.8988386,-1.1536472,-1.2071747,3.5873542,2.7528703,-1.4702263,0.64565825,-0.156281,FAC20250821062646
-1.2563184,-1.4893457,0.50873584,2.8794823,-2.4214435,-1.2225401,0.0419202,-1.6122869,FAC20250729051043
-3.5837884,0.010766645,-1.6530546,-0.08008056,-0.9975872,-3.0371428,-1.4955314,0.7584055,FAC20250923141706
-1.5939106,2.2777236,-0.24124922,4.059083,-0.38535696,-0.9394676,-0.07287091,-1.4764553,FAC20250923141803
0.28414896,2.4553456,-1.3834962,1.4526174,0.8064374,-2.5583289,-1.175278,-3.0978703,FAC20250922081337
0.19490294,-2.2030501,-0.77261454,0.8366786,0.384402,-3.748938,-2.7591608,-0.42617887,FAC20250825132609
-2.5066977,-2.2946262,-2.7196548,-0.06522017,0.6399814,-0.5007135,-1.949176,-0.44118837,FAC20250624035044
-1.6244708,0.6651941,-0.8684192,2.7184818,1.4391071,-2.82701,-1.3738816,1.423999,FAC20250810127746
-1.052512,2.5410516,-2.4902883,0.5742582,0.5600368,-1.9291116,-1.9287627,-0.6022189,FAC20250506096985
-0.795566,-0.4737114,-1.0502212,2.1653354,0.9048191,-0.52760947,-4.36283,-0.60886365,FAC20250610108112
-2.9755576,-0.16106175,-0.24147178,2.5486872,0.8358728,0.83907926,-0.116515,-3.3551419,FAC20251007088610
-2.897634,-1.0101701,0.15683761,0.07745779,-1.9430906,-1.826364,0.11068838,-3.6237104,FAC20250421001676
-1.0462567,0.23030761,-0.99260676,2.5173552,1.3961672,-0.92735016,-3.4237342,0.4427186,FAC20250628113740
-0.8302581,-1.928262,-0.09483438,3.9374018,-0.036128964,-1.0613089,1.2996621,-2.150899,FAC20251002144619
-1.9829868,-1.4239649,-3.8627818,0.45063543,0.36484712,0.49617112,-0.971832,-1.9975564,FAC20250501006050
0.10769679,-1.7087678,0.35547453,1.5050716,1.0814905,-3.9006693,0.27495146,-2.640709,FAC20250603025239
0.5646236,0.7774769,-2.2602026,1.4119161,0.53976244,-2.8986006,-3.7399304,-0.5450184,FAC20250923082507
1.4273269,-0.18422696,-1.2418346,4.092038,-1.0850655,-2.2226217,-0.21185513,-1.8981832,FAC20250521101619
0.811127,-0.25526693,-1.5966613,0.1514484,-0.4546244,-2.3625553,-3.212099,-3.0445092,FAC20251003145045
-0.8198502,-2.6642156,-1.1522346,2.2443779,1.6975759,0.3188782,-2.123753,-2.6041145,FAC20250912074615
0.23870103,-1.862611,0.17589639,1.3364669,0.46144366,-4.178053,0.38219246,-2.539465,FAC20250419000175
-1.4596511,-1.446022,0.11031676,2.1435652,-2.6865249,-0.2055154,-1.3366005,-2.4026926,FAC20250526103271
-1.1339579,0.45689434,-0.3344021,1.3105774,-3.404537,-2.0270426,-2.5843291,-2.1570144,FAC20250708116909
-0.9012982,0.23015526,-0.100052536,1.6857729,-3.4492555,-2.3341942,-2.3105237,-1.7120148,FAC20250425093177
-0.66294146,-2.0366013,-2.937848,2.8170743,-1.8955609,-0.68589026,0.6111641,-0.9388377,FAC20250601105240
-3.8197026,0.057164572,0.8699338,1.3406858,-1.5536112,-0.94969296,-2.2431667,-1.0966382,FAC20251016090270
-3.6718755,-2.1567686,-1.391032,1.833387,-0.5723353,1.1757407,-1.2361314,-1.935185,FAC20250619110830
-1.5028554,-1.7475023,-2.5068254,-0.23792335,2.5602255,-2.790801,0.28521436,-1.9158354,FAC20250521018183
-2.9544966,0.086871296,-0.1150305,1.7966578,2.6846855,-0.091346875,-0.43881693,-2.839323,FAC20250614031243
-1.9907565,-0.6357496,-1.2493528,1.9579017,1.3669479,-2.910373,-1.2900763,1.8832204,FAC20250729051386
-2.7106357,-2.6834872,-0.8819087,1.7547327,2.2193859,-1.826089,-1.4868528,0.6074926,FAC20250705115907
-0.29080212,-1.1794963,-1.3427336,2.50665,-1.0101368,-3.931116,0.56209934,0.4951105,FAC20250625113039
-0.6470237,-1.8811477,-1.1720533,0.15493628,-0.7748897,-3.8423758,-2.238143,0.13260649,FAC20250922141325
-3.7163112,-1.14761,-0.5679368,0.17252915,1.3632262,-0.374457,0.19025588,-2.0532165,FAC20250430094816
1.6170893,-0.2778308,-2.5857928,3.0153034,-0.49641696,-2.2853513,-0.32628742,-1.0318162,FAC20250706042545
-2.4014919,1.1820505,-2.4169564,0.007555119,-0.3736423,-2.66613,1.5575714,-2.2885284,FAC20250624035434
-0.09466151,-1.9829327,-0.7627971,2.9500735,-0.49326685,-3.7470076,0.18704975,0.40960255,FAC20250802125098
-4.3858724,1.2482612,0.141445,2.683206,-0.7714898,-0.66080916,0.043646522,-1.0426157,FAC20250828133515
0.61851764,1.4605092,-2.6948936,3.185727,0.21374944,-2.529928,0.057954643,-0.658016,FAC20250530023118
-0.64329845,-1.7035111,-0.21922126,4.113846,0.045968607,-0.98171145,1.1911577,-1.8819983,FAC20250922079650
1.5290897,-0.28881705,-0.6518826,1.5669847,-0.59377843,-2.606296,-2.5481036,-3.066172,FAC20250902068902
-2.4689238,-3.6263602,0.38204762,1.8217324,-0.8292489,-1.5416858,-0.6880716,-0.83284366,FAC20250704115617
-1.678511,-2.0192163,-0.05117708,-0.28551778,-1.7605703,-3.076722,-2.2406597,-1.1871254,FAC20250618033057
-0.8927956,0.83001095,0.7570217,1.6134801,-1.4397631,-2.7212076,0.3055643,-3.6729078,FAC20250815059065
-3.305173,-0.94235426,0.39303514,0.8879187,-1.5515888,-0.7506244,0.11364937,-3.695743,FAC20250525020099
-2.164082,-3.1212225,-0.8918616,1.2744337,0.75366867,-0.17439981,0.20100792,-3.6830585,FAC20250811128076
-2.811743,-3.0519197,-1.5565642,1.6577705,-0.119032905,0.8652027,-0.6875014,-2.5216208,FAC20250701039417
1.4655219,0.41900113,-1.8644998,3.714473,-0.5889535,-2.53566,-0.21691684,-1.2262852,FAC20250519100852
-0.13938293,1.1238451,-2.0818887,3.9182758,-0.8091785,-1.422749,-2.6249995,0.35900036,FAC20250828133357
-1.6278188,-3.0652099,-0.7655219,1.6682515,0.6968919,-0.032775342,0.041119337,-3.4817443,FAC20250825065088
-3.9052465,-1.8125014,-1.2337234,0.384556,0.037867494,-1.881378,1.2633581,-0.79878676,FAC20251014148550
-3.0727596,1.9814342,0.09803158,1.2452327,1.125538,-3.0316494,0.58575606,-1.4591907,FAC20250516100017
0.912009,-0.025482794,-2.5030675,3.2033253,-1.3382131,-2.0131593,0.30245182,-0.61332583,FAC20250506007890
-4.19918,-1.5195283,-0.96301496,0.4581132,0.10444404,-2.118374,1.1252813,-0.6527682,FAC20250724049217
-0.15054932,-0.70400625,0.45291814,1.4654427,1.6366854,-4.239597,0.28422022,-2.3594224,FAC20250720047877
-1.5672069,-2.7714741,-1.6234001,1.463351,1.4694543,-2.8163939,1.6595203,-0.9782296,FAC20250921141233
-2.8173077,0.82877356,-2.81825,2.3954184,-1.2079271,-1.0782235,-0.62008387,1.1100545,FAC20250922079238
0.46798292,-1.5080893,-2.4153116,0.38199076,0.8547454,-1.9365675,0.06546986,-3.9220862,FAC20250622111854
-2.694091,0.9840632,-3.298741,2.156909,-0.7338368,-1.9517924,0.35110292,0.9713827,FAC20250919140662
1.1528857,-0.62158346,-0.40286684,0.60402817,-0.14044182,-3.1084337,-1.8326409,-3.2493432,FAC20250625036112
-1.987921,-0.21219459,2.2020097,2.4226131,1.0941913,-2.262586,-0.8803081,-1.7554685,FAC20250729051608
-0.50899273,-0.9632954,-1.2872742,2.6521566,-1.3042266,-3.5253267,0.67176247,0.5176207,FAC20250903069715
-1.5041249,-0.61410874,-2.6914647,-0.363993,1.9500586,-1.8050437,0.6380568,-1.9411627,FAC20250525021051
1.0294075,-0.10748116,-1.1524146,0.56040823,-0.44225368,-2.3204885,-2.8635392,-3.2531898,FAC20250430005778
-3.6599355,-0.88528174,-2.733145,0.77757764,2.3946772,-1.3830932,-0.0020750628,-0.10869049,FAC20250801124592
-0.054911822,-0.7142899,0.3806737,0.8855725,1.8559097,-2.2419422,-3.0043604,-2.3546696,FAC20250524019183
-0.5645499,-0.26401725,0.83021176,0.89315337,1.5452008,-2.245184,-3.1133285,-2.7350798,FAC20250506007853
-2.9837513,-0.40709448,-3.2964406,0.8559824,2.2965655,-1.8463618,-0.14253645,0.3652397,FAC20250616109966
0.29232755,2.3148813,-1.4851723,1.68456,1.6585258,-2.436366,-0.9635525,-3.0991552,FAC20250801124658
-3.1580286,-1.0101856,0.5216207,0.51776487,-1.6286604,-1.1699814,0.03174246,-3.6432168,FAC20250424093079
-0.12589069,2.2503474,-0.8926172,1.0277318,0.35404265,-4.4075127,-1.7628732,-1.6132804,FAC20250429094489
-1.7706684,0.6390005,-1.8579844,-1.3031621,0.971338,-3.694691,-1.4565314,-1.5346957,FAC20250809056036
-2.1672368,-1.305809,-4.254068,0.4929574,0.22370462,0.17704445,-1.1960068,-1.1182753,FAC20250617110218
-1.2328681,1.2596902,0.995336,0.69830066,-0.08843261,-2.4451344,-3.00427,-2.4319236,FAC20251006087712
-0.26905435,0.8517312,-2.268371,3.161031,-1.168267,-1.8769835,-2.908959,0.7326195,FAC20250705116137
-0.33590505,0.25764948,0.5728939,0.5652255,1.6936989,-2.108578,-2.4573073,-2.4328575,FAC20250428004532
-3.5048373,-0.44509962,1.1815538,1.6119646,-0.84414905,-0.86988467,-2.8780115,-1.0868078,FAC20250510009785
0.069263905,-0.37660432,-1.0672606,1.1439255,-1.7806839,-1.4787179,0.04973938,-4.1794763,FAC20251002144678
-0.44334206,-1.2595135,-1.1752259,4.657072,0.347362,-1.4852706,1.4834659,-1.2115839,FAC20250609029483
0.117049254,-2.2047076,-0.6723783,3.1458614,-1.103525,-1.3804612,-2.53301,-0.032659348,FAC20250820130802
0.2859238,2.3953283,-1.4661857,1.5974333,1.2081357,-2.4236426,-1.2451305,-3.0555503,FAC20250716119784
-0.53636724,1.3923782,-0.4566486,0.004237312,0.7520151,-1.6407915,-2.2659178,-1.3453366,FAC20250809127472
-0.7785163,-0.6108583,-1.813806,1.92995,-1.1075041,-3.6622417,1.3304691,0.1305637,FAC20250926083988
-1.7661486,0.27785248,-0.63543016,2.606,0.83111894,-2.8406994,-1.2485323,1.6432921,FAC20250922081257
1.0902038,-1.8465849,-1.5768917,3.095905,-1.6840922,-2.0211036,0.18737097,-2.1267505,FAC20250518100582
-1.3854463,-2.0555003,-1.9555254,0.3707626,3.0466137,-2.8732378,0.32080922,-1.9154103,FAC20250625035630
-2.4533992,1.5472611,-3.3523693,-0.21748145,1.5474818,-1.1356198,-0.768195,-2.1621716,FAC20250821131040
1.6093464,-0.115184516,-1.9057562,3.5798092,-0.65433097,-2.4169345,-0.43334112,-1.2853352,FAC20250519015769
-0.61061347,0.31935397,-0.10300429,1.8987656,-3.3650517,-2.6521964,-2.0196507,-1.6439369,FAC20250926083727
-1.5042521,-1.6695671,0.778531,3.5415604,-1.0867468,-1.3903145,1.0363647,-2.1394725,FAC20250513012325
-2.0765479,0.9577042,-2.716346,2.1401756,-1.3694549,-0.19525987,-3.1199317,0.14834514,FAC20250420000892
-3.1442087,0.051876467,-1.386802,3.3112376,1.214448,0.86998326,-1.8596379,-0.3973393,FAC20250810056744
-4.181489,-0.27458012,-0.84192336,1.9406323,1.4538487,-0.37441158,1.1306679,-1.517139,FAC20250922082034
-2.0592136,-0.9672142,-3.1567135,0.20797959,-0.12450593,0.42829347,-0.26242736,-3.490984,FAC20250522101954
-1.8020312,-0.035803284,2.2815518,2.4448516,0.70419216,-2.2277184,-0.8632649,-1.8239307,FAC20250617032283
-1.6538494,-2.1322556,-0.62593716,1.8812323,-2.9880593,-0.21817334,-1.6124953,-2.299058,FAC20250828066731
-2.1774886,0.25326353,-1.6382735,0.67805916,2.8287249,-1.5734905,-2.995117,-0.38507196,FAC20250710043974
-1.2310891,-1.4319966,1.662496,2.0003378,1.4164698,-3.2059846,-1.9362164,-0.8057972,FAC20250816129702
-4.5798106,1.4659702,-0.7517046,1.6163441,-0.5963021,-0.48283508,-0.26846784,-0.98822784,FAC20250827065975
-1.2808248,-0.049988344,-0.5975344,0.23068272,1.5823046,-4.5348105,-0.27465913,-0.6161188,FAC20250814128992
-0.9827157,0.31690338,-0.42604637,1.3531868,-3.4343836,-2.3107562,-2.5181074,-1.7974166,FAC20251018090775
0.7044136,-0.5681326,-3.0305734,3.1240377,0.89583164,0.16962865,-1.2194786,-2.1970985,FAC20250507097291
-1.3924831,0.78943163,-0.8579302,3.27776,1.9345227,-1.3213516,-2.5605595,0.5572103,FAC20250816059431
-3.3806236,-0.64336056,-1.3037422,-0.87467366,-2.186759,-2.0554001,-0.5112836,-2.1020315,FAC20250928143538
-2.845089,0.785749,-3.2961667,1.8589802,-0.59851086,-2.1046062,0.3896079,1.013225,FAC20250706042330
-1.2591351,-2.742185,-1.7708982,0.72271574,1.8736007,-3.1669602,0.8538686,-1.1048188,FAC20250804125733
-1.8296878,0.41528863,-2.8183987,0.5791197,-0.343301,-2.3825552,2.1383438,-2.2074656,FAC20250907072883
-2.714169,-3.622154,0.5142631,1.6588851,-0.7570421,-1.4397576,-1.0601906,-1.0236835,FAC20250712045074
-1.2884711,-0.76805043,-1.8208363,1.071713,3.3216686,-1.388683,-2.4644527,-0.61062235,FAC20250902069352
-3.2838914,-1.4767133,-1.8701113,1.133095,2.4342594,-0.81907785,0.92522186,-1.41809,FAC20250915075663
-1.8007276,0.07073902,2.2660809,2.5546412,0.41479322,-2.11787,-0.81097287,-2.1362815,FAC20250521016824
-3.241824,-0.61887884,-1.2190145,-0.90195024,-2.0889704,-1.7472655,-0.6058767,-2.3457649,FAC20250708116991
-0.17608675,1.2008717,-2.8616014,1.9987375,-2.4819045,-0.85425836,-1.070518,-1.847528,FAC20250624034982
-0.403982,1.367021,-2.8776464,2.0632408,-2.6085343,-0.86639977,-0.8296997,-1.9455522,FAC20250817060323
1.0419552,-0.54633594,-2.203047,1.0109435,2.2605495,-3.3990324,-1.2992848,-1.6140805,FAC20250529104070
-3.5396838,0.5019172,-1.8302271,2.6355793,-0.9580198,-0.13252656,-1.9988785,0.86909854,FAC20250902134985
-3.403809,-0.020395163,-0.044999897,0.47836983,1.1439437,-2.1714067,-2.7942448,0.30587927,FAC20250716046292
-3.6034667,-0.13143237,-1.7092408,-0.0021370477,-1.1381389,-2.855406,-1.5903573,0.81701964,FAC20250630037902
-1.9014525,-0.7916454,-0.99204004,3.6745079,2.8980126,-0.56399506,-0.06508061,-0.6281381,FAC20251001085217
-0.22938718,-0.9316161,-1.536298,2.523513,-1.1576557,-3.8893497,0.5024767,0.56993574,FAC20250724122168
-3.2764668,0.44667575,-2.7908905,-0.317365,-1.7818887,-0.30399582,-1.0679674,-2.817216,FAC20250601024500
0.7872723,0.16355059,-1.61211,0.24683319,-0.44607416,-2.1483324,-3.1385837,-3.2598734,FAC20250711044262
-2.6352649,1.7759795,-1.6712803,-0.23788284,-0.47292957,-2.5443149,0.89730203,-3.1211052,FAC20250719120565
-2.0004616,-1.7745771,-1.028438,-0.39620066,-1.6795663,-1.1040289,-0.14043742,-1.5145408,FAC20251010147306
-4.005221,-1.5278311,-0.8260541,0.5102136,0.24740462,-1.9613744,1.1615614,-0.4187241,FAC20250805053925
-0.9194425,-1.6031262,-2.8517675,3.084869,-1.6402495,-0.09336037,1.1107544,-1.9139944,FAC20250719120728
-0.35871044,-1.7516097,-1.1999907,-0.6117406,0.55413365,-2.1215756,-0.7710612,-4.017954,FAC20251018149686
0.016723286,-1.8150772,-0.5473146,3.1226625,-0.63417065,-3.9404402,-0.13986461,0.4402692,FAC20250706041922
-1.8940616,-1.3478688,-3.927337,0.10503078,-0.45812854,-0.09609635,-2.2744691,-0.9839436,FAC20250828133385
-2.861268,0.66236526,-2.886687,2.3766255,-0.9106222,0.23338729,-2.2718337,0.32892898,FAC20250805053990
-1.2429578,-2.4927921,-1.7419335,0.5691698,2.9239902,-2.9582736,0.27109617,-1.7134252,FAC20250826065221
1.340131,-0.27711856,-0.07470244,2.0402904,-0.8636267,-4.100453,-1.6686143,-2.0953948,FAC20250521017157
-0.98930305,-2.4672902,-2.9703014,2.2757146,-2.380125,-0.92187166,0.31091374,-1.066273,FAC20250427093778
-2.2134943,-1.4083722,-1.0575209,4.046661,2.2341878,-0.32731095,0.4198282,-0.5987887,FAC20250813057038
-0.9593138,2.7361655,-0.17621554,2.4880002,0.2765737,-1.6991727,-2.7470753,-1.3661485,FAC20251003144862
0.4993596,0.91449875,-2.2505267,2.5111427,-0.6714851,-2.1365619,-3.3267412,0.011245599,FAC20250808127113
-0.5185101,-3.4085226,-0.8133154,2.7785046,0.2645976,-2.7838876,0.06881079,0.009271317,FAC20250615109686
-1.8787475,0.97804826,0.38583773,3.6602182,-0.2663862,0.35906276,-0.56700337,-2.545832,FAC20250615031624
-0.3684075,-1.6075397,-1.9945496,0.3140444,-0.32701555,-4.288379,-1.773041,0.34198844,FAC20250703115393
-2.4852464,0.5505835,2.2199168,2.5635312,0.06175069,-1.9867299,-0.67039007,-2.2297034,FAC20250701039408
0.33210772,-0.7244201,0.4950709,2.2652507,1.9760273,-1.8283964,-2.930028,-2.4297907,FAC20250806054289
-2.0431633,1.8619267,-0.736226,0.219874,-0.9414263,-2.2262146,-3.5622282,-1.2526789,FAC20250729051030
-1.4030048,-0.63874006,-3.262506,2.0899763,0.39619365,-1.5709083,2.4133089,-1.4256729,FAC20251001084814
-3.3225617,-0.64860386,-3.2015634,0.8080447,2.336405,-1.6533232,-0.117400475,0.26442942,FAC20251003144974
-3.9214888,2.1209776,-1.6857716,0.54317975,0.24434184,-0.76367444,-1.1983843,-1.1860598,FAC20250514099344
-1.5709221,0.11275791,-2.8655462,0.19709924,2.6911397,-1.7102506,0.5534697,-2.7619576,FAC20250926083811
-2.0808284,-0.91422343,-3.447712,0.13634731,-0.055092394,0.5479579,-0.83793724,-2.5460074,FAC20250430094827
-3.29939,-0.63472366,1.3903407,1.670786,-0.7242812,-0.8635504,-3.119667,-1.3728492,FAC20250912074910
-0.19219819,0.3154925,-1.8215189,3.7479653,-2.5242617,-0.14412938,-1.4892942,-1.7966841,FAC20250907072856
-3.2279975,-1.8669963,0.63154495,3.1977172,0.5343874,-1.1210461,-1.4916617,0.49394682,FAC20250902067943
0.3090572,1.1017585,-3.935953,2.2218091,0.3875127,-1.9060861,-0.11516294,-0.69137996,FAC20250821062910
-0.73479015,-1.590192,-0.9100368,-0.6319848,0.8121679,-2.109715,-0.7447551,-4.1209416,FAC20250915076260
-1.6981051,-4.1379957,0.2347924,2.3342202,0.1523086,-1.5624748,-1.1347119,-1.1334934,FAC20250627036795
-2.9850707,1.2756274,-1.1188174,1.7533858,-2.6278749,-2.0894928,-0.7996372,0.36727425,FAC20250630114567
-1.1956586,-2.7029498,-1.5472398,1.5590999,1.8777052,0.23863006,-2.6979303,-2.7610297,FAC20250716119764
-3.7004664,-2.1621172,-1.4765328,1.9756011,-0.73185754,1.1574305,-1.1575375,-1.6449004,FAC20250820130997
-0.21502312,0.6449835,-2.1397161,2.8980355,-1.08601,-2.2996814,-2.8260791,0.8402027,FAC20251014148561
0.1358863,-0.888088,-2.1894565,1.4434398,-1.8395461,-0.44216096,-1.0686153,-4.2792583,FAC20250511010267
0.69814783,0.04704837,-2.210511,3.4606001,0.9495322,0.10769154,-0.8505759,-3.026441,FAC20250529104089
-1.1055857,-0.7107559,-2.0379303,1.9230235,-1.2907177,-3.394621,1.5552983,0.10997395,FAC20250821062824
-3.31715,-1.2854415,-1.0824066,0.95838535,2.6239161,-1.3486346,0.72695875,-1.2930919,FAC20250716046707
-0.59203684,0.9161684,-1.2163739,2.6814272,1.3142877,0.32697,-3.3389885,-1.9408282,FAC20250429094587
0.9191636,-0.3646653,-1.3051323,0.3321238,-0.25011444,-2.2415996,-2.92879,-3.2290084,FAC20251006088072
-1.8689406,0.56335247,-0.90814257,0.200823,2.3330407,-4.2167788,-0.6045528,-0.68121606,FAC20250711044586
-2.2198715,-0.98695666,-2.6732845,-0.24512744,-0.69328874,0.41650587,-1.4112042,-2.5579345,FAC20250907072380
-1.3353962,-3.0656383,-1.8393254,-0.056509957,-0.091789626,-2.9879627,0.638112,-1.5126802,FAC20250809056601
-2.491136,-0.07949365,-3.6499429,0.68823755,2.1763146,-2.2973845,-0.89894503,0.63336235,FAC20250627113560
-1.1064599,1.1707801,-4.029195,1.7599069,1.7224846,-0.790851,-1.8263551,-0.3592929,FAC20250507097309
-3.521456,-0.081322744,-0.75355417,-0.074329495,2.2755842,-1.2598996,-2.5068798,-0.9498582,FAC20250430094876
-0.21750201,-1.9399539,-3.450528,2.1859477,1.1230949,-2.0788207,-0.83829254,0.72592574,FAC20251006087439
-0.3931854,-2.0883503,-3.1723666,2.5558739,-0.00029487163,-1.3817661,-0.96016335,0.87138337,FAC20250519014265
0.0545471,-2.0474699,-2.2076414,2.540303,0.4711692,-1.1144751,-1.5464249,0.5975754,FAC20250426003962
-3.4536638,0.1860735,-1.798253,2.987433,0.84344685,0.7771751,-1.8466516,0.099294186,FAC20250922081765
-2.2678907,-0.5469092,0.07980392,1.3969748,1.320071,-2.6045554,1.9932666,-2.8237207,FAC20250919077983
-2.0390227,-1.3748275,-4.004139,0.29335594,0.120168075,0.16914973,-1.3755075,-1.2830782,FAC20250607028080
0.8461482,-1.4587356,-3.5963223,1.2211616,-1.1690767,-1.042408,-1.2872971,-2.5202053,FAC20250625036185
-3.158071,-0.03615688,-2.5892072,-0.84759647,-1.4988052,-0.6458244,-1.2293105,-2.6365163,FAC20250519014730
-1.6683174,2.5499144,-0.5798551,3.9338572,-0.176598,-1.2907267,0.25892273,-1.1206381,FAC20250507097216
-0.15459128,0.90126514,-2.2037113,3.5685718,-1.0473746,-1.6236141,-2.7453036,0.5615063,FAC20250912074587
-2.0005696,0.37104794,-0.086467326,3.689418,-0.07592242,0.8272465,-0.16679034,-2.9750288,FAC20250922080685
-3.7351255,-0.244314,0.84155494,1.0127678,-0.7927859,-1.001026,-2.3689613,-0.6305781,FAC20250428004264
-1.1528504,-1.614987,0.2532125,3.73465,-0.4124073,-1.3859494,1.5468651,-1.976489,FAC20250816129670
-3.4362721,0.4719558,-0.9897197,0.3713625,2.4275382,-1.0941741,-2.8323789,-0.9687373,FAC20250805126036
-2.7332275,-0.24834985,0.5678238,0.9236221,0.7088043,-2.877581,1.6465551,-2.931731,FAC20250614109222
-1.4308497,-2.857311,-1.757639,0.33911422,0.21573952,-3.1661794,1.3142703,-1.4741261,FAC20250826065833
-4.4383087,1.2956985,-0.14632532,2.2768314,-0.6229956,-0.51623577,-0.28024453,-0.963252,FAC20250830067413
-2.0707486,-2.5602934,0.5171035,0.013280662,-1.2445631,-3.3783956,-2.1236582,-1.2266783,FAC20250529022412
-3.6893318,0.057359345,1.0806614,1.198757,-2.002883,-2.4771545,-1.3982028,-0.59099376,FAC20250804125764
-0.74967754,1.630289,-1.7061644,2.343833,0.3933171,-1.2308928,1.3446202,-3.7862391,FAC20250625112926
-1.3167444,-1.8293484,-2.3866239,0.17840059,2.4641604,-2.9782813,0.7040013,-1.4847273,FAC20250523102331
-2.8798685,-1.0623754,0.24847725,0.054756984,-2.0430532,-1.8934232,0.15474501,-3.2581065,FAC20251006146063
-1.8293091,0.4307625,-4.0957303,0.901113,1.8768855,-1.6971178,-1.5544878,0.31503114,FAC20250823131849
-3.4977944,-2.2030692,-0.24916649,2.316217,1.2948135,-1.7011803,-1.112947,0.99820256,FAC20250922080905
-2.2745583,-0.47776422,-2.3657494,3.0705447,-2.1576238,-0.04944409,1.2502012,-1.3419287,FAC20250607027950
1.2507418,0.45472646,-2.157575,3.652755,-0.6563398,-2.4021587,-0.21679229,-0.88078773,FAC20250617110165
-0.5507313,1.6472292,-1.7995669,2.5299776,0.30636036,-1.1680187,1.2160448,-3.725688,FAC20250614031331
-0.2914478,0.19213426,0.65570426,1.0027319,1.4538907,-2.1477797,-3.1060064,-2.2362986,FAC20250513012241
-0.79456675,-1.0843396,-2.032968,1.5217003,-0.768534,-3.7263322,1.2339681,0.1837118,FAC20251011147593
-0.2835199,1.2157785,-3.0119333,0.86029047,-2.6364312,-2.164056,-0.47552964,-1.9058938,FAC20250428094082
0.72156566,-0.4201985,-0.5994779,1.7963638,2.7479935,-2.278939,-1.7311525,-2.4622693,FAC20250701039401
-1.6224679,-1.9159366,0.6155019,3.5721483,-0.55048203,-1.3470178,1.397641,-2.5173588,FAC20250605025617
-1.5729063,-1.6850101,0.8020286,3.4323165,-1.1879739,-1.3418955,1.0818313,-2.347378,FAC20250422092362
-0.06285862,1.0094945,-1.9934895,3.0490806,-2.5094507,-0.473652,-1.2779442,-1.9216621,FAC20250828066911
-0.49653527,2.0856247,-0.7354809,1.2954643,0.10151151,-4.779592,-1.8839304,-0.6667482,FAC20250613031005
-3.0171669,-0.18046397,0.051457327,2.2089238,1.1010059,0.69588935,-0.35711378,-3.5167296,FAC20250522102012
0.5234886,-1.1162511,-2.4974272,1.321656,-1.7347914,-0.6341487,-1.0674052,-3.7242277,FAC20250717120100
0.42675075,-0.3927632,-1.4568431,0.79105,-1.7366068,-1.1596142,-0.13222004,-2.726365,FAC20250711118059
1.5145267,-0.5826023,-0.6570928,1.4067068,-0.41999102,-2.5436115,-2.408209,-2.8699348,FAC20250816059620
0.94741905,-0.9669198,-2.5244737,0.9333895,1.588647,-2.0275025,-0.2772132,-3.4600482,FAC20250518100569
-0.21710259,0.82346,-2.5777175,2.9861367,-2.590978,-0.27317816,-1.2103142,-1.8541983,FAC20250704039717
0.2972446,-0.7764598,-0.13298085,3.5621922,-1.3014984,-0.6794775,-2.73817,-1.4297056,FAC20250922081826
-1.3200177,0.6714831,-1.0482894,2.8383546,1.6681073,-2.0545614,-2.3527498,1.1576174,FAC20250717120072
1.5098037,-0.22607926,-1.6652012,3.468483,-0.97222316,-2.3045957,0.09758088,-1.8083426,FAC20251006145943
0.16429749,-2.041674,-0.7857118,1.0353589,0.5923507,-3.7969484,-2.7646973,-0.21517245,FAC20250804052777
-1.7364564,-2.2437153,0.50377935,0.20568214,-1.7956713,-3.157073,-2.1749094,-1.2138438,FAC20250724049383
0.30275995,-0.7024961,-1.1291263,3.459059,-1.8633988,-0.27111396,-2.4869227,-1.4202495,FAC20250624035082
0.0466439,-1.8502799,0.052059617,3.3893034,-1.1452053,-1.3656132,-2.954888,-0.6223627,FAC20250727123250
0.55452603,0.5108836,-1.645085,0.24329622,-0.48163638,-2.0325737,-3.148593,-3.598241,FAC20251001084851
-3.2793472,-1.5338278,-1.7449455,1.0471431,2.3756845,-0.7371549,0.88973874,-1.6624364,FAC20250625035563
-2.2372978,-0.7355164,-2.807657,0.08210824,-0.6325659,0.5542371,-0.85004884,-3.287318,FAC20250813057819
-3.241528,-1.100353,0.3552664,0.67732185,-1.5522029,-0.8345057,0.034974594,-3.805235,FAC20250802125152
-3.7733536,-2.2113745,-1.6830795,-0.4174797,0.23397462,-1.9345887,0.72313887,-1.4626902,FAC20250923082415
-0.7309203,-1.3274515,-2.6145005,-0.6325363,1.74889,-1.5946913,-2.9018507,-2.7208865,FAC20250504096095
-0.6504257,-2.3564715,-2.2250023,2.6864963,-0.88763887,-1.3807535,-2.1122606,0.9794466,FAC20250704039695
0.53346616,-0.7995376,-0.6063826,3.4522984,-1.1559849,-0.40718725,-2.7197344,-1.6324241,FAC20250911074073
-2.2355921,0.5887451,-1.9903781,2.506599,1.2009879,1.3054878,-2.4297683,-1.845555,FAC20250617032253
-2.1452854,0.07917142,-0.4663163,3.6096542,0.15816131,0.9675138,0.074118406,-3.2406754,FAC20250613108968
-2.993216,-2.391871,-1.575578,2.016153,-0.43406564,1.2428118,-1.0026518,-1.7159679,FAC20250504096139
-0.5950408,1.2631214,-1.3891603,1.8979139,0.64084095,-1.1766508,1.2406175,-3.8146975,FAC20250819130398
-1.2004944,-0.7463025,-2.7038767,2.0004666,-0.69801503,-2.9881763,2.0610888,-0.21942653,FAC20250508097410
-0.5412576,-2.8282855,-0.8697325,2.3588912,1.4891994,0.1360141,-1.6336342,-2.7260747,FAC20250505007596
0.046493586,0.8556296,-1.6174711,2.8443449,0.860589,-0.8656961,0.88124317,-3.706239,FAC20250714045799
0.5558661,1.5093323,-2.9862254,2.952641,0.1955241,-2.4720433,0.23348382,-0.728678,FAC20250909137270
-3.2299478,-2.1267962,-1.5442579,2.0069458,-0.7440636,1.105962,-0.9927216,-1.2903711,FAC20250603025151
-2.1567283,1.1733439,-0.14853714,3.7217772,0.40313834,0.26714,0.36287725,-2.3996475,FAC20250805053878
-1.546543,-0.4538244,2.2885592,2.5608454,0.6220748,-2.309656,-0.83561105,-2.055475,FAC20250909137361
-2.7231855,-0.76584727,-0.86719894,-0.5416096,-2.3790386,-2.1960044,-0.0039632325,-2.7782724,FAC20250727123259
-1.009017,-1.6065725,-2.895806,3.2015305,-1.8651372,-0.22215329,1.064683,-1.8597795,FAC20250904070475
-2.3480403,1.6118306,-2.4172354,0.31347835,-0.40833732,-2.321815,1.5084279,-2.373994,FAC20250605106368
-2.7129874,-0.86584324,-2.2820275,2.1770573,-2.5535204,-0.3420904,0.9067169,-0.99591124,FAC20250604106130
-0.8579167,0.732726,-1.1767944,1.7630872,0.75440526,0.5449469,-3.146435,-3.0636795,FAC20250707042616
-2.5196087,-3.2592769,-1.3855871,1.0425621,1.8060434,-1.3580917,-2.2551985,-0.012318747,FAC20250605025801
-1.0535173,-0.44644865,-3.3372579,-1.0782675,-0.8830437,-2.146284,-1.6822083,-0.64941853,FAC20250421001760
-1.708955,1.5597627,0.65605265,2.5358117,0.10485187,-0.8338819,0.51101965,-2.1893582,FAC20250530023502
-0.25762776,1.296914,-2.6504633,0.5617075,-2.4655876,-2.5812314,-0.7348442,-1.8488617,FAC20250818130201
-3.307026,-2.4881494,-1.8110763,1.917914,-0.8449723,0.7670835,-0.40282816,-1.1602925,FAC20250803125250
-1.4217305,-3.4119213,-2.1749918,-0.30390954,-0.43205315,-2.4459221,-0.067221045,-1.5369238,FAC20250608107277
0.93692374,-0.3591329,-1.800073,1.842037,2.7425654,-3.2684386,-0.9966447,-1.4972689,FAC20250919077102
-1.3979746,-1.9717993,0.95698977,1.1725328,-2.0192423,-3.1464846,-2.6883776,-1.1201822,FAC20250922078883
0.16256003,-1.7676656,-1.2049646,0.6829221,-0.3989678,-2.09092,-0.04086762,0.016508846,FAC20250702115068
-1.0123582,2.3051562,-3.5269864,1.2998066,0.8431831,-2.1223407,-1.7884638,-0.23387735,FAC20250724049762
-0.48872915,-1.698648,-0.953674,-0.4604111,1.3024104,-1.7624072,-1.1501755,-3.8745265,FAC20250701114778
-1.525825,0.9778144,0.4013017,3.8470113,0.4777342,-0.04020994,-0.119431436,-2.5720668,FAC20250706041747
-1.5696647,0.74845994,0.5028396,3.9432986,-0.3281513,0.33928564,-0.9149557,-2.7689404,FAC20250618110499
-0.16063885,-0.075569265,-0.5985372,1.167038,-1.6155299,-1.4455485,-0.13571726,-4.435149,FAC20250809055416
-0.0138678355,2.343403,-1.0136415,1.0810792,0.30341563,-4.220201,-1.4407816,-1.9210042,FAC20250630038407
-0.87487257,-1.588264,1.1301498,1.6562803,1.1388483,-3.4929926,-2.1783524,-0.35213608,FAC20250506007941
-4.1194673,-0.6408993,-0.26138777,1.287642,1.5776199,-0.2918618,0.40914983,-1.8142077,FAC20250712118481
-0.86159205,-0.3269952,0.16810605,1.0262731,1.6733013,-4.6371384,0.20732509,-1.0851307,FAC20250521017448
-3.157571,-2.4440334,-0.9225389,2.2223709,1.9762187,-1.9325303,-0.93809724,0.96721894,FAC20250527022032
0.28762022,-1.1990309,-2.401922,1.3892884,-1.7867026,-0.46601292,-1.1921223,-4.090825,FAC20250508008767
-1.3376107,2.5499358,0.025376134,2.4776554,-0.07399448,-1.9405648,-2.7927084,-0.75400746,FAC20250804052649
-0.66706634,0.910631,0.561783,2.101439,-1.2800342,-3.793258,0.7791042,-2.0048318,FAC20250825065066
-1.0879523,-0.8725509,-1.3723389,1.4966307,-0.0990057,0.1788476,-4.28454,-1.4772673,FAC20250817129973
-2.9940534,-0.72999036,0.59252435,0.93935484,0.4048528,-2.0123787,-3.7552369,-0.12375081,FAC20250601105103
-0.0997994,-0.7495895,-2.2938766,-0.5352912,-0.08690276,-1.9533595,-3.534246,-2.7005582,FAC20250713118509
-1.3278077,-1.3106049,-0.9908708,-0.5359082,-0.9302241,-4.387413,-1.3791088,-0.38025585,FAC20251016090249
1.0150822,-0.415766,-3.0658092,0.8106602,1.3982354,-2.4717774,-0.18540455,-3.041383,FAC20250922078703
-4.2299337,1.4429764,0.4425834,2.1465187,-0.42644113,-0.7420616,-0.32671282,-1.3685542,FAC20250907072612
0.7408274,-0.43613043,-1.6378676,0.038325228,-0.11655053,-2.21875,-3.1535118,-2.9169483,FAC20250630037989
-2.5140536,-1.7302628,-0.071187675,1.3906505,2.0249102,-1.7903662,1.480388,-2.9135725,FAC20250521017327
-1.4164755,1.4851761,-2.9959073,2.1538906,0.17112508,0.2580343,0.7146469,-2.6768787,FAC20250426003738
-1.9715819,1.8924371,-0.04241253,0.7048673,-1.0274556,-2.3263724,-3.3012714,-1.0739435,FAC20250521017507
-1.6019728,1.1435734,-2.7155614,2.7623131,-1.4328068,-0.13723113,-2.8661907,-0.05394116,FAC20250508008552
-0.7236994,2.5276875,-0.81044865,2.5428848,1.9944012,-1.4163712,-2.1815336,-1.8658712,FAC20250922080980
1.0350859,1.0781878,-2.0290725,3.5563536,-0.47830257,-2.7894552,0.060404047,-1.0465308,FAC20250620111175
-3.1142044,-0.24994625,-1.5589178,3.1420608,1.4739066,1.043325,-1.7745754,-0.56227475,FAC20250902068325
0.76347935,1.4222394,-2.3533936,3.4892642,-0.4184241,-2.5257235,0.22977202,-0.976816,FAC20250627113509
0.89861184,1.4424843,-1.9926976,3.6263516,-0.40716666,-2.7664573,0.11148883,-1.097212,FAC20250730124004
-3.032086,0.50548303,-0.19128871,1.4789056,-2.7954457,-2.9303253,-0.16897796,-0.23350297,FAC20250821063092
-0.35569978,-1.9905354,-0.7380535,1.7608274,0.24218285,-3.5790026,0.27578416,0.32428032,FAC20250711044734
-2.5133853,2.6301067,-0.87713176,2.5180707,1.177274,-2.452184,0.4589125,-0.5755614,FAC20250525020452
1.1380212,-1.0712976,0.5289431,2.2107143,-0.21325846,-3.9407372,-0.95981854,-2.519818,FAC20250724049296
1.5865889,-0.4955286,-0.26474544,1.978987,-0.62934583,-2.997263,-2.2034614,-2.9694793,FAC20250630114508
-2.6908116,-0.12244081,-2.615443,0.1371314,-1.2061676,0.4959237,-0.7727692,-3.5067146,FAC20250729051117
0.68589365,-1.604513,-3.2053711,0.8897128,-1.5878913,-1.1636301,-1.4861449,-2.7133696,FAC20250701039063
-0.66705716,0.38575616,1.2217021,0.9538635,0.93434274,-2.2024508,-2.7284658,-2.9378455,FAC20250912138372
-2.6038427,1.0807647,-3.2823472,2.418186,-0.8424375,-1.8291881,0.4698572,0.86875314,FAC20250815129280
-2.235044,1.0537122,-2.7371771,-0.07646471,-0.39885518,-2.8620968,1.4807748,-2.0484436,FAC20250508008556
0.3347123,-1.5048816,-1.755255,-0.10650352,0.9526764,-2.4448934,-0.29626533,-3.6574736,FAC20250527022143
-0.94731575,-0.52394617,-2.0583334,1.827913,-1.2323251,-3.6000762,1.4639372,0.0229982,FAC20250826132659
-1.4456315,0.013748427,-0.60289294,2.4296994,0.58608055,-2.4164205,-2.1231112,1.6692551,FAC20250714118866
1.4524,-0.53746855,-2.416961,2.9576933,-0.97602415,-2.1271296,0.37733072,-1.5541096,FAC20250606106719
-3.126341,-0.026179964,0.100536734,2.1978977,-2.8024101,-1.9969504,-0.87877417,0.039332647,FAC20250530023638
-3.238308,-1.5300379,-2.402982,2.0824258,-1.9719913,0.105124205,0.36448425,-0.7413728,FAC20250605106549
-1.6714219,-1.674117,0.70484066,3.0576265,-2.1860137,-1.7891685,0.76409423,-2.1944435,FAC20250607028044
-3.2994256,-0.8252874,-0.9655702,0.57046086,2.1139665,-1.4639301,1.1369381,-1.5954098,FAC20250924082666
-2.0423226,0.21412972,-0.43757698,1.579834,-2.9073853,-0.076254934,-2.26063,-2.8960443,FAC20250525020122
-4.2958345,1.5150099,-0.040962517,1.4044315,-0.12587783,-0.69904727,-0.5920781,-1.1357933,FAC20250525020917
-1.2376789,-0.7092744,-2.7150264,1.8796872,-0.62930185,-2.960116,2.0160897,-0.17158656,FAC20250923141676
-3.9202132,2.094641,-0.68117654,1.0938996,-0.17456332,-0.38391033,-0.9411178,-1.4250069,FAC20250828067015
-3.74261,-2.4529338,0.5253108,0.96903986,-1.3300309,-0.9780214,-0.36657196,-2.1248035,FAC20250605026178
-1.0060087,-1.4238164,0.6088655,1.3143209,-2.5243454,-3.3110218,-2.177296,-0.92373395,FAC20251003144930
0.04133122,-1.0696235,-1.2105948,2.8790174,-0.7580309,-4.0819335,0.19229573,0.4931843,FAC20250615031508
0.53077185,0.5174025,-0.92534405,1.1030487,-1.456681,-2.120093,0.37966132,-2.9631567,FAC20250517100376
0.9058305,-1.6515845,-3.5772974,1.8623463,-0.5400838,-0.5332042,-1.6448872,-1.9916939,FAC20250922082006
-2.4619033,-0.9777506,-2.7044547,-0.58232343,-0.49586475,-0.19145793,-0.30095088,-3.4291391,FAC20250801052221
0.5884825,0.68323165,-2.1666481,1.9587657,-0.008895754,-2.6600134,-3.5738597,-0.088274896,FAC20250521017225
1.094757,-1.9677243,-1.2870531,3.3778498,-1.8675324,-2.1614723,-0.022026664,-2.3229542,FAC20251005087133
-2.6072378,0.23363009,-0.68842185,0.5022628,2.2639565,-1.1278605,-2.7027466,-0.46342245,FAC20250429004752
0.14269118,-0.20556965,-1.6792227,3.5460813,-2.1953464,-0.017269349,-1.9250302,-1.7267611,FAC20251018091025
-0.39862984,2.562644,-0.65153635,2.334371,1.5271535,-1.8376107,-1.9226577,-1.9387858,FAC20250919077957
-2.246475,-3.3439243,-2.313007,0.04441579,-0.3590727,-1.7581271,0.2619983,-1.1017152,FAC20250628113757
-1.660965,0.8201419,-0.6852079,2.7362306,1.5196947,-1.5598446,-2.4001942,0.96937513,FAC20250903069648
-0.5063336,-1.4943354,0.5258552,1.3853711,1.036533,-3.8796132,-2.2535398,-0.008625571,FAC20250714045762
-0.47500947,1.424842,-1.7274559,2.615878,0.44776767,-1.3078512,1.4172711,-3.72778,FAC20250919077257
-0.5655178,-2.3852403,-2.2796779,2.632928,-0.6403469,-1.4943317,-2.2200513,0.9498164,FAC20250807054860
-2.267915,0.6369442,0.14600913,2.3476682,1.2849214,-2.1585844,2.1354527,-2.1611753,FAC20250521017853
-2.1060019,0.24698327,-0.8750248,2.6730006,0.890064,-3.453301,-0.4201359,1.6167345,FAC20250627113431
-3.4949954,-2.2334385,-0.5315218,2.355934,1.5843035,-1.7775601,-0.82085013,0.92341465,FAC20250512010778
-0.73258716,-1.185095,-0.4386369,4.2122173,1.067083,-1.0526475,1.0597665,-1.0189118,FAC20250930084643
-3.4687421,0.91784525,1.6391523,2.4380987,-0.35632017,-1.5045073,-0.11625084,-1.9009044,FAC20250919140606
-2.7502186,-0.7629213,-0.77282864,-0.5227659,-2.5460002,-2.5076096,0.045548506,-2.7138748,FAC20250525021024
-1.1421099,0.88566124,0.70117736,0.15056737,0.13562948,-2.537253,-3.1688375,-2.3110416,FAC20250530022723
-2.176085,-0.97646177,-3.0006444,-0.1586371,-0.39154673,0.06594651,-0.16446167,-3.3681285,FAC20250617032604
0.63999337,-0.22935063,-1.0231645,2.9865954,-1.6850055,-0.45491567,-2.563453,-1.7538443,FAC20250926083611
-3.4369981,0.58671093,-1.1637968,0.21173051,-1.4349107,-3.3412166,-0.8534886,0.48916018,FAC20250421001524
-2.796579,0.6843949,-2.6700394,3.1398818,-0.712311,-0.728824,-0.35412586,1.0536125,FAC20250912138330
-1.5162461,1.8987348,-0.52413374,-0.038586855,-0.14636011,-2.1538541,-3.209508,-1.8152792,FAC20250922079075
0.05034342,2.6268206,-1.205737,1.5033368,0.8371324,-2.085003,-1.6417665,-2.5538015,FAC20250909073074
0.9054279,-0.58314043,-0.6007142,2.4136798,2.6677358,-2.1922786,-1.7253945,-2.2638717,FAC20250530022784
-3.5517383,2.1592414,-2.6123443,0.16606744,0.33535263,-0.87676734,-1.250796,-1.354068,FAC20250818130215
-2.2928538,-3.1048849,-1.0217822,1.2117109,0.3502455,0.20664316,-0.21807034,-3.3588526,FAC20251006145879
-2.7008128,-3.1293943,-1.5870612,1.6142203,0.049674015,0.8219262,-0.70449746,-2.6252582,FAC20250504096369
-1.2418253,0.041870132,-3.778393,-1.1477352,-0.5092465,-2.8118439,-1.8179947,-1.2486532,FAC20250612108613
-3.1239688,0.26682982,-0.42529187,1.767069,2.8782763,-0.13507746,-0.48133802,-2.7136757,FAC20250501006001
-1.9240271,-0.43621367,1.0158865,4.233474,0.06896627,-1.9803308,-1.2573032,0.5786869,FAC20250606027133
1.238688,-1.8962451,-1.4941844,3.2727828,-1.7566298,-2.3232234,0.14399433,-2.394145,FAC20250501095182
-3.6905,-2.4244304,-1.6996042,-0.5596768,0.25756118,-1.9589428,0.44232896,-1.6436622,FAC20250828133438
-1.0357713,-2.5883412,-1.222464,1.9313227,1.9292188,0.3671081,-2.2879686,-2.643815,FAC20250705041026
-2.6892169,-1.7021148,-2.1502619,2.2824898,-1.5224066,0.6673903,0.056177337,-0.9614358,FAC20250731124384
-2.6431484,-2.997506,-1.0562867,1.5156457,2.255181,-1.8187573,-1.7935812,0.34175688,FAC20250513011180
-1.6726887,0.5487966,-0.67756665,2.7013094,1.097163,-3.0660098,-1.0327682,1.5214143,FAC20250519100858
1.6204613,-0.35314104,-0.4388585,1.7952,-0.6253969,-2.8736157,-2.2751825,-2.855588,FAC20250512098917
-3.0580792,-0.3604494,-2.9622204,0.18997064,-1.1302855,-2.2589376,-1.4483066,1.0149004,FAC20250917076962
0.7327515,-1.580113,-3.6863472,2.6567285,0.1798717,-0.121959805,-1.7335885,-1.735017,FAC20251001085006
-1.2869602,-2.9553666,-0.6543132,2.0716374,0.5019477,0.016534328,0.03862333,-3.47149,FAC20250904070282
-3.5115414,-1.6978421,0.6626137,2.9559033,0.9491856,-1.4899918,-1.1161023,0.5855397,FAC20250605025558
-2.4098327,0.55860525,-1.989768,2.4681282,1.4238902,1.2359977,-2.2078798,-1.5985765,FAC20250519014225
0.88890636,1.5064639,-1.8941004,3.6796155,-0.29272285,-2.77174,0.02790046,-1.0893259,FAC20250513012116
-2.1113307,-2.0697517,-0.41880152,-0.53957367,-1.3885216,-3.2917047,-2.2068098,-0.7609358,FAC20250922080688
0.5005348,-0.82165676,-2.16762,1.7348874,-1.0120655,0.04490714,-1.0342723,-3.9853184,FAC20250912138331
-0.30144498,-0.40450612,-0.69318473,1.2776023,-1.559196,-1.1001388,-0.3897957,-4.862552,FAC20251003086479
-2.8047252,-1.4739875,-0.22506393,0.9442514,1.9632171,-1.6510285,1.3829892,-2.5699334,FAC20250819061792
-0.96126807,-0.11840763,-0.8654903,3.7228656,2.7692475,-1.8355093,0.52990496,-0.6035032,FAC20250831067665
-2.4643211,1.6809387,-1.7637239,-0.06567639,-0.44729272,-2.3739393,1.0244402,-3.1757736,FAC20250519014422
-1.5557109,1.5375595,-2.6651115,1.9293858,0.046402924,-0.08301345,1.0235552,-3.0254834,FAC20250607028484
0.6994348,0.7126685,-2.1262555,1.9602597,-0.11616328,-2.7846491,-3.3634195,-0.06453911,FAC20250715119475
-1.4851272,-3.0597274,-1.5011252,0.75844467,0.8374838,-3.6611083,1.3282669,-1.2895265,FAC20250823131965
-2.9654584,-0.6978515,-2.0219965,-1.2200687,-1.2355572,-1.143901,-0.7123504,-2.8345778,FAC20250813057189
-2.070005,-1.2942399,-4.241336,0.3120684,0.01958354,0.04607544,-1.5202479,-1.2041222,FAC20250617032031
-1.760199,0.07729441,0.5933186,4.092294,-0.49794963,-2.4787388,-0.5997991,0.7285919,FAC20250725122593
0.50280887,-1.631818,-3.1336858,0.94611466,-1.7815547,-0.8748665,-1.6963446,-2.8366268,FAC20250910137444
-0.7525724,0.21359096,-0.5316649,-0.4991689,1.7005619,-3.9974706,-0.5400661,-2.6102,FAC20250606026932
-2.7920272,0.76370186,-3.1134808,2.1846247,-0.9577699,0.36817732,-2.3329487,0.06677587,FAC20250624035231
-0.53724986,-0.58244973,0.24156159,2.105396,-3.146918,-3.2175777,-1.9081329,-1.0391823,FAC20251004086702
-0.5854576,-1.871289,-0.9840377,-0.5787149,0.39091402,-2.1309583,-0.76980126,-4.1110554,FAC20250712044824
-1.2454377,-1.957041,0.70964074,3.3423207,-1.6608162,-0.9589167,0.32167223,-2.5464897,FAC20250630037443
-1.5597984,0.8960225,-4.1406283,1.4572035,1.8014808,-0.91990596,-1.760647,-0.099941075,FAC20250612108734
1.0372436,-1.071252,-1.5519457,3.6299896,-1.7798969,-1.8412327,0.24114428,-1.9592451,FAC20250910073327
-0.15105753,-1.7043188,-1.5065721,0.21199483,-0.97921973,-3.7815826,-2.2370296,-0.088264845,FAC20250926142893
-3.0963714,0.9785085,1.6890663,2.098256,0.30554762,-1.3805223,-0.7003259,-1.6369859,FAC20250922079531
-3.2847586,0.86955494,1.7906475,2.5023396,-0.28213355,-1.5920604,-0.19629863,-1.9681296,FAC20250817061279
-1.6657196,2.2819405,5.0293747e-05,3.7791715,-0.28075275,-0.861469,-0.047686536,-1.7894439,FAC20250803125251
-2.2479095,-0.9594306,-2.9118395,-0.17706273,-0.50549704,0.22223252,-0.44680107,-3.2316246,FAC20250901134690
-2.882314,1.8087472,-2.1113079,1.6013246,0.12918536,-0.2818899,1.046421,-3.2401497,FAC20250711044508
-1.1289631,-1.0092489,-1.3991385,1.2861332,-0.20165339,-0.12926176,-4.4489884,-1.324407,FAC20250525102850
-1.844049,-0.7140352,-1.4844698,0.79247177,3.268378,-1.1893847,-2.4072893,-0.83162254,FAC20250725050042
0.8673262,-1.4045576,-3.5673609,2.5882585,0.14159757,-0.15107903,-1.4899256,-1.9422837,FAC20250912074459
-1.9899564,0.15095389,2.3627393,2.7627316,0.501124,-1.9816736,-0.81491023,-2.696412,FAC20250905071157
0.23718524,0.35240254,-0.62797606,1.2421738,-2.0130813,-2.061528,0.37202185,-2.9776363,FAC20250623034721
1.1717677,-0.6737527,-2.082831,1.266329,2.1721373,-2.882404,-1.0743223,-2.0126922,FAC20250701039079
-2.0159993,-1.3313012,-3.367227,-0.13883273,0.11034475,-0.030066404,-2.0429404,-0.9244635,FAC20250922079968
0.6703846,-0.86991215,-3.3992343,2.9021473,0.63879085,0.14424856,-1.3587098,-2.0079098,FAC20250701114804
-3.446139,-2.2241697,-1.2667168,-0.3965752,0.23446803,-2.2181196,0.64029783,-0.94254965,FAC20250828133575
-0.24252951,0.6915132,-2.0545712,3.5269144,-2.5822744,-0.11181574,-1.2878456,-2.036247,FAC20250428004339
-3.409907,0.5265712,-2.651914,2.5427034,-0.4490954,0.10504051,-1.9946711,0.71581006,FAC20250607028506
-0.15220581,0.007876055,-0.7896943,4.232843,1.896125,-2.0748649,0.5551979,-0.73573136,FAC20250531104661
-0.7191776,0.4354371,-3.3518908,-0.78044957,-1.2366611,-2.8669055,-1.3825305,-1.4797337,FAC20250727050429
-1.0419723,-2.8055816,-1.1642965,1.6010518,1.5810217,0.33563352,-2.1330457,-2.8240497,FAC20250421092059
-2.377377,-0.8799362,-1.697778,4.209223,1.4137491,0.18843792,0.15755796,-0.21741702,FAC20250815058484
-1.5547726,-0.10808488,-0.04378894,1.1045166,0.14294605,0.2292558,-3.378738,-3.291618,FAC20250919078014
-0.567038,-1.09072,-1.4104617,2.395556,-0.71655583,-3.451655,1.3071381,0.27599794,FAC20250513011575
-0.014823751,1.8341547,-3.641376,2.0897057,0.4462436,-2.1219935,-0.6277596,-0.45740083,FAC20250716046379
0.0046160147,0.06404226,-0.029000115,0.43418807,1.8973287,-2.5662248,-2.528205,-2.0544422,FAC20250519016059
-3.2836914,1.6961992,-1.658775,1.197088,0.2380323,-0.7403286,1.1939641,-3.6140954,FAC20250829133657
-1.6805857,0.16371617,-0.35411483,0.6870744,2.295488,-4.5907598,-0.28595024,-0.5778545,FAC20250723121750
-4.20385,-0.84887946,-0.7378604,1.4206662,0.9002098,-0.4827765,1.091893,-1.4816657,FAC20251006087931
-2.59534,0.0071008145,-0.05852322,1.892233,2.4439552,0.035065822,-0.31684282,-3.010231,FAC20250903135525
0.5949764,0.167998,-1.5796965,0.15264367,-0.34732008,-2.0902166,-3.0862038,-3.4257257,FAC20250810056659
-1.0627861,-0.6687155,-1.3642964,1.6944069,0.42713806,-0.5023956,-4.574878,-0.5632549,FAC20250527021900
-2.6774473,2.19154,-2.2749944,-0.0023152125,1.0750817,-0.8109459,-1.4399611,-2.200065,FAC20250614109401
-1.6638165,-0.47144324,-0.25214612,0.57798123,1.2765056,-4.8158083,0.0911318,-0.3893548,FAC20250524102390
-1.2526273,-2.4301744,-1.877787,0.34365687,2.558221,-2.9584043,0.35315585,-1.5785257,FAC20250517013864
-2.825372,-0.4554976,-2.9165404,0.49278128,-1.2370346,-2.4169254,-0.5112688,1.0278144,FAC20250610107932
-1.6280448,2.091245,0.061799545,3.9981794,0.03079889,-0.66463965,-0.37759158,-1.7522383,FAC20250630038410
-3.4888766,1.9834605,-0.29190445,0.6118339,0.35653064,-0.71567523,-1.0245225,-1.5044739,FAC20250525102821
-4.450236,1.7796228,-1.6512331,0.625929,0.1439015,-0.6787574,-0.8998086,-1.0485868,FAC20251018091030
0.58135253,1.8243337,-2.1292467,3.618929,-0.07680033,-2.8266802,0.1660084,-1.0410128,FAC20250926142629
-1.8397855,1.5801525,0.26227126,-0.24604154,-0.42233956,-2.5175257,-2.6852696,-2.7001407,FAC20250720121054
-2.854791,1.9718741,-1.3562921,0.5114558,0.24104041,-1.6292943,0.94309896,-3.1994996,FAC20250817129948
-0.25915724,-0.29773864,-0.40515286,1.2044524,-1.3098855,-1.8275883,0.17605764,-4.6696033,FAC20250720048214
-0.7766342,-2.4353933,-2.9852324,2.2597933,-2.441907,-1.4120862,0.18350992,-0.5628867,FAC20250819130478
-0.52327734,-2.8078468,-0.73792946,2.4716005,1.3607565,0.2048986,-1.4348657,-2.8431947,FAC20250514099396
-1.3149827,-1.4166807,-1.0538424,-0.52081114,-1.0687898,-4.3516583,-1.6089604,-0.40408078,FAC20250924083277
-0.9018796,-2.4373143,-2.4362054,1.4874595,-2.9922855,-1.9692242,0.34632906,-1.368455,FAC20250419000243
-1.900111,0.19400443,-0.8242224,2.653712,0.59654045,-3.2308857,-1.0697842,1.7618171,FAC20250729123909
-2.579572,-0.9600729,-0.43457875,-0.42791498,-2.3621118,-2.6403742,0.1268625,-3.0055416,FAC20250724049840
-0.53810966,-0.19272812,-0.5048775,3.9316974,2.207714,-1.892031,0.66807437,-0.8216247,FAC20250622112025
-1.7454649,1.3520185,0.31518257,-0.22765641,-0.690152,-2.6597998,-2.916815,-2.3567867,FAC20250506007899
-3.7122612,-1.4425935,-0.8870624,-0.412922,-2.208783,-1.5355037,-0.70773745,-1.5905678,FAC20250723121845
-0.41699666,2.4619052,-1.0501249,2.4251673,2.1625178,-1.4824822,-1.8190957,-2.2655041,FAC20250605026196
-3.566971,-0.31174803,-1.9138923,-1.0967566,-1.2747401,-0.9549538,-1.3153017,-2.6067066,FAC20250730124079
-1.1404979,1.911273,-3.7924747,1.391695,1.2482319,-1.5263857,-2.1254838,-0.27150536,FAC20250807126659
-2.6223545,-0.82429934,-0.4868835,1.19269,2.5491364,-1.8601496,1.1966938,-1.5251315,FAC20250703039618
-0.13479637,0.9914102,-2.1053767,2.9125485,-2.609648,-0.50694263,-1.1865662,-1.9391829,FAC20250608028952
-1.8121704,-0.29213926,2.3069868,2.3622289,0.97376347,-2.2428854,-0.9454907,-1.9321105,FAC20250817061088
-2.0889277,-1.1263125,-0.9660449,3.8773663,2.1744673,-0.20035817,0.17844221,-0.5044983,FAC20250905070631
-0.9535332,-0.39366248,-0.6423079,1.0192733,-3.3279114,-1.8253226,-2.3574553,-1.5862306,FAC20250919077549
-0.78666586,-1.6825397,-0.9190287,-0.53020066,0.8081467,-1.9257915,-0.76601726,-4.197086,FAC20250927084354
-4.0975337,-0.6703241,-0.5481229,1.4846841,1.5477625,-0.4032315,0.761198,-1.8045708,FAC20250912074853
-2.2089393,-3.121991,-0.99895936,1.4310478,0.5880518,0.20816682,-0.0013015588,-3.4073215,FAC20250419000384
-1.5191468,-1.62393,0.6924363,3.1222463,-2.0118604,-1.4417633,0.6792896,-2.062906,FAC20250701114852
-2.7207484,-2.8516252,-0.7816349,1.6880326,2.377827,-1.9397558,-1.5554649,0.43298507,FAC20250910073667
-4.2140393,1.7737876,-1.2917974,0.7835954,0.11962252,-0.67783856,-0.62356955,-1.0596534,FAC20250930084674
-1.7373357,0.37918136,-2.65818,0.73906666,-0.41830042,-2.2426248,2.1966782,-2.0754313,FAC20250919077822
-1.2990085,-4.0630755,-0.074313834,2.409913,0.10550294,-1.7832819,-0.68653697,-0.8214211,FAC20250525019946
-2.4826877,-0.6403919,-1.3977947,3.7225559,1.3627487,0.96793413,-1.2851888,-0.42417717,FAC20250924082783
-4.5799923,1.17312,-0.16874357,2.5395412,-0.75726473,-0.5360417,-0.068966754,-0.95633256,FAC20250811128001
0.43999478,-1.4257677,-3.0532932,0.9894891,-1.6047956,-0.7205866,-1.3561506,-3.053299,FAC20250626113330
-1.4869664,-3.0956392,-2.0772288,-0.29477462,0.49770284,-2.4951751,0.2937588,-1.3658429,FAC20250917139893
-1.175593,-0.62955296,-1.1271763,3.6552064,2.8041975,-1.6923108,0.33865958,-0.20162807,FAC20250617110313
-2.0822382,-0.10559041,-0.10150199,3.8028383,-0.369822,-2.526005,-0.068269126,1.1727277,FAC20251007146486
0.054345194,1.0261276,-2.4143338,2.5102427,-2.5433886,-0.63084346,-1.296817,-1.8753117,FAC20250902134927
-3.131623,0.34282798,0.90554386,2.388114,-2.4261403,-1.7995942,-1.4976097,-0.374629,FAC20250508008870
-2.006417,-0.88205487,-3.4587271,0.047751483,-0.30200234,0.40435234,-0.5393922,-2.9204502,FAC20250625036125
-2.5624824,2.6258101,-0.8573182,2.32287,1.1218554,-2.7969716,0.38485074,-0.47853222,FAC20251013148103
0.9433568,-0.4916357,-1.6118376,2.023943,2.810918,-3.0340357,-0.8127638,-1.7919139,FAC20251005145494
0.7832352,-1.3841637,-2.5734568,0.836919,1.2375038,-2.072539,0.18578506,-3.520603,FAC20250906071998
-0.85721874,-0.16911735,1.1500062,0.62613124,1.1999285,-2.3405557,-2.6947873,-3.1085374,FAC20250819130464
-0.26332203,0.0009426765,-0.62681574,4.3188524,1.9027542,-1.8542457,0.5115338,-0.8761298,FAC20250601105297
1.0201305,0.15883362,-1.019716,0.8984034,-0.4410764,-2.190664,-2.8424792,-3.8189242,FAC20250805126041
-4.177736,1.0776755,0.6742224,2.664677,-0.58979994,-1.1228123,0.3001019,-1.3134005,FAC20250702114989
-0.8809601,-1.1310484,-2.3378978,1.4931967,3.1299877,-0.9143442,-2.2407825,-0.69344646,FAC20250918140172
-2.497014,-0.24546988,0.21209873,1.2359008,0.96182734,-2.6766932,2.006874,-2.6080022,FAC20250531023900
-3.4144108,1.0994487,1.6297921,2.469818,-0.5190646,-1.6033279,-0.2406042,-2.2205613,FAC20250916139540
-1.1546037,-0.7464424,-2.6729686,1.8249178,-0.92631745,-3.2191684,1.7916787,-0.05330474,FAC20250530022656
-0.75737464,-2.0233562,-2.8538373,3.0525928,-1.560456,-0.29827702,0.800617,-1.4547486,FAC20250915139331
0.044873513,-0.63835686,-1.3816096,0.647484,2.365029,-1.0253407,-0.49470124,-3.8436275,FAC20250705039847
-1.1120905,-1.792421,0.6231174,3.3834605,-1.4816434,-0.63175356,0.29090545,-2.3170247,FAC20250501095171
-3.2778966,-2.1427734,-1.1283052,1.7163824,0.41657016,-0.70655185,-1.4470063,1.0809331,FAC20250922078665
-4.094065,1.9862012,-2.2112987,0.37762707,0.3636072,-0.8408341,-0.969464,-1.1441329,FAC20250607027787
-0.795573,-1.5612235,-1.3008692,-0.83017796,0.925594,-1.7150276,-1.2788286,-3.8076823,FAC20250626036422
-2.421833,0.17348711,-1.3206918,0.7603938,2.9272156,-1.0460495,-2.6084633,-0.7222894,FAC20250803125435
-0.15854754,-0.6358705,-0.55617714,4.491279,0.9644714,-1.7154992,1.0204598,-1.1138812,FAC20250609107704
-4.0428605,0.88900894,0.83739793,2.789104,-0.8121959,-1.1948037,0.50456524,-1.448755,FAC20251004086798
-1.0232195,2.6925023,-0.4984489,2.42433,1.3059001,-1.5765811,-2.6536124,-1.6352794,FAC20250429005504
-0.14933631,0.7806455,-2.7139723,2.7390544,0.5896426,0.3391987,0.1432263,-3.0242226,FAC20250424092901
-1.0508327,2.2403803,-2.3544233,2.1705534,-0.5532747,-0.67469364,0.5265909,-3.5066361,FAC20250716046443
-3.7758617,0.8075049,1.2124238,2.628956,-0.26274723,-1.3545368,0.1239384,-1.3131218,FAC20250825065107
0.478827,-0.64955163,0.2644523,2.2306309,2.2750273,-1.8204516,-2.4921105,-2.3489192,FAC20250926083996
-1.1211481,2.2870767,-3.707893,1.3830501,0.8220363,-1.9269565,-1.7732449,-0.26031703,FAC20250809056554
-3.0394056,1.9352401,-2.1623492,-0.058765054,1.0437843,-0.8159784,-1.1481192,-1.7455535,FAC20250719047434
-1.5832098,-0.8902648,-0.6497885,0.76560295,-0.24304262,0.12538987,-4.052125,-2.7135065,FAC20250717047101
-2.5142899,1.0818689,-2.7173636,-0.17140439,-0.37278968,-2.909313,1.4584279,-2.0567532,FAC20250909137363
-3.537172,-3.0329764,0.7597092,1.3777989,-0.8761458,-1.2193207,-0.59993976,-1.6055882,FAC20250822063942
-1.6695274,-0.39479423,-0.33477286,0.9851916,0.09748446,0.34811786,-3.5112617,-3.349161,FAC20251012089931
-0.4193777,1.3380468,-1.7712554,2.497143,0.35865155,-1.2147472,1.3843241,-3.6135342,FAC20250519015016
-2.4277594,-1.1202532,1.1862,4.086988,0.7423314,-1.3254085,-1.5067745,0.018187452,FAC20250715119453
0.8603105,-1.6155298,-3.5928352,2.4063652,-0.03334716,-0.26818505,-1.6973565,-1.9364403,FAC20251018090850
-1.6163224,0.8079296,-1.5820984,-1.2268674,1.2165915,-3.646368,-1.3829968,-2.0125608,FAC20250903069805
-2.365533,-3.2461681,-1.3202746,1.04765,1.9896947,-1.6775752,-2.3433943,0.03627969,FAC20250613030812
-0.6368975,0.7992346,-3.6846917,1.0623817,-2.472502,-1.4929535,-0.3888802,-1.7301605,FAC20250827066572
-1.3444325,2.3513463,0.23432569,1.8918592,-0.29459357,-1.9406209,-2.9825616,-1.2025416,FAC20250924083001
1.0536761,-0.37616527,-1.9219131,1.9614607,2.715437,-3.268342,-0.95823866,-1.5361055,FAC20250922081330
-4.2220306,1.4405904,0.31088775,2.4113395,-0.6429598,-0.64433813,-0.3481584,-1.2766032,FAC20250816060059
0.0155280875,-2.0843399,-0.36017457,1.1631079,0.8326316,-3.6849537,-2.8558774,-0.34228712,FAC20250609029360
-2.5536509,1.1289192,-2.7905529,3.364404,-1.0826718,-1.1340703,0.2844735,0.7417296,FAC20250809127315
-0.42071614,-1.5126413,-2.0496783,-0.5019674,1.5137088,-1.6805549,-2.9527953,-2.7450228,FAC20250911137909
-3.8051736,0.07951621,-0.6119074,1.728153,2.4139218,-0.14116004,0.10290256,-2.0702162,FAC20250629114057
-3.1051025,0.13907917,-2.6590688,-0.17955922,-1.5826885,0.0073988535,-0.8890382,-2.9674554,FAC20250428004543
-1.6069924,-1.5649005,0.70390964,3.0901895,-2.3619287,-1.6653497,0.6218209,-1.9624891,FAC20250425093193
-0.6228369,1.4992335,0.16944851,2.0794895,-1.1373999,-3.595279,0.64232177,-2.0512242,FAC20250619033791
-0.82522875,1.2461425,0.61915475,1.8919207,-1.532315,-3.2160494,0.45550162,-2.5157642,FAC20251006088209
-0.46948826,2.0761602,-0.75191283,1.2651795,0.02053433,-4.666573,-1.7808176,-0.6731947,FAC20250613030213
0.75509727,-0.7683769,0.15320075,2.8885365,2.182705,-1.8293678,-2.3682458,-2.103438,FAC20250706041899
-0.32006449,-1.7312016,-2.0917692,0.2163732,-0.8298923,-4.1716366,-1.8575296,0.17324074,FAC20250921078305
-2.1167576,1.7601069,-0.35606506,-0.24676773,-0.9129258,-2.3865228,-3.151615,-1.9704063,FAC20250902069071
-1.9713908,-1.5219073,-0.737798,1.8425952,-3.0364764,0.09203488,-2.0389855,-2.3491013,FAC20251008146621
-1.5578231,0.66392213,-1.7346205,-1.3000883,1.1807379,-3.667476,-1.4801108,-1.8683852,FAC20250915076069
-1.4803061,-2.0959435,0.568345,0.43738294,-1.9332188,-2.958685,-2.4838796,-1.382768,FAC20250529103995
0.2859604,-0.47418106,-0.04719135,0.9172766,2.2371836,-2.2562375,-2.3143563,-2.3242233,FAC20250523102323
-0.5566505,2.3811276,-0.8115408,2.467562,2.016589,-1.4284014,-1.9301906,-2.131053,FAC20250922079911
-1.8465145,0.50897366,-0.92027813,1.0138117,-3.168007,-0.8791355,-2.8259153,-2.345015,FAC20250815058230
-1.3762838,1.0190402,-0.89398587,3.502395,2.173888,-1.1322742,-2.6475065,0.22038688,FAC20250524102397
-0.9870003,-0.6630139,-1.3850315,1.5323377,0.126732,-0.14480367,-4.3622165,-1.1070439,FAC20251003144953
-1.8184959,-0.5756889,-1.4581138,0.6815866,3.1841767,-1.1858686,-2.4876425,-0.81203437,FAC20250926142895
-3.4949148,-0.0075429603,-2.2655258,-1.0182581,-1.4738604,-1.019766,-1.319726,-2.50673,FAC20250729051313
-1.0022873,-0.14628412,-1.1271422,1.815515,0.83201367,-0.4153057,-4.060993,-0.32478568,FAC20251014148607
-0.82402545,2.0460021,-0.1428091,1.8316509,-0.8821296,-4.0717244,-0.27245638,-0.868499,FAC20250622111764
-1.2121029,-0.64148074,-2.6766157,2.2263017,-0.1538218,-2.7102764,2.2142441,-0.37428504,FAC20250729051566
-1.2003617,-1.7953011,0.3162678,3.5577781,-0.5868111,-1.1965055,1.3636659,-2.1682339,FAC20250705040967
-4.167901,1.2198597,0.5010276,2.3394284,-0.3626809,-0.94577986,0.01836191,-1.1601046,FAC20250606026880
-0.8889593,-3.9477453,-0.24723952,2.5882618,0.25497937,-2.01513,-0.53262484,-0.6616743,FAC20250617110460
-3.1842592,-0.34545928,0.05565264,2.3374233,0.45860687,0.9259221,-0.53325284,-3.5025883,FAC20250902069257
0.6567107,0.6566567,-2.2283487,1.6965957,0.14292905,-2.8843858,-3.622051,-0.29068106,FAC20250912138247
1.1938742,-0.2605433,-1.3262007,4.266152,-1.2080332,-1.9813864,-0.056529835,-1.8016149,FAC20250828133535
-0.8456749,-1.8894303,-1.0857375,-0.8246397,1.0116206,-1.8372627,-1.6309944,-3.739191,FAC20250501095151
-0.4888865,2.1488926,-0.58346313,1.54001,-0.23237818,-4.36486,-0.9130262,-0.7532195,FAC20250604105997
-1.8903104,0.4899847,-4.004133,0.89099795,1.8652483,-1.8501921,-1.2953794,0.34205937,FAC20250806054339
-3.763736,1.8991183,-2.806485,0.18205933,0.6117586,-0.84225416,-0.9689312,-1.2646868,FAC20250526103122
-3.4951239,0.44996265,-1.0088187,0.22900516,-1.3610631,-3.1991007,-0.86127615,0.528012,FAC20250926083934
-0.6126872,1.1078566,-2.409288,2.8081868,-1.250461,-1.1479003,-3.137012,0.2815357,FAC20251018090910
-0.55756944,2.6887634,-0.57228535,2.2892303,1.2523158,-1.6265728,-2.3869796,-1.777972,FAC20250530023654
-1.7633276,2.2512257,0.12111629,2.167502,-0.899809,-2.25388,-2.898643,-0.49710736,FAC20251005145763
-3.195885,-0.008594595,0.8931232,0.6132072,2.0879302,-1.5339376,-1.9985543,-0.96351075,FAC20250926142613
-1.7326626,0.29041868,-0.9026272,-0.1723177,1.8073127,-4.351729,-0.5901015,-0.5666571,FAC20250615109655
-1.6166202,0.8261835,-0.90435225,2.7968912,1.4403504,-2.7281234,-1.1893402,1.3365082,FAC20251006087626
-0.06594197,-1.2746015,-1.1315581,2.8057933,-0.8289328,-3.8447654,0.3634425,0.49216372,FAC20250924082860
-2.3398993,0.08582481,-3.6555655e-05,3.398051,0.029158475,-2.9890916,-0.31543714,1.3626684,FAC20250429094492
-0.21126577,-0.2607393,-0.5731145,1.2792583,-1.6819422,-1.4573439,0.09772551,-4.331264,FAC20250719047600
-1.4340799,0.7030705,-1.6571397,-1.2432901,0.8193891,-3.5813344,-1.1849262,-1.9186481,FAC20250625035726
-2.1102474,0.83461714,-2.769461,-0.27174732,2.016058,-1.0473946,-0.3499162,-2.3837967,FAC20250718120129
-2.6367493,0.89125586,-2.8451412,-0.52263105,1.5284113,-0.94450474,-0.52632344,-1.8541726,FAC20250519016136
-2.2526665,-0.9557269,-1.2435899,4.291,0.968077,0.8439868,-1.2514334,-0.46243572,FAC20250711044746
-2.7411096,-0.13444202,-3.240775,0.9192383,2.1741111,-1.4703835,-0.11148873,0.3034979,FAC20250601024873
-3.1452265,0.61688703,-2.3681233,3.103116,-0.66480786,-0.4818628,-1.2347546,1.1413704,FAC20250525021451
0.7029615,1.4669749,-2.989351,3.1635776,0.30038792,-2.4701195,0.0074692396,-0.77647656,FAC20250521017858
-0.9415235,-1.0953354,-2.5652232,1.8042394,3.5332282,-0.82574016,-1.8678081,-1.170607,FAC20250519015564
-0.8770486,-2.8521385,-1.2179639,1.6636722,1.5225729,0.22421643,-2.3343573,-2.7707136,FAC20250516100210
-0.21234879,1.4989051,-2.6358664,1.9209694,-2.6459103,-1.1026375,-0.95232016,-1.9379501,FAC20250701114706
-2.2375495,2.5507758,-0.44245127,2.6025863,0.71084565,-2.2413514,0.65077734,-0.8732913,FAC20251009147004
-0.3820049,-0.16207229,0.5794332,1.7121732,2.0007453,-4.392123,-0.15286328,-1.8411907,FAC20250917139757
-0.42997196,0.78527576,-2.6262202,-0.26184452,-1.8855432,-3.1906085,-0.80387664,-1.6086313,FAC20250728050670
-0.82593703,-0.2689365,-2.0102959,1.8994106,-2.0287604,-3.8666103,0.8523166,0.08770455,FAC20250907136558
-3.3314123,-2.048767,-2.2765834,2.4183187,-1.1529509,0.7106882,-0.54730695,-0.5106387,FAC20250519015698
-0.432531,-2.4405472,-0.729153,2.7147849,-0.33978817,-3.371208,0.27775136,0.26077685,FAC20250706042316
1.1714354,-0.006507659,-0.9713465,0.83336073,-0.5851778,-2.3854623,-2.801955,-3.2223802,FAC20250924083401
-0.68616533,-0.34637964,1.0513818,0.78758943,1.3243594,-2.274959,-2.9997292,-3.0323775,FAC20250510010075
0.17917529,0.7162948,-1.9480885,2.9331577,0.44615653,-0.56450033,0.8003781,-3.634295,FAC20250821061963
-2.7020643,0.24554628,-3.356194,1.1394185,-0.884184,-2.0440972,-0.23707935,1.1085258,FAC20251001144347
-3.8674064,-2.0847251,-1.6499541,1.8751286,-1.0460898,0.68804795,-0.7229501,-0.96540457,FAC20250905136125
-3.869885,-2.122735,-1.8024858,1.9072536,-1.2291464,0.48741752,-0.63772494,-0.7063058,FAC20250905071259
-0.17571037,-0.121315174,-3.5392795,1.2815468,-2.301089,-1.3684703,-1.0619212,-0.1514077,FAC20250919140626
-0.315869,1.1422924,-2.7723303,0.4899439,-2.3001297,-1.6275718,-0.97157353,-1.4625878,FAC20250627036764
-0.9935937,1.1786752,-2.1415365,3.6783643,-1.3527708,-0.6800683,-2.7872,0.18865816,FAC20250911074130
-1.6189564,1.0779953,-2.4755626,2.834904,-1.3595266,-0.07648155,-2.6318839,0.08276028,FAC20251014148685
-2.4893486,-0.95886946,-0.6566664,1.2030329,2.1135128,-1.6938488,1.5843601,-1.778715,FAC20250517100380
-1.2039537,-1.5280999,0.42858595,0.94120723,-2.377708,-2.6050305,-3.0082965,-1.1602986,FAC20250830067478
-1.2131429,-1.1095737,0.46557266,2.667081,-2.4682403,-0.42141235,-0.8133334,-2.4715471,FAC20250627036792
-0.7879662,0.23849064,-0.13993575,1.5408025,-3.3335128,-2.5089688,-2.1604729,-1.8172113,FAC20250924082588
-3.0408475,0.5247942,-2.162146,2.1740491,1.3570112,1.2307193,-2.4113586,-1.5982991,FAC20250716046796
0.65843064,-0.47120833,-3.042467,3.0347142,0.9748114,0.19864848,-1.1096566,-2.2571616,FAC20250530023181
-2.5331545,-0.49075034,-0.7164992,3.255039,0.18363956,1.1590487,0.10163168,-3.3227072,FAC20250625113048
-0.00078709255,-2.0811942,-1.6914827,-0.12256859,0.4557646,-2.3763049,-0.09473383,-3.9402134,FAC20250605025544
-1.1073974,-2.477022,0.15178321,2.5870001,-2.4201863,-0.5863978,-1.1482219,-2.835053,FAC20250513011173
-3.467729,0.04539003,-1.1063559,0.025105301,2.1809616,-1.2071353,-2.565471,-0.7590488,FAC20250519014417
-1.9878994,0.2265773,-0.9817917,2.5574744,0.9763306,-3.426471,-0.7977851,1.7121928,FAC20250919077175
-1.3691584,-3.3297472,-2.039837,-0.2061359,-0.1004381,-2.8125775,0.20329581,-1.5467929,FAC20250905071063
-0.52762896,1.5797491,-1.668543,2.5676663,0.35091057,-1.1024449,1.1816937,-3.7458558,FAC20250922080288
-1.2691466,2.825844,-0.2941057,2.604456,0.6299992,-1.5144998,-2.920664,-1.509789,FAC20250717119965
-3.504204,2.277705,-2.4880881,0.32752872,0.09809143,-0.77609044,-1.3240052,-1.309115,FAC20250607028198
-4.114712,1.0374511,0.7740295,2.5593698,-0.70512784,-1.0070915,0.24649078,-1.4753867,FAC20250606106598
-2.5237095,1.4109685,-2.7614849,-0.29276282,1.7404574,-0.9733621,-0.71450496,-2.172211,FAC20250601024180
0.035356507,-0.64192903,0.6408983,1.8437839,1.6909077,-3.914151,0.18358941,-2.804066,FAC20250815058973
0.9103666,-1.428584,-3.4989693,2.424544,0.07591668,-0.17993943,-1.4989334,-2.0186462,FAC20250521017329
-2.4033644,-2.6595893,-1.5025294,0.9912454,1.4889722,-1.4876895,-2.0070944,0.5889024,FAC20250804052472
0.28487667,-1.6619112,-1.952801,0.21823461,0.89284253,-2.1239278,0.03862264,-3.959793,FAC20250607027912
-4.1701493,-0.47924164,-0.85361874,1.6622912,1.1501406,-0.4059033,1.1268783,-1.3606027,FAC20250725122643
-1.8259349,-1.2113093,-4.0635605,0.21265747,-0.44695753,-0.048828714,-2.182125,-1.0610455,FAC20250827065965
-0.75119907,0.10545234,-0.91661453,3.3622484,1.6895585,-0.97726446,-3.453845,0.081717186,FAC20250821062564
-2.457223,-0.63096863,0.14855321,1.2784246,1.3610555,-2.3930879,1.8739332,-2.6671822,FAC20250603105666
0.1409408,-1.5055423,-1.6311358,2.5313923,-2.0322297,-1.0681838,0.54192203,-1.2417289,FAC20250428004050
-2.459304,-0.102011904,-0.27061072,1.5728576,2.5640028,0.03296686,-0.32463625,-3.1322513,FAC20250419091277
-1.8296396,0.078598954,0.58048415,4.2245684,-0.7272536,-2.6714964,-0.32073358,0.6928868,FAC20250630038363
0.19881445,1.418425,-3.717982,2.4953928,0.36334774,-2.1148677,0.064552076,-0.67916906,FAC20250908072971
0.2303053,1.0161318,-4.2266417,2.1632292,0.5109984,-2.031189,-0.16741155,-0.7194916,FAC20250916076806
-0.9441392,-0.284716,-2.1019716,1.6223587,-1.954291,-3.858085,1.0254846,-0.052165736,FAC20250707116549
-1.1777269,1.2170079,-2.643612,2.942224,-1.446177,-0.28640407,-3.253222,-0.22977918,FAC20250524019100
-1.0265124,-1.4634088,-1.2865547,-0.2782081,-1.402784,-4.1521072,-1.6409566,-0.26645434,FAC20250519016218
-3.215617,-0.2862516,-1.270149,3.290522,1.3456285,0.8354409,-1.662793,-0.34649897,FAC20250926142723
-2.8781989,1.8285278,0.04215136,1.458987,1.1737356,-2.950687,0.86599123,-1.321141,FAC20250711044555
-0.82715183,-0.27377754,-0.819109,1.7360727,0.63400334,-0.3648957,-4.3689027,-1.0747452,FAC20250423092657
-1.3761964,-0.92672706,-1.9767967,1.2459043,3.5018826,-0.9858886,-2.2641554,-0.94248754,FAC20250607027771
-1.6133288,-1.7887995,-0.1444174,-0.24727285,-2.073051,-2.564115,-2.8118374,-1.2982018,FAC20251006088233
-4.207415,-2.404837,0.6202412,1.3775244,-1.1119189,-0.7776458,-0.7194272,-1.8784839,FAC20250426093417
-0.041897304,-0.4477657,-2.2479832,-0.5113882,-0.06324976,-1.9081584,-3.451719,-2.6699839,FAC20250421002325
0.36972746,2.3462408,-1.3233429,1.6103697,1.3265966,-2.335317,-1.1558552,-2.9184296,FAC20250630114579
0.23030253,2.4139807,-1.2899004,1.6947061,1.375256,-2.2834241,-1.2459681,-2.938241,FAC20250608028941
-3.0009704,-1.1005497,-2.2969549,2.1992323,-1.9100155,0.08102905,0.904047,-1.0862252,FAC20251013148187
-2.0696564,-0.9606123,-1.1174698,3.8517826,2.3578157,-0.3396733,0.27670318,-0.4856901,FAC20250705040763
-0.9645622,0.14345275,-0.8385801,3.1992264,1.6571202,-0.92865837,-3.5231977,0.18575801,FAC20250629036983
-2.8031602,-2.4980085,-2.2720525,0.61732125,0.5387309,-1.017632,-2.0361903,0.54780215,FAC20250705040204
-2.8892045,-0.6266401,-3.1925855,1.1877449,-0.62353164,-1.8978148,-0.18333325,1.2943898,FAC20250503006811
-1.6492966,2.1043723,0.057345986,3.78928,-0.17867254,-0.5989039,-0.2766496,-1.8265495,FAC20250731124548
0.11967448,0.8303129,-3.900084,1.8914992,0.7751791,-2.0017571,-0.35612857,-0.20286727,FAC20250605026087
-3.2163298,1.3507254,0.50986725,0.64978826,0.7908938,-3.1003141,0.5767072,-1.7496812,FAC20250708042921
-1.6672484,0.0746905,-0.36519855,0.52920806,2.1269436,-4.484695,-0.19741896,-0.5689686,FAC20250613030829
-1.8110007,-1.4832515,-3.6334534,0.44021836,0.09219575,0.5699446,-0.78218794,-2.8221798,FAC20250530023602
-1.3328782,-2.628227,-1.7946745,1.9072282,1.3989458,-1.1233202,1.354343,-0.6157322,FAC20250615109639
0.6819994,0.67523634,-2.3434784,1.478816,0.34750423,-3.0187547,-3.6424308,-0.43481973,FAC20250804052883
-2.1652954,0.8187047,-0.2480475,3.7414927,0.07972169,0.54021543,0.16719073,-2.5438085,FAC20250714119001
-1.3143559,-1.7913526,0.6491923,2.9806616,-2.46336,-1.5575557,0.18473274,-2.0500317,FAC20250630038878
0.6725189,0.7058028,-2.3826592,1.4500746,-0.049958635,-2.8460863,-3.4456015,-0.43283352,FAC20250727050500
-1.5041378,-0.17964251,-0.9806055,3.367574,2.6835082,-0.17576084,-0.23683293,-0.7200526,FAC20250508097614
-3.5447478,-0.8865179,-1.5879275,-0.9222645,-1.9669664,-1.4486327,-0.98307455,-1.9175489,FAC20250714045842
-3.1589818,-2.6290493,-1.3176774,1.6744252,0.09019006,1.133847,-1.5000194,-2.3158245,FAC20250806054272
-3.2998202,0.6782088,-2.154532,2.3857882,-1.1796788,-0.039753184,-1.8647419,0.6261751,FAC20250828133570
-0.5421304,2.4547372,-0.8970964,2.3903759,2.0572252,-1.4560484,-2.0236428,-2.1359706,FAC20250617110324
-0.50268906,-1.4471537,0.39776447,1.1352009,0.9193231,-3.885107,-2.1774635,-0.060065147,FAC20250421001464
-2.5924387,1.0040623,-2.875917,3.099653,-0.99065095,-0.9136836,-0.113824256,0.88352877,FAC20250516100186
-1.6983411,1.7798189,0.10747815,3.9234722,-0.03903314,-0.09927806,-0.3455458,-1.99529,FAC20251018149999
-3.1697683,-0.9721903,-0.013240448,0.13721046,-2.1749434,-1.6865863,0.2176944,-2.9913564,FAC20250727050579
-1.3210821,0.64861166,-2.06051,-1.272013,0.40617108,-3.3571844,-1.5247748,-1.5814183,FAC20250701039035
-0.9658497,-2.4598598,-2.8186767,1.7329458,-2.895099,-1.5998746,0.043435063,-0.85411924,FAC20251003145048
-3.8962002,-1.9675611,-0.03908644,2.506975,0.95761395,-1.7788023,-0.75666285,0.9191458,FAC20250509097896
-0.42136082,2.4749076,-0.92845905,2.2415648,1.988746,-1.5634594,-1.8932722,-2.3188753,FAC20250715119247
-1.2874148,-2.957795,-1.7220244,0.45936877,1.3102742,-3.3030329,0.8715722,-1.2089003,FAC20250601024144
1.1333195,-0.44516382,-2.4010787,1.1901382,2.242758,-3.220394,-0.83097106,-1.9126496,FAC20250520016510
1.0330204,-0.67421675,-1.4183785,1.8795204,2.642983,-2.7517564,-1.149736,-1.907321,FAC20250712118386
-1.201259,-0.14214025,-0.46402946,1.0660975,2.5859787,-0.25352764,-0.24440679,-3.835437,FAC20250701039493
-1.4512858,2.0229104,-2.634813,1.9334344,-0.35289422,-0.3419155,0.71528983,-3.0844986,FAC20250730124172
1.1135135,-1.2883497,-2.5993977,0.9022099,1.4705771,-2.4045436,-0.086496696,-3.1050973,FAC20250826132917
-4.06845,-0.15128554,1.3184919,0.93568873,-1.4624908,-1.9048747,-1.9889143,-1.3513013,FAC20250807054919
-1.5428784,-0.67567253,-0.8496837,3.6702192,2.8204038,-1.0620074,0.2547181,-0.43014354,FAC20250509097921
-0.7058251,-2.030093,-1.4673848,-0.8115164,1.2944579,-1.8877854,-2.4721699,-3.153117,FAC20250707116801
-3.370601,-0.161727,1.1904998,1.7534523,-1.0005141,-0.47474265,-2.5758467,-1.3787345,FAC20250907072906
-0.18469463,1.1108254,-1.9075087,2.4075198,0.5123014,-1.0894938,1.2598164,-3.5689962,FAC20250602105438
-3.5040843,-1.6664008,-2.461785,2.0780594,-1.804335,0.24390633,0.038105436,-0.5427564,FAC20250421002076
-0.11778864,2.0979106,-3.755965,1.9743115,0.30945414,-1.8940449,-0.9826406,-0.6401513,FAC20250903069813
-0.44111317,2.115791,-0.19714515,1.7580012,-0.7507532,-3.8432012,-0.30235985,-1.3909159,FAC20250602105343
-0.14489104,1.0225366,-2.0619464,3.8780215,-0.95656455,-1.6871684,-2.5247474,0.54352754,FAC20250603105662
-1.2348336,-3.2361386,0.20563595,1.8881655,-0.3542452,-2.1936219,-0.0065676686,-0.4902966,FAC20250725050185
-3.567183,-0.75969917,-1.2923088,-0.93779916,-1.872855,-1.6519656,-0.91783434,-1.98678,FAC20250730124014
-1.9618076,-1.033123,-0.85452694,3.6878147,2.8961384,-0.8668624,0.15797228,-0.55020607,FAC20250601024633
0.17105775,0.73916703,-0.44502777,1.1787041,-1.8616953,-2.1114392,0.21374536,-2.8223634,FAC20251016149171
0.43582207,-0.6889678,0.40586397,2.4215376,2.1213362,-1.8236428,-2.755066,-2.383571,FAC20250422002789
-1.6509402,0.66178703,-1.3940431,-1.1158695,1.422911,-3.8688126,-1.372506,-1.7062087,FAC20250804053172
-3.5916448,-2.0551686,-1.6211649,2.186714,-0.8899764,1.0873635,-0.9617646,-1.3080677,FAC20250909137173
0.4161189,-0.1245539,-1.7738348,-0.09079132,-0.4811939,-2.2090075,-3.2398782,-3.2187464,FAC20250812128181
-1.1860758,0.8061517,-1.1492897,2.1169035,0.9050429,0.7825402,-3.0098424,-2.470002,FAC20250519015830
-1.6686912,-0.14274816,-2.9467354,-0.19305877,2.3711262,-1.709031,0.4534716,-2.4645047,FAC20250617032186
0.2352005,-1.060717,0.18666644,0.581014,1.0909232,-2.5896044,-2.9890895,-1.4253794,FAC20250524019103
-1.3043222,-2.3205595,-2.8322017,1.8730501,-2.8020658,-1.1896886,0.28946838,-0.80779934,FAC20250419000150
0.06802459,-2.3757663,-2.1293354,1.6609293,-2.492168,-2.4188404,0.48732433,-1.7735454,FAC20250719120719
-4.437615,1.7745392,-1.7560307,0.6312113,0.10343237,-0.6924415,-0.8281709,-1.0657614,FAC20250902135201
-0.86421716,-0.60468435,-1.2564352,0.6502412,1.3609315,-0.7978042,-2.2643797,0.33490324,FAC20250825064646
-1.643253,1.9462026,-2.093265,1.6397599,-0.16959278,-0.49263823,0.8500972,-3.450034,FAC20250613029955
-2.0288312,1.945364,0.2682922,2.042298,-1.171787,-2.1446445,-3.0952604,-0.40389264,FAC20250706042181
-1.3705359,1.1569299,-3.9276555,1.425057,1.807649,-1.2784666,-1.6278853,-0.057218768,FAC20250702115229
-3.1887696,0.9490875,-0.5692047,0.91514754,-2.2520359,-3.0461297,-0.71878064,0.14289819,FAC20250727123162
-3.2749615,0.3733112,0.047070727,1.1135699,-2.3035557,-2.991538,-0.52652556,-0.0134350555,FAC20250706041607
0.4076452,-1.4272686,-2.5642397,1.1448938,-1.8525484,-0.63594806,-1.3266959,-3.5102885,FAC20250729123779
-2.2342603,0.28981993,2.1630623,2.4348466,0.59632266,-1.8304135,-0.82072586,-2.3571093,FAC20250630037967
-2.1436234,0.31949797,-0.13659675,1.9117543,1.0365957,-1.435188,1.9381602,-1.7481067,FAC20250505007055
-2.4406826,-0.047962002,-0.33650586,3.2475898,0.78604746,0.8571486,0.3114355,-3.259453,FAC20250608028854
-1.0562063,-0.55798185,0.1629214,2.1265001,-0.030376483,0.24909669,-2.9706504,-0.6588164,FAC20250706041760
-2.103566,0.7865204,-1.7422456,2.3397787,1.0165753,1.2243619,-2.5826728,-2.1111825,FAC20250609029330
-0.26049364,-1.1923308,-0.7041008,4.42492,0.57802963,-1.699193,1.3931011,-1.3778247,FAC20251001144378
-1.5398653,0.8369809,-0.9500372,3.264568,1.466322,-1.8984674,-1.8132721,1.1879873,FAC20250817060479
-2.3878338,2.2417002,0.06928926,2.6582925,1.5262834,-0.9438204,0.17627065,-1.6771002,FAC20251014148595
-3.71064,-2.0395603,-1.421124,0.15058,0.039220378,-1.6511154,1.1210911,-1.0867248,FAC20250518100666
-0.6944959,-0.5190196,-1.7018712,2.1187077,-2.2200723,-3.9141943,0.5863798,0.21264158,FAC20251001085085
-3.04978,0.8478762,-2.6206007,1.3122599,-0.91403294,-2.3776371,0.14491567,1.0545216,FAC20250527103645
0.7873352,-1.101316,-3.429418,2.359775,0.2060223,-0.05122037,-1.1214732,-2.1356914,FAC20250711044700
-3.5225666,-1.1881436,-1.2806416,-0.7244458,-2.1728818,-1.6594096,-0.79948664,-1.7325282,FAC20250501095163
-0.860056,1.3013433,-3.8104231,1.6802913,1.6140281,-1.0922886,-1.5952241,-0.33506033,FAC20250915139280
-1.34556,-4.0792093,-0.083043374,2.463467,0.19593269,-1.6255711,-0.7824209,-0.8725742,FAC20250501006220
-1.5684042,-1.3226467,-2.4685225,-0.15947965,2.8582537,-2.597735,0.25690156,-2.1597986,FAC20250810127754
-0.8564402,1.2900795,0.41181615,2.3631208,-0.94376147,-3.8264112,0.86324805,-1.8521478,FAC20250510009732
0.35973114,-2.968229,-1.6573814,1.6930023,-2.0479982,-2.5522246,0.21543963,-2.2691212,FAC20250501095203
-1.953438,-1.4261148,-3.6036196,0.005696249,-0.37733567,0.038644996,-1.9466752,-1.242242,FAC20250610029682
-0.9360101,-2.9220788,-0.5342094,2.1070797,0.2686806,0.043479703,-0.47098133,-3.4776883,FAC20250704115642
-0.5892767,0.02987041,-0.5809369,3.8936944,2.4750414,-2.2498705,0.67077863,-0.8963016,FAC20250503006490
1.0155951,-1.6983297,-3.2476907,2.0002909,-0.3361048,-0.60679847,-1.4783674,-2.127974,FAC20250621034681
-3.9425633,-1.8861462,0.5658723,1.2449152,-1.5547624,-0.9077013,0.039673977,-2.534837,FAC20250829133689
0.7033171,-2.1151097,-1.9284071,2.2825658,-1.8283159,-2.3431706,0.6554501,-2.064531,FAC20250617032800
-0.44188264,-2.5521216,-1.604218,2.6205797,-0.5858469,-1.455218,-2.814362,0.69578177,FAC20251012089822
-1.1584692,-2.4030092,0.3911175,2.8439634,-2.4998794,-0.9853819,-0.5983173,-2.779358,FAC20250511098298
-0.65542114,0.22538716,-0.16743977,1.5338861,-3.3180373,-2.6710072,-2.192059,-1.646093,FAC20250810127628
-3.243826,-1.0583444,-2.0363715,2.091817,-2.0127897,0.23973656,0.49334246,-0.9636273,FAC20250530104467
-0.13193418,-1.1128591,-1.1654779,2.8689382,-1.3777043,-3.8058782,0.076514155,0.60830104,FAC20250801124771
-1.4948542,-2.3128126,-0.47783682,1.871288,-2.8232186,-0.31781507,-1.873428,-2.538495,FAC20250609107736
0.17563532,-2.0256672,-1.0467494,0.78336215,0.34706572,-3.8514626,-2.4576452,-0.13925894,FAC20250606026875
-1.3604838,-2.151059,-1.9023759,0.3833444,3.0016563,-2.9601455,0.23367678,-1.7645766,FAC20250619034144
-2.3285158,-0.95010066,0.049110986,1.2865131,1.4763205,-2.1291993,1.8498504,-2.803838,FAC20250516099952
-2.1377168,-0.668384,-2.2307174,2.997031,-2.1249726,-0.12357774,1.1702962,-1.1466615,FAC20250710044017
0.20913783,2.3599365,-1.2338833,0.9835151,0.5709957,-3.9432983,-1.4188986,-2.2996106,FAC20250613030852
-4.1290317,-1.6892909,-0.98633474,0.6052834,-0.04371768,-2.0888526,1.3066748,-0.72767615,FAC20250512098655
-1.3418177,2.5956647,-0.04138939,2.2922518,-0.6278173,-2.2086926,-2.7090125,-0.6779002,FAC20251006087823
-0.5154042,2.4196396,-0.7589113,2.3035717,2.04737,-1.4941214,-1.6777506,-2.457781,FAC20250531104923
-2.213075,2.1393068,0.1610668,2.2696464,1.1760514,-1.6103283,0.2252687,-1.2280875,FAC20250614109499
-0.07754518,2.4300587,-0.85977644,2.0953963,1.759366,-2.0470054,-1.2597516,-2.6082554,FAC20250709117516
0.78041947,0.6314849,-2.5754633,1.2647026,-0.12121917,-3.2026393,-3.4038363,-0.5527222,FAC20250723121945
-2.8026564,1.8186183,-2.2334216,1.6780856,0.21912086,-0.2784873,1.0810487,-3.047675,FAC20250426093721
0.78761613,-1.8426085,-3.492664,1.6286376,-0.8390285,-0.7076353,-1.7207872,-1.8693105,FAC20251007146466
-1.5641203,1.502751,0.2281456,-0.20940724,-0.047161575,-2.5146224,-2.6422355,-2.5523965,FAC20250929143766
0.15207271,-0.19473766,0.49188367,1.6923229,1.3759832,-4.315332,0.016546678,-1.9864055,FAC20250607027792
-3.5163572,0.54379326,-2.335933,2.5847297,-0.83020604,-0.07325369,-2.0017326,0.7996847,FAC20250906136415
-1.6385165,-2.336437,0.33239773,0.21781854,-1.5526838,-3.2192988,-2.2443168,-1.0425053,FAC20250909137368
-0.42650777,1.057413,-2.7474756,0.6201298,-2.549066,-2.1616182,-0.5520742,-1.6626496,FAC20250903069756
0.49524322,1.7288505,-2.5444672,3.2937126,-0.0516252,-2.7332892,0.29425034,-0.8515823,FAC20250922080964
-2.0588124,2.2977405,-0.5946704,3.286751,0.73116946,-1.4567361,0.72018117,-1.141303,FAC20250907136765
-1.9240205,0.13873559,0.18405592,4.120822,-0.5867229,-2.5922666,-0.29714257,1.0143219,FAC20250831134491
-1.5276629,2.067653,-0.094975375,3.9508836,0.1951034,-0.59839123,-0.25407797,-1.5750759,FAC20250803125492
-4.1056786,1.8191943,-0.75960135,1.2316751,-0.41927993,-0.45332232,-0.6306103,-1.23037,FAC20250701039001
-2.690713,-0.91903836,-1.2479682,-0.7711305,-2.2334526,-2.0744355,-0.099031046,-2.4419982,FAC20250607027687
-1.5980664,-1.6506567,0.91112643,3.44409,-1.0590752,-1.4450974,1.0191638,-2.1421673,FAC20250521017167
-1.3635136,-0.37122858,-2.7787209,2.3492842,-0.17795615,-2.3670604,2.376258,-0.67317456,FAC20250822131583
0.92343795,-1.4368808,-0.23928994,1.3333316,-0.46193695,-4.343724,-0.4178867,-2.3954086,FAC20250912074258
-1.574567,1.4871145,0.07536531,3.7413886,0.50870085,-0.11728341,-0.016764592,-1.9828594,FAC20250512010541
-3.2290006,0.7170369,-2.6417696,2.8029006,-0.44533893,-0.07012329,-1.5303108,0.8688974,FAC20250506096958
-2.5485709,-0.85244316,-0.31860888,-0.2749443,-2.3811965,-2.5715513,0.1737165,-3.1205814,FAC20250526103128
-3.5522044,-0.91442406,-1.5304266,-0.85941195,-2.0769272,-1.6243949,-0.65953124,-2.0545921,FAC20251007088545
-2.626278,0.8955258,-3.042118,2.169858,-1.0898962,0.18790053,-2.5303552,0.06335164,FAC20250705039872
0.24390393,0.42220137,-2.0648227,2.8682761,-2.5113301,-0.60688955,-1.688071,-1.632372,FAC20250817060788
-1.552869,-1.4239134,-2.4440928,-0.13078144,2.7538376,-2.5457492,0.4152228,-2.2092872,FAC20250831067637
-3.6075463,0.1582369,-0.5062599,1.641538,2.7270408,-0.25017005,-0.08711395,-2.2651453,FAC20250625036241
-1.3379321,-0.8414248,-1.7202301,0.9295974,3.1902113,-1.5836033,-2.5541499,-0.45466396,FAC20250901067848
-0.9178914,-2.8971846,-1.0106754,2.3545206,1.0148159,0.37060788,-0.6920657,-2.7146451,FAC20250926142827
-0.94156814,0.92335176,-1.322203,-0.85917807,0.6325293,-3.5765553,-0.41907248,-1.973371,FAC20250814057887
-2.8353338,-2.6683326,-2.083502,0.30521318,0.5421661,-0.9466025,-2.1845832,0.07160834,FAC20250903135526
-1.0254852,-2.1722186,0.34135723,2.9353004,-2.213286,-0.5480297,-0.6854956,-2.6517603,FAC20250908072984
-1.8149343,-0.3122904,1.0183655,4.2689915,-0.078740194,-2.2192378,-1.1281191,0.49306273,FAC20250925142333
-3.5974638,-0.05784835,-0.5301704,-0.054350596,1.8210859,-1.5968047,-2.5038257,-0.6214015,FAC20251012147813
-1.1765864,-0.44666368,-0.82287717,3.5824265,3.0831008,-1.8865877,0.3792464,-0.47981602,FAC20250824132119
1.4232947,-0.073835656,-0.53993803,1.7241613,-0.5866724,-2.385915,-2.5433166,-3.1936617,FAC20250719047739
1.4304941,-0.17045274,-0.74086237,1.3831471,-0.49590015,-2.4410493,-2.5123947,-3.079514,FAC20250817060885
-0.7032271,0.97815925,0.37172127,1.9622445,-1.4494153,-3.2952852,0.9000458,-2.3514566,FAC20250826065468
-2.0698955,-1.6033012,-0.83381367,-0.99820256,-0.91276187,-4.2064657,-1.6213492,-0.945086,FAC20250613031032
-3.3980243,-1.81064,0.433554,2.748661,1.0661802,-1.6834525,-1.0775083,0.7611833,FAC20251013090033
-2.5028448,-0.23439462,-2.9996717,0.25952289,-0.9283261,0.63686574,-0.7278457,-3.1300483,FAC20250804053193
-3.4877417,1.1364952,0.64472336,0.32305738,0.64488715,-3.29625,0.44946334,-2.0827613,FAC20250531104899
-1.8755977,2.1931665,-0.071335696,1.7344316,-1.064922,-2.1713424,-3.0695565,-0.55350703,FAC20250926083854
-2.6660366,-1.5500916,0.04683403,1.2961421,2.1827462,-1.9903611,1.4034119,-2.7033985,FAC20250722121578
-3.8798857,-1.7801678,0.6393856,1.2300036,-1.4572383,-0.8492658,0.14238258,-2.8262415,FAC20250530023072
-2.598492,-2.149668,-2.1461165,2.3432415,-1.2060142,0.8179263,-0.4789932,-0.8201853,FAC20250503095764
-2.5201693,0.7898314,-3.267249,2.0741081,-1.0913808,-1.8417146,0.2413725,1.0166674,FAC20250705040741
0.74277586,-0.75939256,-0.05467595,2.3310862,2.2661858,-1.8574628,-2.248208,-2.2722883,FAC20250625112740
-0.7020183,2.503769,-0.7679351,2.5529382,1.9279937,-1.3918197,-2.1790447,-1.9695174,FAC20250521017933
-3.8256106,-0.4995792,-0.10926236,-0.10145492,1.0529953,-2.2656689,-2.6726055,-0.19777067,FAC20250422092317
-1.3147284,0.9941096,-1.9354321,2.1970785,1.1302135,0.8654052,-3.0067298,-2.14797,FAC20251010147151
-1.4053953,-0.5950552,-3.1454496,2.212581,0.14712884,-2.0591323,2.3068385,-0.7269721,FAC20250724049628
-2.9743292,0.4583241,-1.943682,2.2847853,1.3343147,1.2124987,-2.3767827,-1.4780979,FAC20250615032001
-0.5390746,-0.27857554,0.33691272,2.3397605,-3.1236727,-2.9651177,-1.9101523,-1.1735135,FAC20250816059455
0.82161045,-1.460529,-3.048966,1.0468358,-1.3567289,-1.1015366,-1.1717367,-2.9711516,FAC20250812128251
-1.0357931,-0.65599096,-1.1553974,1.5148996,0.4420186,-0.33605698,-4.4794865,-1.0335577,FAC20251016090342
-1.8749712,0.36561894,-0.6184293,1.2682632,-3.0889432,-0.5953685,-2.5746028,-2.5470219,FAC20250915075884
-2.4457943,-3.2828462,-2.3143158,-0.4406744,-0.57979953,-2.159486,0.013738172,-1.3674359,FAC20250923082532
-1.3144563,1.3058653,0.32121447,3.867635,0.14079472,-0.26198927,-0.10572735,-2.3923824,FAC20250630037472
0.3299694,0.28890583,-1.7843063,-0.07415832,-0.41460118,-1.9647375,-3.2670553,-3.3843548,FAC20250910073905
-0.30957165,1.1167889,-2.6787584,0.9292904,-2.504339,-1.7848879,-0.790316,-1.6317623,FAC20250507097335
-3.1719487,-0.8548913,1.116066,1.3505454,-0.17328781,-1.2905672,-3.4674888,-0.74825686,FAC20250525020484
0.6209056,-1.8063623,-2.1640947,2.0307505,-2.0373127,-2.4077222,0.6504925,-1.8202256,FAC20250525102764
-0.47353572,-2.0438607,-1.275512,-0.53185797,0.5391973,-2.0849125,-0.7729347,-3.844297,FAC20250705041296
-0.30936503,-1.548703,-1.354921,-0.38125673,0.7393764,-2.0150259,-0.4775535,-4.1469584,FAC20250822063643
-3.233412,0.8644905,-0.9775404,0.5067198,-2.0270927,-3.3415706,-0.61616606,0.13088746,FAC20250507008494
-0.13709822,2.210703,-0.64799,1.4129869,-0.1457136,-4.1228,-1.0876592,-1.1910025,FAC20250706116529
-1.6151271,0.8648769,-4.0772376,1.2432454,1.8000709,-0.9818576,-1.9508507,-0.120357774,FAC20250617032802
1.022035,1.3004328,-1.6329229,3.8440375,-0.5037975,-2.8719723,-0.12713556,-1.054922,FAC20250730124044
-1.1176279,-1.2618293,-1.2620193,-0.574372,-1.4642434,-3.907606,-1.8075727,-0.5782077,FAC20250612108769
-1.890023,-1.3043289,-3.897589,0.63758,0.479983,0.5492286,-1.1904894,-1.9286584,FAC20250508008997
-3.014884,-2.594876,-1.7280865,0.81534755,0.65113646,-0.6427577,-1.7740768,0.44758606,FAC20250526021845
-3.6427965,-1.9661118,0.16945055,2.5817106,0.7152852,-1.4252857,-1.2574608,0.856038,FAC20250601024689
1.1118245,-0.2622005,-1.0567515,0.4695215,-0.28611055,-2.460781,-2.6818366,-3.106334,FAC20250606027048
0.27007738,-1.4032506,-2.7444346,0.99934715,-1.9939548,-0.70550865,-1.4503583,-3.5636535,FAC20250510009868
-2.598469,-1.3706174,1.1537573,4.0130544,0.59680504,-1.0691967,-1.4459455,-0.10236716,FAC20250505007182
-3.6366758,-2.3949811,0.062935084,0.40120226,-1.6512939,-1.1738904,-0.63298076,-1.5115384,FAC20250524019380
-0.94309217,1.0336788,-2.0111983,3.9684758,-1.3741953,-0.9063272,-2.6133194,0.3825931,FAC20250516100204
-1.8437312,-1.3952056,-4.0176334,0.4011129,-0.3788516,0.13458857,-2.098204,-1.147409,FAC20250625112842
-1.9316889,0.7369964,-2.6420672,0.17311653,-0.55741906,-2.8261845,1.7164205,-2.0024333,FAC20251007088426
0.007579054,-1.92961,-1.824032,-0.2288695,0.43982074,-2.3600407,-0.1712169,-3.8801265,FAC20250509009390
0.72267455,-0.9350888,-2.5266519,0.8309705,1.5056529,-1.9385905,-0.0505312,-3.646386,FAC20250921141281
-3.2672026,-0.06891327,-1.2459351,0.20034209,2.0243762,-1.1872138,-2.6621084,-0.25954545,FAC20250626113293
-2.3025603,-0.3087494,-0.5613088,2.8392293,1.0928879,0.8785364,0.1196437,-3.603983,FAC20250711118102
-0.43689212,2.0619042,-0.16738223,1.6757207,-0.7570991,-4.1199503,-0.4590915,-1.342099,FAC20250515012581
-0.77698594,-0.994749,0.7370786,1.9786128,-2.6265314,-3.4054284,-2.1858807,-0.86183935,FAC20250629114072
-2.900172,0.5889284,-1.2717599,0.73995286,2.3278372,-1.0817859,-2.6909654,-0.24220577,FAC20250821062310
-0.6158124,-1.7472421,-0.7123928,0.08284744,-0.1178609,-3.8794172,-2.048238,0.023883155,FAC20250712044778
0.37396148,1.5677172,-3.2488043,2.734962,0.23489894,-2.2964132,0.10434754,-0.7334743,FAC20250531104869
-3.6851869,0.6830663,1.3393568,2.8118234,-0.46614042,-1.5634353,0.38159782,-1.525348,FAC20250902135145
-1.4944042,-0.93816876,-0.232075,0.99234736,-1.7559973,-0.847283,1.0660132,-2.4620464,FAC20250526103059
-0.5018875,-2.7948122,-0.8819096,2.7484927,1.3085601,0.25440317,-1.1770476,-2.6364505,FAC20250908137058
-3.434529,-0.84414583,0.21936011,0.6264997,-1.8033198,-0.86557,0.1537972,-3.4587104,FAC20250518100793
1.1533843,-0.7221224,-2.5627744,1.0032066,1.5750101,-2.5852652,-0.10004921,-2.773054,FAC20250901067765
0.9632875,-0.3078123,-2.371735,1.5508907,2.591177,-3.5360706,-0.8117702,-1.409498,FAC20250529022401
-0.36531016,1.0576975,-1.710609,2.4376755,0.3593513,-1.3530062,1.5791423,-3.6183743,FAC20250609029490
-1.6985692,1.0919057,-2.8074956,0.16517861,2.4458861,-1.1029885,-0.3715723,-2.8066728,FAC20250712118207
-3.2407231,0.020369057,0.4896551,2.084875,1.3455235,0.3531811,-0.5595017,-3.1930916,FAC20251012147843
-1.1984,-0.9892878,-2.6654158,3.3299172,-1.770399,0.024728049,1.1437714,-1.6995234,FAC20250508097520
-2.2173474,2.3176365,-0.3277586,2.4061973,1.1237638,-2.1418025,0.5679535,-0.93371576,FAC20250807055182
0.8398199,1.4798234,-2.104847,3.47655,-0.14431755,-2.6558044,0.09016121,-0.9780972,FAC20250510009990
-4.193452,1.4320989,0.052474353,2.059063,-0.7138151,-0.64583,-0.04791072,-1.2470429,FAC20250805053496
-1.5476879,-1.1651201,-2.4338374,-0.16448092,2.7834737,-2.387865,0.30412102,-2.1391795,FAC20250620111149
-1.1910461,1.3572066,-3.8378682,1.3837395,1.5194128,-1.3902625,-1.6929221,-0.013026779,FAC20250529104059
0.13631007,2.379316,-1.2388136,1.0103389,0.49026364,-4.0569434,-1.5233443,-2.2195482,FAC20250902068896
-2.7825794,0.07021877,-3.3162463,0.9718376,-0.87170935,-1.8941537,-0.97521055,1.2318933,FAC20251006146072
-1.9705671,-1.6737307,-3.536251,0.14505032,-0.99896806,-0.32075617,-2.6878817,-0.7838694,FAC20250730123952
-1.0696486,-1.184082,1.4057118,1.8828294,1.2532172,-3.23048,-1.7746842,-0.35915264,FAC20250807055065
-0.41168466,1.2992231,-2.6287227,0.7152036,-2.5487697,-2.5978825,-0.46204048,-1.8759459,FAC20250714045961
0.63751215,0.5532237,-2.0521762,3.2690413,0.58689725,0.00319742,-0.65545195,-3.3985698,FAC20250608107280
-0.4479334,-0.63489544,-0.7716449,3.8219554,2.26316,-1.4974393,0.12325269,-0.35992098,FAC20251002144608
-3.9713335,-1.8792106,-1.0980604,0.22358043,-0.18989393,-2.3894336,1.1550357,-0.9253416,FAC20250705116181
-3.7586594,-0.355076,1.4041132,1.0956692,-1.3444089,-2.0737383,-2.1122239,-0.9414092,FAC20250516013141
1.1565166,-0.6358727,-2.701382,0.8208281,1.6189885,-2.970028,-0.49723947,-2.3501208,FAC20250909073212
-3.735692,-1.6679229,0.06947247,2.771632,0.43718708,-1.4903638,-0.8861157,0.98160887,FAC20250519100876
-0.69608843,0.6612474,0.9647922,0.64373624,0.9971307,-2.2886732,-2.6560583,-2.4822779,FAC20250721048624
-0.42268288,1.378852,-3.0076272,2.2959821,-2.5011036,-0.6496432,-0.8115094,-2.137192,FAC20250827066141
-3.5483625,-2.7748704,0.7057755,1.2864938,-0.9520443,-1.1503781,-0.55469006,-1.6510668,FAC20250815058536
-1.7371796,-0.9643839,2.060021,2.0949366,1.2968339,-2.6297524,-1.2503165,-1.4064317,FAC20250625035978
0.24323285,1.0603209,-4.3100467,2.2673662,0.5103541,-1.9500855,-0.09333819,-0.88419896,FAC20250419091403
-1.0037742,2.0379128,-2.1857643,2.2012324,-0.23843281,-0.9092533,0.9404544,-3.5714784,FAC20250525020703
-2.3985593,-3.180431,-1.7939496,0.5216459,1.1671097,-1.3544595,-2.7280264,-0.14099376,FAC20250822064206
-2.6737723,-0.076379135,-2.6429017,0.14814161,-1.3296902,0.4592141,-1.1130419,-3.1116061,FAC20251001086106
-1.7095236,-0.088095315,-0.6212822,0.08641842,1.5249451,-4.555375,-0.16468643,-0.40319702,FAC20250806054827
-2.4693208,-0.7527822,0.95367527,1.7025555,0.7220411,-1.531457,-4.049638,-0.63094527,FAC20250811128026
0.09677655,-1.2610024,-0.95767456,3.0043173,-0.8139327,-3.9836793,-0.098521434,0.5569344,FAC20250512098843
-2.3190184,-0.24962133,-1.0682253,3.6266527,1.2047011,1.0977428,-1.8683182,-0.7396672,FAC20250421002387
-2.5523858,1.0953215,-2.8977015,2.9555163,-1.0343858,-1.4624285,0.3291066,0.84156567,FAC20251016090308
-2.5163198,-2.9478838,-2.4718003,-0.5438816,-0.3690687,-2.1307154,0.26899824,-1.4822493,FAC20250809055348
-0.7244158,1.4246327,0.2954934,1.8970994,-1.3634384,-3.655759,0.54763293,-1.732943,FAC20250602105415
-3.0990841,1.2499923,-1.0466945,0.80052745,-2.063106,-2.8821328,-0.6865379,0.19240512,FAC20250519016372
-3.4355752,-0.7161431,-2.870787,0.8730174,2.3541226,-1.0832999,0.05465238,-0.14091279,FAC20250918077078
-0.15375486,-1.4656115,0.19954415,1.0874999,1.0710003,-4.4086194,0.41852304,-2.1159353,FAC20250802124993
-3.2858047,-2.721546,-1.1786714,1.2724638,0.12308557,0.9427598,-1.5917584,-2.7208774,FAC20250715119417
-1.364233,0.35654834,-0.976316,0.92931104,-3.3551974,-1.7353309,-2.9053073,-1.8332658,FAC20250819130538
-1.0533199,-0.46047637,-1.7960829,0.5332314,-0.8124461,-1.3121259,1.8240992,-2.381052,FAC20251001144422
-2.9241478,-1.8895204,0.1990867,2.667366,1.4577413,-1.6242306,-1.20287,0.84784347,FAC20250722121605
-2.5383408,-3.09579,0.30039534,1.1301382,-1.040209,-1.5185575,-0.28193426,-0.7665288,FAC20250607028237
0.24062206,0.37545615,-2.584083,2.872818,0.37555194,-0.07046197,0.3179509,-3.1912405,FAC20250729051119
-1.0249668,0.5019429,-2.939474,-1.0739721,-0.11772144,-2.844485,-1.3054785,-1.2427698,FAC20250826065587
-4.7791142,1.331278,-1.3435166,1.0124037,-0.117932394,-0.6709969,-0.4395629,-0.82212424,FAC20250426003943
-3.862226,-2.1048732,0.63229287,1.0786968,-1.287771,-0.80939496,-0.36288148,-2.2619212,FAC20250816059730
-3.8035004,-1.7585831,0.5558303,3.0709102,0.5523634,-1.3995237,-0.8872108,0.5922696,FAC20250909073245
0.7056112,-2.3687055,-1.8399603,2.1931953,-1.8080596,-2.5374653,0.5970286,-2.2755208,FAC20251010147275
-1.8247488,-0.31367183,1.028361,4.2295284,-0.10413571,-2.1049004,-1.1642838,0.46854523,FAC20250625035996
0.50837696,-1.6574703,0.54524684,1.777998,0.8211931,-3.6458335,0.07977322,-2.7478442,FAC20250805053434
-2.443672,-3.1654658,-1.4875752,0.81123376,1.7505703,-1.3764496,-2.2956464,-0.032707952,FAC20250813128526
-0.22273256,-0.33671263,-0.4993763,4.5143275,1.1454153,-1.7714976,0.82703465,-0.9870574,FAC20250930144044
-3.143653,-0.5699728,-2.925587,0.76921237,2.324143,-1.6347374,-0.022203878,0.23555082,FAC20250730124187
-3.6416757,-0.33767566,-0.1924818,-0.0773481,1.0237644,-2.095614,-2.847994,-0.18245707,FAC20251017090540
0.13717465,2.3787973,-1.0346099,1.7286835,1.5430713,-2.3921134,-1.0365986,-2.779595,FAC20250815059140
0.43788406,-1.8824267,0.3670698,1.5895892,0.74502194,-3.8370364,0.18309282,-2.7920277,FAC20250807055068
-3.3626919,-0.4511462,-1.9396492,-1.1832336,-1.0311364,-0.94350463,-1.2412541,-2.5305963,FAC20250823064592
-1.1515499,-2.9879873,-0.4213697,1.9353218,0.8226522,-0.3568315,0.115409076,-3.7269065,FAC20250618110596
-0.26331288,-2.6034486,-2.0192008,1.6944661,-2.3914487,-2.1232004,0.6380864,-1.9014068,FAC20250903135383
-0.20247433,-0.70297134,-2.592304,-0.53965014,0.2658761,-1.887464,-3.611899,-2.3661547,FAC20250806054548
-1.2365539,-2.9534214,-0.378965,1.8781748,0.8617427,-0.28795192,-0.007100127,-3.719917,FAC20250823131780
-2.699133,-0.17296082,-2.645767,0.098955125,-1.1313901,0.3841786,-0.82431877,-3.4709232,FAC20250524102491
-3.963712,-1.5452138,-0.84049445,1.0501108,0.02395085,-1.7524991,1.5010628,-0.7404301,FAC20250827066620
-1.4339916,2.5670402,0.036134295,2.4740727,-0.5190482,-2.0126457,-2.7948985,-0.7004962,FAC20250710043932
-0.53493214,2.4669027,-0.8654568,2.4823887,2.0170064,-1.4288683,-1.9841716,-2.2203753,FAC20250819130402
-1.4115461,2.5049026,0.20981131,2.4321597,-0.26358613,-1.76163,-2.7286747,-0.9557313,FAC20250619033570
-1.0599104,-1.4196972,0.86519283,1.4789398,-2.2900398,-3.224433,-2.5230937,-0.97561353,FAC20250809055806
-0.87399334,1.2329097,0.4251016,2.384194,-1.1784654,-4.3126473,0.4633181,-1.316113,FAC20250723121827
-0.87240505,1.1784654,0.41791472,2.173693,-1.1937948,-3.950176,0.83969533,-1.7086189,FAC20250510010050
0.010585136,0.74529004,-2.03168,3.523889,-1.0597025,-2.2663503,-2.7489705,0.7429346,FAC20250924082747
-2.0978026,0.23505494,-0.6849568,2.7170196,0.5686956,-3.4233418,-0.68790114,1.65993,FAC20250705039950
-2.7122834,0.084461786,-1.4739377,3.1417878,1.3452673,0.9371846,-1.7100254,-0.5183307,FAC20250503006710
-2.5305464,-0.16716056,-3.3282163,0.7209564,2.241555,-2.058209,-0.40327248,0.40641767,FAC20250530022535
-0.7418067,-1.4942733,1.1889677,1.7375134,1.0834616,-3.2940538,-1.986254,-0.37077627,FAC20250905071026
-3.0923386,-1.2103802,0.4468998,0.21163899,-1.4214436,-1.263187,-0.16370785,-3.4346871,FAC20250531104909
-0.07149322,0.7596962,-2.6625,0.56003773,-2.2315161,-1.954205,-1.0147382,-1.2704519,FAC20250713118563
-3.5256798,-0.47349492,-1.7506188,-1.3371993,-1.0759152,-1.3806866,-1.4469907,-2.487198,FAC20250604106190
-2.3606453,-0.41264942,-2.6267765,0.24460144,-1.3408021,0.6544822,-1.1651773,-3.108975,FAC20250902069344
-1.3863277,0.46240652,-3.2620692,-1.1877261,-0.0649469,-3.0141916,-1.6985121,-1.3506997,FAC20250607028212
-0.63724,-0.64437103,0.48766795,2.185235,-2.883235,-3.3044205,-2.044138,-0.8957664,FAC20250917139925
-0.09018826,-0.36395976,-0.94751185,1.1908495,-1.6976072,-1.056219,-0.31470317,-4.439553,FAC20250813057718
-2.8635936,0.65707237,1.9997661,2.4500167,0.19725606,-1.6669291,-0.5463966,-2.0695157,FAC20250625035588
-3.3553345,-1.7617807,0.36846128,2.9481125,0.5464585,-1.2763232,-1.229201,0.78980947,FAC20250420000593
-4.548161,1.4015713,-0.73522466,1.9283944,-0.7598725,-0.42927852,-0.13132109,-0.99370146,FAC20250607027273
-2.343592,1.6368629,-1.3943827,0.18668266,-0.2355288,-1.9853362,0.99783987,-3.5607786,FAC20250609029474
-1.0285273,-0.44781333,-1.3843662,1.645919,0.50657815,-0.42834166,-4.511745,-0.83235854,FAC20250607027892
-0.40490645,0.946965,-2.6895897,-0.4171535,-1.5972983,-3.1855268,-0.9605047,-1.7525103,FAC20250508008591
-1.7384697,1.9344968,-0.12490553,3.6105304,-0.36358458,-1.035174,0.6621872,-1.6416775,FAC20250902068750
-0.8878192,-0.7188472,-1.2410313,2.6613703,1.2344483,-0.6064049,-4.235598,-0.19469368,FAC20250424092976
-0.82122266,-2.8336518,-1.3610815,2.2623305,1.4397964,0.5041269,-1.9578445,-2.3544188,FAC20250804125792
-0.1517588,1.0795555,-1.6508788,2.8681288,0.65845716,-0.9405854,1.159375,-3.644777,FAC20250830067428
-0.09380004,1.4870137,-3.99185,1.8189651,0.4317263,-1.989424,-0.7849696,-0.49829808,FAC20250731124550
-1.2511578,-2.9897556,-1.9652745,-0.20456533,0.16307664,-2.765021,0.44040295,-1.4943459,FAC20250615031718
-1.5646057,-0.26587322,0.01516307,0.9286731,-0.07806769,0.16122934,-3.2023802,-3.7855382,FAC20250617032729
-1.7287003,-0.4111995,2.1989887,2.3519154,1.0408885,-2.206142,-1.0037229,-1.8455005,FAC20250506007638
-3.8097856,1.8849734,-2.7128742,0.30155033,0.4279199,-0.8572419,-0.89102167,-1.1101798,FAC20250601024843
-1.5369117,-1.826828,0.48037472,2.9838955,-2.7602038,-1.2174747,0.014455164,-2.1086516,FAC20250504096198
-0.44304013,-0.77655786,-1.3379726,2.9643247,-1.5595789,-3.5911512,0.28382838,0.632343,FAC20250610029606
-3.163001,1.8911477,-1.7407452,1.279131,0.22684406,-0.33973795,0.68541706,-3.6850135,FAC20250428004559
-3.4930983,-0.3111889,-0.61187446,-0.07055611,1.3689553,-1.7988757,-2.8451204,-0.110339716,FAC20250929143787
-2.9389243,0.1737589,-2.6564288,-0.058519557,-1.6915166,0.13814256,-1.0424381,-3.0281224,FAC20250905071253
-1.6427493,2.2877026,-0.58624125,3.6471376,-0.32944,-1.3083086,0.5333541,-1.0604134,FAC20250508097498
0.30781618,-0.34279847,-1.0331771,3.5689023,-1.7805377,-0.19839792,-2.5635579,-1.817276,FAC20250421002121
-2.5085983,1.5752041,-2.7466552,-0.25056845,1.5402297,-0.8382541,-1.1672554,-2.3587265,FAC20250420091610
0.63584447,-0.56411,-3.0619702,3.0672367,0.9815523,0.20994675,-1.2755351,-2.2170923,FAC20250907072724
-2.8486407,0.10840941,-3.2674232,1.2238033,-1.092297,-1.8260014,-0.65617704,1.2146224,FAC20250619033872
-3.1456425,1.8453683,0.15791401,1.235583,1.232329,-2.9193542,0.52028257,-1.3697327,FAC20250829133882
-2.8436425,0.7042127,-2.3837953,2.409137,-1.1022081,0.090545096,-2.0192933,0.55000687,FAC20250821131032
-0.050677657,-0.78511286,0.3468843,1.5340337,1.365172,-4.190499,0.43012547,-2.272187,FAC20250614109456
-0.9385174,0.32637054,-3.3847857,-0.9953068,-0.8523161,-3.03831,-1.5266387,-1.4243819,FAC20250517100228
-3.634356,0.71276593,1.4500917,2.8114078,-0.5294096,-1.5252125,0.2485198,-1.6750227,FAC20250518100654
-1.6153176,-0.1433566,0.9971754,4.3328805,-0.29320595,-2.2512777,-1.0272197,0.4397595,FAC20250505007107
1.0987104,-1.0406207,-0.15792094,1.3304855,-0.4220867,-4.2704163,-0.8570596,-2.4405441,FAC20250507097189
-2.9146729,-0.5344775,-2.6496897,-0.9055589,-1.1775209,-0.49934688,-0.9689724,-2.343336,FAC20250607107139
0.056712255,-1.8998629,-0.52982914,0.96210593,0.52049136,-3.776214,-2.5906658,-0.10526369,FAC20250825064711
-0.4524382,0.11801341,0.7170605,0.55401814,1.5977026,-2.2568789,-2.6570158,-2.5214367,FAC20250531104913
0.99723285,-1.2489703,-3.1487713,1.284626,-1.0306454,-1.0212712,-0.9627223,-2.819199,FAC20250706116454
-3.0505805,0.2831001,0.68236643,0.37383223,0.5127635,-3.2636847,1.0749652,-2.499799,FAC20250520016731
-2.585699,-0.17156523,0.5117468,1.0409969,1.2599063,-2.533573,1.4862798,-2.5560656,FAC20251012148023
0.57126564,0.70532495,-2.2507472,1.5533326,0.28319192,-2.8373551,-3.659381,-0.39766952,FAC20250803052421
-0.589499,0.52121186,0.43526098,1.5415471,-1.4540268,-2.4907658,0.30004007,-3.9447124,FAC20250531023971
-0.119269244,-1.1161516,0.5540842,1.7573779,1.6889719,-3.984824,0.41013616,-2.474501,FAC20251008146564
-3.0204089,-1.5962654,-1.1757816,1.2110986,2.4785085,-1.0821838,1.1416087,-1.9949925,FAC20250929143648
-1.4704764,0.8118209,-1.368744,2.814498,0.83779776,1.0566334,-2.81647,-2.3427272,FAC20250803052375
-0.1367493,0.105476156,-0.19875187,1.1818157,-1.4310623,-2.142348,0.367059,-4.2276564,FAC20250506096983
-0.23288445,-1.6869131,-2.480389,1.5824697,2.3469446,-1.6583169,-1.9172213,0.11243486,FAC20250607027827
-3.0282586,0.28959033,-2.6737185,-0.4020524,-1.6260738,-0.25993973,-0.9713809,-2.87284,FAC20250521016884
-2.7722433,-2.8002841,-1.8624144,0.531126,0.43604213,-0.98528,-2.5541823,0.23364672,FAC20250530023196
-2.7685332,1.5850009,-1.7604327,-0.27555317,-0.44042495,-2.408806,1.0149577,-3.1321225,FAC20250821062030
-2.9899826,-3.3687024,0.6837064,1.2566837,-0.59293705,-1.3981268,-0.9897861,-1.4107001,FAC20250428094122
-2.559331,0.5792065,-2.001348,2.2418854,1.1253121,1.3060547,-2.5084,-1.8987921,FAC20250505007349
-1.7217057,2.2785978,-0.05176125,3.7055702,-0.10869103,-1.101843,0.16885372,-1.6690876,FAC20251007146179
-0.504039,0.6734317,0.26621133,1.5102098,-1.520587,-2.6546874,0.44582316,-3.7071862,FAC20250821131097
0.8512982,-2.4175541,-1.9228768,2.506358,-1.3896592,-2.2079005,0.48807576,-2.1395323,FAC20250729123632
-3.3250136,-0.50085014,-0.54961896,2.4689202,0.7478679,0.85778767,0.47736964,-3.0519524,FAC20250617032369
0.14956535,-1.9305236,-1.9145528,0.15122491,0.30475256,-2.43078,0.18044952,-3.9473362,FAC20250530023201
-0.8363015,0.30575788,-0.22796063,1.4232109,-3.3607333,-2.3830502,-2.395589,-1.7144809,FAC20250813128613
-3.363596,-0.07969178,0.29041216,1.6958174,1.991388,0.064174324,-0.57394105,-2.7708929,FAC20250517100230
-1.8447957,1.9997864,-0.34208685,0.85463935,-0.8452103,-2.2991593,-3.4355102,-0.86620045,FAC20250910073583
-3.7934828,1.2194685,1.010007,2.1416848,-0.19437574,-0.99577785,-0.2286447,-1.5129553,FAC20251017149562
-1.5574703,-1.2372689,1.847277,1.9556412,1.4942769,-2.8597248,-1.5551597,-1.1797514,FAC20250523102255
-0.5618638,-1.532815,-2.5790606,1.8178998,2.78383,-0.8933651,-1.8338658,-0.39806515,FAC20250716046430
-3.8384068,-0.2068377,1.0867214,1.277005,-1.8055328,-1.9206613,-1.8272456,-0.6892833,FAC20250621111654
-0.13358755,-2.0759006,-3.0890007,2.0916338,2.4084086,-1.3760806,-1.2597219,-0.3340682,FAC20250419000189
-0.55500567,-3.5254865,-0.858255,2.475537,0.078089416,-2.7353525,0.021180281,-0.14471243,FAC20250531104694
0.28066126,2.3576303,-1.406666,1.6042384,1.3624159,-2.360967,-1.1406463,-3.0257988,FAC20250710043433
-1.9546056,0.42829704,-1.4353969,2.9137228,1.0325243,1.3202219,-2.5089693,-1.7441018,FAC20250624035284
0.49427673,0.6826162,-2.1415439,1.7069334,0.14320478,-2.7936308,-3.6079528,-0.12235357,FAC20251001085474
-3.3971193,-2.2732751,-1.4797504,1.9549835,-0.5485317,1.0597212,-0.8972479,-1.5904142,FAC20250701039413
-3.2985332,-0.36826766,-2.4876971,0.12533747,-1.1165743,-2.4268498,-1.5547309,0.97344697,FAC20250505007145
-2.3860226,0.47228944,2.1468804,2.3491414,0.60656226,-1.7778287,-0.9294847,-2.2870085,FAC20250512010453
-2.0029466,-1.1048774,-3.5656598,-0.28106195,-0.18381421,-0.2781791,-2.2273016,-1.0155486,FAC20250718047305
-0.1888699,-0.59535915,-1.3462209,1.1924897,-1.7115586,-0.7287963,-0.74094194,-4.7223067,FAC20250628113922
-1.757074,0.5881529,-4.0023475,0.97295016,1.7748269,-1.5538143,-1.4541789,0.2790507,FAC20250419091392
-1.7276068,0.9057398,-0.9887992,-0.137454,2.473939,-3.956642,-0.8327462,-1.287852,FAC20250925142528
-2.9271626,0.81161344,-3.4012518,1.5570428,-0.37479198,-2.0713692,0.5365287,0.8085902,FAC20250530023356
-2.5660665,-3.1233475,-1.4143069,1.4310637,0.23469898,0.40275687,0.06803653,-2.8557878,FAC20250508008892
-3.4427075,-2.4358366,-1.4926857,-0.8067622,0.21200395,-2.1097755,0.059259117,-1.4846154,FAC20250915139145
-3.213769,-0.6134659,1.3827099,1.757956,-0.53927046,-0.778089,-3.0376651,-1.3186547,FAC20250625036305
-2.7290363,-0.9864852,-1.0922778,4.109914,0.7304185,0.8529076,-1.521617,-0.30636764,FAC20250831134260
-3.2584562,0.8042639,0.5318028,0.4645543,1.1730639,-2.8420713,0.7279853,-2.0318801,FAC20250609107615
-2.385066,-0.85047936,-0.288434,1.3459185,1.7827548,-2.034343,1.9130875,-2.452266,FAC20250725122332
-1.8799304,-3.2580197,-2.3507779,-0.3017154,-0.07681837,-2.3241334,0.23670717,-1.2927134,FAC20250704115681
-1.4724087,0.5790213,-1.6633458,-1.0179769,0.97161704,-3.9330254,-0.94603634,-1.1445233,FAC20250825132595
-3.046557,-2.9133677,-1.3454472,1.4082903,0.03812055,0.84032863,-1.082418,-2.6378925,FAC20250523102149
1.1521367,0.7213118,-2.3212848,3.2546117,-0.33571002,-2.4161658,-0.087626986,-0.7958895,FAC20250605025613
-0.31343374,-0.755109,0.28630576,1.1788629,1.6111978,-4.290161,0.40035534,-2.1301768,FAC20250530023018
0.1975979,-2.1746545,-0.4759575,1.2552503,0.8954204,-3.656088,-2.890644,-0.36833975,FAC20250522101759
-1.8292006,-1.7200757,-0.7452121,-0.9043931,-0.87119657,-3.9573343,-1.7084658,-0.86428165,FAC20250513098984
-2.1908243,-1.4519323,-0.8033501,3.877507,2.2187893,-0.46775025,0.47320908,-0.5975447,FAC20250714119051
-3.2355866,-0.6742752,-1.7626907,-1.0172768,-1.4705325,-0.83561355,-1.5061237,-2.2736578,FAC20250918140073
-1.4007965,-3.3874664,-2.1827517,-0.11129449,0.16228592,-2.669657,0.14342164,-1.2789019,FAC20250429004695
0.5084122,0.6262097,-1.9834145,3.2197287,0.58948016,-0.0035811332,-0.6074913,-3.5314171,FAC20251002086342
0.9707274,-0.4808769,-1.42708,1.1961167,2.4747546,-2.540645,-1.3326797,-2.207135,FAC20250627036824
-0.34478647,-2.4940407,-1.6240242,2.6963232,-0.5664802,-1.3471189,-2.7615902,0.60330296,FAC20250814128977
-3.6394322,-1.1354698,-2.766007,0.8772588,2.3183625,-1.0756457,0.091690496,-0.3235769,FAC20250517013624
-0.40762046,2.0448468,-0.32363144,1.4680865,-0.39830807,-4.3406744,-0.9379997,-1.0007552,FAC20251001086125
0.07799217,2.4144402,-1.222613,0.92644477,0.4060573,-3.889184,-1.4645594,-2.3620002,FAC20251011089327
-0.9984579,-0.03056212,0.2175413,1.542423,1.7841088,-4.734449,0.11548292,-0.91401887,FAC20250924082880
-1.2619463,1.2038326,-2.522288,3.1238732,-1.4338845,-0.196345,-2.9345124,-0.19313055,FAC20250721121217
-3.5451555,-1.7744102,0.26305437,2.6813393,0.76369023,-1.5132452,-1.0326759,0.85287577,FAC20250902069236
0.7323286,-0.045496803,-1.5272416,0.10206826,-0.5983028,-2.309007,-3.2125084,-3.1574316,FAC20250603025096
-0.26167223,0.21475257,-0.055222068,1.2976162,-1.3992414,-2.1446884,0.32371485,-4.176084,FAC20250525021077
-3.205148,-1.0044755,-1.068202,-1.1151321,-1.14336,-1.0099366,-1.1514592,-2.6279476,FAC20250508009003
1.0649887,1.107543,-2.325121,3.0498226,-0.081937365,-2.182924,-0.33880472,-0.68159276,FAC20250702114991
0.26917708,-1.5547277,-0.5801558,3.1934288,-1.1155214,-0.89414847,-2.4530606,-0.46293125,FAC20250705041387
-0.031107072,2.3044155,-0.9483315,1.0899343,0.39410374,-4.233229,-1.5771209,-1.8536578,FAC20250722049066
-2.6927383,-0.27188417,0.7307024,0.90327805,0.9827876,-2.5657234,1.3665174,-2.9049954,FAC20250428094162
-2.099631,2.5457458,-0.4523401,3.1521056,0.84119415,-1.6963123,0.44528303,-0.97079945,FAC20250506096740
-0.728203,0.80181265,0.49895167,1.7266105,-1.6094276,-3.068424,0.74061036,-3.145298,FAC20250605026509
0.79912466,-1.4286522,-2.4853823,0.81882,1.2989879,-2.1092958,-0.06284338,-3.5536234,FAC20250820130799
-1.4312216,-2.2372117,0.7610202,0.45741305,-1.7869372,-2.8799622,-2.5034163,-1.7380227,FAC20250613030271
-3.427343,-0.29064408,-0.1835208,0.23931725,1.3220992,-1.9072467,-2.8283665,-0.00671182,FAC20250910073335
0.59184617,1.5188959,-3.0101995,2.6778848,0.11638537,-2.234034,-0.13482752,-0.6522386,FAC20250521017353
-1.4513154,1.8551787,-0.051872592,4.1334705,-0.012545242,-0.36790493,-0.54968584,-1.7721069,FAC20250826065480
-2.8594837,-1.5450482,-2.3166087,1.9671668,-2.3075302,-0.053626195,0.241742,-0.6689339,FAC20250704039652
-1.7722911,0.918999,-0.8325655,-0.34269524,2.4580069,-3.8049428,-0.98131573,-1.989862,FAC20251012089934
-0.620221,2.5356348,0.18618588,1.9103575,-0.048483428,-1.6733404,-2.3403766,-2.047485,FAC20250421001565
-3.1751997,-0.15071866,-2.6165907,0.43216017,-1.2768273,-2.1343718,-1.5363506,1.117248,FAC20250626036410
-2.2028542,1.4855983,-0.11925967,-0.4241715,-0.93844175,-2.6364608,-3.066161,-2.2760704,FAC20250731124469
-4.0073447,1.0154922,0.80954874,2.7175639,-0.5564724,-1.228655,0.2556725,-1.2673683,FAC20250521017457
-0.24057734,-2.036245,-2.4135535,2.222265,-2.6712363,-1.7208868,0.31896028,-1.13107,FAC20250815129203
-1.8266435,0.36234432,-0.15746681,3.7525964,0.04505884,-2.4565241,-0.76868933,1.3384069,FAC20250526103314
-0.7525034,1.0091176,0.3622579,2.1094115,-1.1528482,-3.908797,0.807876,-1.6865706,FAC20250915075390
-1.7383323,-1.3725975,-0.43319815,0.63524634,-0.38364023,-0.013234972,-3.9705281,-3.022916,FAC20250525021506
-1.1560379,-3.957838,0.07095851,2.3380458,0.24906094,-1.9477541,-0.7444998,-0.8727344,FAC20250422092308
-3.6340644,-2.1252773,0.71266305,1.001178,-1.3189543,-1.0414091,-0.05361282,-2.588863,FAC20251001085443
-3.6736343,-0.2317061,-0.28021416,1.629826,2.053948,-0.054636657,0.09108015,-2.248389,FAC20250810127711
-3.5654407,2.0377288,-2.5621796,0.1648839,0.5853178,-0.7505017,-1.1119947,-1.2943983,FAC20250813057233
-2.060143,-1.5250688,-2.8112185,-0.28168172,0.29769516,-0.114876114,-1.4143237,-0.7108238,FAC20251001085254
-1.6710831,0.46146825,-1.0468384,2.4782307,1.7292489,-2.4953482,-1.5014144,1.381854,FAC20250515099681
-1.648696,-1.7086804,0.7525586,3.0378795,-1.9140848,-1.7177422,0.94587964,-2.1492167,FAC20250713045367
-0.38304406,1.0987947,-1.5739617,2.5381947,0.8194562,-1.084374,1.306878,-3.645115,FAC20250419000049
-0.507858,0.9757829,-3.322705,1.1522404,-2.567996,-1.4941063,-0.55845815,-1.707561,FAC20251008088813
1.5223315,-0.5901871,-0.21244943,1.8702404,-0.93403167,-3.4635043,-2.0086462,-2.4845452,FAC20250506096916
-1.891451,0.22647962,-0.6880306,0.12602277,2.033803,-4.2434816,-0.43367466,-0.489036,FAC20251008088748
-2.0575066,-1.082273,-3.137815,0.034182094,-0.30718488,0.60308766,-1.2401702,-2.5081408,FAC20250923141704
-2.0953045,-0.12227769,0.34332746,4.083697,-0.76511514,-2.5469828,-0.040981308,0.82011896,FAC20250912074483
-2.2869716,-0.76445067,-2.69137,0.021961346,-0.5960194,0.32910645,-0.29270446,-3.7633088,FAC20250427093939
-4.5291967,1.4522552,-0.8392017,1.2457445,-0.32016623,-0.5490462,-0.40881777,-0.9461245,FAC20251019091075
-4.0791764,1.0073663,0.44839886,2.6909335,-0.7672922,-1.1134368,0.69049543,-1.2278935,FAC20250816059807
-2.2757795,0.07841831,-0.31096035,3.7855246,-0.3969271,-2.737369,0.08452609,1.2721225,FAC20250706041617
-1.4607606,0.9346756,-1.192618,2.948882,1.8653977,-2.1239302,-1.9199468,1.1283736,FAC20250630038035
-1.5666823,0.785013,-0.83449346,2.6626353,1.3990577,-2.784461,-1.4761403,1.3972561,FAC20250818130388
0.31531465,-2.411896,-1.3288605,3.0957994,-0.2169377,-1.1644844,-2.2906466,0.1487435,FAC20250810127519
-1.846337,-1.3611671,-0.5340405,1.9144458,-2.9771554,0.053484704,-1.8585092,-2.4875665,FAC20250519101041
-1.0847216,-1.5593443,-1.7303944,1.6998863,-0.84411764,-3.1629229,1.3434678,0.3037038,FAC20250829067182
-2.0670648,-0.8260735,-1.3969039,4.120423,1.3628087,0.5453964,-0.617486,-0.35548759,FAC20250618033123
0.28557512,-0.5363454,-1.9521796,2.9463024,-2.3878934,-0.40718135,-2.0491607,-1.0538499,FAC20250514099296
0.0785332,-2.1129282,-0.34104845,3.3426168,-1.3042128,-1.5355104,-2.758052,-0.24991967,FAC20250915139367
-1.9056512,2.3029056,-0.89808744,3.601298,-0.07918195,-1.4726508,0.83651257,-1.0101571,FAC20250521016901
0.57977366,0.28149757,-2.2635057,3.0806644,0.67631006,-0.0027716733,-0.26869303,-3.2231002,FAC20250703115566
0.5039272,0.94187266,-1.9109174,3.094315,0.25124398,-0.23454943,-0.39079767,-3.693005,FAC20250519014881
-2.9747143,0.20174883,0.7071447,0.42996335,0.6790987,-3.1901212,1.0246196,-2.577294,FAC20250919077731
-2.4281006,-0.057892103,-1.4712934,3.220584,1.7042505,0.94860566,-1.665297,-0.778861,FAC20250727123031
1.1265062,-0.88041604,-0.75068456,2.0996928,2.3022952,-1.8647381,-1.7385659,-2.445549,FAC20250906071909
-0.40110242,-0.96104187,-1.3079721,2.6459188,-1.6981884,-3.7174566,0.2539016,0.5016302,FAC20250503095793
-2.4873486,2.0540786,0.2349956,1.596509,1.0675975,-2.4588642,0.61922014,-1.5891587,FAC20250603025029
1.1469657,-0.81217,-2.76791,0.796406,1.7309858,-2.654572,-0.78689593,-2.4996812,FAC20250509009468
-3.8461254,-0.21093969,1.4243642,1.1547941,-1.4408475,-1.9268848,-2.106998,-1.2805537,FAC20250516013198
-2.4655955,-2.506962,-2.693229,0.18364449,0.22672118,-0.7786112,-2.4430826,-0.118798554,FAC20250527022092
0.8272311,-1.9525387,-3.6730113,1.6771777,-0.8315037,-0.7920541,-1.7267224,-1.8512883,FAC20250806054360
-0.69122696,1.9693874,-0.38561472,1.685592,-0.7697339,-4.3627834,-0.75693345,-0.65761334,FAC20250529022251
-0.375525,2.3744192,-0.96965253,2.270377,2.2568085,-1.6199371,-1.5580661,-2.5570834,FAC20250511098410
-2.0361629,0.2341381,-4.0614953,0.74473953,1.8525158,-1.8848854,-1.5324159,0.48617476,FAC20250730124072
-0.47883555,-1.669754,0.41935405,1.4340202,1.188066,-3.726794,-2.4959986,-0.14444032,FAC20250707116669
-1.5558251,0.8583004,-0.6651534,2.917349,1.838725,-1.2608643,-2.6667018,0.478733,FAC20250703115508
-0.9225671,-0.5476158,-2.019609,1.5916172,-1.9424225,-3.8670423,0.92817706,0.037475735,FAC20250601105286
-1.6867164,-1.6275486,0.8384085,3.4623547,-0.97459257,-1.3868388,1.1486471,-2.2222464,FAC20250521017173
-0.8179638,-2.2518864,-3.1340141,2.690279,-2.031544,-0.83960056,0.38547367,-0.6505558,FAC20250428094202
-1.6743685,-0.78514695,-2.807802,-0.15563254,2.5190604,-2.1280875,0.59873235,-2.341252,FAC20250729050844
-4.208447,-0.4589542,-0.8869563,1.5333629,1.3362507,-0.39056763,1.0266756,-1.5796388,FAC20250618033097
-1.1734134,0.6763335,-1.4506569,2.6604986,1.1430446,0.94198483,-2.755178,-2.208939,FAC20250619033198
-3.3069987,-2.6172426,-1.2793611,1.5679901,-0.1291867,1.1561763,-1.4376873,-2.3874693,FAC20250607027819
0.47627354,0.70976776,-2.642427,1.2310929,-0.63842744,-2.7279541,-3.3203485,-0.34294346,FAC20250924082861
-3.4878092,-1.4880576,-2.7334335,1.281947,2.2294855,-0.6060302,0.57293606,-0.70117396,FAC20250510009665
-1.1262958,0.7149032,1.0432763,0.08384395,-0.004988503,-2.8123517,-1.965147,-3.1270905,FAC20250607028127
-0.35866392,-0.39543337,0.18850955,0.94151664,1.7198696,-4.261909,0.24618569,-1.9838488,FAC20250614109424
-1.1149666,2.62646,-0.0060420744,2.32483,-0.4035433,-1.786884,-2.6786604,-1.1698365,FAC20250529022260
-1.5661811,0.6924466,-2.0404024,-1.2458035,0.8793564,-3.5952199,-1.4491221,-1.4503953,FAC20250924142058
-1.9827188,-0.0076758815,-0.91330194,1.0182159,-3.0951276,-0.46122953,-2.786445,-2.277106,FAC20250630038648
-3.7371502,-0.17969908,1.3466278,1.5118985,-1.7904671,-1.7823327,-1.9432323,-0.93017113,FAC20250905071146
-4.161869,-1.3915766,-0.7892597,1.1260352,-0.01900193,-2.272625,1.4589643,-0.30266157,FAC20250630037712
0.3202536,0.8260503,-1.9703579,3.208375,0.3835007,-0.21350205,-0.038137943,-3.5526981,FAC20250821131065
-1.6789128,1.007438,-3.0617123,0.095112406,2.1792808,-1.1659619,-0.26368943,-2.7422392,FAC20250712045056
-0.31634066,-0.058366276,-0.15857553,1.2028275,-1.2832928,-2.1200557,0.27736875,-4.469976,FAC20250910137638
-1.1359322,-1.9760736,0.5021137,2.8882844,-2.3706884,-0.8433403,-0.47690222,-2.6122966,FAC20250912074823
-0.21685515,1.5787606,-3.6229157,1.646611,0.85993594,-1.7351836,-1.0306457,-0.30408645,FAC20250720047970
-1.8292547,0.72298586,-2.4828405,0.70424634,-0.3946021,-2.2093515,2.098575,-2.1071732,FAC20251012089604
-2.8641539,-2.661699,-1.8723382,0.62686545,0.47734776,-0.96037936,-2.218474,0.40280727,FAC20250601024226
-2.9926825,-0.08814815,0.5028315,1.9679581,1.1308317,0.42674565,-0.89963037,-3.451725,FAC20250705040370
-1.6407825,1.145078,-2.7583098,2.567182,-1.4186273,0.060135312,-2.8913732,-0.22949925,FAC20250905136110
0.15259476,2.4408178,-1.1179699,1.1151801,0.6395932,-3.6718426,-1.2242005,-2.2863972,FAC20250902135027
-0.89407074,0.7037595,-0.19223385,1.7673157,-3.403829,-2.183063,-2.238516,-1.9963267,FAC20250625036044
-1.9145297,-0.9568951,-3.8723025,0.7492025,0.16078402,0.7950827,-0.9836081,-2.364691,FAC20250726122691
-0.62034583,-2.8135126,-0.5990266,2.2861202,1.1940069,0.07064678,-0.7351503,-3.0701818,FAC20250906136424
-3.2050126,0.5185422,-2.7795622,2.3733883,-0.6088146,-0.02818871,-2.158275,0.7252383,FAC20251015148724
-3.8109689,0.0121077,-0.41131872,1.7626183,2.3859427,-0.24217796,0.08200948,-2.0770056,FAC20250721121300
-0.4383019,-2.7379172,-0.8162402,2.5529215,1.6224173,0.16155316,-1.5594555,-2.7459946,FAC20251011089450
-1.2383947,0.85609335,-1.590663,2.3913808,0.82762015,0.9364251,-2.9018323,-2.4757955,FAC20250908136842
-2.7696218,2.3942163,-0.30357713,1.8680085,1.3611096,-2.6720674,0.3966159,-0.98247564,FAC20250629114289
-0.89508474,-1.7822084,-1.1080178,-0.8930038,0.8065896,-1.7816405,-1.6215099,-3.630856,FAC20250710043449
0.58988833,-1.9551315,-0.019392354,1.4055489,0.14705345,-4.1695733,0.059150822,-2.551663,FAC20250922079224
-3.3768985,-0.4542929,1.220453,1.6952806,-0.8147563,-0.8818245,-2.9308677,-1.076781,FAC20250918140337
-3.1878474,-2.109754,-1.1253282,0.08782351,0.17701197,-2.4642532,1.2522595,-0.8859691,FAC20250710043443
-1.214565,-2.6947818,-2.17157,-0.117937386,0.17314424,-2.831627,0.90825194,-1.521122,FAC20251001086023
-0.7010335,-1.8931917,-0.9730281,-0.68447244,1.0823,-1.8603868,-1.8570786,-3.5211039,FAC20250919077159
-0.29242605,-2.0750675,-2.221211,2.6319585,-0.6024814,-1.0733432,-2.2854953,0.76216716,FAC20250426093676
-1.8320342,-1.1253471,-3.8148637,0.6453653,0.17622785,0.7221597,-0.85731286,-2.5055265,FAC20250929143898
-2.683892,-0.68340415,0.94757885,1.3445477,0.23689894,-1.7909617,-3.8181782,-0.39504814,FAC20250715119431
-3.3013191,0.11595727,-1.9631449,0.15092272,-1.0427848,-2.639572,-1.3499477,0.883661,FAC20250609029202
-0.22136302,-1.9919007,-3.393888,2.2598577,1.0145015,-1.9008707,-0.77588993,0.67618185,FAC20250727050548
-0.78570896,-2.824598,-0.30022413,2.5901244,-0.4508013,-2.9742584,0.10946948,0.27238044,FAC20250527022162
-0.22398153,2.1197417,-0.8245331,1.132268,0.14811896,-4.5518527,-1.668458,-1.1560212,FAC20251003144861
-3.2302117,0.7263483,-2.5350077,2.7922137,-0.75124097,-0.20037359,-1.3291234,0.88608396,FAC20250903069656
1.34621,0.06621328,-1.0588453,3.9768353,-0.99294007,-2.311793,-0.15372957,-1.8149693,FAC20250429004888
-2.7984486,0.8882408,2.0825193,2.4523187,0.045553263,-1.8111714,-0.6422936,-2.311732,FAC20250523102119
-2.8749166,0.80235124,-3.1681037,2.108099,-1.0049753,0.25639883,-2.2408433,0.11340517,FAC20250904070283
-0.9511068,-1.0229918,-2.3403807,1.6048834,3.485553,-0.9848693,-2.1046426,-1.0825002,FAC20250511098379
-3.121789,-0.57536906,0.025302095,0.28020832,0.7307329,-2.2459357,-3.4298182,-0.057524778,FAC20250904070480
0.45168027,-0.38002133,-1.0960375,3.2181516,-1.7650199,-0.2639056,-2.3022337,-1.5762596,FAC20250426093720
-2.551778,1.736364,-1.308696,0.33062878,-0.079385966,-1.739436,1.0072237,-3.577711,FAC20250611108484
-1.3925302,-2.7087343,-1.6812634,0.88442385,1.7344346,-3.1563172,1.09364,-1.0920881,FAC20250826065574
-4.665834,1.2864335,-0.76755565,1.9925392,-0.70237464,-0.44093958,-0.27955782,-0.8752162,FAC20250804052955
-1.0808306,-0.14375429,-0.77333575,2.5026262,1.0971639,-0.6972708,-3.618677,0.23864406,FAC20250915139157
-3.5808856,1.9671737,-1.6332552,0.34029365,0.7518155,-0.7887148,-0.869729,-1.3509208,FAC20250822064047
-1.263118,-1.9381974,0.845583,0.64678043,-1.9668779,-2.905762,-2.3402758,-1.7467892,FAC20250906071966
-0.86611784,-1.4328476,-0.89937186,-0.25921023,-1.0675292,-3.8398712,-1.7823863,-0.30317554,FAC20250804052473
-3.671902,1.1205873,1.2798039,2.05893,0.05455794,-1.1701134,-0.44283447,-1.5174706,FAC20250905070765
-3.6969633,0.80839056,1.3370674,2.5344112,-0.18429242,-1.4055737,-0.029816642,-1.3992965,FAC20250907072560
-0.33647037,1.2111816,-1.92144,2.1959975,0.41114306,-0.99086785,1.2246954,-3.465268,FAC20250802125209
-1.1189966,2.8268776,-0.35317183,2.657392,0.82743514,-1.5323613,-2.8481014,-1.4695367,FAC20250701114937
-2.1885414,-1.3618231,-2.1419106,2.0352829,-2.4921534,-0.48117056,0.86116725,-0.94782007,FAC20250510009953
-0.13520752,-2.011091,-3.2954626,2.0662751,1.5763355,-1.9297587,-0.9386611,0.413698,FAC20250719047422
-2.0499907,0.56720364,-2.7352037,0.02606565,-0.37994623,-2.9143422,1.7678945,-1.9981791,FAC20250528103722
-1.699011,1.6036743,-2.5443897,2.2555356,0.36081958,-0.13850561,1.1534379,-2.9873533,FAC20250912138225
-1.1617844,0.6457679,1.1488318,0.30446994,0.3090866,-2.5946305,-2.557935,-3.0170982,FAC20250607027720
-3.5192037,-2.8546343,0.7218395,1.1332524,-1.0004599,-1.1761665,-0.48985672,-1.8544763,FAC20250919077487
-3.7347796,-2.9772353,0.72670984,1.2689629,-0.80510265,-1.106147,-0.8931049,-1.6361066,FAC20250922080956
0.8500042,-0.32805914,-2.1452274,0.9470673,2.3910387,-3.6551769,-1.5072017,-1.4006197,FAC20250605106330
-0.0034270363,0.7490291,-1.5538551,2.8519962,1.0023439,-1.121065,1.184074,-3.6321857,FAC20250815058741
-4.1044955,1.2761006,0.30479774,2.145509,-0.57967496,-0.7961424,0.07572258,-1.2699815,FAC20250630038147
-3.2090116,-1.6547158,-2.1629975,1.2125418,2.342852,-0.587004,0.8766869,-1.3467277,FAC20250912138383
-2.6969156,-0.7082735,-0.94643366,-0.7392685,-2.3441348,-2.3638637,-0.18274781,-2.6533246,FAC20250710043511
-0.9786752,-1.9871881,-2.7013159,2.292513,-0.5133037,-1.6994894,-2.001247,1.4348874,FAC20250831067702
-1.3943812,-1.7042544,0.7422347,3.449524,-1.3035893,-1.1550053,0.82186997,-2.143251,FAC20250902068070
0.012024628,0.51692575,-2.2098296,2.1319065,-0.8128728,-2.5066144,-3.1875598,0.6999465,FAC20250420091726
-1.851491,0.9910188,-0.859454,-0.33506787,2.400775,-3.832448,-0.98458964,-1.7537086,FAC20250720121001
-0.45531106,1.4723988,-1.7532529,2.5211873,0.38075173,-1.2835562,1.3710511,-3.6266894,FAC20250706041915
-0.98289186,2.5920546,-0.039096426,2.0734286,-0.027937964,-1.788993,-2.5971422,-1.1754109,FAC20250619034040
-2.5191967,0.123423524,-0.33429232,3.0793269,0.47436544,0.8115812,0.35721463,-3.0330853,FAC20250907072939
-1.79515,-3.9485338,0.013035312,2.2010343,-0.25525,-1.5672126,-0.717622,-0.7754388,FAC20250421001198
0.38223994,-0.28375664,-2.0483904,-0.2009223,0.1392764,-1.8808514,-3.3047304,-2.9726691,FAC20250705040623
0.7801305,-0.78576577,0.05680488,2.9323316,2.2192845,-1.784593,-2.1909716,-2.1130269,FAC20250716119694
0.57151604,-2.174579,-1.3511375,1.0009307,0.34179774,-3.8661835,-2.7482173,-0.33973563,FAC20250521101425
-1.0658702,-2.898659,-1.4599816,1.5131459,1.751345,0.08913743,-2.73306,-2.5920417,FAC20250919140501
-3.68893,1.9122361,-1.7904223,0.16914822,1.0486224,-0.90666765,-0.9253964,-1.52447,FAC20251001085011
-1.1457316,-0.27991197,-1.709691,1.2792456,0.058793478,-0.2949844,-4.602891,-1.1166245,FAC20250930084657
-1.0785195,-0.8649133,-2.1079588,1.4912771,3.463084,-0.93860906,-2.1820695,-0.9839772,FAC20250517100307
-2.4456477,-0.47640806,0.14878051,1.5871407,0.8866088,-2.410509,2.2038105,-2.873328,FAC20250922081789
-1.5507461,-0.6885085,2.2273831,2.4567883,0.89280176,-2.3119774,-0.9765825,-2.0638645,FAC20251007088635
-1.232271,1.6721474,0.49117568,0.9695688,-0.16278566,-2.2194116,-3.498518,-1.5371957,FAC20250924082978
-0.2609288,-1.1259929,-2.4172428,-0.5021585,1.1708331,-1.7441714,-3.1878371,-2.5893366,FAC20250913075126
0.4478529,-0.95392734,-1.0985775,3.0018454,-1.6568184,-0.56111836,-2.4637318,-0.90105766,FAC20250817060395
-2.0578697,0.42463163,0.10362467,3.2723846,0.46183395,0.7563301,-0.31283662,-3.219395,FAC20250728050686
-1.7964548,1.1229124,-2.5839562,2.5043166,-1.439109,0.04073311,-2.9560804,-0.15949826,FAC20250921078373
-2.7813618,-3.0385666,-1.3449409,1.239135,0.42907536,0.53828,-0.406896,-2.8944526,FAC20250720048016
-2.6958983,-0.2893218,-3.3936102,1.4035176,-0.6664435,-1.9729072,0.15272681,1.1651506,FAC20250922078787
-1.0681845,-2.5404885,-1.4286957,1.8740438,1.9083223,0.34504208,-2.5148978,-2.6491857,FAC20250626113353
0.435088,0.68572044,-2.1625936,1.8295693,-0.07176282,-2.62819,-3.5527875,-0.006490883,FAC20250519015667
0.23395973,1.0859901,-4.2378654,2.0333343,0.37091434,-1.949083,-0.43836474,-0.6661725,FAC20250709043211
-0.18756211,1.0632936,-3.1909125,1.4986415,-2.3635063,-0.9059693,-0.98935825,-1.6922486,FAC20250727050428
-1.026167,-1.1614665,-1.4004403,1.3728122,-0.32498443,-0.108616106,-4.3579926,-1.4280097,FAC20250817129777
0.6409032,-0.4357871,-0.10475243,2.1615763,2.3552012,-1.9585499,-2.0570526,-2.2983582,FAC20250817060730
-0.7342762,-0.37289256,-1.7592187,1.629595,-1.5532067,-3.6856575,1.1528103,0.041301165,FAC20250530023859
-1.7844212,0.98195446,-2.7466426,2.621085,-1.190287,-0.18949604,-1.9062256,0.57022625,FAC20250804052855
-3.5272026,0.7631448,1.5235932,2.7432811,-0.49195397,-1.5705266,0.1532683,-1.6449951,FAC20250827066016
0.37605447,-0.7726748,-0.53466177,3.361826,-1.4901522,-0.4863583,-3.137334,-1.6866962,FAC20250705041357
-3.5105164,0.02018869,-0.84565306,0.10195482,2.0580816,-1.1500102,-2.746951,-0.83522654,FAC20250822064295
-1.9765743,-1.4990549,-3.3325782,-0.10130852,-0.04491567,0.32590485,-0.95314103,-2.3052309,FAC20250717120066
-1.9610716,-0.9526659,-0.5894267,1.6601337,-3.0264711,-0.01888751,-2.16039,-2.544623,FAC20250629037044
-1.4720601,0.10425308,-0.98298854,0.8443601,-3.2215772,-1.3089786,-2.9174032,-1.8707387,FAC20250824132265
-0.76428443,-1.5858697,-2.2744732,-0.6580935,1.685656,-1.6745781,-2.9127047,-2.6343393,FAC20250912074281
-3.1390128,0.560945,-2.3154569,2.9928236,-0.73973286,-0.5552024,-1.2624886,1.2433918,FAC20250910137729
0.63104135,0.20701438,-1.9307523,3.3126354,0.8089321,0.056013398,-0.729686,-3.3739922,FAC20250507097295
-2.5031986,0.3614509,-1.8477,2.6511905,1.2738869,1.3667828,-2.2346487,-1.4944416,FAC20250729123743
-1.971581,-0.83845943,-1.2943588,3.7636058,2.6263683,-0.5119251,0.1229941,-0.3445916,FAC20250709117438
-1.0699805,-1.5613755,-0.72458017,-0.6094292,0.863805,-1.7996823,-0.8335715,-4.12848,FAC20250521016842
-0.4605614,-1.5118601,-1.6978698,0.2533433,-0.30287975,-4.20543,-1.8357046,0.31398934,FAC20250515012552
-0.82840866,1.5518677,0.24793449,2.0292516,-1.0406226,-4.3399987,0.02621556,-1.0812309,FAC20250727123147
0.28925547,1.2924356,-3.810476,2.4007287,0.40134853,-2.049712,0.020560417,-0.769926,FAC20250829133777
0.053174946,-0.7751326,-1.6853703,1.2245723,-1.7388334,-0.6159369,-0.92431605,-4.4392004,FAC20250705040406
-3.0118182,-0.5389354,-0.43839034,2.779704,0.42082646,1.112498,-0.10975378,-3.4174883,FAC20250817060726
-1.7454691,0.657056,-1.388485,-1.1867661,1.4429474,-3.6301808,-1.4627942,-2.0831106,FAC20251001085073
-1.4243847,-0.36192206,-2.8910277,2.150294,0.041831832,-2.1006835,2.3732972,-0.84495115,FAC20250727123025
-2.5955026,-2.9917946,-1.4511304,1.5733851,0.1095573,0.6757749,-0.19415712,-2.648092,FAC20250915076328
-0.43902412,-1.2217131,-2.7297282,-0.65595776,0.9085146,-1.9512267,-3.4456222,-2.1327157,FAC20250819061834
-3.3255959,-0.96475977,0.22790892,1.0696981,-1.6305366,-0.6161006,0.3632625,-3.7167468,FAC20250610108158
-3.68982,-1.8833659,0.32532582,2.762101,0.6010458,-1.3101012,-1.2535671,0.7319454,FAC20250519014538
-2.0039647,-3.175767,-0.91597223,1.4811144,0.65299267,0.08091867,0.02910499,-3.5771425,FAC20250922079357
-2.9082284,2.1593707,0.18203953,1.4923332,1.1791085,-2.7979517,0.23820226,-1.2400047,FAC20250805125925
-1.5510968,0.46609575,-2.7837343,0.27616352,2.3593109,-1.3811332,0.506507,-2.5102584,FAC20250516099921
-2.9350536,0.30819425,-2.0206397,2.3256333,1.483519,1.1409065,-2.126053,-1.2907451,FAC20250718047238
-1.4689279,1.1922535,1.0305877,0.32012355,-0.43401015,-2.547335,-2.3071654,-3.1376853,FAC20250915075433
-1.8851218,2.1393788,0.12100545,2.0912442,-0.88329107,-2.055782,-2.8908467,-0.40362597,FAC20250815058915
0.79427814,-0.4539972,-1.0069773,1.7416097,2.8029583,-2.614042,-1.3229425,-2.0675561,FAC20250624035383
-3.5106382,-2.1025805,-1.8850933,1.7496933,-1.3334866,0.40498015,-0.39702752,-0.66074806,FAC20250922079552
-2.2388332,-1.6078714,-2.3819377,2.5303743,-1.6795273,0.3299681,0.37630823,-0.6954424,FAC20250922141562
-3.0778177,-0.50742555,-2.9040809,0.6191422,-1.1206275,-2.230052,-0.8141616,1.1160582,FAC20250521017843
-0.5255769,0.3770015,0.63031954,-0.2737031,0.011278658,-2.5441284,-0.8842773,-2.8161464,FAC20250521017753
0.2268067,-1.4579136,-2.6619165,0.9664399,-2.0145752,-0.74270093,-1.4561517,-3.509488,FAC20250922079925
-0.057940442,-0.15665245,0.29381832,0.8611082,1.9011095,-2.2280443,-2.8814845,-2.2346919,FAC20251001084926
-1.1084049,-1.5682299,-2.805885,3.185967,-1.5482903,0.016731046,0.8790315,-1.3006582,FAC20250625035519
-2.0083404,2.3977396,-0.39459667,3.2034268,0.4928369,-1.4183421,0.46278384,-1.2561395,FAC20250606106840
-1.8612062,1.669102,-1.2425778,3.6333048,-0.49406242,-1.399464,1.8846995,-1.0222235,FAC20250804052722
-1.7243361,2.3336043,0.12223563,1.9468274,-0.5770869,-2.0266452,-2.9634907,-0.62322783,FAC20250613109105
-3.5122538,-2.0169237,-1.9184555,1.8348746,-1.3476629,0.4335115,4.507287e-05,-0.9134734,FAC20250906071815
-4.032155,-2.156011,-1.7833796,1.7136656,-1.2058562,0.39168805,-0.65191174,-0.6015324,FAC20251016149111
-2.509568,1.2805358,-2.9266393,2.8317058,-1.2231818,-1.5568789,0.3504501,0.7845852,FAC20250820130760
-2.316226,2.6666462,-0.7219839,2.442926,1.0224742,-2.4745376,0.35428548,-0.58837396,FAC20250601024702
0.3679786,-1.2502236,-2.4338684,1.1286807,-1.7064002,-0.58498937,-1.142231,-3.773912,FAC20250512010426
-0.74331814,-0.23537043,-0.67237645,3.672625,2.6039317,-2.0599048,0.5743339,-0.6975915,FAC20250530022764
-2.3404238,-0.3872253,-0.8896857,3.478321,0.0767348,1.1675566,0.1856804,-3.1806064,FAC20250811128107
-3.106855,0.6175136,-2.665241,2.346502,-0.83704466,-0.07689345,-1.7631313,0.7674799,FAC20250607028039
-1.32716,-1.9655751,0.30179048,2.827577,-2.6197703,-0.6092396,-0.47844622,-2.4152462,FAC20250503095914
-0.29112244,-0.9615659,-1.1966456,4.511105,0.59366745,-1.5956143,1.5272403,-1.1824217,FAC20250619033330
0.40469483,-1.9180276,-1.5975169,0.5799032,-0.5006373,-3.7742162,-2.4655204,-0.27270305,FAC20250527103530
-1.9932606,2.2017088,0.08472515,2.7247655,0.7052862,-1.4822407,0.578046,-1.4715295,FAC20250823064567
-3.235178,0.5477232,-0.99070734,0.41686538,2.449471,-1.0725986,-2.8438606,-0.9283645,FAC20250922079272
-1.398565,1.2290752,-1.2897604,1.9217246,1.5341789,-2.0137267,0.8898172,0.30537552,FAC20250829133709
0.8773189,-0.15289031,-1.7164011,0.6860085,-0.7250024,-1.2048872,-0.07141009,-1.678313,FAC20250430005765
1.1467364,-2.0345175,-1.7762666,2.8463502,-1.4294381,-2.2418354,0.3838163,-2.3162162,FAC20250821062033
0.3523077,0.73828167,-1.8865765,3.2005203,0.3399673,-0.40456995,0.2446064,-3.5995374,FAC20250421002263
-0.605083,2.0649962,-0.48348787,0.71020633,-0.82074463,-0.4716937,-1.9585931,-2.4063034,FAC20251011089203
0.05663169,1.2884406,-4.2410645,1.966858,0.50934434,-1.8821417,-0.29829812,-0.72995824,FAC20250516012829
-0.85184646,-0.43722177,-1.3946153,2.157835,0.94208187,-0.5299919,-4.3731804,-0.44168997,FAC20250902067941
-0.90899587,1.3472743,0.32339966,2.286934,-1.1927127,-4.3465466,0.28612316,-1.1372892,FAC20250921141074
-0.64243525,-3.8076842,-0.4766413,2.7013326,0.48350155,-2.2075388,-0.21758683,-0.565442,FAC20250530023352
-2.8727043,-2.4230669,-0.7165515,1.9548903,1.9386693,-1.6987511,-1.255179,0.7925612,FAC20250922080142
-3.2192998,-0.17263183,0.4989495,1.9563813,0.7587012,0.55140287,-1.0402601,-3.7616017,FAC20250519016002
-3.4541154,1.1817895,1.4529799,2.370815,-0.4662014,-1.3459959,-0.21324998,-1.9890072,FAC20250707042680
-0.6991272,1.8358339,-1.7779381,2.467172,0.19032691,-1.1310827,1.0888679,-3.6591887,FAC20250424092775
-1.5689497,0.7471559,-0.81071776,2.9682937,1.6174994,-1.8873305,-2.2016964,1.0902588,FAC20250613108974
-1.3171816,0.29805657,-3.311072,-1.2363312,-0.12662974,-3.0166228,-1.7048666,-1.2808195,FAC20250803125386
-2.1866024,0.05497425,-0.11955078,3.7328281,-0.32890552,-2.6438665,0.036001083,1.2393153,FAC20250823131782
-0.327313,-1.9101585,-3.565717,2.4130964,0.8616198,-2.1531448,-0.5696938,0.8027488,FAC20250504096131
-2.7916465,-0.84444976,1.0292985,1.7652005,-0.45483586,-1.3334194,-3.6534116,-0.4906709,FAC20250802125213
-2.9840379,-0.4152131,-3.3357384,0.8750983,2.3220634,-1.8039683,-0.20027815,0.37509003,FAC20250906071524
-2.145998,2.0354764,-0.54738724,0.8509592,-1.2038845,-2.207246,-3.4992435,-0.7530715,FAC20250729051581
-1.1440771,2.7811697,-0.4027537,2.3580844,0.5165048,-1.5579988,-2.7652147,-1.5583692,FAC20250515012629
-1.4501554,-0.7412159,-3.293988,2.1229014,0.5134037,-1.5570676,2.43048,-1.5645359,FAC20250921078440
-0.61143404,-1.1922479,-1.0586098,2.3422413,-1.4042205,-3.4730153,0.6680474,0.45002377,FAC20250508008566
-4.137083,-1.1118994,-0.7683085,1.2718354,0.31026232,-1.6510644,1.3941083,-0.46704906,FAC20250527103610
-0.46950993,1.318736,-2.6842034,0.7965987,-2.6188915,-2.480149,-0.3331279,-1.9065716,FAC20250925083432
0.2500709,-1.4185408,-2.6012435,0.86018026,-2.0157042,-0.82692754,-1.4282401,-3.5575297,FAC20250930144028
-1.8766568,-1.0341992,-0.62035114,1.8011047,-3.1590269,-0.22603105,-1.9563727,-2.1102834,FAC20250508008665
-1.2925717,-1.8188295,0.22457682,0.07213497,-1.8552783,-3.1375477,-2.059133,-1.1099623,FAC20250923141743
-2.8379233,-2.5082338,-2.4673014,0.48375618,0.41355556,-0.94098526,-1.9718207,0.42725763,FAC20250513011001
-2.9387715,-2.5762146,-2.2743132,-0.52015144,-0.42138532,-2.0940197,0.49087954,-1.2303206,FAC20250916076794
-3.4344692,1.0851313,0.64248955,0.25103444,0.61534125,-3.277982,0.38085568,-2.0241613,FAC20250605026309
-0.07741226,-0.37984058,-0.20500238,4.105541,1.6692892,-2.2297862,0.599865,-0.8976124,FAC20250618110672
-4.3422422,-0.3882073,-0.9442424,1.9960623,1.1266359,-0.81442285,1.3837425,-0.9649616,FAC20250626113064
-4.2494435,-1.0201187,-0.83768076,1.4249966,0.318964,-1.9670565,1.520456,-0.30778828,FAC20250603105741
-1.4175853,-0.53319544,-3.171737,2.0819016,0.4084328,-1.5702759,2.452722,-1.5315797,FAC20250817060165
-2.632806,0.92392653,-2.673093,1.9115311,-1.1994754,0.061748832,-2.7047212,0.09660629,FAC20251006146031
-3.0546508,0.7825752,1.9388353,2.6272542,-0.23290768,-1.7771593,-0.24436289,-2.0511868,FAC20250505007281
-2.621929,-0.6641245,-0.8174794,-0.41382512,-2.5528588,-2.566642,0.10938385,-2.7108037,FAC20250904070358
0.33545798,-1.7810931,-2.1638768,0.18252945,0.7085454,-2.280549,0.09625203,-3.7638562,FAC20250805053933
-3.3771136,-1.9917812,-0.16013767,2.4471884,1.15141,-1.6210301,-1.1335131,0.9993565,FAC20250615031722
-0.18330552,-0.69418067,-1.4378004,1.1791275,-1.7489353,-0.80169755,-0.759202,-4.595841,FAC20250428004466
-0.39948186,0.49165073,-2.8265803,-0.5663846,-1.4000716,-3.6090236,-0.8358711,-1.7039545,FAC20250423092682
-0.89913684,-1.6172912,-0.13717297,3.9797947,-0.08721858,-1.2332445,1.5424768,-1.8073688,FAC20250429094540
-1.8369765,-0.027696997,2.1988196,2.3892379,0.7010161,-2.170037,-0.8341346,-1.8843832,FAC20250506007776
-1.6908326,2.1521738,-2.5350273,1.9656051,-0.47309628,-0.05010229,0.33491802,-3.3275418,FAC20250713045303
-3.6563106,-1.7434111,0.42033386,2.903595,0.6112889,-1.362365,-0.99181443,0.6531868,FAC20250602105470
-0.44878942,-2.1509585,-2.889613,2.7265677,0.037897214,-1.191547,-1.3518527,0.90080965,FAC20250510009696
-1.6609244,-0.16295944,0.8242656,4.1164002,-0.63570976,-2.2806294,-0.886999,0.60919595,FAC20250724049748
-2.8739452,0.7734274,-2.543967,2.7832885,-0.7437912,-0.12524511,-1.6493813,0.8207779,FAC20250427004040
-1.8777903,-1.4594015,-1.6920828,0.58715385,0.7858291,-1.1225474,-1.365434,1.0670881,FAC20251003086626
-2.6254451,0.30667585,-0.118669726,0.7637976,2.3923697,-1.1640375,-3.0368602,-1.0286041,FAC20250825132329
0.6922541,1.4819292,-2.39333,3.3197033,-0.29210755,-2.7120354,0.29002237,-1.0033329,FAC20250730124061
0.56466657,0.73883635,-2.2421787,1.6308043,0.0689942,-2.7438464,-3.6405811,-0.2890707,FAC20250823131876
-3.218336,-2.5623465,-1.4258294,1.7770829,-0.22079167,1.0783062,-0.69328874,-2.0684028,FAC20250428094165
-3.2756398,-0.5268783,0.26949692,0.2792022,0.76825446,-2.0382104,-3.1949832,-0.2694108,FAC20250806054049
-0.54414314,2.2370808,-3.8299453,1.5648878,0.21500984,-2.1083648,-1.1614488,-0.53512144,FAC20251001084682
0.71467185,-0.9725253,-3.6081324,2.6478627,0.3166101,-0.010926404,-1.5823988,-1.7402118,FAC20250731052115
0.8627647,-1.7253618,-3.4634547,2.2768795,-0.1217322,-0.32059082,-1.8024697,-1.8415458,FAC20250613030628
-0.21254966,-0.34997457,-0.6992501,1.1306745,-1.546762,-1.3449992,-0.121794835,-4.560649,FAC20250928143531
-0.8290471,0.44255367,-0.20249051,1.3943305,-3.2924337,-2.4317546,-2.3413818,-1.7834656,FAC20250831134382
-1.8059534,0.379736,-0.367443,1.3426511,0.66069436,0.5578002,-3.138452,-2.8295543,FAC20250604106110
1.2747355,-0.5712636,-0.41181076,0.80244195,-0.6240023,-3.2742362,-1.9201279,-2.9111912,FAC20250922080036
-2.2915695,-0.341213,0.22102538,1.3399891,1.1407527,-2.3660078,1.8607225,-2.6822212,FAC20250814128904
-3.5269344,-0.5320384,-1.6203481,-1.2466123,-1.2289978,-1.4488224,-1.1881282,-2.243133,FAC20250624112526
-0.849199,-1.8972989,-0.9308105,-0.75535613,0.6683255,-1.9355069,-1.1033318,-3.9668503,FAC20250513012365
-0.14963223,-0.5847164,0.5108921,1.5524547,1.6087898,-4.1904163,0.29008788,-2.3251631,FAC20250513011939
-1.1102704,0.96492934,-2.1156237,-1.1012692,-0.12308477,-3.3571057,-0.9884633,-1.6873155,FAC20250509009502
-3.1676276,-2.4292157,-1.2765082,1.7740471,-0.2016074,1.198727,-1.2709216,-2.0392766,FAC20250929143734
-2.2177525,0.19821471,-3.1662076,0.724113,2.121108,-2.1514518,-0.22735026,0.40509605,FAC20251011147484
-0.7058112,1.2358136,0.40229014,2.1021214,-1.1557927,-4.353085,0.040169653,-1.1196603,FAC20250922081006
-0.59132475,2.4373047,-0.87065065,2.4921358,2.1638646,-1.4538218,-1.9203248,-2.185257,FAC20250630114638
1.1672223,-0.92923355,-2.0726252,0.78792393,1.8362513,-2.8754368,-0.9679149,-2.2896507,FAC20250514099509
0.64873314,-1.2395856,-2.4217594,0.9585514,1.4174827,-1.8204329,0.13819782,-3.7940285,FAC20250809127368
-2.9383578,0.23930813,1.214561,2.4151022,-0.8459998,0.19777739,-2.1943476,-1.712447,FAC20250915075703
0.45847908,-1.428895,-2.7501476,0.7753343,-1.7863158,-0.96599066,-1.2929683,-3.2872274,FAC20250530104385
-2.0177577,0.16085376,-0.4178744,1.6047922,-2.9428735,-0.107490174,-2.1829553,-2.7158906,FAC20250724049785
-1.0250618,-3.0208104,-1.1652473,1.3887334,1.6973885,-0.06253022,-2.6198418,-2.677113,FAC20250930144120
0.07004678,-1.6598015,0.29597148,3.6424205,-0.88797975,-1.036622,-2.8733604,-0.9520709,FAC20250601024537
-3.3505082,-2.026564,-2.3735483,2.2639859,-1.0272943,0.5929341,-0.41685772,-0.47067136,FAC20250712118196
-2.6832416,1.0753528,-3.4590375,2.2454205,-0.6131922,-2.0407493,0.5810408,0.8666894,FAC20251001084688
-1.904983,-1.197928,-3.8175948,0.37611604,0.103171095,0.5476751,-0.87865645,-2.3209572,FAC20251018090785
-0.01991813,-0.20677173,-0.83255833,4.4316726,1.4191351,-2.2144363,0.96491253,-0.9242298,FAC20250903135382
-2.6983283,1.4328605,-2.1588104,0.22644307,-0.5057331,-2.0666611,1.5281541,-2.5213542,FAC20250915076510
-3.7467296,-0.23740907,1.0685436,1.4778299,-2.0184996,-2.3864343,-1.3085889,-0.51498204,FAC20250526103100
-1.9132111,2.0928748,-0.68409777,3.3707478,0.2495011,-1.3692857,1.0938406,-1.0970842,FAC20250523102251
-0.07846242,2.2910063,-0.90995747,1.0696315,0.33470064,-4.242565,-1.495353,-1.5474247,FAC20250622111923
-1.4326205,-0.22935006,-0.1921555,0.62557584,1.5936065,-4.6183944,0.04297917,-0.5787799,FAC20250524019607
-2.204915,-0.8456244,-3.9459357,0.52526635,0.068501264,0.5711819,-0.8037868,-1.6923623,FAC20250626113210
-3.6316066,-1.3692923,-2.5621526,1.0221032,2.325284,-0.74780977,0.25303197,-0.6191911,FAC20250711044350
-1.1336483,0.4939909,-1.2041448,-1.0268868,1.1244315,-3.7670693,-0.8190437,-2.2097402,FAC20250911137852
-2.3012614,-1.9088507,-2.4317899,0.22248268,-0.45118648,-0.20226705,-2.5188303,-0.33693543,FAC20250625036060
-2.769054,-0.28430295,-3.2497818,0.8482822,-0.77662283,-1.9747924,-0.76916724,1.216193,FAC20250919077099
-0.3754839,-0.11766704,-0.64073604,4.0903435,1.8442564,-1.6730382,0.56777376,-0.7452306,FAC20250511098368
-4.79324,1.1675777,-1.0860538,1.357203,-0.30063027,-0.5811682,-0.30831328,-0.7310401,FAC20250910073732
-1.9351816,0.4378752,-2.5093384,0.5475237,-0.40624967,-2.181756,2.1514945,-2.239219,FAC20251011089391
-1.3640895,-0.63689804,-1.6968471,0.9189555,3.291223,-1.5735544,-2.671454,-0.6575814,FAC20250617032457
-3.267566,0.6429838,-2.6761005,2.3057334,-0.9984592,0.23208359,-2.26773,0.35767835,FAC20250927143062
0.13436563,-0.4944823,-1.4351656,3.6292517,-2.0352106,-0.0051295212,-2.073061,-1.5222151,FAC20250815058750
-2.3505008,-0.5504002,-0.0049070227,1.0731483,1.4428401,-2.4942079,1.8302612,-2.4773111,FAC20250827066552
-1.5508898,-1.3076062,-3.0101047,-0.65255773,1.7877293,-2.16461,0.5581712,-2.0527782,FAC20250806054671
-0.26967126,-0.9899105,-2.4169886,-0.55379677,1.0808569,-1.6274146,-3.1355755,-2.6395254,FAC20251001086181
-2.9825988,0.09576376,-0.17963131,2.187386,-3.0218744,-2.2894568,-0.35963538,-0.016127318,FAC20250706041897
-1.5540763,2.1111872,0.11031816,3.745152,-0.35002035,-0.94489425,0.075904526,-1.827963,FAC20250830067457
-3.2944262,1.7759956,-1.2987928,0.933087,0.3680431,-1.0005919,0.97132164,-3.6194503,FAC20250624035135
-2.0072742,-1.1103206,-4.028624,0.7668501,0.24859704,0.73253596,-0.8829481,-2.0824995,FAC20250806126445
-4.273694,-0.79748046,-0.59926206,1.5667415,0.9888565,-0.72257715,1.1236461,-1.2142917,FAC20250712044772
-1.6581689,0.32614675,-0.43000475,3.974233,-0.12650156,-2.1637917,-0.5982387,1.2959257,FAC20250915075542
-1.7125139,-0.12307061,2.2241306,2.2453263,0.34513217,-2.2600112,-0.7010943,-1.6525342,FAC20250711044305
-1.6782093,0.29336226,-2.5702481,1.0148026,-0.4553899,-2.0781138,2.2838807,-1.9382958,FAC20250815129347
-1.4110904,2.3519516,-2.295542,2.0552406,-0.54278195,-0.30113482,0.14512734,-3.4163947,FAC20250422092336
-0.044034597,-2.0765398,-0.16598195,1.3582358,1.2003161,-3.5911767,-2.8816772,-0.36174956,FAC20250909073237
-1.1932771,2.3866935,-2.3376825,2.0667694,-0.57228565,-0.49321625,0.2122227,-3.5284839,FAC20250915076027
-1.6999298,0.39357346,-2.8066006,0.17069982,-0.5844633,-2.88605,1.7837827,-1.993394,FAC20250916139648
-0.022201592,-1.963195,-0.31221208,0.97553784,0.7378038,-3.7250226,-2.6618507,-0.24299727,FAC20250610029711
-2.228781,-0.7295017,0.92237264,3.799001,0.32754874,-1.7120956,-1.3922251,0.5740771,FAC20250710043662
-0.3506649,0.9195022,-3.0663245,1.2065382,-2.6144164,-1.6014957,-0.79639024,-1.4992565,FAC20250716046560
-1.4281737,-0.7057846,-1.6979537,0.98425823,3.1912525,-1.2476382,-2.3584745,-0.5906938,FAC20250424092766
-3.3291106,0.5480532,-2.3020737,2.6310565,-0.435178,-0.22192547,-1.6246938,1.0184509,FAC20250617032954
0.035180356,-1.7907829,-0.5471146,0.8439479,0.6465307,-3.6960478,-2.5858243,-0.08055081,FAC20250930084651
-1.2357476,-1.4227138,-2.4114292,0.21450308,2.6144316,-2.437721,0.83842844,-2.019409,FAC20250605026633
-0.38495973,0.5669118,0.1509976,1.592575,-1.5515045,-2.6038704,0.49690312,-3.7712631,FAC20250916139708
-1.3873472,-2.6818728,-0.7042752,1.7240856,-2.6460454,-0.3294723,-2.0398476,-2.573849,FAC20250601024018
0.5435827,0.6682106,-2.2531486,1.3212526,0.47583407,-3.125644,-3.541263,-0.38953513,FAC20250808127135
-2.8085926,-3.0504155,-1.316611,1.4575125,0.18322203,0.7481446,-0.61111283,-2.7648644,FAC20250423092476
-1.3815994,-2.2525997,-0.42256862,1.8405433,-2.567158,-0.11428333,-1.8861468,-2.6228766,FAC20250711044464
-2.315602,1.0310837,-2.4980352,0.017991675,-0.4844644,-2.9522212,1.6617525,-1.8524857,FAC20250718120311
-1.7408053,2.2876678,-0.4236685,0.48081362,-0.5854824,-2.042819,-3.170181,-1.605172,FAC20250507008489
-2.5526862,1.1933426,-2.2560725,-0.13531174,-0.47896606,-2.7915256,1.4766997,-2.2925603,FAC20250522101835
-0.73599535,0.17010477,-0.00449473,1.6301206,-3.231856,-2.4344451,-2.12771,-1.6674846,FAC20250712118488
-2.0039651,-0.458545,1.0101874,4.060549,-0.31188574,-2.149985,-0.8581755,0.5512322,FAC20250802125166
-4.084436,-0.1967512,-0.68909466,1.6909837,2.0471718,-0.30950755,0.49106166,-1.8415964,FAC20250711117972
-0.9773214,0.8129555,0.44587448,2.0197737,-1.5886383,-3.1930518,1.0323551,-2.776373,FAC20250814128946
-1.6201667,0.6229469,-0.7678815,-0.12908477,2.2700229,-3.9289224,-0.7493168,-1.2296431,FAC20250618033064
-2.898977,-0.8887567,1.1714714,1.9442621,-0.11751517,-0.9454326,-3.658428,-0.87915033,FAC20250705041477
-2.5522878,0.6144399,2.1347601,2.6498668,-0.024855126,-1.950202,-0.48048982,-2.2643616,FAC20250729123848
-2.7846422,-0.39602092,-2.5721493,0.95017546,2.3048515,-1.5072235,0.46863663,-0.0032161004,FAC20250908137070
-1.356292,-1.0318308,1.7075757,1.9391078,1.2338269,-3.150269,-1.8434224,-0.7175048,FAC20250630114523
0.18360381,1.2743505,-4.2164907,2.1148887,0.45411503,-1.9059846,-0.16725045,-0.9035256,FAC20250910137753
0.26262644,-0.64769626,-0.5006133,3.6118014,-1.5638468,-0.3619708,-2.4810479,-1.4047652,FAC20251009147110
0.9411797,-0.43853575,-1.0300903,2.2499635,2.7895012,-2.600366,-1.3577802,-2.023525,FAC20251001085865
-2.0824597,0.3863423,-4.0371847,0.88126963,1.9039828,-1.4637917,-1.5908291,0.33158,FAC20250519015447
-0.09202821,-1.1518121,-1.2150004,2.74706,-1.1376542,-3.923839,0.17382061,0.5461609,FAC20250613030325
-1.7556901,0.52833074,-1.0603185,2.5223162,1.350374,-3.1705005,-1.1596395,1.576307,FAC20250710117607
0.7128202,0.19637793,-1.9180523,3.4400742,0.7812634,0.04974096,-0.9298694,-3.3434305,FAC20250613030024
-2.1468344,1.2402155,-2.4112632,0.0013493117,-0.49597985,-2.756924,1.4555438,-2.2121503,FAC20250621111485
-0.07319389,1.0343972,-1.5281936,2.83255,0.70542306,-1.1119244,1.1543556,-3.737943,FAC20250928143232
-1.5125257,-1.9661847,-2.568911,-0.5147962,1.8989865,-2.717947,0.295274,-1.6108922,FAC20250519014239
0.3515839,0.06809994,-2.5766006,1.52552,-0.2556186,-0.99077725,1.2403725,-2.9147527,FAC20251004087003
-2.9942918,0.16955754,0.6373104,1.8661162,1.5844957,0.1568881,-1.0915751,-3.4534657,FAC20250710043709
-2.1907902,-0.053421706,-3.6816182,0.8114381,2.0238707,-2.1210654,-0.67897415,0.5453242,FAC20250805053718
-1.0773215,2.799899,-0.44133306,2.5008388,0.5090626,-1.5106785,-2.8178468,-1.5432638,FAC20250804052592
-4.235851,-1.5792693,-0.8235967,0.665967,-0.028366627,-2.1331627,1.2240251,-0.5953996,FAC20250501005947
-1.7000668,-0.9980472,-2.6544526,-0.17557818,2.737987,-2.2455077,0.274653,-2.3303785,FAC20250606106623
-0.5307341,0.92763376,-2.1551092,3.860683,-1.1345102,-1.376132,-2.5826712,0.68642116,FAC20250818061527
-3.001566,1.8763504,-1.2083632,0.5384404,0.41253728,-1.4140714,0.824869,-3.345734,FAC20250902069047
-3.9629955,-0.048834532,1.2482599,0.98875296,-1.339213,-1.4521884,-2.0993028,-1.7208936,FAC20250824132259
-3.8316758,-1.8048048,-1.0951324,0.4675415,-0.0329384,-2.0482714,1.405152,-0.9252238,FAC20250422092295
-4.134116,-1.2083173,-0.7384273,0.702504,0.3414557,-1.6198285,1.0431546,-0.584933,FAC20250713045354
-3.5359063,-2.0262609,-1.7320281,2.0195765,-1.1860287,0.6804351,-0.5836631,-0.84215283,FAC20250725050215
-1.0556698,2.7847939,-0.37168702,2.2416673,0.98310953,-1.5531874,-2.6118708,-1.7045194,FAC20250704115790
-0.64262533,-1.3195695,-2.5974169,-0.6902719,1.5442097,-1.5227325,-2.8727915,-2.647601,FAC20250922081945
-1.2227504,-2.218846,0.41690087,2.8009999,-2.726121,-1.1115266,-0.46613425,-2.5828435,FAC20251016090260
0.5163905,0.71251947,-2.2442827,1.5318488,0.19213514,-2.8295143,-3.6226337,-0.20338908,FAC20250603105735
-3.4120395,-1.8877509,-0.842671,2.1997044,0.7057878,-1.2864059,-0.9561202,1.3125963,FAC20250621034561
-2.2133136,-0.042746346,-1.2163256,3.131031,1.2360449,1.1624087,-2.0603456,-0.98938066,FAC20250821063306
-2.9166458,-0.12870538,-1.3771688,3.098819,1.2788073,1.0595921,-2.036323,-0.6933031,FAC20250922080945
-0.21104729,1.831576,-3.9691906,1.8294952,0.4945433,-1.8338073,-0.97463953,-0.5516497,FAC20250924142134
-3.1581259,-1.017708,-2.517122,1.180835,2.2328906,-0.6113806,0.72974795,-0.8590074,FAC20250806054246
-1.6644927,-0.66846263,-0.27000496,1.6889709,-3.2400382,-0.58215266,-1.8057401,-2.2532876,FAC20250719047545
-0.83920974,-0.20855755,-1.0141326,3.0511644,1.4788442,-0.9044098,-3.5558877,0.31131688,FAC20250605026173
1.2222269,-1.7522081,-1.5434848,3.1918864,-1.6422919,-2.198392,0.12923096,-2.2738037,FAC20250510098209
-0.4490393,-1.1350144,-0.49342102,4.2451715,0.6214354,-1.5633204,1.4888421,-1.535895,FAC20250619034213
-2.8109672,2.4047768,-2.8070753,0.054317523,0.23061009,-0.82999504,-1.7090763,-1.9103172,FAC20250713045226
0.18868327,-1.7177597,0.031568535,1.0600734,0.8529243,-4.08111,0.24722077,-2.6448472,FAC20250715119171
-2.8573909,-0.7137792,0.3026661,0.4870114,0.807879,-2.1300309,-3.4718351,-0.11531048,FAC20250919140676
-0.018400764,-1.6956729,-1.0162908,0.6430439,0.41797385,-4.0923786,-2.060195,0.101902656,FAC20250504096354
-2.6837509,1.4275135,-1.9218117,0.14045028,-0.3636629,-1.9408582,1.401616,-2.8218384,FAC20250512010698
-1.758206,0.5504019,-3.935477,1.1214993,1.9127525,-1.3846791,-1.1143398,0.12412109,FAC20251015148866
0.91542447,-1.0310282,-0.6078386,0.4861501,0.07194339,-2.3532825,-2.2846322,-3.6000984,FAC20251001084919
-2.192622,0.1336678,-0.5634278,3.5423226,-0.015240646,0.9761239,0.11630478,-2.9957654,FAC20250613030162
-2.739243,1.9748195,-2.0728517,1.6024427,-0.032344017,-0.17332862,0.7699958,-3.384114,FAC20250830134187
-0.20962135,-2.6422,-2.1012714,1.7689985,-2.39163,-2.1190088,0.5503264,-1.8686527,FAC20251015148823
-1.666752,-0.5676827,-2.7821853,-0.14176492,2.6153915,-2.0281458,0.40104663,-2.3978739,FAC20250810127561
-0.020105714,-1.0912117,-1.1289188,2.7222772,-0.941547,-3.9468164,0.21248089,0.5363714,FAC20250508008938
-2.2512834,1.6537224,-1.3481723,0.6193715,-0.14897475,-1.3082567,0.98945266,-3.7235625,FAC20250903069989
-2.3921459,-1.7649292,-2.5428898,-0.25351796,-0.5585142,0.071068764,-2.2431903,-1.1575255,FAC20250611108240
0.28271604,-0.25486022,-2.034432,-0.27824512,-0.3551868,-1.9710101,-3.4324043,-2.874965,FAC20250507097321
-3.7602606,-0.18900286,-0.81229377,0.002937007,1.6865939,-1.5205582,-2.4428594,-0.30058828,FAC20251007146342
-3.2472365,0.20336784,0.81049216,0.21190801,0.84770715,-3.045977,0.6360513,-2.5989854,FAC20251005145681
-2.7602723,2.2203376,0.040362183,1.7108095,1.354074,-2.6052485,0.47466844,-1.2824472,FAC20250525021322
-2.4997146,-3.0059445,-0.99538666,1.3069668,2.1784341,-1.6982572,-1.9709649,0.1798878,FAC20250425093321
-1.5001796,-2.1549954,0.54963505,0.1785541,-1.6001401,-3.3349404,-1.9758606,-1.3141865,FAC20250513011251
-3.6518939,-0.17553787,1.1465487,1.3619941,-2.0503986,-2.5005198,-1.2191169,-0.63730985,FAC20250903135242
-2.982925,-1.5593789,-2.2608726,2.0736206,-1.8126031,0.13042681,0.49421033,-0.80501866,FAC20250924083225
-0.11078249,-2.4191592,-1.7981544,2.6849644,-0.7201675,-1.1985878,-2.470027,0.4454099,FAC20250831134323
-1.7316964,-0.666404,-1.3852676,0.69385487,3.0392509,-1.4573627,-2.7426577,-0.6095476,FAC20250519015476
-3.8883045,1.8553966,-1.8438392,0.3740299,0.69057494,-0.72111166,-0.9239115,-1.1282257,FAC20250912074699
-4.3320084,-0.5033632,-0.6184934,1.8408389,1.18651,-0.8014334,1.1894475,-1.0759134,FAC20250814128880
-1.9124537,-1.3663565,-0.8448851,1.5308387,-3.1695354,-0.18588701,-2.2123525,-2.1308901,FAC20250606106781
-1.7077945,0.30398503,-2.5460901,-0.26748687,2.2558105,-1.464467,0.26067126,-2.1928835,FAC20250621111730
-2.2092712,-0.9753054,-1.3408579,4.1966696,1.0158107,0.56170225,-0.5495394,-0.19267824,FAC20251010147130
-3.1361578,1.7312119,-1.9527422,1.4641854,0.22008547,-0.3447694,1.0648607,-3.3364515,FAC20250503006594
-0.12871864,0.87477416,-2.1925488,3.1080816,-2.5367038,-0.31183085,-1.3341724,-1.934,FAC20250724049507
-1.2944154,-0.18461294,-2.541432,0.352764,2.6663365,-1.8614614,0.7729224,-2.461621,FAC20250706041642
-0.8600351,0.8548721,0.5555044,1.7477545,-1.5553855,-2.9186745,0.6876688,-3.1499956,FAC20250420000875
0.07864001,0.41024798,-2.024639,2.4899714,-0.86352074,-2.8441486,-3.0478477,0.8119484,FAC20250522101959
-1.0690925,-2.2890384,0.08606857,2.203276,-2.2821202,-0.34226733,-1.4421345,-2.7921598,FAC20250727123050
-4.0121827,-0.11317419,1.1466758,1.1010545,-1.4516414,-1.7275722,-2.1384783,-1.1599183,FAC20250428004284
-1.4847877,-2.8103259,-1.6774659,1.6238743,1.4738389,0.675109,-1.8581929,-2.51021,FAC20250515099770
-3.236887,1.1463945,-0.8960083,0.52449226,-1.9618121,-3.4156544,-0.5269919,-0.0077949744,FAC20250705040272
-3.9657998,-1.5632914,0.44578877,1.1343895,-1.6893535,-0.7778865,0.06332581,-2.614078,FAC20250709117211
-3.2092752,-1.5658814,-1.9921492,1.2563474,2.5271192,-0.83160514,0.8876542,-1.2605603,FAC20250525020758
-3.4442682,-1.415753,0.63105786,0.87485933,-1.3188976,-0.68961143,-0.1758042,-3.4242284,FAC20250425093251
-2.8739724,0.720512,-2.3529804,3.4625232,-0.7321962,-0.592978,-0.7725884,1.1089815,FAC20250429005020
-0.41462532,1.0034558,-2.7913148,0.73294866,-2.6061802,-2.2406275,-0.44173416,-1.5440722,FAC20250804052628
-0.6819046,2.6476498,-0.37644422,2.3862453,1.0035048,-1.5922798,-2.3986492,-1.44394,FAC20250630037701
-1.976993,-1.0766966,-3.3247373,0.31962514,0.004468467,0.48375192,-0.28686348,-3.2881289,FAC20250902068438
-3.3016605,-0.3214996,-0.5862407,-0.043879617,2.0600903,-1.3114718,-2.4495218,-0.8318665,FAC20250710117730
0.23265165,-1.0544457,-1.0169191,3.408233,-1.6986687,-0.26526096,-2.4232569,-1.1263351,FAC20250812056811
-3.320824,-0.90933514,0.050321817,0.093050964,-1.8576275,-1.2517409,0.108154826,-2.9711215,FAC20250703115546
-0.25208628,2.4125798,-0.9654963,2.1917276,1.9754279,-1.7506716,-1.4125643,-2.5753894,FAC20250424003497
-2.2466385,-1.6880132,-0.80428416,3.8768346,2.2693357,-0.58845276,0.5345846,-0.687476,FAC20251003086463
-0.3242526,-1.3715575,-1.3693323,2.4785721,-0.7089317,-3.7240152,0.7092878,0.4382227,FAC20250929084508
-0.58674645,-2.924472,-0.56807506,2.3367934,1.1559647,-0.1456245,-0.42531377,-3.2926164,FAC20250717120035
-3.0590951,-3.0750332,0.903894,1.293485,-0.6723025,-1.2910837,-0.72528815,-1.7694992,FAC20250802125190
-3.727634,-2.0959685,-1.4784759,-0.19211984,-0.3332468,-2.4845333,0.9884266,-1.0948764,FAC20250817061200
-0.55191153,-2.2077081,-2.3572266,1.730269,-2.9112065,-1.9789711,0.14939353,-1.2115364,FAC20250814128790
-3.8849928,-0.22931112,1.2804286,1.0787491,-1.5261419,-2.3444138,-1.7400264,-0.7613489,FAC20250912074238
-1.5170289,-1.4886738,0.635239,3.1259093,-1.8238921,-1.6417402,1.1217222,-1.9639915,FAC20250716119609
0.07551568,-1.8291458,-0.063751236,3.522921,-1.1020579,-1.0717354,-2.8738382,-0.69729066,FAC20250924141977
-1.9106565,-3.3082519,-2.4115407,-0.35922483,-0.55362546,-2.192066,-0.071648784,-1.4075699,FAC20251006145945
-2.01991,-0.24358596,-0.6950056,3.461925,0.27350286,1.0170009,0.16255306,-3.2330117,FAC20250613030077
-1.5111356,-1.6701554,0.30394363,2.7748082,-2.9939795,-1.0521114,-0.33301228,-2.0368838,FAC20250605025642
-0.7949005,-0.62470895,-1.3401186,2.840561,1.333124,-0.5863037,-3.9441473,-0.055476423,FAC20250501095245
-1.1930203,1.7752031,-3.672565,1.2012525,1.1936346,-1.7172469,-1.8252884,-0.051243532,FAC20250727123178
-3.0089183,-0.7679739,-2.2462015,2.2862751,-2.334337,-0.1455607,0.8879573,-1.02228,FAC20250429094478
-0.2745033,-2.3407855,-2.0569365,1.7474787,-2.6635456,-2.0526035,0.47877893,-1.6285524,FAC20250906136245
-1.3045912,2.5394742,-0.0044671954,2.5063415,-0.34798646,-1.8300449,-2.7468917,-0.940011,FAC20250922141597
0.3191863,-0.3888424,-0.76144725,3.5541854,-1.6015496,-0.1267302,-2.8168519,-2.069893,FAC20250822063920
-3.0633316,0.6905393,-0.4910403,0.99141437,-2.4883358,-3.194487,-0.30985567,-0.13628949,FAC20250730124213
-1.4307162,0.859955,-1.0578257,-0.7057364,1.7040912,-3.769532,-0.86500955,-1.8858159,FAC20250815059089
-2.5164287,0.07987174,-1.4241847,3.1831746,1.6934104,0.8342632,-1.6457906,-0.6747113,FAC20250825064886
-0.6722451,2.5898092,-0.7122719,2.3411908,1.8027072,-1.6281873,-2.186842,-1.9107319,FAC20250729051575
-0.5360466,-1.6437094,-2.801218,2.0711334,2.9912682,-0.91641206,-1.6990778,-0.7066567,FAC20250725050186
-1.7110034,0.006961182,-2.9333293,-0.06962534,2.4840617,-1.8239839,0.48616055,-2.4334679,FAC20250826132894
-3.1584756,0.052395675,-0.2813773,1.7855954,2.3665137,0.12674177,-0.07614155,-2.582801,FAC20250902068035
0.16656448,0.58711904,-2.1003046,2.3278265,-0.6618772,-2.6829853,-3.2312498,0.5486489,FAC20250513099173
-1.1938459,1.7655133,-3.7062426,1.2466813,1.258397,-1.6217675,-1.89221,-0.091046736,FAC20250505007502
-1.0017207,0.45276722,-0.60634017,1.7238375,0.46632326,0.49532795,-3.0861454,-3.4469626,FAC20251018090703
-3.2285075,-1.513384,-2.4087656,2.130629,-1.6132928,0.42063615,0.25255492,-0.769618,FAC20250705116156
-2.433127,-3.376538,0.70760834,1.330851,-0.4768633,-1.4431385,-0.78095955,-1.428536,FAC20250801052230
-2.8733227,-3.4090686,0.4725349,1.1509131,-0.7185622,-1.4661422,-0.86326784,-1.3205925,FAC20251012089612
-1.2914431,0.76666516,-1.7441064,-1.2609197,0.52739686,-3.6077096,-1.2801696,-1.8770202,FAC20250815058414
-0.5727489,0.8257151,-2.4915917,-0.6874926,-0.9787952,-3.3159573,-0.72480804,-1.56884,FAC20250724049298
-3.0628524,-0.9880775,-1.9481462,1.0631815,2.3852592,-0.8711452,0.90892226,-1.1165448,FAC20250806054683
-1.4485577,1.7478716,0.33297732,1.087194,-0.43623704,-2.2344193,-3.325438,-1.1210915,FAC20250617032258
0.097763404,2.39068,-1.0856916,1.059841,0.43569043,-4.0598783,-1.5343455,-2.110306,FAC20250902068808
-1.5768695,0.60600996,-1.3493611,3.3431258,1.8743689,0.5617507,-0.9876028,-0.5484311,FAC20250618033014
-1.4766117,-0.12125695,-2.7272255,2.0951338,0.11996509,-1.9464785,2.4389381,-1.1067638,FAC20250628113883
1.3952402,-0.21877775,-0.482668,1.2925962,-0.8122832,-3.0055966,-2.1720457,-2.6834445,FAC20250705041254
-1.0922502,-2.9574409,-0.3859823,1.9693626,0.7445945,-0.18322304,-0.23246801,-3.6492903,FAC20250615031844
-1.0720001,-1.4928001,1.4806492,1.8519386,1.4091138,-3.2118065,-1.9645038,-0.7703209,FAC20250716119580
-0.42761856,-2.2289314,-2.8570313,2.6767895,-1.6707621,-0.7962667,0.9283004,-1.4874724,FAC20250822131455
-0.26986498,-2.6906347,-0.8734757,2.6459758,1.6433198,-0.00031501192,-1.5120612,-2.6851864,FAC20250613109177
-0.17623405,-0.2386784,0.74932486,1.0105013,1.7481266,-1.9765908,-2.6424105,-2.5716112,FAC20250915076502
-2.6084528,-2.9214156,-1.4125123,1.6898937,0.031402793,0.865889,-0.4869957,-2.4504325,FAC20250706116502
-1.9070137,-1.196379,-4.250704,0.5200036,0.07540898,0.263619,-1.3026583,-1.3774321,FAC20250929084481
-0.1409256,-1.8547399,-0.078801736,1.2335364,1.0105984,-3.6837025,-2.7310438,-0.22318572,FAC20250619033376
0.73786247,0.19828838,-1.8525252,3.440874,0.85161746,0.06236781,-0.88781995,-3.3837616,FAC20250717120041
-0.95561016,-2.6989715,-1.4708828,2.3513632,1.362572,0.6501643,-2.016418,-2.159545,FAC20250810127687
-2.3889148,-1.2466507,0.2678548,1.1431723,1.5411164,-2.0856862,1.5722988,-3.0496027,FAC20250908136993
-1.9886333,-1.4227436,-3.7455285,0.0146324765,0.12581648,0.10119482,-1.3176515,-1.4770266,FAC20250426003692
-0.6188551,-2.3859634,-2.0093594,2.509424,-0.5598044,-1.4933796,-2.5542831,0.96014017,FAC20250506007881
-3.1606758,0.8709935,-1.3130404,0.31333065,-1.5790502,-3.1309943,-0.660163,0.40267098,FAC20250423092643
-2.9952343,0.2168126,-0.48475876,1.5120354,-2.7795694,-2.6673322,-0.4274825,0.25291818,FAC20250428004537
-0.57171273,-3.4560108,-1.2255613,2.5743659,0.19668247,-2.5933688,0.26279953,-0.04577649,FAC20250601024688
0.52718383,-0.07527389,-1.6043187,-0.03654299,-0.43718988,-2.1188934,-3.097979,-3.2596898,FAC20250519015730
0.9323025,-1.7497972,-3.4857776,1.7760128,-0.5848132,-0.5745151,-1.4679835,-2.0846465,FAC20251001085388
-2.976651,-3.4022675,0.72268903,1.4217117,-0.6503199,-1.2716428,-0.8521916,-1.3941544,FAC20250510098263
-1.0185467,1.0825088,-2.1479156,3.4324121,-1.4518731,-0.5480641,-2.97457,0.09795963,FAC20250519016145
-2.8732955,-0.145552,-3.1162734,0.90552354,-0.72843647,-2.063035,-0.59496444,1.2334968,FAC20250705040077
0.2112031,-1.6804034,-0.03782123,3.4433522,-1.2358463,-1.272114,-2.6858637,-0.6889528,FAC20250809055388
-2.8402295,1.8661548,-1.1526968,0.013403488,-0.12159368,-1.7401353,0.5063942,-3.752711,FAC20250530022574
-3.5143254,-1.036377,-0.09868032,0.9714691,-1.9477489,-0.7947407,0.6007824,-3.0986428,FAC20250428004460
-1.8554604,2.496166,-0.47329438,3.412884,0.30606738,-1.4580989,0.4243028,-1.1668564,FAC20250929143696
-0.21592121,-0.18421432,0.58154404,1.9365834,1.8791543,-4.274878,-0.019441878,-1.8004639,FAC20250630037877
-2.2589126,-1.4268388,-1.2327454,3.9646077,1.5915483,0.1314003,0.34064984,-0.6339592,FAC20250619033855
-1.0880281,-2.9055872,-1.1130619,2.405161,0.69314766,0.70581716,-1.0561581,-2.5415862,FAC20250510098107
-1.3665134,-2.3652296,-1.7622776,0.38422745,2.8894393,-2.9506302,0.18971875,-1.572668,FAC20250629037360
-1.4336009,-1.5961922,0.5927327,3.1472204,-2.0722284,-1.4829851,0.75928205,-1.829284,FAC20250519014157
-1.9122468,-1.379535,-3.478082,0.4959471,0.13301092,0.66065097,-0.6821877,-2.6940107,FAC20250806126470
-1.2295288,-3.1063845,-2.038808,-0.095663235,0.17440923,-2.8393161,0.44890434,-1.3928559,FAC20250704039706
-1.9793261,0.2799558,-0.5340954,2.8155448,0.39875036,-3.186982,-0.71792644,1.6080542,FAC20250519015589
-1.283401,-2.4884,-1.807278,0.50540316,2.6964064,-3.0381517,0.42351434,-1.609919,FAC20250708116930
-0.56119794,0.50936264,0.6459654,0.6731947,1.0545859,-2.2116356,-3.2892406,-1.8430947,FAC20251001086116
-1.9727455,-2.734653,0.75232595,0.76205283,-0.58514196,-1.7493763,0.052290406,-1.6341449,FAC20250705040461
-1.0108366,0.9051368,0.82130456,0.2860276,0.29870796,-2.4569821,-2.913592,-2.4250753,FAC20250508009040
0.16206394,-1.9303485,0.5774554,1.7961293,1.2337049,-3.6353223,0.32219374,-2.925015,FAC20250830133998
-0.7646816,-0.7402673,-2.061058,1.8216468,-0.9370386,-3.4106562,1.3925436,0.13136807,FAC20250717119799
-3.3663673,-3.096147,0.8096261,1.3736051,-0.7423559,-1.1796155,-0.764478,-1.4871186,FAC20250708043071
-2.0794582,2.202464,-0.43966648,3.166217,0.80618703,-1.5574297,0.8658065,-1.2345318,FAC20250924083281
-0.8114953,-1.3162347,-1.3389559,-0.15813868,-1.2539332,-4.214651,-1.7311194,-0.08460389,FAC20250917139962
-0.33814403,1.1852762,-2.832934,2.533814,-2.445001,-0.43714315,-0.9714992,-1.9955982,FAC20250915139075
-1.2052028,0.59869283,-0.5092416,1.5800477,0.6894659,0.43626437,-3.161397,-3.33772,FAC20250725122613
-1.1628692,1.2492093,-3.9009702,1.5322945,1.6428093,-1.0246433,-2.0875933,-0.31433624,FAC20250822063530
-0.97564435,-0.44438416,-2.1620233,1.5577776,-1.1786741,-3.516084,1.5756139,-0.13728343,FAC20250714045837
-1.785641,0.618506,-3.6893146,0.8783441,1.860279,-1.8188689,-0.96496886,0.3857793,FAC20250915075642
0.11144999,-2.1287477,-0.5742997,1.1577494,1.0060197,-3.7715697,-2.8364143,-0.33357802,FAC20250725122482
-0.6785682,-1.613226,0.16983058,3.993473,-0.15390857,-1.1829019,1.133382,-1.8146111,FAC20250919077393
-1.8632375,2.1750267,0.18157423,2.1260536,-0.97464377,-2.2843075,-2.9682367,-0.39559433,FAC20250828066837
-0.9716266,1.9258313,-2.3511817,1.6230117,-0.4513654,-1.2253989,1.1903896,-3.1920836,FAC20250911074047
-0.27531192,-0.022988478,0.44705057,1.669763,1.7842277,-4.368299,0.09302948,-1.9231622,FAC20250512010420
-0.07202337,-1.8185862,-0.8740566,2.6158025,-0.16082811,-3.8415275,0.163838,0.46440285,FAC20250508097380
-2.8139217,-1.1356823,0.053863797,-0.12156722,-1.9196696,-1.8221022,0.09323339,-3.212875,FAC20250922078828
-2.8769906,0.31162307,-3.2998085,1.298297,-0.6761958,-2.0994942,0.23352933,1.043292,FAC20251003145136
-1.7572702,-0.65962213,1.9194741,1.8845525,1.1344794,-2.6350913,-1.2660376,-1.0250148,FAC20250629037235
-0.44963977,-0.010769576,-0.6467188,3.9062958,2.3028462,-2.2185066,0.6972069,-0.8011173,FAC20250919077428
-1.8536911,-1.3120441,-1.045371,3.6994226,2.5033982,-0.9820276,0.5612702,-0.36906725,FAC20250816129565
-1.6185608,-0.23148203,-1.4997401,0.9078923,3.3709512,-1.6054448,-2.8070753,-1.0060084,FAC20250811127862
1.0577703,-0.74946517,-0.43040892,2.812501,2.3447895,-1.9181672,-1.9219335,-2.2366273,FAC20250508008543
-1.247086,-2.1440837,-0.0890688,2.2430134,-2.704847,-0.40825075,-1.3151149,-2.5435994,FAC20250601024867
-3.1272085,-0.14688587,-2.4526837,-0.5965739,-1.2717136,-0.17847902,-1.1866527,-2.712382,FAC20250818130260
-0.58315873,-0.6677076,-1.2244968,2.7143672,-0.08965998,-2.5309327,1.0562581,0.721542,FAC20250815059219
-1.1268408,-0.26892376,-1.8692968,1.0914266,-1.4134908,-3.6012423,1.6351756,-0.47634694,FAC20250429094633
0.09947436,-0.66451555,-1.6705655,1.3367932,-1.6269122,-0.50721836,-0.8333174,-4.3554516,FAC20250626036425
-1.1603034,-2.8619592,-1.3037747,1.1945357,1.7308038,-0.11529336,-2.8494523,-2.6258469,FAC20250810056696
1.6274258,-0.2136569,-1.8680437,3.7107117,-0.48052603,-2.2670174,-0.49226362,-1.2979366,FAC20250519014289
-3.1019616,0.21810518,0.60605526,1.9376098,1.6044291,0.15309452,-1.0582538,-3.3163126,FAC20250905071395
0.97413635,-1.910933,-2.1314347,2.3512523,-1.673661,-2.4102273,0.48091164,-1.7552494,FAC20250809055755
-1.7502263,-0.1759833,-1.3340738,0.72604847,3.1911929,-1.498976,-2.7791955,-0.7250141,FAC20250926084084
-1.5356772,-0.12196369,-2.9026346,1.2725347,-0.23418695,-1.9526017,2.4225764,-2.0707836,FAC20250705041362
-1.429357,0.58843046,-1.0330737,-0.90364903,1.7493167,-3.7790515,-1.0577217,-2.4843078,FAC20250805053482
-1.4756579,2.1866224,-2.618643,2.1495354,-0.36692902,-0.15462911,0.35469967,-3.2457192,FAC20250805053932
0.66595995,0.20696351,-2.1271183,3.396969,0.91305774,0.061291866,-0.8925689,-3.3722506,FAC20250706116472
-1.28695,0.5992856,-1.9158655,-1.0991467,0.9138703,-3.7226937,-1.1744176,-1.2329342,FAC20250729051132
0.85728407,-2.1519222,-1.994813,2.5333018,-1.4068993,-2.2737138,0.72421366,-2.1036468,FAC20250627113437
-2.2375953,2.0002587,-0.24769665,2.1297255,1.3137559,-2.1260808,0.6231693,-0.8485062,FAC20250922081432
-0.29783016,1.9134818,-3.9086044,1.6345752,0.38664693,-1.9773561,-0.8767856,-0.6233135,FAC20250721048573
-1.4327611,-1.9061905,-0.33729565,-0.44779134,-0.9234335,-3.7855258,-1.881114,-0.6795949,FAC20250517013833
-0.15954134,-0.5974041,-0.44391507,4.4500155,0.9216752,-1.8151672,1.0532471,-1.1446383,FAC20250516012989
-0.4509238,-2.8146532,-0.8919292,2.5295408,1.4746339,0.0996847,-1.2160643,-2.7427895,FAC20251002144559
-0.5495929,1.6602093,-1.6764762,2.542315,0.19756937,-1.3731179,1.3124983,-3.6836724,FAC20250902067953
0.7064011,-1.448441,-3.5338666,2.5633774,0.12786739,-0.061755646,-1.581368,-1.8080317,FAC20250815059253
0.83494544,-0.7405566,-0.204577,2.25337,2.4911623,-2.057363,-1.9955556,-2.223257,FAC20250725122354
-3.8497763,-2.0197115,-2.0825663,1.6841418,-1.4809914,0.0690166,-0.15922242,-0.35922077,FAC20250529022374
-1.7757438,1.8522124,-0.47724468,0.72230566,-0.7628458,-2.2264454,-3.652667,-0.954269,FAC20250822064368
1.1338246,-0.7323594,-2.702281,0.8098608,1.4128921,-2.5944366,-0.17525975,-2.771771,FAC20250915075509
-1.867961,-0.033100177,-0.4396165,1.487903,-2.965205,-0.2387709,-2.3025415,-2.5991461,FAC20250617032814
-0.7151514,1.4260664,0.35735944,2.1362207,-0.9736469,-3.790413,0.5712951,-1.6001049,FAC20250924142221
-2.835201,1.8116806,-2.3082774,1.9506149,0.36361146,-0.04924994,1.0371472,-3.038897,FAC20250518100667
0.6503843,0.15661244,-2.1298153,3.361286,0.88292074,0.077578515,-1.0678176,-3.260154,FAC20250924142061
0.30762488,0.43470743,-2.4532216,3.1169362,0.74702114,0.3418234,-0.64439344,-3.086548,FAC20250503006613
-2.3284097,-0.7425157,-1.2326562,3.9530191,1.0743781,0.87542623,-1.3110443,-0.4449293,FAC20250809055724
-2.077546,2.1246934,-0.39081687,1.3296165,-1.2011504,-2.0681884,-3.4093654,-0.63256925,FAC20250809056134
-2.9693475,1.2942232,-1.8565207,2.620004,-1.9600716,-1.0744606,-0.8379939,0.8220954,FAC20250609029217
-1.7449179,-0.757786,-0.92034036,3.4639523,3.0589328,-1.5081096,0.35693654,-0.43660095,FAC20251017149541
-1.7783781,1.8525281,-0.29071712,0.03352468,-0.5610175,-2.0506232,-3.225845,-1.9917876,FAC20250915076576
0.51931876,-1.8434232,-1.615109,2.7032235,1.5746831,-0.7089492,-1.9765553,-0.33199388,FAC20250920140952
-3.4686296,-2.3411667,-1.331966,1.8287901,-0.37463403,1.1586814,-1.2369317,-1.8936591,FAC20250519100855
-0.021527646,-1.975385,-0.39025554,3.3015869,-0.97136664,-0.97313094,-2.7975743,-0.21113579,FAC20250427093723
-1.7270472,-1.0952228,-3.937941,0.16706192,-0.26345262,0.19196649,-1.3536671,-1.581536,FAC20250908072947
-0.8837548,0.451561,-0.8029869,1.6395236,0.52970517,0.38141558,-3.4268003,-3.2497683,FAC20250423092452
-2.0556378,2.597244,-0.820199,2.972994,0.7922219,-1.8841125,0.46626958,-0.78152347,FAC20250915076038
-3.1743565,-1.3476562,-2.3107522,1.9794426,-2.1450517,-0.05500344,0.54994214,-0.82918084,FAC20250713045262
-3.4648092,-0.05219627,1.0130373,1.9004635,-0.8631199,-0.25422964,-2.6858797,-1.425666,FAC20250922078471
-0.15834983,0.49788383,-0.2170782,1.3619676,-1.6482042,-2.4230669,0.46754816,-3.6054864,FAC20250828066767
-0.52909595,2.7313905,-0.5193403,2.0421762,0.90861106,-2.0526552,-2.2656393,-1.6844988,FAC20250613030176
-1.1080799,-0.6746091,-2.0920768,1.3264946,-1.4736809,-3.7552998,1.2893963,-0.02504705,FAC20250914138839
-0.49807042,0.16887829,-0.51509005,3.9720733,2.1777396,-1.8146231,0.5020251,-0.8985911,FAC20250525021122
-0.6714367,-0.6883552,0.53153145,2.007331,-2.8508406,-3.3389907,-2.041442,-0.9414209,FAC20250728123448
-1.2688994,-1.9221425,1.1447704,1.2058408,-2.0272503,-3.178757,-2.232806,-1.4027631,FAC20250516012926
-2.4314005,-1.1674958,-0.2583849,1.4298294,1.9061313,-1.8399541,1.7652733,-2.6088774,FAC20251007088651
-2.9212909,-0.30176547,-3.268628,1.0976752,2.2821455,-0.8336619,-0.15139014,0.022760253,FAC20250420091581
-0.22180822,1.0569307,-3.27404,0.8988565,-2.175241,-1.346648,-0.7917611,-1.7564299,FAC20250506096726
-2.2894917,0.11719272,-3.8118496,0.7612169,2.0936465,-1.8271028,-1.1223615,0.4744716,FAC20250907136497
-2.2628002,-0.87920284,-1.6521977,4.2293596,1.2185723,0.4991209,-0.43500388,-0.20998934,FAC20250521017540
-1.8458657,-0.053365503,-0.36307302,0.6240613,1.9285096,-4.4865603,-0.13514936,-0.33905798,FAC20250508008787
-1.4487733,-0.35525447,-0.029660337,0.8995097,1.4732462,-4.7564964,0.107135616,-0.5227397,FAC20250613030644
-0.724498,-3.3920789,-0.39797002,2.1971807,-0.036909264,-2.8176363,-0.015105791,-0.1818781,FAC20250613030129
-1.1922299,0.5364131,-3.1624403,-1.1421986,-0.19818091,-2.8800645,-1.6331844,-1.3358759,FAC20251011089230
-3.5381052,-1.1673487,-2.7826862,1.1288443,2.194849,-0.718157,0.2945674,-0.5056532,FAC20250529103997
-1.5092623,0.7431326,-0.73912895,-0.56399626,2.179507,-3.6864145,-0.88773876,-2.3724456,FAC20250724049745
-1.7818873,0.2480878,-0.6929751,1.106694,-3.1222951,-0.6413418,-2.559042,-2.329708,FAC20250813128536
-3.3349185,-1.5938209,0.78098226,3.3690388,0.4536982,-1.2415233,-1.3185205,0.53627753,FAC20250806054620
-3.457495,-0.39821962,1.1029444,1.661199,-1.1985797,-1.0123948,-2.5778563,-0.684607,FAC20250605026159
-2.0778182,0.9064243,-2.5069742,0.22944926,-0.44470924,-2.6287851,1.7370033,-1.9059181,FAC20250421001962
-1.5820878,1.1647888,-2.5483131,2.5152884,-1.4918988,-0.07205837,-3.1136682,-0.21920209,FAC20250421001818
-2.4422452,-0.9539929,1.0003121,1.8651222,0.0020795313,-1.583408,-4.015799,-0.5070224,FAC20250723049099
-1.5372318,-1.7085451,0.6004887,3.5592716,-0.7339346,-1.2859361,1.2956071,-2.2612016,FAC20250508097420
-1.1593153,-1.8457516,0.08315889,3.6414585,-0.13902746,-1.4034321,1.5902892,-2.212714,FAC20250720048109
-0.20363216,-2.4193685,-0.42436135,3.1492355,-1.1714007,-1.7690518,-2.8006108,0.011112382,FAC20250705115961
-1.819812,0.9646297,-0.9600981,-0.21254739,2.4545634,-3.8053539,-0.8918614,-1.5443317,FAC20250902068014
-1.8583257,1.0056146,-0.97452617,-0.32603648,2.3152747,-3.7379868,-0.95033467,-1.616466,FAC20250613030074
-0.81592745,0.80286497,0.48913422,1.7630746,-1.5905458,-2.942132,0.78256285,-3.0319698,FAC20251002144550
-2.6699362,2.2500052,-0.34326178,1.9571277,1.4296051,-2.504564,0.38360438,-0.7941796,FAC20250914075295
0.85840297,-1.3290594,-2.786892,0.89511365,1.1356442,-2.209614,0.28828102,-3.3377202,FAC20250601024731
-4.587419,1.2875438,-0.89174813,1.7440122,-0.6655114,-0.4369298,-0.2501971,-0.87242156,FAC20250701039062
-1.2984487,-1.6355512,0.6178733,0.8346401,-2.1262863,-3.0660994,-2.5132291,-0.94859606,FAC20250716119716
-2.988206,-2.4561071,-1.3719772,1.8219162,1.5750715,-1.8074142,-1.2098577,1.1996976,FAC20250822063508
-0.676629,2.415303,-3.768973,1.5696468,0.33508572,-2.1398618,-1.2503226,-0.49279675,FAC20250622111897
-3.072338,-3.2578096,0.807668,1.2736702,-0.6646316,-1.24826,-1.0059229,-1.4995879,FAC20250810056715
-3.127162,-0.20067915,0.18101217,1.5300297,1.9873265,0.19740391,-0.761991,-3.0842288,FAC20250902067952
-0.49349067,-2.1403806,-0.893339,-0.56874627,0.83604234,-1.9964952,-2.0239756,-3.3818538,FAC20250503006987
-1.1199894,-1.8332283,0.003163502,3.6682112,-0.14417188,-1.350331,1.6671119,-2.2668982,FAC20251011089250
-2.1933403,-0.6942272,-0.09005378,1.3539853,1.6641158,-2.263266,1.8539394,-2.6259909,FAC20251008146605
-1.700201,-0.20976177,2.3255546,2.7338448,0.6745839,-2.0848374,-0.78395313,-2.3584845,FAC20250805053328
-1.9545157,-1.9329318,-2.9238079,0.3736274,-0.5227473,-0.3408534,-2.7791142,-0.3079912,FAC20250614031385
-0.30253032,2.0895774,-0.74992555,1.107606,0.07051797,-4.563256,-1.6647652,-1.0451463,FAC20250526021660
-2.0671117,1.6583366,0.023148496,-0.3493319,-0.79412496,-2.559778,-2.5823493,-2.426339,FAC20250808126913
-1.6061649,1.0127909,0.2830592,3.6790771,-0.05207941,0.2662693,-0.40289783,-2.3252568,FAC20250826065505
-0.9286391,-0.998265,1.7510682,1.6739811,0.63444436,-2.7163613,-1.4266218,-0.8506653,FAC20250809055961
-1.3866117,-0.4846864,-3.2182255,1.9758632,0.30901653,-1.6512702,2.3555655,-1.3756489,FAC20250915075664
-4.21019,-1.5811813,0.45268336,1.4219316,-1.6340023,-0.6560041,-0.09039927,-2.4044335,FAC20250521016805
-1.6073147,-2.01262,-2.010997,0.0982436,3.058424,-2.768277,0.065123536,-2.0581074,FAC20250526103248
-1.8083571,1.841666,-0.37782833,0.7049301,-0.7737105,-2.1314437,-3.5321805,-1.0514517,FAC20250915076113
0.7459625,-1.3032843,-3.551191,2.5564163,0.19025642,-0.0049130423,-1.4848529,-1.9180439,FAC20250514099441
-1.5928301,-0.26670966,-1.5609586,0.9395983,3.4141657,-1.4432927,-2.6876414,-0.9748616,FAC20250925083474
-0.93576413,0.24726312,-0.56560504,-0.008041048,1.5447925,-0.6840523,-0.1519101,-1.2316389,FAC20250714046051
1.0259428,-0.33554184,-1.9673433,1.2291933,2.4267464,-3.0755875,-1.1333427,-1.8356463,FAC20250915075358
-1.7635114,2.2802017,-0.61266804,0.57836753,-0.46758282,-1.7558961,-3.3050647,-1.490543,FAC20250602024953
-1.4037483,-2.1880918,0.3620656,2.7815292,-2.7252002,-1.0761218,-0.43993193,-2.4562438,FAC20250906136277
-1.6671731,0.83511895,-0.9923966,-0.58632904,2.0607255,-3.6962388,-1.0697249,-1.6064718,FAC20251001084941
-0.002597112,-2.1454923,-0.82786775,2.84297,-1.0921087,-1.0908833,-2.9128082,-0.035709623,FAC20250527022125
-1.3193783,0.82745254,-3.031165,0.5164267,2.5436428,-1.4407417,0.30178043,-2.9669893,FAC20250525021319
-0.29528767,-1.2924795,-2.1930282,-0.73912287,0.7700799,-1.809788,-3.082723,-2.6111138,FAC20250715119406
-2.488006,-2.5177672,-2.5061688,0.16949724,0.5271203,-0.5975062,-2.1543078,-0.26208073,FAC20250717120081
-2.0084078,1.4327959,0.257972,-0.30855227,-0.6966227,-2.5400615,-2.632067,-2.5259743,FAC20250519014859
0.4898039,-0.60770756,-0.8568843,3.2870433,-1.5364172,-0.4108832,-2.6792734,-1.6195928,FAC20250926083806
-2.5916536,-0.9048401,-1.1929332,4.119573,0.8344503,0.8830375,-1.462284,-0.35022852,FAC20250729051382
-1.9970102,-1.4527873,-3.6763458,0.5384688,0.40446442,0.644266,-1.1070094,-2.2145298,FAC20250822131548
-2.5694113,-0.09166331,-0.33934748,3.1416593,0.19147651,1.0078278,0.0029526083,-3.1200223,FAC20250509009283
-2.9592423,-0.9198371,0.035719417,0.03923774,-2.1068032,-1.8258247,0.16272955,-3.2006328,FAC20250819061830
-1.0999677,-2.337696,-2.831492,1.562066,-3.0599644,-1.7687389,-0.16781242,-0.89785045,FAC20250513012084
-2.8404355,-0.63151586,-0.30990127,-0.42047852,-2.1364934,-2.0486884,-0.08722879,-3.094261,FAC20250711117872
-2.4275396,1.1586173,-3.1870952,2.5972517,-1.0015305,-1.8013729,0.5135418,0.8034301,FAC20250501095225
-1.5601617,-1.0227195,1.8897039,2.080274,1.4237657,-2.5495446,-1.0213696,-1.2741516,FAC20250822064011
-0.5251855,2.8318815,-0.3731251,2.1402931,-0.060212765,-2.0527802,-2.1917913,-1.4316695,FAC20250922079425
-1.7998129,1.7793137,-0.65844494,0.37311232,-0.7424302,-2.054623,-3.7309952,-1.2389289,FAC20250513011154
0.19095345,0.7634062,-1.9460671,2.7637033,-2.4154124,-0.6748091,-1.4676973,-1.7158488,FAC20251004086896
0.05431675,2.331947,-1.2186705,1.9795511,1.8607627,-2.1048267,-1.2140374,-2.8222492,FAC20250915076358
-2.4441023,-3.0816078,-1.465051,0.96755254,1.536881,-1.1396282,-2.4048884,-0.0607925,FAC20250922079944
-0.112531856,2.0590224,-3.5040703,1.9334908,0.27966803,-2.017023,-0.8400688,-0.4986783,FAC20250605026206
-0.7940413,-1.4590136,-2.6387007,-0.7123776,1.6102047,-1.5905647,-2.8647096,-2.528375,FAC20250515099812
0.19361113,-1.8069832,0.61600393,1.9261158,1.1932005,-3.4121652,0.18610701,-2.9888732,FAC20250712044800
0.13424987,-1.2158473,0.63462216,1.9268868,1.494744,-3.6502185,0.34042296,-2.836909,FAC20250519100829
-0.100620516,-1.1943531,-1.1900615,2.749664,-0.87353325,-3.676359,0.41625386,0.45636007,FAC20250818061508
0.012154787,2.5164976,-0.9239485,1.1715813,0.24064878,-3.5006142,-1.3140715,-2.3299882,FAC20250615031868
-2.1792135,0.09882754,2.209505,2.4869592,0.9074294,-1.8964516,-0.9346756,-2.4701009,FAC20251001086075
-2.9800806,0.7266754,-0.5946581,0.9123682,-2.4975681,-3.3127732,-0.19468999,-0.16436647,FAC20250821063268
-3.8153954,-0.31722963,1.3046055,1.275088,-1.7244394,-2.2292314,-1.7116498,-0.84518224,FAC20250624035334
-1.8051814,0.48243037,0.1174141,3.585735,0.2921516,0.24876465,0.3659088,-3.0000234,FAC20250815058816
-2.915942,-0.51620615,-3.067591,0.4225645,-1.0533782,-2.3225443,-0.7398986,1.0666544,FAC20250920078107
-2.9249346,0.2502964,-0.3517611,1.7356699,-2.95986,-2.8180342,-0.13731256,-0.07040124,FAC20250515012721
-0.5551905,-1.6982809,-0.7478314,4.1979065,0.19739833,-1.2530154,1.5154712,-1.7140061,FAC20251004145281
-0.38936487,0.8159737,-2.5157504,-0.29792616,-1.7861898,-3.7154286,-0.78813833,-1.7748606,FAC20250601024272
-0.42725483,0.47031134,0.11090626,1.5898606,-1.525089,-2.5806167,0.54215,-3.8448837,FAC20250524019143
-1.4947543,-3.983903,-0.18979838,2.3446243,-0.114332885,-1.6661202,-0.59317476,-0.6423643,FAC20250607027658
0.02583225,1.8095095,-0.14204882,1.7267258,-0.80832577,-3.0577207,0.316445,-2.791499,FAC20250706041573
-2.167486,-0.1628437,-0.041485988,3.7882903,-0.44667354,-2.5431278,-0.4760257,1.3489753,FAC20250808126990
-1.470065,-2.291652,0.92930526,0.60440034,-1.6710202,-2.9930127,-2.4151924,-1.7847047,FAC20250812128215
-0.9679751,0.5494542,-1.0191323,2.0924585,0.9289721,0.6442366,-3.2308097,-2.5635347,FAC20250815058351
-1.4813067,-0.23587349,-3.0746112,1.3684689,0.00913351,-1.8622667,2.3479452,-1.9009633,FAC20251004145442
-1.781929,0.37263143,-3.544887,-0.40764728,1.4620742,-0.48931202,-1.0930256,-2.1315355,FAC20250806126200
-1.3081312,0.870782,-3.0741804,0.44121954,2.4308283,-1.275133,0.16233027,-3.0183573,FAC20250729050918
-0.43097767,1.1781119,-2.173576,3.8404565,-0.97691125,-1.0556673,-2.598136,0.2690604,FAC20250929143809
-2.4899418,2.5353112,-0.61148983,1.9724045,0.95212597,-2.7955678,0.33034307,-0.47635713,FAC20250504096175
0.78749985,-1.5110221,-0.14846621,1.2745816,-0.34022725,-4.2593446,-0.3164208,-2.389973,FAC20250701114917
0.039193526,-2.1485238,-0.34776396,1.2228266,1.0322845,-3.6196208,-2.8234615,-0.42178985,FAC20250724122309
-3.332399,-0.92831683,-0.9087957,0.9805483,2.5088854,-1.3822856,0.94328386,-1.4160196,FAC20250721048637
0.1406965,-1.1125884,-0.1042337,3.7729173,-1.0578085,-0.4599311,-2.5466995,-1.230712,FAC20250904070370
-1.4775321,-2.6346025,-2.088419,-0.4077938,0.6180944,-2.6174655,0.4266313,-1.2956159,FAC20250720048276
-0.4795892,1.6426934,-0.03976137,1.5173272,-1.4106177,-3.781126,-0.17787983,-1.6382498,FAC20250812128351
0.10316102,-2.3005297,-0.5644478,3.262353,-1.1005232,-1.6530474,-2.5892484,-0.010878853,FAC20250516013282
-1.0629137,0.49054536,-0.3627323,1.7028353,0.7000201,0.26214832,-3.2257912,-3.2685258,FAC20251018090696
-2.4896035,-1.5062506,-3.8661458,0.6953871,1.0071162,0.36051837,-0.3419585,-1.3066864,FAC20250731052032
-3.0254393,-0.65418917,1.0700318,1.4743847,-0.44247475,-1.1162434,-3.24344,-0.6367369,FAC20250706116403
-1.0873629,-0.31588897,-0.4104364,0.76636577,-3.0838904,-1.8056954,-2.6961093,-1.7700115,FAC20250624035329
-4.046298,2.0468524,-1.2434309,0.65241045,0.19585527,-0.7170972,-1.0782806,-1.1639116,FAC20250421001523
-0.023691028,-1.7355536,-1.3718208,-0.06383734,1.0094854,-1.9219879,-0.47682112,-3.947797,FAC20250813128738
-0.70925087,-2.5714204,-0.27238747,2.5978646,-0.6555264,-3.0624099,0.017482847,0.37566987,FAC20250612108814
-2.719012,-1.8912218,0.5496975,0.092614576,-1.4464582,-1.5785459,-0.15043464,-2.9267101,FAC20250701039329
-2.0477512,2.0578682,-0.57345486,0.6511779,-1.1451098,-2.1497662,-3.4016764,-0.95403314,FAC20250913138513
-0.4710586,0.73943156,-3.4185936,1.2404095,-2.4933174,-1.1663473,-0.67149246,-1.4430677,FAC20250910073952
-0.28305832,-2.374692,-2.4468524,2.6148698,-0.08563767,-1.4373161,-2.040394,0.88529456,FAC20250504096268
-2.6445296,-0.22412312,-0.3163376,2.903786,0.3237745,1.040499,-0.075359136,-3.4310896,FAC20250818130312
-3.6108358,-0.8564672,-2.74197,0.69480824,2.3631608,-1.838812,-0.06160324,0.12514348,FAC20250817060946
-0.7805853,-2.3990824,-2.5393286,1.9386721,-2.7365263,-1.5841215,0.35295516,-1.1047271,FAC20250821131159
-2.3968704,-2.4957967,-1.2419652,1.3377908,1.9174497,-1.9189669,-1.7230846,0.83961195,FAC20250923082423
0.54569465,-1.5962844,-3.1518881,0.9866453,-1.5969702,-0.7689651,-1.5787107,-2.9115984,FAC20250503006486
-0.8024746,0.35787615,0.92982125,0.50170255,1.1116961,-2.320433,-2.6966786,-2.7247205,FAC20250510098145
0.71387017,-1.7591623,-3.4360716,1.6274729,-0.8975696,-0.4899989,-1.668478,-2.080845,FAC20250704039725
-1.6591641,0.41938543,-0.9465195,0.96799594,-3.1511018,-0.94364065,-2.8007765,-2.0939088,FAC20250510009784
-4.6582465,1.2057352,-0.8410179,1.7989851,-0.6192628,-0.40916473,-0.283557,-0.83700174,FAC20250428004309
-1.1883633,-1.5259897,-1.0404878,1.1004914,-0.5304654,-0.0047435975,-4.1677175,-2.1154323,FAC20250616109902
-0.98142165,-1.4152676,-2.85986,3.2327545,-1.6432154,0.001980229,1.0364937,-1.970114,FAC20250820130981
-0.35361725,1.1990182,-2.630691,0.1991343,-2.2288096,-2.9222243,-0.7176029,-1.9023919,FAC20250617032181
-0.64209193,-1.7834165,-1.1763932,0.07334436,-0.34286013,-3.8983855,-1.877797,0.23346889,FAC20250922082084
-2.2119,-3.2126503,-2.5205197,-0.4038873,-0.59476084,-2.0140843,-0.037896104,-1.4204419,FAC20250610107941
-0.82517695,-1.6672592,-0.80598915,-0.5513539,0.7054205,-1.9259572,-0.77457464,-4.122741,FAC20250820130823
-3.2920756,-0.13027278,0.7443555,2.225393,-2.494104,-1.9146454,-1.263736,-0.24478842,FAC20250825132402
0.7472312,-1.0046122,-3.507517,2.659895,0.40761906,-0.0030526703,-1.5573548,-1.8090155,FAC20250613030702
-2.1067421,-0.76516247,-1.5537679,4.0495296,1.4998558,0.3844183,-0.30107728,-0.24051824,FAC20250603105711
-1.8739588,0.01652952,0.40882707,4.3226795,-0.8387601,-2.4429686,-0.16374162,0.64108306,FAC20250902068654
-0.8804255,-0.6597467,-0.94772243,3.5392494,2.7765703,-1.688283,0.0467657,-0.2794457,FAC20250702115024
-1.391337,-1.1160846,1.6333705,2.0679786,1.6236181,-3.0346158,-1.78038,-0.8651232,FAC20250917077076
0.043665018,-0.7058061,0.47624877,1.4326681,1.4482986,-3.797075,0.18825908,-2.6724722,FAC20251012089724
0.57772785,-1.2191739,0.7486728,2.0409725,0.8127755,-3.5457373,-0.040508676,-2.7836642,FAC20250630038141
-1.015963,-0.67126405,-1.5324172,1.4998654,0.22815661,-0.24499969,-4.4311376,-0.9506568,FAC20250806054400
-1.2550863,0.3220194,-0.42906955,1.3277837,-3.4290514,-1.6463389,-2.36712,-2.053772,FAC20250725122646
-0.81137013,1.2652999,0.36987287,2.2168229,-1.1065338,-3.6538312,0.9110754,-1.9822524,FAC20250420000991
-1.2121965,-2.5873477,-1.3735889,1.947385,1.7030158,0.6390926,-2.1684096,-2.4385235,FAC20250523102201
-1.3580929,0.19676436,-0.2616286,1.2513596,0.6223956,0.23956034,-3.4354646,-3.2318332,FAC20250906136459
-2.9452276,-1.8171914,-0.41428992,1.3752546,2.4290516,-1.4524332,1.1393408,-2.2189054,FAC20250616110152
-1.6953454,-0.08350509,0.90706104,3.9565294,-0.021683814,-2.3301864,-1.1941328,0.6445406,FAC20250916076847
-0.4536257,0.99379027,-2.4400654,-0.27274498,-1.8132359,-3.3845618,-0.873435,-1.8302525,FAC20250922082118
-1.79061,-1.2503366,-3.6538255,0.56861573,0.22336105,0.7003982,-0.74774826,-2.7470236,FAC20250513011367
-0.28372782,-1.1145833,-2.4456701,-0.64743006,0.4710784,-1.9050231,-3.4446366,-2.2868688,FAC20250516013180
-3.497899,0.16823693,-1.3651589,0.118718386,-1.1955262,-2.9553065,-1.2373108,0.7248376,FAC20250510098030
-1.1885415,-1.5945902,0.8859736,0.99355334,-2.2352095,-2.7652953,-2.633294,-1.5583149,FAC20250809056197
-1.3572924,0.35361454,-3.2283509,-1.2140188,-0.15024187,-3.0194192,-1.7064843,-1.2174146,FAC20250625036004
-1.9962866,-1.8564553,-0.28040403,-0.67892295,-1.2482672,-3.2737048,-2.1565044,-0.9559852,FAC20250424092820
-2.3755307,2.2850995,-0.38562468,2.2084718,1.3289075,-2.2473743,0.4840167,-0.794587,FAC20250530104408
-2.6788392,-0.19770396,-2.3810515,-0.02568225,-1.4554454,0.283519,-1.0158907,-3.097206,FAC20250830134153
-0.43141422,1.1106815,-2.92001,-0.31075025,-1.5975361,-2.3035605,-1.3475592,-1.767574,FAC20250721048623
-2.3839123,-2.4068542,-2.7104933,0.10764075,0.8492586,-0.28402308,-1.8693455,-0.5584177,FAC20250924082863
0.5310227,1.7842203,-2.3131452,3.344006,0.077601776,-2.5503578,0.10905185,-0.80991673,FAC20250720121008
0.37864786,1.7728481,-2.5255876,3.236149,0.08887451,-2.668301,0.28430527,-0.79009795,FAC20250606027148
-1.1774946,1.0706038,-2.4689867,3.0317607,-1.397748,-0.31979623,-2.9843013,0.0010045259,FAC20251012147856
-0.16124289,1.9375103,-3.7982194,1.9934814,0.4278154,-1.8907202,-0.9031181,-0.6042276,FAC20250826065718
-2.6394813,0.09200644,-0.26173386,1.7680364,2.6617591,-0.03240337,-0.29289943,-2.919284,FAC20250826065660
-1.6189948,2.0229363,0.036249816,3.9305694,-0.28356186,-0.5632289,-0.33603236,-1.8269876,FAC20250822063813
-1.3474644,-0.94461477,-2.921455,1.9787652,-0.5383097,-2.9217417,1.9658538,-0.09377371,FAC20250525021161
-1.0718826,-0.46282664,-2.3067615,1.7612102,-0.7243463,-2.9923556,2.0079749,-0.41764402,FAC20250625036300
-2.6397982,-2.7920434,-2.0044692,0.4067969,0.49849534,-0.837715,-2.624909,-0.027858894,FAC20250923082492
-1.22292,0.58045834,-0.9767521,2.948042,1.6776875,-2.0400248,-2.139721,1.1766354,FAC20250719047643
-2.5810611,-0.83794194,-0.44117874,-0.3359894,-2.4730968,-2.5855582,0.14773928,-2.873267,FAC20250815058240
-1.3341293,-2.0526881,0.5349292,2.9194882,-2.4632354,-1.1633716,-0.0438408,-2.378559,FAC20251018090929
-3.0987198,-0.47784588,-0.36634913,2.493241,0.52206725,0.96599764,-0.011984415,-3.2883594,FAC20250804125703
-1.9301533,1.5282041,0.17271106,-0.17941394,-0.6965948,-2.5571299,-2.9332628,-2.267472,FAC20250804052529
0.16794194,-1.7860584,-2.031682,0.18150605,0.6127296,-2.1621003,0.08413197,-3.9982371,FAC20250919140525
-3.1644642,-0.28561485,-1.7999772,-0.88489056,-1.5852584,-0.7914558,-0.98476285,-2.5314705,FAC20250506096813
0.4424984,-2.0237556,-0.5083911,3.297449,-0.47780135,-0.9230517,-2.5182893,-0.5642994,FAC20250624035399
-2.7320564,-3.1549985,0.81195456,1.1737336,-0.5559157,-1.7018108,-0.39078343,-1.570257,FAC20250709117509
-1.2349154,2.6470952,0.00016036227,2.4468768,-0.35411042,-2.0742145,-2.6066978,-0.834457,FAC20250613030304
-1.2692435,0.6741268,-1.7377213,-1.0405195,0.4973461,-3.9405053,-0.6455604,-1.1793575,FAC20250731051694
-0.16852812,0.5451143,-2.0723171,2.7187986,-1.0027436,-2.3466995,-2.865512,0.8895521,FAC20250813056850
-0.28518143,-2.5079134,-2.2010067,1.4464839,-2.7399964,-2.296309,0.18568629,-1.5654979,FAC20250702115099
-2.8462703,0.65902,-2.4679482,3.12924,-0.7238862,-0.7265492,-0.46807757,1.0689887,FAC20250724122322
-2.4732869,-3.1983755,-1.3849125,1.2445124,0.43910375,0.12909204,0.13793139,-3.0911007,FAC20251004145460
-0.35844758,-0.4959684,-0.5449201,1.239977,-1.4023912,-1.252487,-0.098443046,-4.7502646,FAC20250605026231
-2.3670096,1.559524,-2.3495674,1.5472172,-0.08633027,-0.51310027,1.3653212,-2.7209346,FAC20250816129453
-0.8682341,-1.652446,-0.7155803,-0.6645502,0.67304486,-1.9415941,-1.0409144,-4.0088797,FAC20250530023334
-0.14226557,0.0036887492,-0.5034905,4.2792664,1.6295309,-2.28931,0.6317249,-0.85168815,FAC20250523102187
-2.5553606,-1.9934818,0.2027373,2.6280224,1.517062,-1.5597169,-1.4970803,0.87402284,FAC20250907072524
-2.763343,-2.790027,-0.8454901,1.5697476,2.070706,-1.5866034,-1.6381819,0.4238316,FAC20250917139735
0.2199797,1.3464226,-3.7884445,2.47073,0.49565604,-1.9938568,-0.07937111,-0.6803535,FAC20250809127433
-2.9822094,-0.21929856,-2.970748,0.5077601,-1.2627499,-2.162906,-1.0900633,1.0525622,FAC20250530023838
0.7967113,-1.4770864,-3.4943218,2.5325782,0.09844744,-0.055919085,-1.4237181,-1.8725065,FAC20250421001267
-0.5030941,0.69906354,-2.628285,-0.53032863,-1.6128976,-3.6043751,-0.9445641,-1.7704093,FAC20250420091481
-0.22920208,-0.07093848,-0.18827763,1.2090412,-1.3978664,-1.8719658,0.29218543,-4.413414,FAC20250512010842
-2.9767132,-0.32162625,0.16307473,2.241757,0.83632207,0.77955675,-0.61600906,-3.4414847,FAC20250424003254
-1.4359456,0.43581915,-2.807814,0.46488032,2.6242104,-1.5524973,0.6388805,-2.8147285,FAC20250803125471
-1.2874724,-0.6965579,-2.7143407,2.2657812,-0.07167693,-2.460193,2.2705667,-0.43840498,FAC20250529022402
-1.5203066,-2.676916,-1.4592186,1.7744489,1.0244325,0.8361377,-2.201943,-2.0803046,FAC20250924141973
-3.4226358,-2.360529,-1.7097441,-0.5353125,-0.04172481,-2.1709557,0.47354662,-1.2455006,FAC20250913138610
-1.111267,0.45137224,1.0129151,-0.019521406,0.32231602,-2.5779524,-2.2155213,-3.0569696,FAC20250922080718
-1.6855627,-0.13024804,-0.30941775,0.6053247,1.7436765,-4.6179204,-0.042388313,-0.3548395,FAC20250609107797
0.20118617,-0.7909111,0.41696846,1.0312778,0.89561504,-4.077419,-0.06293709,-2.2437632,FAC20250523018613
0.10822783,-1.9740887,-1.456256,0.5322356,-0.13670622,-3.8743403,-2.2387226,-0.14916971,FAC20251007088714
-3.9304419,-1.722994,-1.3688294,-0.05828625,-0.10719647,-2.0999217,1.0072515,-0.98383963,FAC20250510098047
-1.3317907,-1.6513058,0.6744882,3.1294944,-1.8538703,-0.96187145,0.42106566,-2.1630735,FAC20251003086611
-1.2715566,2.0585485,-2.5947514,2.0459511,-0.40023473,-0.37146315,0.5365212,-3.2885487,FAC20250815059271
1.3979763,-0.5706061,-0.57274824,1.339846,-0.45217952,-2.6264472,-2.3402367,-2.954857,FAC20250817060843
-2.8802428,-1.3783333,-2.21934,2.1330898,-2.1349328,0.03191202,0.58300567,-0.81002486,FAC20250703115344
-0.50283045,0.94886667,-2.3787065,-0.48593637,-1.6242379,-3.658654,-0.8750079,-1.9117956,FAC20250924083218
0.42369798,0.024631213,-2.639669,2.8610992,0.62746394,0.30613238,-0.5369047,-2.835498,FAC20250504006994
-3.6994164,-0.24475016,-0.4966473,-0.0076818196,1.4561894,-1.5919019,-2.5828018,-0.25460216,FAC20250428094154
0.44006926,-1.9374988,-0.10082065,1.2235943,0.030015174,-4.103424,0.19576234,-2.5595784,FAC20250521017481
-0.56178194,-0.21286371,-0.008416699,1.8184696,-3.1511855,-2.7091293,-2.0484297,-1.1650525,FAC20250927084318
-0.46931565,0.111370124,0.028605599,2.2408152,-3.2065837,-2.9326017,-1.9005924,-1.1557535,FAC20250524019777
0.25514945,-0.8641933,-1.8064411,0.9981172,-1.8795924,-0.94955575,-0.63295335,-3.9895852,FAC20250826065493
-0.29825157,0.20595558,0.049433883,1.184218,-1.2670203,-1.9768006,0.11816329,-4.240139,FAC20250523102376
-2.298734,-2.9020987,-2.4208398,-0.42151266,-0.3709931,-1.9745324,0.3039807,-1.3215547,FAC20250716046922
-0.99634206,0.7466377,-1.5189478,2.416663,0.7772896,0.88042396,-3.0158145,-2.4319282,FAC20250527022086
-0.23387028,-0.3951684,0.61861193,1.180596,1.8828301,-1.9813267,-2.9107718,-2.507695,FAC20250729051485
-3.1042733,-2.0922675,-2.3258164,2.3579414,-1.0825832,0.65756166,-0.4612665,-0.45259485,FAC20250524018891
-1.2077426,-3.2184186,-1.7018929,0.2988174,0.1785186,-3.1702013,0.90513074,-1.4578111,FAC20250809056431
-2.8680513,0.25771478,-1.7217928,2.5168214,1.307789,1.1793569,-2.27689,-1.1706201,FAC20250817129958
-2.0502489,-0.4447278,0.9794882,4.0867796,0.3889343,-1.6326834,-1.6578051,0.39959702,FAC20250825064874
0.8474368,-1.9519916,-2.247744,2.2825642,-1.295492,-2.3079956,0.90201205,-2.1059387,FAC20250926142863
-3.1253078,0.9694496,-0.8049534,0.42549786,-1.908129,-3.4063601,-0.4168898,0.02895582,FAC20251001085628
1.1486455,0.35285556,-1.8049948,3.6914742,-1.0245107,-2.010926,0.04282523,-1.2691181,FAC20250623112132
-2.9964476,-1.5555835,-0.96004957,1.1938715,2.3250408,-1.240273,1.1994002,-1.8047482,FAC20250914138812
-1.5749074,0.98420286,-3.986772,1.195603,1.7096808,-1.1753198,-2.041444,0.029703598,FAC20250524019076
-0.035110008,-0.7794484,-1.7622521,1.2382629,-1.778552,-0.52099305,-0.9157041,-4.421501,FAC20250706042302
-1.7368623,1.2121779,0.5307215,-0.10861105,-0.49820933,-2.6215217,-2.6139247,-2.717243,FAC20250824132134
-2.3591418,-0.93465817,-0.22134303,1.2082475,1.7844075,-1.9778361,1.7414427,-2.3412201,FAC20251003086567
-3.322295,-1.6951842,0.3773718,2.8002381,0.7941703,-1.3444802,-1.2592047,0.8012984,FAC20250601024384
-1.6732466,0.3750052,-1.1329043,2.446208,1.4050407,-2.9041064,-1.2988851,1.5680271,FAC20250525020229
-3.0853817,-0.59979063,0.44189343,0.50685436,0.48813125,-2.1654987,-3.320619,-0.10587044,FAC20250602105353
-3.4854226,2.0865898,-2.94485,0.26656827,0.09317426,-0.8615153,-1.2097019,-1.1609828,FAC20250502095514
-4.416956,1.6335585,-1.5039662,0.7163563,0.17180087,-0.6793378,-0.72345024,-1.0272495,FAC20250727050436
-3.1368566,-2.323327,-1.3558055,2.1287847,1.5609735,-1.6981108,-0.95455456,1.1996303,FAC20250815058767
-4.5446353,1.212356,-0.6866486,2.030692,-0.75743806,-0.42973518,-0.088934325,-0.87281597,FAC20250705116162
-1.0632772,-1.9949813,-0.87817895,-0.9333682,0.74189615,-1.9077886,-1.9000912,-3.4669876,FAC20250720047826
-0.57265747,1.4683095,-3.7178087,1.667919,1.283248,-1.296947,-1.3169404,-0.19766968,FAC20250730124000
1.2277725,-1.5761571,-1.5005453,3.2900193,-1.6979378,-2.2329636,0.17525274,-2.2500548,FAC20251003086585
-0.91479397,-0.122920975,0.09678433,1.1040077,1.406317,-4.691124,-0.02336574,-0.9203079,FAC20250725122512
0.63120687,-0.63158566,-3.2932968,2.8746676,0.6675226,0.1792626,-1.1542381,-2.0281465,FAC20250429005431
-3.1706378,1.8069843,-1.4794371,1.1468601,0.30089208,-0.70281935,0.87400067,-3.508056,FAC20250630114456
-1.2966132,-2.7794583,-1.4604197,1.3633276,1.6251296,0.27976596,-2.6160474,-2.6581924,FAC20250509097938
-0.26455513,0.83818066,-2.1825624,3.3092728,-2.4792407,-0.11242026,-1.2458489,-2.0757735,FAC20250922079598
0.09102491,-1.4413748,-0.025946239,3.46019,-0.9760158,-0.9216655,-2.7724178,-0.7633347,FAC20250805053497
-0.3453852,-2.4035618,-2.061976,2.623074,-0.725886,-1.244481,-2.310379,0.6635571,FAC20250809056113
0.57002205,-1.2112743,-2.2664595,0.4887144,0.879272,-2.083642,0.21714371,-3.9344993,FAC20250910073749
-4.4844885,1.4335952,-1.0264473,1.1841145,-0.32713065,-0.47330198,-0.5693877,-1.0082238,FAC20250519014659
1.2457597,-0.47711456,-0.023457116,1.8427371,-0.78702784,-4.1877084,-1.4890205,-2.0212543,FAC20250729051024
-0.44186145,1.3228974,-2.8025317,2.5163207,-2.4523008,-0.49633208,-0.77222633,-2.104358,FAC20251001085170
-0.45640647,2.0442545,-0.7222425,1.1481367,-0.003422613,-4.5754175,-1.6621025,-0.7514786,FAC20250716046501
-0.104825005,-1.9657494,-3.1068525,2.114061,1.5114197,-1.7392212,-1.157991,0.5228538,FAC20250805053373
-0.32431206,-1.7711692,-2.7495544,2.078761,2.6208892,-1.0264435,-1.5833372,-0.31021333,FAC20250711118061
-1.2408581,-2.0559072,-2.0612621,0.37824735,2.6962655,-2.9469995,0.4883884,-1.6461778,FAC20250630114493
-0.8143743,1.9114289,-1.9079877,2.1311255,-0.018572807,-1.1102449,1.1210154,-3.5831964,FAC20251004086746
-3.621696,-2.1839683,-1.3422601,1.6707424,-0.41098106,1.2334768,-1.5658072,-2.0634453,FAC20250616110102
-2.2938626,1.3447819,-3.1036437,-0.34976134,1.5759314,-1.1667604,-0.5360626,-2.1235976,FAC20250926083607
-0.050225783,-1.9773122,-0.21563628,1.2203203,0.9756581,-3.6237156,-2.8119361,-0.34825575,FAC20250419091315
-2.8845277,-0.66749036,-0.123817235,-0.008976086,-2.281581,-2.0078578,0.20984864,-3.083997,FAC20250721048442
-3.1034706,1.4448165,0.4731218,0.7338122,0.8168344,-2.9168942,0.4706144,-1.7364028,FAC20250430095018
-1.5579895,-1.5795459,0.81723356,3.637954,-0.94292784,-1.4043801,1.0913482,-2.1032248,FAC20250720048162
-1.0247241,-0.6321775,-2.302965,1.7296659,-0.82234824,-3.3108737,1.724579,-0.1059182,FAC20250815129378
0.09674067,-1.9891069,-0.5349896,0.9913671,0.78456587,-3.7256246,-2.679718,-0.1784462,FAC20250724049266
-1.8240343,0.91260904,-0.8239531,-0.4182074,2.389822,-3.7311585,-1.0158759,-1.9313611,FAC20250808126947
-1.5919547,0.5094312,-0.9598301,-0.604278,1.7761683,-3.9639342,-0.8436482,-1.2353035,FAC20250906071809
1.1117477,-0.6814814,-2.4989638,0.794485,1.7718744,-3.1778548,-0.75651866,-2.0142484,FAC20250805126117
-0.025450677,-2.0838504,-1.7089101,3.0109594,-0.50062525,-0.9368468,-2.096689,0.56903917,FAC20250721048516
-0.2863416,-2.786581,-0.84867805,2.9721065,0.24457051,-3.1795177,0.12055256,0.24260217,FAC20250625035697
-0.28306425,-0.86595064,-1.2743326,2.7979136,-1.8740982,-3.8444595,0.013535686,0.5604007,FAC20250420000650
-3.2704,-0.14624129,-2.245631,0.14263241,-1.3103424,-2.397296,-1.6349957,0.88102025,FAC20250907136546
-3.0304525,1.9418323,0.028629534,1.3915012,1.2073901,-2.8767989,0.5217429,-1.0223429,FAC20250921078434
1.1667454,-1.8174276,-1.2947071,3.010665,-1.7403004,-2.2913566,0.18742418,-2.3347478,FAC20250519015890
-2.7802353,-0.6353932,0.37030643,0.7899653,0.46427578,-2.5166159,-3.6946092,0.12297487,FAC20250713118661
-3.2937763,0.52783483,0.22397421,0.92782587,-1.9722944,-2.639551,-0.9914136,0.06406487,FAC20250902068838
0.37417704,-0.14559694,-1.3065366,3.4334948,-1.9741455,-0.17567405,-2.0521145,-1.6716951,FAC20251011089161
1.0919402,-0.8884595,-0.2341633,1.4772445,-0.4523261,-4.37821,-0.8679652,-2.1381757,FAC20250519014380
-2.0986621,-1.863883,-0.20511691,-0.71483326,-1.0210699,-3.5370643,-1.9504734,-1.0465454,FAC20250528103674
-1.4961011,2.4400964,0.13167463,2.8072338,-0.7108901,-2.225228,-2.6042018,-0.5325071,FAC20250606106895
-0.5549495,0.8219523,-1.2009801,2.0107985,0.68986034,0.38882205,-3.2214816,-3.0150874,FAC20250504096079
-1.3835838,-0.44297773,-3.0099018,1.683168,0.09144199,-1.7666264,2.442015,-1.9809271,FAC20250617032845
-3.8790634,-0.15239573,1.24713,1.1699648,-1.0764744,-0.9353833,-2.3891077,-1.8924564,FAC20250627036650
-0.3435525,-3.4776733,-0.9975304,2.5323617,0.29937172,-2.6853607,-0.0015928173,-0.24551065,FAC20250819061743
1.464291,-0.56676126,-0.08632056,1.7514708,-0.7016297,-3.4441392,-1.8478552,-2.548185,FAC20250915075570
-2.8548715,0.9064434,-3.2308953,1.501044,-0.41272572,-2.1141963,0.47518006,0.8245669,FAC20250806054121
-0.5119584,-3.2754877,-1.0223334,2.722781,0.3013649,-2.7090602,0.2586328,-0.0077037993,FAC20250729051155
-0.083605245,2.2256224,-0.8176754,1.0682628,0.0036200054,-4.213648,-1.311236,-1.6553923,FAC20250503006726
-2.0066803,0.6552489,-2.5110407,0.18147257,-0.43154797,-2.4663033,1.8866942,-2.315513,FAC20250903069991
-1.173662,1.2070545,-2.5370407,2.9522629,-1.3753669,-0.31912285,-2.986813,-0.0999528,FAC20250728123536
-3.3462877,-1.3152349,-2.4004686,1.9396732,-2.245238,-0.16966167,0.41141155,-0.65042603,FAC20250815058516
-3.1434486,-0.47079605,0.17278634,0.11356677,0.9225077,-2.174902,-2.9346037,-0.1979649,FAC20250720048182
-3.366911,-2.4043844,-1.5736575,1.9940418,-0.56185085,1.091443,-0.9223976,-1.662651,FAC20251002144644
-0.8285426,1.08651,-2.1525214,3.4107075,-1.3729255,-0.98886424,-2.7307856,0.37287983,FAC20250718120426
-2.1295922,-2.6580877,-1.494621,2.0435472,-0.043973714,1.2211953,-1.4226613,-1.7511226,FAC20250830134206
1.5119627,-0.3302035,-1.2242492,3.930348,-0.95385724,-2.3078618,-0.27769616,-1.8882823,FAC20250904070392
-1.1252836,0.2620363,1.2953411,0.4044419,0.70576686,-2.5577657,-2.6128383,-3.1333973,FAC20250512098720
-0.38634893,-1.4574052,-0.5228444,4.2410903,0.19226137,-1.1531057,1.2074221,-1.5818044,FAC20251001085962
-1.717174,2.2642608,-0.5455494,3.879269,-0.69749695,-1.2100638,0.4752201,-1.2856222,FAC20250906136307
-0.14430174,0.7439053,-2.1079767,3.6927927,-1.0437136,-2.0426147,-2.6361763,0.806914,FAC20250602105477
-3.5160782,0.02691741,-1.4929893,0.13249436,-1.2074155,-2.7387357,-1.4925834,0.83886623,FAC20250430005747
-2.8138716,1.8655635,0.2489883,1.331052,1.0718693,-2.8442194,0.5980447,-1.4631585,FAC20250421091880
-2.7323112,0.4965961,-1.9140897,2.4417853,1.6284906,1.0880736,-2.1419039,-1.3324639,FAC20250816129416
-0.60579675,1.0857792,-2.073737,3.7789323,-1.189004,-0.9058176,-2.7008078,0.36526865,FAC20250504096063
-3.3401675,-0.073777884,0.61313426,2.311589,-2.55088,-1.9117332,-1.1003978,-0.20729189,FAC20250805053540
-1.8979269,-1.3731489,-2.4337292,2.2472935,-2.447463,-0.33310282,0.77333003,-0.9273829,FAC20250528103700
-1.756209,-0.061519444,-0.42290908,0.42241082,1.8057942,-4.4822755,-0.10765268,-0.39541104,FAC20250926083826
-0.32956365,0.1342903,0.029451426,1.1497949,-1.1825281,-1.9784198,0.14424399,-4.3558197,FAC20250601024164
-0.61850363,1.370179,0.21068414,2.202696,-0.93753034,-3.6703165,0.8322783,-2.01555,FAC20250428094110
-1.2016088,-1.0867914,-0.883667,1.0579097,-0.3082163,0.0050422726,-4.123114,-2.0571952,FAC20250421002022
-1.8420234,0.5735806,-0.7852353,0.23750097,2.4461286,-4.042488,-0.65866643,-0.6884319,FAC20250630037852
-0.93312323,0.3381932,0.9039944,0.15466581,0.6843583,-2.2782123,-2.3884604,-2.6254487,FAC20250915076615
-1.8236139,2.3573167,-0.57932127,3.7717931,-0.42089397,-1.3475927,0.56960905,-1.1798024,FAC20250629114117
-2.4566545,-0.84808815,-1.2794025,4.1077337,0.9296703,0.8561234,-1.276507,-0.38700446,FAC20250621034611
-0.2905477,0.9366147,-2.0687215,3.8328388,-0.990904,-1.5307983,-2.5061014,0.62188506,FAC20250506008240
-0.11793504,-1.8383317,-2.7500465,1.8687229,1.7927132,-1.5858433,-1.560917,0.35550702,FAC20250628113987
-0.26161465,-1.9365938,-3.340782,2.1333852,0.6995491,-1.8933995,-0.91658056,0.87112224,FAC20250815058555
-0.22190933,-2.6362174,-0.8340039,2.803393,0.3363583,-3.366527,0.09792733,0.2689868,FAC20250601024010
-2.6007564,-0.28647208,-0.6075276,3.0333772,0.4714619,1.0603887,0.1872929,-3.2096674,FAC20250902067997
-1.8527483,0.34655395,-4.052368,0.8541621,1.8012434,-1.7001519,-1.4916235,0.36255598,FAC20250911074151
-0.5337935,-2.0378535,-2.214594,2.2599077,-2.1240704,-1.0423888,1.0159153,-1.5507337,FAC20250806126367
-3.7783186,-1.7720795,0.06511871,2.641099,0.5233579,-1.461548,-0.9370094,0.9378654,FAC20250525020993
-3.6268556,-0.2562833,-0.34318176,0.24954179,1.3526745,-1.5437546,-2.5214972,-0.11447289,FAC20250902069211
-4.4623814,1.2707455,-0.114398494,2.457074,-0.65798724,-0.5719855,-0.025910215,-0.9593762,FAC20250724049324
-2.317999,-0.547588,-2.2457047,3.0010939,-2.1955817,-0.14518301,1.0930526,-1.0272956,FAC20250524102645
0.33416045,-1.8316457,-2.3910573,0.2660798,0.60015535,-2.2033436,0.1841687,-3.7602255,FAC20250506007733
0.099914044,-1.9831967,-0.062379546,3.4811532,-1.0299153,-1.270902,-2.586022,-0.55635256,FAC20250625035542
-2.84707,1.7805109,-1.5141308,0.6747944,0.22858264,-1.3243837,1.1581688,-3.1454608,FAC20250916076773
-1.743759,-1.9356791,-0.6586598,2.029835,-3.0211973,-0.13476783,-1.6450212,-2.130217,FAC20250428004356
-2.4149482,0.25304344,-1.6875515,2.6062288,1.3326137,1.3071185,-2.1516395,-1.3830543,FAC20250501095221
-2.8895543,0.5244459,-0.9544255,0.75257313,2.537964,-1.0622302,-2.803344,-0.706871,FAC20250902068010
-0.31428203,-0.42396405,0.4815891,1.5916948,1.7664499,-4.1648183,0.324508,-2.209377,FAC20250806054439
-2.6149788,-0.6521038,0.5994912,1.12019,0.46473828,-2.2123039,-3.927136,-0.110566355,FAC20250506007903
-2.259099,-3.8755856,0.20682703,1.8866345,-0.42327926,-1.303092,-1.0863034,-1.0286838,FAC20250922081867
-0.871062,-1.4289551,-1.4936588,-0.14968297,-1.21906,-4.2234573,-1.5727408,-0.12569144,FAC20250818061633
-3.073417,1.6109643,-2.1518688,1.4550658,0.21374005,-0.4236462,1.2729659,-3.0781791,FAC20250922080693
-3.983861,-0.25059953,1.3521318,0.92573893,-1.3142561,-2.1586664,-1.9926735,-1.0862033,FAC20250610029792
-2.945746,0.67835444,-2.6099935,3.0841792,-0.5746237,-0.24598637,-1.2853798,0.93515223,FAC20250421001158
-3.7776988,-2.9318564,0.7228639,1.3913574,-0.8411821,-1.0974396,-0.74385256,-1.5525839,FAC20250705040962
1.4329817,0.039889302,-0.6197202,1.821078,-0.5377639,-2.246758,-2.7248318,-3.3061569,FAC20251010088993
1.0419046,-0.4481377,-0.04295117,1.2435472,-0.6588056,-3.9292512,-1.168475,-2.3245654,FAC20250429094714
-1.0468699,-1.2048302,-2.514672,3.0357566,-1.866174,-0.13843013,1.1225451,-1.7966778,FAC20250701114662
0.7734958,-1.702932,-3.636214,1.622526,-0.81575716,-0.7192655,-1.547584,-1.9689934,FAC20250504096209
-4.715138,1.1928464,-1.3627039,0.91285956,-0.008391429,-0.5751736,-0.5685152,-0.7789132,FAC20251003145169
-2.6512647,0.863846,0.410161,1.0989501,1.1621681,-2.6618595,1.2161039,-2.1899242,FAC20250701039126
-0.57033503,1.1289675,-2.0070443,3.8145003,-1.1958678,-1.0536323,-2.661728,0.27592263,FAC20250814058049
-2.207399,-0.01143414,-0.4397246,3.4036064,0.04172395,0.9965173,0.122951664,-3.1592624,FAC20250429004681
-1.5409056,-2.0396655,-1.9158156,0.019613747,2.8130908,-2.6965306,0.13697915,-1.8336463,FAC20250701114838
-0.9637505,2.073403,-2.2190914,2.203749,-0.2543199,-0.7864029,0.8358863,-3.3777606,FAC20250423092680
-1.1845249,0.46744394,-0.8969613,2.7386522,1.075507,0.9363294,-2.5736341,-2.1603427,FAC20250920078173
0.33257803,-0.9165901,-2.1087625,1.0865748,-1.9218385,-0.86974037,-0.890539,-3.791053,FAC20250724049387
-1.3293145,-2.8664925,-1.8816651,0.3962334,0.8617055,-2.9465694,0.9675814,-1.1831217,FAC20250724049463
-1.7419847,-1.1665453,-4.3255734,0.45515025,-0.38049492,0.07321519,-1.8336576,-1.1763296,FAC20250810056657
-1.5558177,1.075543,-3.009296,0.25872916,2.2996485,-1.2443986,-0.11843507,-2.8416185,FAC20250921078297
-0.6355928,-1.7627441,-2.045148,-0.71714437,1.5265228,-1.771799,-2.7952714,-2.692655,FAC20250817061034
-0.9258847,0.34216264,-3.3951032,-1.0122854,-0.8386059,-3.0431616,-1.5180867,-1.4343979,FAC20250615031894
-1.1926044,-0.30607265,-2.4011369,1.9081764,-0.2843949,-2.5827606,2.2819004,-0.61349744,FAC20251018090778
-1.1490037,-0.23340774,-0.53700036,2.098538,0.7066215,-1.1208758,-3.0067453,0.8862562,FAC20250827133011
-3.1915479,1.5378631,-1.656354,0.7654666,0.03993274,-1.1081963,1.2257826,-3.307927,FAC20250729051555
-0.26750556,1.604415,-4.067175,1.6256967,0.556683,-1.7036439,-0.8451348,-0.6322864,FAC20250806126256
-0.3342553,1.8538508,-3.9971964,1.6197945,0.35663334,-1.9170233,-0.9934887,-0.61429,FAC20250701039479
-1.4060019,-0.1436008,-2.8552923,1.5060743,-0.03854724,-2.0017152,2.339211,-1.4755173,FAC20250821062444
-0.6504498,-0.27445477,-1.0007622,-0.3617046,0.88296425,-3.327339,-0.1744617,-0.29068938,FAC20250616109938
-3.577634,2.0040545,-1.8701293,0.41453832,0.3185645,-0.57724977,-0.8776515,-1.1881042,FAC20250817060226
-2.8391175,0.14328872,-1.6146706,2.6493123,1.5024925,1.14722,-2.0948083,-0.95596343,FAC20250803125388
-1.0997698,-2.5297651,0.04121855,2.3275387,-2.4502223,-0.64698577,-1.2033609,-2.7927358,FAC20250619033954
-0.777954,1.0086626,0.3300639,2.1209998,-1.3375006,-3.5155585,1.0037383,-2.0605977,FAC20250826065842
0.70720863,0.75687766,-2.1519735,1.6147854,0.3284381,-2.839991,-3.5079176,-0.41431683,FAC20250618110646
-3.6844697,0.9471056,1.2389189,2.67625,-0.79303545,-1.3558139,0.23926185,-1.7365091,FAC20250605025630
-2.5346072,-0.76217926,-0.4091956,-0.3412728,-2.4002707,-2.4645004,0.13579275,-2.9350243,FAC20250809056156
1.1572379,-2.2461936,-1.3956758,2.9897873,-1.5925856,-2.155514,0.054624334,-2.368812,FAC20250906071465
-2.616335,-0.723232,-1.0752088,-0.54850006,-2.5839784,-2.464199,0.03349033,-2.5738733,FAC20250822064187
-0.7980569,2.4801915,-0.53184,2.4269726,1.5342937,-1.4438848,-2.3894258,-1.7259017,FAC20250630038312
-1.4556112,-1.8240545,-2.0578544,0.124836236,2.9845831,-2.6383705,0.1566783,-1.9934143,FAC20250915076606
-1.2948438,-0.60962886,-2.7082675,2.271996,-0.039512053,-2.3729239,2.2579157,-0.4533301,FAC20250606027085
0.72668225,0.19488528,-2.2065005,2.4419281,0.32126042,0.03428822,-0.5177992,-2.8882546,FAC20251011089354
-0.8138062,-1.1623114,-2.5399334,1.8044285,3.2768023,-0.79400456,-1.953348,-0.8741438,FAC20250711044573
-2.796334,-0.041829012,-0.3079821,1.7323133,2.5884118,-0.02543212,-0.2941757,-2.8149014,FAC20250827066418
-2.0590544,-3.0170062,-1.4614905,1.472903,0.3042775,0.3482392,0.10602187,-2.7303295,FAC20250924083306
-0.8546616,2.7776983,-0.27109653,2.5520303,-0.07500889,-1.8289118,-2.5285304,-1.4167858,FAC20250605025969
-2.6782885,0.952338,-2.4110885,2.1719007,-1.2687249,-0.011430953,-2.138918,0.36881688,FAC20250712044904
-2.5284092,1.7360337,-1.3897207,-0.019336935,-0.31037748,-2.0579977,0.8173793,-3.4602685,FAC20250702115120
-3.0543642,-0.027185673,0.58028525,1.979171,0.9376599,0.41900718,-0.98635614,-3.5618412,FAC20250815129348
-1.7403696,0.7020337,-0.79652256,-0.04799816,2.288475,-3.9221575,-0.7195988,-1.0073103,FAC20250629036921
1.4215332,-0.61187106,-0.15287033,1.8112904,-0.7019925,-3.4597132,-1.663936,-2.401812,FAC20251012089841
1.0453924,0.027134875,-0.9271936,0.8617766,-0.31911892,-2.115036,-2.7111044,-3.6605618,FAC20250922078910
-3.1518257,-2.4457548,-0.80311006,2.0464976,1.7157837,-1.5586698,-1.1155423,0.76877713,FAC20250806054365
-3.524532,-2.152175,-0.6331804,2.1527698,1.051153,-1.3849049,-0.9164001,0.97256476,FAC20250517013612
-2.8828344,-0.37413862,-3.0404913,0.8509878,2.2953823,-1.7324567,-0.12622929,0.32688853,FAC20250907136679
-0.5649012,-2.4090402,-3.0017328,2.6903107,-1.7796551,-0.97665536,0.47512707,-0.8040562,FAC20250510009609
-0.82439846,0.3370268,1.1927347,0.6793923,0.7475506,-2.2884066,-2.692237,-2.871556,FAC20250520101345
0.00050575525,0.6839494,-2.0514917,2.971923,-0.9545314,-2.2835333,-2.816498,0.78158945,FAC20250601024654
-1.5194123,2.7196121,-0.2758107,1.8950331,-0.4113246,-1.6975452,-2.8586152,-1.1674882,FAC20250728123531
0.28211334,-1.962816,0.14060624,1.3049476,0.6461628,-3.892864,0.28241074,-2.6867733,FAC20250926083884
0.37270582,2.2992535,-1.4187125,1.6287158,1.1702539,-2.5284362,-0.9769194,-3.1483316,FAC20250821131120
-3.4835134,-0.3524581,-1.8736317,-1.205143,-1.0001411,-1.0818763,-1.4843632,-2.465834,FAC20250910137449
-0.8080316,1.257682,0.32181805,2.2638788,-1.1269807,-4.330756,0.071608424,-0.979595,FAC20250619111072
-0.08437959,2.2360377,-0.8348872,1.0361059,0.3113959,-4.275496,-1.5740168,-1.6664855,FAC20250421001520
0.44079784,0.65432125,-2.1759503,2.0339065,-0.58004177,-2.3399615,-3.3839169,0.06552478,FAC20250617110209
-1.7544593,-0.6202206,2.1299868,2.364062,1.2864419,-2.2793837,-0.99016976,-1.7349209,FAC20250805053786
-0.8073205,0.4477311,-0.82722265,1.651132,0.58114237,0.45766157,-3.1784182,-3.3193898,FAC20250902069002
-2.5092995,1.6083223,-1.3309306,0.020846872,-0.30905798,-1.9098914,0.78802276,-3.606229,FAC20250711118043
-3.6403458,-1.957225,-1.9928224,1.7800711,-1.3866295,0.22773397,-0.124103434,-0.5851525,FAC20250925142317
0.36912623,-0.01639195,-1.8457818,-0.17101917,-0.31960025,-1.9299695,-3.2136886,-3.192594,FAC20250815058245
-2.6143205,-1.2005349,1.1437693,3.9374297,0.28860164,-1.1018174,-1.2832451,0.03162091,FAC20250605025797
-2.7230177,-0.07776242,-2.585404,0.006070718,-1.4065399,0.40197968,-1.1077963,-2.9993489,FAC20250427093806
-1.109794,-0.45613247,-2.3731694,1.8369782,-0.7693592,-3.136942,1.8997983,-0.26919192,FAC20250524019099
-2.519686,-1.1700965,-0.76469636,1.3369246,2.1048055,-1.4883214,1.6818287,-1.9969,FAC20250921141169
1.1261754,1.2142179,-1.6991391,3.6301968,-0.40489176,-2.5607233,-0.2669038,-1.0308532,FAC20250822064093
-1.0012558,-2.6857753,0.0029665097,2.4135737,-2.3405082,-0.57490706,-1.1671304,-2.751791,FAC20250813057474
-0.9675092,0.79587823,-0.12077704,2.152184,1.2893636,-0.8642534,-1.7734348,0.29676676,FAC20250910073447
-2.889696,-0.70366687,-0.76624274,-0.56446576,-2.329601,-2.1497705,-0.09557753,-2.5218434,FAC20250719047563
-1.0572222,-0.3131224,-1.5380555,1.3913064,0.3509047,-0.29052487,-4.378464,-0.83882964,FAC20251005145667
-2.7560525,-0.6158695,0.4241077,0.9872593,0.7782608,-2.0229893,-3.7878506,-0.03991018,FAC20250507097130
-2.8703625,0.6418271,1.9575254,2.5557914,0.0062346584,-1.7671858,-0.33147162,-1.6763082,FAC20251014148605
-3.1258416,-1.1970975,-2.1726332,2.0885098,-1.9432805,0.06933121,0.7983698,-0.95460576,FAC20250711044608
0.45379296,0.73059213,-1.9631355,3.3299627,0.45191815,-0.18646549,-0.16752401,-3.5910964,FAC20250824132202
-0.62736064,1.4461447,-1.9348702,2.201616,0.2556587,-0.6803495,0.96764654,-3.5149696,FAC20250429094612
-0.3279764,1.342883,-2.5146616,2.6543589,-2.5187159,-0.49112615,-0.9647499,-2.0882719,FAC20250526103335
-2.0880904,0.67049444,-2.671432,0.19079386,-0.2785999,-2.656855,1.7566372,-1.8342578,FAC20250815058790
-1.6746624,0.3670957,-1.4252646,2.7425199,1.1948097,1.2746441,-2.5363781,-1.9458033,FAC20250731052058
-1.4881035,-1.123511,-0.67698956,0.8683442,-0.36253604,0.1022825,-4.0099726,-2.4969356,FAC20251004087059
-1.6150122,-1.8657948,-0.7305852,1.9375539,-2.984288,-0.22274055,-1.5226841,-1.8557594,FAC20250629114241
-0.6262745,-3.810864,-0.5251382,2.7327015,0.55818236,-2.197778,-0.23668431,-0.5974225,FAC20250719120718
-0.34594867,-1.5528474,-0.9742331,0.38698912,0.29169336,-4.10316,-2.149495,0.22438785,FAC20250914138933
-3.2495246,0.2062952,0.8432932,2.0830686,-2.2792711,-1.8633319,-1.5569307,-0.28581074,FAC20250427093927
-2.3674297,-3.0899768,-1.0537337,1.1652484,0.48306245,0.002927623,0.08618847,-3.4027874,FAC20250919077110
0.24617709,-0.500298,-0.7551107,3.5505672,-1.5947733,-0.1808772,-2.741846,-1.8660814,FAC20250927084268
-4.3435254,1.2985106,-0.023259139,2.2765174,-0.65400946,-0.77357566,0.18344358,-1.0834785,FAC20250830067390
-2.5355291,-2.9031749,-2.347148,-0.5900105,-0.32295066,-2.0303888,0.17039089,-1.4553574,FAC20250516013210
0.29451787,0.58292973,-2.2264137,2.8928015,0.13433282,-0.3017409,0.3870751,-3.492933,FAC20250508097425
-1.2545091,0.5022571,-1.0052451,-0.840985,1.6718115,-3.7879221,-1.0033076,-2.2604978,FAC20250503006617
-0.5084334,-1.6603194,0.38453385,1.3050225,1.2900681,-3.7496269,-2.4803975,-0.1971378,FAC20250525021555
0.56445456,0.7227464,-2.1903555,1.3328047,0.47178727,-2.9451673,-3.5760472,-0.47378802,FAC20250521016921
-2.5354512,-0.5814587,-0.8290773,3.2268054,0.22642687,1.1671698,0.19908778,-3.2376158,FAC20250525102773
-2.1662366,2.6201367,-0.6292983,3.2151372,0.76891184,-1.6448768,0.35245222,-0.8407112,FAC20250607028647
-0.99788934,2.6354506,-0.14411634,2.3546164,0.36673814,-1.565813,-2.637659,-1.7134025,FAC20250909137292
-2.057574,2.1505337,-0.6739305,0.81009454,-0.98465186,-1.9573624,-3.3876433,-0.9557315,FAC20250925142331
-3.0644252,-0.72442806,-1.4713612,-1.2701935,-1.2862391,-1.3460166,-0.92748153,-2.5806386,FAC20250513011249
-0.24376084,2.2479525,-0.7921853,1.3789524,0.28407416,-4.3006577,-1.4549354,-0.79329216,FAC20250804052842
-1.3190697,-1.7543287,0.88845277,0.77127236,-2.0374746,-3.0051394,-2.3455942,-1.4893569,FAC20250423003020
-1.2500366,-2.1550896,-2.1029756,0.19761908,2.5394068,-2.9299023,0.41731733,-1.655987,FAC20250729051184
-2.6271544,-0.28991982,-3.5483668,1.2555485,-0.71454865,-1.96325,0.12449095,1.1041657,FAC20251008146666
-2.874822,0.541064,-2.7634974,1.3205298,-0.30193406,-1.9587036,-0.12155085,1.1677471,FAC20250519015323
0.17751184,-0.6410781,-0.08926576,3.5688224,-1.3490634,-0.5145745,-2.9696822,-1.6714691,FAC20251001144479
-3.3509164,-1.3738575,-2.0717103,1.0933619,2.2309515,-0.5976596,0.9597847,-1.4762058,FAC20251001144403
-3.9568975,2.0237515,-1.6224335,0.4993865,0.28374407,-0.7313586,-1.143844,-1.2334509,FAC20250601024002
-1.1687851,-2.521754,-1.5404925,1.9106102,1.8855461,0.48779908,-2.4432583,-2.6178758,FAC20250904135537
-1.7769663,0.77180237,0.13520648,3.6524105,-0.045145273,0.61457217,-0.4401977,-2.7728918,FAC20250810056605
-0.049804337,-1.9946373,-1.0338684,0.2491558,0.07018791,-3.741251,-2.3415363,-0.23502634,FAC20250625035983
-0.8648776,-1.6768312,-2.8836625,3.1983888,-1.8160275,-0.3687221,0.80369765,-1.2793574,FAC20250924082615
-2.3378103,-1.0084248,1.0189482,3.8694148,0.30808327,-1.3642654,-1.443589,0.32087824,FAC20250618033116
-2.6307979,-0.22771764,-0.22048718,1.7103307,2.3843641,0.11773767,-0.21814975,-2.9943683,FAC20250608028983
-1.0846728,2.1496782,-3.5657003,1.2195609,0.8533111,-1.7709311,-1.9192637,-0.23196073,FAC20250718120330
-1.8132592,2.2054927,-0.78834474,3.6968777,-0.14823928,-1.3658559,0.8089455,-1.1067375,FAC20251005087143
-0.6041014,-2.1495206,-3.0614965,2.544483,-0.2175007,-1.44775,-1.2506431,1.0555906,FAC20250922079930
-1.2830642,1.1441315,0.9833844,0.48658594,-0.010102043,-2.5239244,-3.0868936,-2.2407618,FAC20250615031740
-4.170729,-1.1025497,-0.8388663,1.1718417,0.26538417,-1.4699196,1.3238367,-0.5715149,FAC20250725122330
0.8323655,0.49781218,-3.3463433,2.181017,0.2559306,-1.9599503,-0.3723512,-0.3046579,FAC20250822063936
-4.1493583,-1.2539288,-0.7534234,1.1073519,0.19025639,-1.8608557,1.3873885,-0.45848432,FAC20251013090067
-1.2759534,-1.7703836,0.8732758,1.3050478,-2.1062617,-2.9258928,-2.843897,-1.0602071,FAC20250916139397
-0.5416826,2.1061437,-3.7655046,1.6254857,0.45777163,-1.8501741,-1.132922,-0.52283436,FAC20250915076493
-2.8010793,0.67306316,2.0175521,2.563495,-0.016165953,-1.7736676,-0.42980394,-1.9468728,FAC20250606106860
-1.2887435,1.2553071,-2.6131206,2.6664693,-1.2509509,-0.21613483,-2.9968421,-0.12675028,FAC20250922079421
-3.1225617,0.37714013,0.6138116,2.1259701,-2.5747573,-2.0111918,-1.0514373,-0.34186932,FAC20251007088674
-1.9343678,-1.9368829,-0.35246447,-0.5917068,-1.1216278,-3.6755207,-1.7634614,-0.8236994,FAC20250513099007
-1.8534384,-1.7697234,-0.45894727,-0.7903227,-0.99994534,-3.827769,-1.8162041,-0.86295074,FAC20250810056685
-3.0179658,0.6626645,-0.3837214,1.3363622,-2.679677,-2.9129732,-0.29132286,-0.020538298,FAC20250501005973
-0.80142164,-0.74158,-1.0637674,2.2158296,0.9496839,-0.44433,-4.225935,-0.5319167,FAC20250904135833
-2.8629248,-1.2262785,-0.27015942,1.1977446,2.3734055,-1.6643088,1.1802459,-2.1203282,FAC20250608107455
-0.38999623,-1.295048,-2.5634878,-0.56057936,1.5161519,-1.6177454,-2.9102142,-2.667587,FAC20250429005089
-2.11814,-3.8742683,-0.05901977,1.6488531,-0.63610494,-1.4728315,-0.6100281,-0.8953775,FAC20250718120339
0.56326544,-1.4493351,-2.940028,0.97841513,-1.7250457,-0.91427755,-1.3924104,-3.1526062,FAC20250711044637
-3.8597176,-0.9260586,-0.703461,0.98843044,1.0912656,-0.3528796,0.8196641,-1.5952626,FAC20250428094030
-3.7707386,-1.7573767,0.2930022,2.7029831,0.5373808,-1.4784312,-0.8961089,0.792057,FAC20251011089458
-1.2625505,-0.4816216,-0.8519339,3.5012238,3.0435953,-1.7568215,0.39640978,-0.47294247,FAC20250717046971
0.5331765,-0.31471926,-0.53992456,3.1955924,-1.7804993,-0.7062434,-2.4668725,-1.4117936,FAC20250922082107
-2.086708,1.979104,-0.3439769,1.1279595,-1.3479081,-2.3410988,-3.438862,-0.72213775,FAC20250419091351
-1.4602238,0.88436294,0.94011265,0.14582944,-0.082875066,-2.6102855,-2.6253238,-2.909348,FAC20250617110367
-1.13658,-1.3253918,-1.2325821,1.1720291,-0.52437365,0.14896041,-4.1918435,-2.0862672,FAC20250521101620
-0.8978788,-0.20007665,-1.8301053,1.1985797,-1.0979236,-3.4508286,1.5876698,-0.2746122,FAC20250517013427
0.9664161,-0.901317,-2.6998355,0.8350952,1.5305221,-2.0893407,-0.3428347,-3.2131991,FAC20250530022851
-0.38827008,-2.7404299,-0.827369,2.6034698,1.4706612,0.13856612,-1.3639383,-2.6757305,FAC20250915075326
-1.8844749,0.5848514,-0.7753408,0.11421133,2.3567638,-3.9898915,-0.6680895,-0.69829434,FAC20250525020696
-0.6808525,0.06577874,-0.6412501,3.7596276,2.5610914,-2.1753607,0.52734494,-0.7794424,FAC20250519015422
-3.1695082,0.87352085,-0.57815355,0.89978266,-2.0504794,-2.8635333,-0.69215435,0.27695042,FAC20250809056496
-2.0405393,-0.7033052,-1.48459,3.7635767,1.24078,0.94396687,-1.1322653,-0.5247444,FAC20250607107202
-3.5653996,-0.4771033,-1.7138933,-1.3161192,-0.93151695,-1.2645186,-1.6753342,-2.3686645,FAC20250914138819
-1.3853,-2.1301572,0.2673356,0.26468694,-1.665626,-3.154751,-2.1975696,-0.90543103,FAC20250524102411
-0.96394914,0.8196721,1.2139454,0.75417745,0.48528785,-2.405241,-2.6895823,-2.8424048,FAC20250707116689
-1.2294298,0.9106795,-2.088203,-1.2889181,0.12346645,-3.4778755,-1.2133743,-1.8160442,FAC20250817129952
0.30965817,-1.1692066,-2.4478354,1.4775542,-1.6189041,-0.22620523,-1.3335602,-3.8887558,FAC20250805053685
-1.1759391,-0.8985952,-2.6641648,1.6265507,-0.9840932,-3.2776496,1.6430737,0.002137546,FAC20250714045942
-0.60219765,0.66801685,0.35872543,1.4265509,-1.6125576,-2.6823661,0.51867115,-3.4461281,FAC20250610108118
-1.3728855,-2.7558951,-1.5428283,0.79528826,1.2273421,-3.2437134,1.3294091,-1.2005506,FAC20250727123241
-1.4353739,-2.8858497,-1.5826826,1.2141784,1.1615454,-2.8360147,1.4269764,-1.0431547,FAC20250601104981
-3.5958192,-0.30423588,-0.34344083,-0.028141193,1.3503864,-1.7515805,-2.5647442,-0.2945349,FAC20250625036148
-3.390849,0.016905593,-1.3588177,0.12566818,-1.0684525,-2.5112853,-1.6051363,0.82215905,FAC20250428004096
-1.806242,-0.33030137,-2.8177993,-0.4167801,2.3520715,-1.8642077,0.24680385,-2.2607193,FAC20250607107054
-2.654344,-2.8151114,-0.77746457,1.6095774,2.2006156,-1.753431,-1.6200606,0.379488,FAC20250615032012
-0.3214792,0.6999673,-2.6340055,-0.19226749,-1.8607371,-3.3023236,-0.77465796,-1.6505829,FAC20251005145716
-2.7656672,-1.3400193,0.8667333,3.626216,0.16391018,-1.4805619,-0.9751318,0.51488465,FAC20250603025310
-3.214785,1.8513064,-1.1153742,0.65199685,0.3309831,-1.1366132,0.68944114,-3.7711549,FAC20251001086164
-3.7862341,-0.21885605,1.269539,1.2555779,-1.8465372,-2.4116793,-1.3923556,-0.84959656,FAC20250606106731
-1.0562787,-2.6118362,-1.4474901,1.3871701,1.8786943,0.14992693,-2.6857517,-2.6707149,FAC20250716119639
-3.644766,1.6598129,-2.4961283,0.13918072,0.7603632,-0.7397093,-0.85372055,-1.2067895,FAC20250527103471
0.98677933,-0.4168997,-2.3351963,1.2979512,2.3046262,-3.31345,-0.9466686,-1.5188603,FAC20250706041627
0.44645625,-0.52953184,0.1425393,1.4523797,2.1093662,-2.1926048,-2.6834576,-2.1272652,FAC20250607028748
0.4654843,1.2097887,-3.5430758,2.4516284,0.17879362,-2.2549238,0.23812507,-0.79474586,FAC20250907072914
-2.314165,1.0341078,-2.4767992,-0.080825984,-0.4284385,-2.8304255,1.5087668,-1.9860699,FAC20250922081484
-2.453588,2.1028502,-2.5283427,-0.17091402,1.1188116,-0.9020602,-1.6133292,-2.5095274,FAC20250607106978
-2.0501516,0.74518085,-2.8206904,-0.2926394,1.9439845,-0.858559,-0.78778327,-2.4754517,FAC20250926083641
-3.172867,0.16474926,-2.521453,-0.792498,-1.484381,-0.7087991,-1.1499774,-2.5822082,FAC20250825064960
-2.7082694,-0.06660546,-3.544744,0.98246616,-0.9862599,-2.1164014,-0.22685601,1.0212873,FAC20251005087202
-1.5878251,1.122723,-0.8248881,3.3468914,2.1296833,-1.3262768,-2.2626257,0.3535975,FAC20250817061068
-1.6367822,-2.1572506,-0.7550408,1.5334957,-2.7711174,-0.11281548,-2.111057,-2.492294,FAC20250525102740
-3.496965,-0.27015832,1.4430201,1.3551052,-1.348399,-1.5458915,-2.319005,-1.1198528,FAC20250421001596
-1.07769,-0.69289184,-2.1239889,1.5947427,-1.2225319,-3.5045063,1.5595386,-0.07674499,FAC20250617110281
-1.3408655,-2.3026052,-1.8658845,0.30707827,2.7325363,-2.9416697,0.30581385,-1.6286743,FAC20251011089386
-1.4071643,-0.69074947,2.2531314,2.3747506,0.73438704,-2.4044771,-1.0084157,-1.9469562,FAC20250619110965
0.80469924,-0.9373071,-2.8634856,0.76164,1.4635485,-1.8789525,-0.24083163,-3.3809586,FAC20250825065072
-2.1947393,-2.9954875,-1.2264435,1.4783003,0.2597388,0.52494615,-0.3368413,-2.8140526,FAC20250815059041
-3.0933373,0.27440402,0.8972616,0.17633586,0.59876275,-3.1024902,0.6247062,-2.6705759,FAC20250922079636
-1.3648475,0.17774403,-2.6978984,0.47804716,2.6370373,-1.5651641,0.6061658,-2.7880533,FAC20250601105249
0.16464645,0.5861967,-2.0230215,2.7713385,0.5829475,-0.34849194,0.6537748,-3.3966544,FAC20250827066429
-2.6811593,0.75109667,-2.3679512,3.4468799,-0.7306133,-0.6352812,-0.6013199,1.0490485,FAC20250525102976
-0.87836426,-2.5875533,-1.2621915,2.1765196,1.9082968,0.41804576,-2.2897706,-2.6348422,FAC20250607028511
0.48926812,-1.6780101,-2.0933094,0.21032259,0.8501537,-2.3117616,-0.043053303,-3.775865,FAC20250702114970
-0.22696893,-1.7551947,0.2260489,1.3337888,1.0473721,-3.5907326,-2.4388478,-0.16421781,FAC20250927084336
-0.4302177,-3.1170013,-1.0925105,2.8106744,0.3669727,-2.8039849,0.28483975,0.11022493,FAC20250617032244
-0.344169,-1.9038225,-1.2293394,2.247181,-0.28452462,-3.7139215,0.6263185,0.48726353,FAC20250630114582
-1.5752478,-1.2545005,-0.86410785,3.869654,1.7761757,-0.20446073,0.43511987,-0.6164956,FAC20251001144373
0.25842956,-0.78146595,0.53160024,2.0551643,1.920135,-1.7566098,-2.81966,-2.472438,FAC20251011089182
-1.8009179,1.8783745,-0.09141737,3.1225185,-0.14951624,-1.3525263,0.9860537,-1.5472623,FAC20250515099875
0.7512102,0.21132524,-1.1661057,0.46284515,-0.5484996,-2.1947384,-2.8766522,-3.604092,FAC20250609029451
-2.7442417,1.6992884,-1.7628967,-0.0713617,-0.3624227,-2.2578707,1.0588971,-3.033708,FAC20250821063299
-0.75067085,0.4786556,-3.0961144,-0.896217,-1.0681409,-3.010004,-1.2812046,-1.5317138,FAC20250720048279
-3.2584484,0.5720399,-2.7200813,2.3342693,-0.68391055,-0.018024422,-1.9048051,0.73924327,FAC20250922141566
-0.77766687,-1.2546244,0.7322779,3.4327416,-0.87410164,-1.2393378,0.70302445,-1.4502987,FAC20250725122546
-0.33776447,-0.6840198,-1.4232208,2.5941224,-1.8061253,-3.8768265,0.15419996,0.5422177,FAC20250506007950
-1.9828266,0.34740254,-0.4777111,3.0013878,0.5145996,-2.8935232,-0.5060469,1.4740442,FAC20250831134436
-2.7179136,-0.6988772,-0.19659044,-0.14383057,-2.3186567,-2.2889478,0.21170312,-3.1347425,FAC20250917076969
1.4944667,0.35442725,-1.864339,3.6845257,-0.37224916,-2.4445097,-0.45344707,-1.095135,FAC20250526021667
1.412965,-0.13469206,-0.02568821,1.9411632,-0.66743505,-3.4684422,-2.0310419,-2.3426821,FAC20250922082332
-0.32516104,-0.63611233,-1.1467301,1.167885,-1.5986755,-0.6240848,-0.7769326,-4.7031183,FAC20250525021487
-0.5195978,-1.4264617,-1.0123837,0.39903173,-0.00086539314,-4.0383353,-1.980333,0.43705392,FAC20250727123135
-1.3968207,-1.9607198,-1.9053276,0.12674396,2.782036,-2.5963473,0.14800496,-1.909853,FAC20250825132604
-0.750702,0.9851185,-1.9111034,3.9983478,-1.3138396,-0.9842368,-2.37863,0.47565112,FAC20250902134992
-2.1450715,-3.159963,-1.2283589,1.3289051,0.5344488,0.19702548,-0.0048580915,-3.1040325,FAC20250917139935
-1.2778351,-2.7482347,-1.5448533,1.6714549,1.406532,0.47860286,-2.2536027,-2.438783,FAC20250901134672
-3.628621,-2.2492871,-1.2810867,1.5741751,-0.31788447,1.1192605,-1.4206944,-2.044402,FAC20250618110702
-1.7937276,2.1931598,0.023778161,2.1015153,-0.97592664,-2.3062885,-2.9192858,-0.3093602,FAC20250527103642
-1.9941725,0.15042067,-0.6709689,2.5310025,0.8901233,-3.2761445,-0.6908419,1.6400957,FAC20250619033439
-1.6087716,-0.37695786,1.0625656,4.1540713,0.34961024,-1.9538919,-1.4753116,0.34017172,FAC20250706042564
-0.25635993,-2.488621,-0.6962132,2.8285718,-0.024816882,-3.1733685,0.073993474,0.40842974,FAC20250601024775
0.23962793,0.587927,-2.2117727,1.8775421,-0.3870249,-2.5706038,-3.3853717,0.26120052,FAC20251001084918
-0.5069278,-0.91508967,-0.09787857,4.133139,0.63303906,-1.5507702,1.1525276,-1.292785,FAC20250827066506
-1.4201218,-0.07563798,-2.6855607,0.26093575,2.6776958,-1.7674361,0.5844431,-2.6311066,FAC20251006087862
-1.3991123,-0.16280489,-2.6877196,1.4399323,-0.16972995,-1.8512955,2.3548913,-1.8080727,FAC20250530023690
-4.4182816,1.5221201,-1.0744374,1.235463,-0.41649857,-0.39796272,-0.58665305,-0.9876291,FAC20250923082451
-0.37688437,2.1613204,-3.7615995,1.8371112,0.31628564,-1.8826135,-0.9745043,-0.6953109,FAC20250814128908
-3.468841,-0.07966743,-1.8360767,0.06304847,-0.8160416,-2.8131876,-1.139529,0.9108755,FAC20250519101063
-3.3270562,-1.2118816,0.65860313,0.75985456,-1.2763065,-0.76874834,-0.23947231,-3.694274,FAC20250519016205
-0.30841258,0.5177044,-2.4850705,2.2450256,0.36370793,-0.24291253,1.070744,-3.1279204,FAC20250803125499
-0.77511674,-1.4575635,-0.76109296,-0.6939293,0.62349474,-1.9031296,-1.1355661,-4.006695,FAC20250421001843
-3.30045,-0.14638728,-2.4056563,-0.9529697,-1.3893802,-0.94212866,-0.96608055,-2.359538,FAC20250506008159
-0.3248005,-0.42737085,-0.7008673,1.2160201,-1.4443347,-1.0218478,-0.43809035,-4.776098,FAC20250718120123
0.93371016,0.13159327,-1.1237427,0.4561012,-0.4040671,-2.32688,-2.7289846,-3.3480494,FAC20250430094945
-3.4201167,-1.7720689,-2.1604388,2.153141,-1.3924332,0.547364,-0.39775488,-0.4871402,FAC20250521101442
-1.3323926,-0.92254806,-2.6124673,3.379778,-1.5542272,0.18122108,1.0600481,-1.628158,FAC20250922081101
-0.24789879,-1.6446362,-2.7286105,1.7491894,2.090705,-1.6552347,-1.4903537,0.2890008,FAC20250608107486
-1.9127551,-0.44266805,1.0091807,4.2835984,0.021879308,-1.8415825,-1.0902317,0.3965738,FAC20250818130086
-1.5778111,-0.9999014,-2.5380921,-0.011705448,2.8137565,-2.2683933,0.4136978,-2.2946255,FAC20250605026262
-2.6412356,-0.41711307,-1.0553954,3.360051,1.1591444,1.0846598,-1.8996738,-0.66928977,FAC20250817060349
-3.1146784,0.24393365,-1.0742891,0.18671441,2.3799486,-1.1682606,-2.6509528,-0.807492,FAC20250719047774
-3.0603464,0.94701886,-0.6470076,1.3214624,-2.5552862,-2.61809,-0.5238313,0.064953394,FAC20250704115760
-3.1057587,-0.07302834,0.26705292,2.3796098,-2.6216707,-1.6897631,-1.362249,0.1546021,FAC20250606027261
-2.8454912,0.021784378,-1.46396,2.9295673,1.4702237,0.9956697,-1.9127432,-0.65176135,FAC20250907072647
-2.29634,-2.16192,-2.788739,0.020172752,-0.68609667,-0.59606683,-2.6662698,-0.3682958,FAC20250530022514
-1.7682643,0.07745806,0.69738233,4.142352,-0.65613437,-2.5981364,-0.4067702,0.6172641,FAC20250512010651
0.11337899,-0.26657784,-0.96880406,1.2303219,-1.5403874,-1.0993997,-0.18317094,-4.0501895,FAC20250922080504
-1.0415206,0.20663024,1.2689735,0.63015455,0.8906179,-2.4200609,-2.672205,-3.0133474,FAC20250910073372
0.53781444,0.68315053,-2.5401242,1.2197704,-0.45796895,-2.8457854,-3.2640777,-0.3604781,FAC20250530023189
-2.4159677,-1.4528998,-0.15266724,1.4889865,2.1903772,-1.8896515,1.524594,-2.6597207,FAC20250724049274
1.098444,1.201402,-1.544177,3.6840036,-0.5066801,-2.5754056,-0.09313569,-1.2882824,FAC20250826065471
-0.14245571,0.5288895,-2.1485636,2.049298,-0.66165584,-2.6967497,-3.1580374,0.8320534,FAC20250716046216
0.18211474,0.6519463,-2.3132107,1.9209816,-0.68210214,-2.264457,-3.3874266,0.22198978,FAC20250712118471
-2.6930172,1.6212211,-1.2730106,0.11655773,-0.20575863,-1.7961727,0.8572049,-3.5856698,FAC20250827133161
-2.5036843,-0.47879922,-0.62853736,3.0851383,0.41461965,1.1000544,0.0686386,-3.3570063,FAC20250915075991
-1.0349007,0.40155736,-0.79655284,3.0389054,1.6469198,-0.93434423,-3.185528,0.2853994,FAC20250828133516
-1.040997,2.7143881,-0.32686058,2.4144251,0.76237744,-1.5116314,-2.5684354,-1.4036533,FAC20250503006623
-2.1136818,-0.30641505,-0.41308725,3.3395026,0.23916708,1.017772,-0.040896248,-3.2932453,FAC20250727123169
-4.1427565,-2.0092614,0.6274302,1.3833222,-1.4375795,-0.6819354,-0.397074,-2.0595562,FAC20250604106178
-1.4210367,1.040567,0.86906874,-0.0530269,-0.571382,-2.6986215,-2.1520042,-2.7381384,FAC20251007146194
-0.7216597,1.1981514,-2.4559212,0.60999715,-2.7501233,-2.3303423,-0.3128009,-1.9844553,FAC20251012089980
-0.034687784,-1.9550731,-0.21188518,1.1916524,1.0347713,-3.6354315,-2.7435076,-0.2542568,FAC20250819130487
-2.6560707,-0.50201887,0.4170825,0.78400946,1.5986177,-2.4507763,1.3932676,-2.6800816,FAC20250912138365
-1.0305222,0.27204576,-0.435815,3.4550922,1.6504459,-1.0665478,-3.030278,0.28771994,FAC20250813057748
1.1243412,-0.60705936,-2.5542748,0.9635219,1.8390453,-3.044293,-0.77969354,-1.942554,FAC20250528103698
-1.2001457,-1.8789097,0.6463737,0.5370576,-2.1126933,-2.9629648,-2.2531881,-1.5605934,FAC20250915076177
-0.60188705,-0.5740733,-1.5843604,2.3184884,-2.1072986,-3.7778027,0.4151444,0.3660519,FAC20250922081813
-2.9096045,0.401874,0.835276,0.48727617,1.0051625,-2.773099,0.77748156,-2.6899333,FAC20250806126294
-0.31646717,-2.3653722,-1.2375427,2.8781695,-1.1338131,-1.4474089,-2.5230954,0.56892186,FAC20250611108485
0.14548895,-0.6649596,0.39573157,1.2270725,1.6694329,-2.0577226,-2.910748,-2.1236985,FAC20250816059659
-2.5102808,-2.2935476,-2.503824,0.23328479,0.27318305,-0.4314844,-2.00704,-0.11318049,FAC20250730123989
-1.1117414,-1.108975,-1.1180849,1.1647248,-0.31284428,-0.14204049,-4.204643,-1.623893,FAC20250526021692
-0.4255429,0.06502775,0.050134588,1.1688759,-1.1355124,-2.1708405,0.31943893,-4.391323,FAC20250501095092
-1.0191933,-1.5578996,1.3712304,1.7216661,1.2991599,-3.2376342,-2.0115263,-0.6326757,FAC20251010089073
0.9353622,-2.1852014,-1.5691918,2.925039,-1.6820728,-2.1152353,0.14822857,-2.118226,FAC20250821062868
-1.8700999,0.18237308,-0.028309459,4.1458807,-0.69399697,-2.4092183,-0.03220978,0.9239473,FAC20250813057104
-1.1753695,-2.4872532,-1.800946,0.65933627,2.3973885,-2.9769988,0.7223989,-1.3394625,FAC20250824132199
-2.4491744,-0.8445374,-1.4559714,-0.5667472,-2.3536556,-1.6447219,-0.010063876,-2.5837493,FAC20251007088630
-1.3230745,0.20954838,-0.7046393,0.9719652,-3.3084586,-1.5152916,-2.5650983,-1.8992305,FAC20250910137576
0.3137359,-1.9219328,0.0873427,1.3600776,0.383151,-4.088721,0.32431495,-2.5760608,FAC20250707116620
-4.719192,1.2158502,-1.4228371,0.99802786,-0.06906798,-0.5826266,-0.48573542,-0.7125191,FAC20250720048038
-2.1553538,0.19509868,-3.866409,0.81614697,1.9725296,-2.0258381,-1.1218756,0.5306922,FAC20251015148797
-0.6007286,2.4227016,-0.90734005,2.4796062,2.1897678,-1.3619434,-2.00012,-2.160493,FAC20250706116337
-2.0041697,2.0943935,-2.3377202,1.850047,-0.25384024,-0.09535887,0.50330365,-3.2321908,FAC20250521016855
-0.24404232,-1.7859379,-3.4338424,2.3899877,0.8997582,-1.9845883,-0.6344893,0.82048005,FAC20250815129339
-2.1662169,0.2115023,-0.09083726,3.4402559,-0.05794469,-2.9123237,-0.24114266,1.3768936,FAC20250515099707
-1.1672565,-2.426835,-2.9220939,1.894098,-2.7597704,-1.3725269,-0.042686503,-0.7607894,FAC20250520101128
-0.59851843,-1.5758401,0.3409943,1.2853214,1.3064026,-3.8812041,-2.3508945,-0.09840244,FAC20250604106266
-3.1785395,-0.19840306,-2.4072485,0.31993383,-1.206739,-2.2456644,-1.3444594,1.0561655,FAC20250608028985
-0.3369958,2.1241486,-0.68755877,1.1824751,-0.07565788,-4.474136,-1.4297076,-1.0733474,FAC20250809056504
-0.57817775,1.0467285,-1.9067353,4.1015925,-1.133541,-1.240003,-2.3946917,0.5191111,FAC20250903069896
-0.46787083,2.4088578,-0.82392704,2.334542,2.020095,-1.5470061,-1.7826085,-2.1196284,FAC20250718047329
0.1649926,-2.2160878,-0.5922364,1.0811526,0.71339643,-3.6114542,-2.848066,-0.39369956,FAC20250511010260
-2.6873715,0.864415,-2.5911453,3.213928,-0.70504487,-0.6826681,-0.30586287,0.9450383,FAC20250529022355
-2.1852062,-1.6500754,-3.4631913,0.21345729,0.28514612,0.3247943,-0.9991932,-1.3261157,FAC20250913138531
-2.4807405,-0.39777353,-1.3243695,3.441573,1.4746135,0.89240247,-1.349153,-0.48389053,FAC20250516013362
-0.5218745,-2.0462403,-1.3125262,-0.6168764,1.120037,-1.9314756,-2.255821,-3.0647626,FAC20250817129913
-0.7894989,-1.6166179,0.055987123,3.7404647,0.12431605,-1.1690319,1.2957323,-1.7553109,FAC20250606106708
-1.9266295,0.078532696,-1.0204828,2.2413583,1.0600089,-3.2585752,-0.85357237,1.7103554,FAC20250629114237
-2.350454,-0.47061095,-0.75687236,3.4940977,-0.040207006,1.163596,0.09234528,-3.1396074,FAC20250510098022
0.92697656,-0.35161427,-1.9006394,1.3461787,2.4641657,-3.1900146,-1.1737949,-1.5738478,FAC20250613030472
-0.88365453,-0.7335831,0.9690087,0.6968683,1.6844193,-2.090839,-2.7236702,-2.7445664,FAC20251013148178
-2.8905144,-0.90172356,0.88697886,1.3093904,0.0092792,-1.416527,-3.7076569,-0.4266404,FAC20250519101018
-0.43953714,2.1798987,-0.2407228,1.4587686,-0.4131708,-4.279295,-0.7763348,-1.2440785,FAC20250420000685
-0.5045464,0.0925213,0.5230548,1.9621563,1.921544,-4.2863874,0.083554946,-1.519876,FAC20250714045558
-1.9870157,-1.1797589,-0.8505133,3.626162,2.4177332,-0.29300833,0.09464058,-0.6509099,FAC20250825132338
-3.5760448,-1.9285277,-1.728491,1.9303665,-1.0425347,0.7306888,-0.619321,-0.8396843,FAC20250601105275
-2.1933138,-0.70524335,0.94210064,1.690266,0.8286149,-1.6385809,-4.0222883,-0.6492133,FAC20250823131768
-1.3812275,0.583002,-0.88146615,-0.70834154,1.8861297,-3.7974744,-0.972646,-2.1944041,FAC20250915139112
-1.0820786,1.6882108,1.0683339,1.0513313,-0.16140386,-2.2518032,-2.690968,-2.372656,FAC20250922141388
-0.8486857,1.0823472,-2.130301,3.6612177,-1.2995343,-0.951547,-2.4983516,0.48105198,FAC20250817060257
-2.482945,0.7273718,-2.2992783,1.8026103,-1.165803,-0.14879455,-2.6492133,0.45657673,FAC20250905070689
-1.6861311,-0.44884247,-0.7807152,1.1665454,-3.1679516,-0.5725155,-2.3324575,-1.9786305,FAC20250924083099
-3.70418,-0.40041268,1.3122135,1.3566136,-0.7035625,-0.8516389,-2.6301885,-1.503791,FAC20250530023069
-0.63415384,0.6723086,0.5041577,1.3082,-1.4232976,-2.4425504,0.22146739,-3.755855,FAC20251008146638
-2.9689097,-0.34038085,-2.7289166,0.2030378,-1.1782805,-2.410191,-0.92192835,0.9530432,FAC20250501095054
-0.7694069,0.24610475,-0.6802299,2.5904589,1.3769271,-0.5926732,-3.4320889,-0.1734061,FAC20250808126904
0.64234656,-2.2040262,-2.24482,2.205709,-1.5180058,-2.3196847,0.88817894,-2.0753012,FAC20250910137664
-0.75395364,-1.6432452,-0.8699155,-0.7399,0.6983413,-1.8687669,-1.7027857,-3.6877534,FAC20250624035059
-1.2925161,-2.0515556,0.16685635,2.6315846,-2.6025343,-0.60820067,-0.78525436,-2.5295508,FAC20250422092206
-2.3486192,-3.6899855,0.33791324,1.588495,-0.5467983,-1.3413632,-1.03741,-1.1185229,FAC20250822064310
-0.43922243,1.8164791,-0.05702592,1.4317328,-1.1888188,-3.9705284,-0.33558336,-1.6895022,FAC20250825064801
0.31841162,-1.5267222,-0.27317396,0.7846562,0.01023867,-4.4488883,0.23827474,-2.2514288,FAC20250921141082
-2.7537725,0.6584838,2.0571277,2.6583083,-0.13004704,-1.8583306,-0.47041422,-2.1264546,FAC20250629036976
-1.6419623,0.14886332,-2.2089322,0.5528627,-0.62828064,-1.7290858,2.0156991,-2.320292,FAC20250615031672
-1.2524033,2.386556,0.17704974,2.3480003,-0.6923892,-2.2230918,-2.5744689,-0.7259555,FAC20250607028723
-2.7469318,0.35805985,0.5647312,2.3217933,0.67134035,0.41911948,-0.67740744,-3.4436452,FAC20251010147289
0.048785977,-1.4656459,0.6427121,1.6901762,1.4610142,-3.7394836,0.2690796,-2.9804573,FAC20250814129075
-0.9977342,-0.59740424,-2.206194,1.8262776,-1.2221615,-3.3648365,1.514257,0.102633506,FAC20250508097675
-1.6954943,2.13361,-0.13737872,3.666689,-0.3668244,-0.9232056,0.2530928,-1.6811223,FAC20250626036379
0.37357318,-1.3996842,0.0024632995,1.0372661,0.27890456,-4.299188,0.11909892,-2.281841,FAC20250705040338
1.4140378,0.44602588,-1.7133731,3.7555897,-0.5045859,-2.5195951,-0.41616094,-1.1400169,FAC20250926142595
-2.6628609,0.6470427,-3.4527442,1.764835,-0.7122896,-2.0181653,0.2519674,1.0190612,FAC20250922079398
-3.1473427,-0.29933342,-1.2590013,3.2694259,1.2127503,0.91271544,-1.7942966,-0.38915247,FAC20250910073432
-1.4735111,0.8268905,-3.860567,1.2266155,1.7297561,-1.1525265,-1.3074518,0.003109179,FAC20251006087964
-1.5735121,-0.121843,-2.8000748,1.1290212,-0.26474896,-2.0169787,2.4217398,-2.1967993,FAC20250809056064
0.48253143,0.78034246,-2.2572634,1.4846647,0.12252438,-2.5483904,-3.590139,-0.3234854,FAC20250723121778
-1.5655181,-0.46651664,-0.53588843,0.7886695,-3.016167,-1.0417123,-2.7125416,-1.8635569,FAC20251003145187
1.0861895,-2.4692702,-1.3561217,2.9563658,-1.5882145,-2.159937,-0.03632172,-2.4267063,FAC20250817060705
-0.44494003,0.85752976,-3.4063747,1.1029574,-2.2980292,-1.2644914,-0.61138994,-1.6600838,FAC20250526103215
-3.4442317,-0.73456043,-1.3984376,-1.007465,-1.9506363,-1.8236654,-0.8951435,-1.9462186,FAC20250606026744
-2.842936,2.2607093,-2.4922066,0.14731328,0.37574014,-0.77809775,-1.3358824,-1.680666,FAC20250809056453
-1.7351617,0.88731694,-0.8393415,-0.20860806,2.4099388,-3.8146195,-0.85941774,-1.4895264,FAC20250513011505
-2.240672,-0.8345775,-1.5593929,3.9684634,1.6629828,0.105565384,0.18750031,-0.2326479,FAC20250419091407
-3.8198686,-2.6797104,0.7482028,1.2404075,-0.85061944,-0.9369283,-0.79602313,-1.7449678,FAC20250905070677
-1.4540056,0.76281947,-1.5063243,2.7994354,0.9705967,1.1105814,-2.7426777,-2.321544,FAC20250731051747
-2.8041167,-0.6596479,-0.069784984,0.010239666,-2.3090794,-2.1233842,0.28449845,-3.2100284,FAC20250817061048
-1.0968652,0.3080792,-0.93738955,3.1344798,1.7002343,-1.163814,-3.1608965,0.5387778,FAC20250705116045
0.354341,0.14041522,-2.0048647,2.6742606,-2.3454962,-0.45302242,-1.8366287,-1.5586449,FAC20250816129669
-1.5053208,1.2754663,-3.124635,0.30490687,2.1927183,-1.1260216,-0.27359614,-2.8482277,FAC20250602105535
-3.2547936,-0.542319,-1.1844014,3.400901,1.0797265,0.89572203,-1.7214187,-0.30009523,FAC20250530022883
-2.3518813,0.38342836,0.38987243,1.521285,1.0623455,-2.2318785,1.6910931,-2.4904006,FAC20250525020755
-0.07092105,-0.30990708,-0.89222515,1.110452,-1.6567104,-1.1097809,-0.34590617,-4.387058,FAC20250515012537
0.96273106,-0.17055067,-1.6149831,1.2886499,2.5256622,-2.916091,-1.5672381,-1.7720354,FAC20250525021401
-2.1556773,1.6569791,0.27428365,-0.10332187,-1.0274318,-2.6293297,-2.67481,-2.2187793,FAC20250706042044
-3.1922452,-1.2871201,-2.0661654,1.2353607,2.1064951,-0.8069878,1.1914303,-1.2591923,FAC20250909137285
-0.72446936,-1.9358565,-2.9190247,2.490031,-2.4674878,-1.2116379,0.38859734,-0.7562775,FAC20250622112069
-0.7784815,1.8113178,-2.0273604,2.1555185,-0.14015286,-0.9843226,1.146635,-3.4827986,FAC20250630114366
-0.4026197,-1.5970154,-1.4479121,0.17445469,-0.7654121,-3.9685159,-1.7552245,0.0988425,FAC20250421001364
0.3552984,-0.50246716,-1.2934083,3.407758,-1.9538244,-0.26927885,-2.4761012,-1.561076,FAC20250421002049
-3.6568797,-0.23439832,1.3092964,1.06365,-1.1465951,-1.3369696,-2.3971355,-1.4547693,FAC20250610108177
0.8210372,1.4796714,-2.1681304,3.3638356,-0.20949525,-2.567884,0.086239755,-0.99709266,FAC20250624035381
-1.2893687,-1.8047922,0.25482905,3.5414865,-0.27354196,-1.3383739,1.5372013,-2.08109,FAC20250929084588
-3.0313733,-2.6885202,-1.212481,1.5443757,-0.008917266,1.0288048,-1.3622642,-2.462039,FAC20250627036820
-1.6764839,-1.8310719,-0.32497096,-0.6984859,-1.0025942,-3.7469912,-1.7195525,-0.9295903,FAC20250922079628
-0.69960946,-2.2733614,-2.6828644,1.8446169,-2.7534113,-1.6846871,0.22739097,-0.9348303,FAC20251013148135
-3.672229,-1.9247736,-1.4663047,2.0834975,-0.9572571,0.9927186,-0.8595497,-1.196176,FAC20250521017769
-0.05169701,-2.0376503,-3.1340418,2.1169846,1.7958745,-1.7888346,-0.98872966,0.19261678,FAC20250421002284
-3.57674,-0.39841306,1.4313223,1.1625143,-1.1571769,-1.5513945,-2.3978765,-1.204594,FAC20250821062765
-2.822684,-1.0174581,-0.5002956,-0.37412584,-2.3148117,-2.1065266,0.039232936,-2.5948904,FAC20250911137790
-2.5648248,0.91420805,-2.5624244,3.2999363,-0.7552782,-0.62493074,-0.64414537,0.9752834,FAC20250511098336
-0.39280197,-1.6107441,-1.7212297,0.24996457,-0.97987413,-3.9572093,-1.935989,0.16860504,FAC20250820130746
-2.100125,1.8477925,-0.118153244,-0.033677183,-0.99103284,-2.4147732,-2.9145336,-1.8701588,FAC20250705040973
0.0020818044,-0.58696955,-1.3406966,1.2087548,-1.7184457,-0.80566806,-0.5135769,-4.330983,FAC20250422002697
-2.9224443,-0.5357494,-3.143732,0.7171322,2.1926389,-1.9357144,-0.31679523,0.4254261,FAC20250902069298
-1.4783491,1.1987789,-2.635556,2.6781938,-1.4407789,-0.031606168,-2.85156,-0.23617283,FAC20250905070900
0.12714116,1.4690884,-3.7351124,2.3330839,0.46632203,-1.9288924,0.0058435965,-0.6955247,FAC20250711044426
-0.94930106,0.065326996,-0.7159196,0.96790856,-3.2791474,-2.083617,-2.517893,-1.6440829,FAC20250623034716
-3.4132006,-1.9971576,-0.1861353,2.41046,1.3862057,-1.6451055,-0.92554826,0.9271897,FAC20250904135598
-2.4471693,1.7812164,-1.4207047,1.2154996,0.26964378,-0.81690985,1.072003,-3.6529026,FAC20250922080060
-3.1634362,-0.5916639,1.2668124,1.9151765,-0.29523632,-0.51229316,-3.0981426,-1.3056661,FAC20250604025455
-2.78306,1.9084698,-2.5686898,-0.19530316,1.3562105,-0.8420458,-1.1714339,-2.1569982,FAC20250811128029
0.87609357,-1.5807917,-3.534874,1.3116337,-0.85504633,-0.9576894,-1.4482921,-2.051928,FAC20250730124066
-0.5590107,-2.6371114,-1.0786211,2.4128993,1.6471211,0.28828272,-2.0849216,-2.512992,FAC20250424092856
0.5845526,-0.5279782,-3.148475,2.8342898,0.67566675,0.19085224,-0.6464186,-2.0661223,FAC20250809055909
-0.23282821,1.0192659,-2.0874767,3.7658374,-1.0208036,-1.4363835,-2.563493,0.46332964,FAC20250706041541
-1.8354661,2.1225522,-0.052967954,1.2179949,-0.9429846,-2.1494982,-3.0393882,-0.8408809,FAC20250513011627
-0.4937214,2.4497294,-0.811856,2.2877553,1.9251419,-1.4964412,-1.8812401,-2.163003,FAC20250708116978
-1.1474276,-0.5823064,-2.1040018,1.5188102,-1.4191133,-3.5121527,1.568573,-0.11109068,FAC20250613108935
-3.0346177,-0.20471343,-2.7599277,1.134027,-1.0510826,-1.6522213,-0.8994715,1.3195205,FAC20250915076404
-1.8881128,-0.40800118,-0.5630485,1.2485764,-2.9239798,-0.24067082,-2.3753614,-2.2184842,FAC20251013148131
-1.9340925,-1.1616915,-1.5699229,3.8183262,1.3572856,0.43296248,-0.15946826,-0.31468958,FAC20250706042270
-1.2332523,0.9798115,-1.5262607,1.9632379,0.950029,0.8194721,-2.8756912,-2.675431,FAC20250622112040
-0.6674113,-0.37117273,-1.767447,2.111414,-2.0252373,-3.6731284,0.69290584,0.2266538,FAC20250904135551
-2.1344488,0.038612988,-0.35651842,3.4613705,0.13989012,0.95538366,-0.0060701966,-3.0737624,FAC20250924142115
-0.69433427,-2.2102265,-2.4077802,2.4548626,-0.79853386,-1.5009668,-1.9537296,1.1034323,FAC20250813057540
-1.7085371,2.1453984,-0.75442326,3.8470516,-0.4254525,-1.0545411,0.7128601,-1.1430641,FAC20251015148901
-0.3344215,-1.7987849,-2.7669382,2.0029163,2.5776916,-1.1307249,-1.6193523,-0.35406327,FAC20250829133821
-1.3046651,1.8832198,-1.9758432,2.0705366,0.028138934,-0.46975574,0.85810286,-3.491981,FAC20250907072326
-2.0532825,-1.2127008,-0.99085015,3.5574121,2.7526085,-0.8596074,0.3581012,-0.47251788,FAC20250915075806
0.47195923,0.29809096,-1.6645476,0.14743175,-0.5428485,-2.0091536,-3.205167,-3.4527972,FAC20250524019464
0.35094056,0.20634684,-1.8569608,-0.061582416,-0.33805603,-1.9266851,-3.2287698,-3.354912,FAC20250703115313
-0.27078632,-0.5397008,-1.0230675,1.1562997,-1.6567914,-0.82349074,-0.62082696,-4.6454487,FAC20250923082546
-1.7632366,1.9782238,-0.57932305,3.4810808,-0.27564335,-1.3622926,1.0755908,-1.1897503,FAC20250625035723
-2.5259738,0.7664884,-3.0989633,2.1682389,-1.0121694,0.32124352,-2.327121,-0.019093262,FAC20250816059424
-1.2273885,-1.0383558,-2.5767412,1.5937105,-1.1140381,-3.3758414,1.5401772,0.09155915,FAC20250926084095
0.18957826,0.49786103,-2.0555704,2.0596693,-0.45782807,-2.8077521,-3.2493157,0.59763104,FAC20250503006851
-1.7938963,-2.1897078,0.38583022,0.022929292,-1.6223253,-3.2567081,-1.9880909,-0.9786636,FAC20250805053864
-0.9476147,-2.5330925,0.19943349,2.7090917,-2.3095596,-0.71615404,-0.95270777,-2.7125368,FAC20250702115159
-3.2230015,2.1807294,-2.8548932,0.17930794,0.23743497,-0.86008054,-1.2910446,-1.4202874,FAC20250613108904
-2.531182,-3.669457,0.37040025,1.760819,-0.58358175,-1.2259067,-1.3144754,-1.0472802,FAC20250429005350
-3.6820624,1.8783736,-2.679628,0.24782953,0.49621183,-0.7666606,-0.8439368,-1.1377808,FAC20250420000581
0.84429693,-1.5140895,-3.525149,2.299117,-0.10016548,-0.34916466,-1.5751151,-1.7733915,FAC20250601024264
-0.15269719,-1.882462,-3.2639966,2.4146402,0.43879864,-1.6576343,-0.84535414,0.7934208,FAC20250812128157
-0.8627934,-0.006259987,-0.7410974,3.2969153,1.5335426,-1.0817474,-2.9553578,0.49957457,FAC20250922082125
-1.2968148,-1.9942592,-0.41764984,0.39798617,-0.913523,-1.2587495,0.77800024,-0.83959854,FAC20250517013940
0.23492062,1.2390914,-3.943535,2.4526777,0.4756957,-1.9921473,0.08067338,-0.75910544,FAC20251017149521
-1.3549129,-2.8533397,-1.6505973,1.1913898,1.6143463,-2.891098,1.2064145,-0.88585323,FAC20250617110372
0.62046933,-0.7491449,-3.430413,2.7606127,0.48224854,0.13985589,-1.4557041,-1.8297166,FAC20250618033052
-1.3710494,-2.2944925,-1.9191314,0.26494792,2.7476609,-3.0496197,0.24658546,-1.6295396,FAC20250809056420
0.42302543,-1.2364833,-2.6002555,1.2792143,-1.5943304,-0.3650076,-1.3768152,-3.4554927,FAC20250907072629
0.35344353,-1.0698978,-2.346196,1.1431941,-2.1083016,-0.8581229,-1.0273799,-3.5536397,FAC20250804125830
-1.1857178,1.7555126,0.20453125,4.084708,-0.16614625,-0.485885,-0.5569869,-1.9677622,FAC20250805125895
-1.5214988,0.4911076,-1.447055,-1.1165236,1.3679526,-3.678989,-1.3300426,-1.8376569,FAC20250806054668
-0.9539696,2.1377158,-3.6581073,1.3080125,0.8503608,-1.7184198,-1.8525671,-0.33023658,FAC20250521017779
-3.8863947,-1.9365939,-1.2219439,-0.19720478,-0.027908944,-2.3799694,0.90918934,-1.1770453,FAC20250718120249
-2.9584205,0.45821464,-3.0561333,2.066666,-0.8206886,0.14421506,-2.1118512,0.43928123,FAC20250429094639
-1.6848279,0.2851512,-0.5559665,0.27188095,2.1758232,-4.1407,-0.42453113,-0.6531587,FAC20250613030031
-3.5150146,2.2918165,-2.4853766,0.45713305,-0.10959098,-0.75011885,-1.1956027,-1.1664414,FAC20250512010456
0.75999266,-1.0195339,-3.4987352,2.6734512,0.3453022,-0.09011817,-1.6039597,-1.7711939,FAC20250629037047
-4.238951,1.3598659,-0.118463375,2.4949558,-0.87345606,-0.4874975,-0.085028104,-1.0523976,FAC20250813057515
-0.8383638,0.84687054,-2.7815185,0.85984445,-2.864255,-1.645066,-0.39563107,-1.6074028,FAC20250705040894
0.41564655,0.013586444,-2.8596356,2.285906,0.038098644,-0.05064027,0.33211303,-3.0444074,FAC20250617032519
0.032057922,0.59756047,-1.9505903,2.9597251,-1.0839697,-2.357873,-2.8262823,0.7538927,FAC20250813128552
-0.8757128,-0.43230605,-0.83097476,2.9834754,1.2957417,-1.0121332,-3.6775398,0.2850477,FAC20250715119442
-1.542548,-3.3365352,0.031220341,1.8957015,-0.7869458,-2.0819864,-0.15834536,-0.19204737,FAC20251013148199
0.70376056,-1.3614633,-3.0073,0.87776196,-1.5299423,-1.1534324,-1.1525215,-2.9543126,FAC20250708116929
-0.2570128,-1.4053961,-0.9594457,2.6508324,-1.0035731,-3.709176,0.3526954,0.4793643,FAC20250607027539
-2.1608667,-2.0263402,-0.31534865,-0.6696073,-0.94458467,-3.5571475,-1.9148351,-0.79727155,FAC20250707116834
-2.0476966,0.59169066,-1.7444193,2.553937,1.3029574,1.1930252,-2.328388,-1.7172087,FAC20250919078057
-2.7224963,-0.13529932,0.5559348,0.79137635,0.89884204,-2.8179512,1.4553176,-2.7419982,FAC20251007088471
-2.431489,0.9746166,-2.8840544,2.7257662,-0.9631815,-1.39394,0.40674043,0.7840786,FAC20250714119080
0.038085572,-1.4376483,-0.9926677,2.770814,-0.5851289,-3.9515626,0.08572874,0.4930646,FAC20250906072026
-1.0222367,-1.4232165,1.360635,2.0889165,1.6268538,-3.206184,-1.8764423,-0.6114958,FAC20250528103680
-0.6227476,-0.29751807,-1.078227,3.7931228,2.2940261,-1.0950723,0.12087247,-0.4975804,FAC20250523018612
-2.0029044,-0.87729335,-2.408745,2.9281423,-2.1770947,-0.16805734,0.8814527,-0.83674735,FAC20251011089228
-1.4809183,-1.8855071,0.722723,3.385374,-0.99763113,-1.0787221,0.89742965,-2.500083,FAC20250809055541
-3.0785348,-0.45050874,-2.794575,0.03419397,-1.1565,-2.3856695,-1.4196101,0.89306784,FAC20250804052925
-0.8329746,-2.1425538,-2.666918,1.6393521,-2.6026285,-1.4157709,-0.02971292,-0.7515874,FAC20250910137609
-2.222083,-2.1085258,-0.119585834,-0.6272184,-0.90837073,-3.4628081,-1.8617164,-0.89916074,FAC20250420000426
-2.266372,0.0019018311,-0.25147837,3.8037736,-0.4888714,-2.640224,0.28157234,1.17907,FAC20250922079605
-3.8721354,-0.1876202,1.4121032,0.8941275,-1.4369011,-2.0609848,-1.8396864,-1.3721746,FAC20250729123657
-3.9684973,1.1931738,-0.35156542,1.9192196,-0.67331153,-0.48531753,-0.18044555,-0.74942887,FAC20250508008639
-4.1099854,-0.5024352,-0.74252707,1.568722,1.4478382,-0.32098806,0.8662453,-1.6361783,FAC20250707116577
-3.7462347,-0.414635,1.1047833,1.6186361,-1.975536,-2.1998794,-1.3937219,-0.5556286,FAC20251010089017
-2.7860885,0.8948223,-2.4212682,3.1391723,-0.8498088,-0.7230397,-0.6517332,1.1052891,FAC20250816129456
1.14732,-1.9086051,-1.4064404,2.9304497,-1.9170212,-2.2978053,0.02260463,-2.1401007,FAC20250519015455
-2.5551057,1.9627908,-0.43798485,2.010238,1.4644032,-2.425297,0.81313187,-0.7800023,FAC20250529104144
-0.942586,-1.841764,0.19678104,3.8215642,-0.5278414,-0.9380944,1.036778,-2.0110462,FAC20250801124649
-0.7451769,1.8652251,-3.7422833,1.5454936,0.99930775,-1.2197471,-1.7166693,-0.45078465,FAC20250722049036
-1.6871794,-0.77509516,2.0998752,2.3424988,1.398357,-2.4630637,-1.0186379,-1.6730387,FAC20250524019490
-1.5295691,-0.7574873,1.7505063,1.8104299,1.3958477,-2.7374177,-1.5413818,-0.9242567,FAC20250513012136
-1.7721857,1.166678,0.8865395,0.033103213,-0.67518616,-2.5877256,-2.3301501,-3.10937,FAC20250919077182
-2.0498552,0.18528171,-2.6742725,-0.4715566,2.027648,-1.4955283,0.19771154,-2.092718,FAC20250520016587
-0.52176934,-1.5185629,-1.438385,-0.8133223,0.8585998,-1.6769245,-2.3229516,-3.2756414,FAC20250508008915
-0.4619144,1.2158045,-1.4884813,2.5013847,0.5543666,-1.1937199,1.3910491,-3.6669347,FAC20251012089626
-2.7365448,0.7199667,1.8979785,2.0026042,0.7114167,-1.6013651,-0.9468853,-1.9823198,FAC20250419091322
0.49299562,0.5690607,-1.8653655,3.2380378,0.61169815,0.0022274938,-0.6253255,-3.4939682,FAC20250613109089
-3.1356936,0.5982889,-2.5240161,2.582771,-0.6285633,-0.42418036,-1.1306114,1.0439944,FAC20250601105202
-1.8155565,-0.97432715,-0.83141637,3.6716478,2.87024,-0.86460984,0.07326496,-0.54675907,FAC20250905071423
-0.25932726,0.8293027,-2.4993737,-0.27109122,-1.6391679,-3.2759984,-0.6458689,-1.7842835,FAC20250511098485
0.9922399,-0.55064815,-0.37620893,2.8411024,2.2903981,-1.974505,-1.9157913,-2.0580347,FAC20251013148218
-0.3066788,0.85296744,-2.4023967,-0.0818823,-2.0021467,-3.3295765,-0.6644854,-1.7870477,FAC20250729051362
-2.0292568,-3.0999997,-1.0383039,1.3053836,0.64509064,0.15638323,-0.15146065,-3.2557392,FAC20250812128203
-1.4547763,-2.0061421,0.5104346,0.32221714,-1.9695815,-3.089138,-2.2396755,-1.2863538,FAC20250902068910
0.4242981,0.29093117,-2.2989788,3.1110718,0.6791882,0.030567503,-0.06942224,-3.197158,FAC20250604106236
0.15500997,-1.0473002,-2.2430978,1.2985698,-1.8417262,-0.42395702,-1.1348059,-4.060959,FAC20250919077280
1.1077498,0.34081247,-2.120372,3.077314,-1.0505223,-2.307675,0.3421444,-1.1188929,FAC20250810127678
-0.49658376,0.8908892,-2.4308712,-0.417172,-1.5467838,-3.4516823,-0.93201166,-1.7981813,FAC20250621034488
-1.4610175,-2.715944,-1.8383039,0.009022204,-0.13293725,-2.7955678,1.0212091,-1.4477254,FAC20250513012100
-1.2646604,-1.3024181,-0.884977,1.0078168,-0.42324674,-0.018957112,-4.176319,-2.1521604,FAC20251001085655
-0.44488618,-1.2343396,-1.0063025,0.09174861,-0.937448,-3.8230636,-1.9716197,-0.06333159,FAC20251001085904
-0.6755056,1.1956239,0.3306058,2.033012,-1.1906477,-3.5011349,0.91526085,-2.167039,FAC20250915139064
0.9816565,0.3828966,-0.8917413,0.9668435,-0.5341584,-2.0206063,-2.7774706,-3.7884173,FAC20250720120820
0.2981869,-2.326444,-1.5565758,2.7196207,0.099605165,-1.1338563,-2.4195883,0.16792512,FAC20250926084153
-1.0619551,-1.3644034,0.8491565,1.020851,-2.363908,-2.8854904,-2.5556056,-1.4982605,FAC20250526021629
0.0023411633,-0.6188275,0.5329824,1.5185884,2.0488098,-1.8941139,-2.698754,-2.5606084,FAC20250613030023
-2.91088,-0.80520976,0.9483733,1.5294253,-0.22738275,-1.3089602,-3.5188985,-0.47325128,FAC20250708117058
-1.6790946,-3.6746843,0.3192575,2.0885434,-0.27694777,-1.7150068,-0.71215385,-0.79306954,FAC20250826132927
-1.4688089,-0.5464092,-1.7033186,0.8389346,2.844394,-1.330172,-2.6968608,-0.3168173,FAC20250902135007
-1.4752091,-1.5681587,-0.77148503,-0.66578746,-1.2152566,-3.7954004,-1.7528542,-0.7293919,FAC20250531023914
-1.5842508,-2.9498417,-1.5337393,0.4233013,0.33152968,-3.2519462,1.2147807,-1.2112801,FAC20250924082670
0.56962097,0.6932455,-2.5508444,1.1688269,-0.1911576,-2.968988,-3.3858185,-0.47454312,FAC20250710117797
-2.0757978,0.3580947,2.2654083,2.555412,0.3398391,-2.0166214,-0.75628316,-2.2667894,FAC20250821062752
-2.3926957,0.9517965,-2.9133625,1.9968451,-1.1703209,0.12792592,-2.581838,-0.0141054625,FAC20250708117026
-2.9376175,0.62886626,-3.1730359,2.3500211,-0.69378406,0.35658854,-2.0174673,0.27023077,FAC20250611108536
-2.3919377,-0.21301126,0.13347922,1.1830616,1.5321363,-2.4295316,1.7110832,-2.4552178,FAC20250713118628
-1.5162368,-0.65263754,0.01922073,1.7208723,-3.0920057,-0.66575706,-1.8115714,-2.4515257,FAC20251012148073
0.99774826,-1.6807837,-1.3491426,3.0655055,-1.8658254,-2.1116414,0.18308635,-2.1004906,FAC20250915076515
-0.63515675,-0.046001706,0.31644022,1.5925475,1.6565233,-4.5641127,0.1769034,-1.225861,FAC20250706041653
-2.5871935,0.4924457,-2.4623988,2.320479,-0.68834937,-0.7874402,-1.6978325,1.3943051,FAC20250505007000
0.8817773,-1.703836,-3.5531847,1.7370142,-0.68432534,-0.6283634,-1.6178764,-1.9087048,FAC20250618033099
-0.19953711,-2.5798335,-2.0930874,1.6867197,-2.1758556,-1.9793926,0.50478184,-1.7395031,FAC20250615109689
-2.3846538,0.042225104,-0.38485453,3.1833336,0.28055242,0.95228136,0.079535544,-3.1597795,FAC20250505007354
-1.0940831,-1.2888569,-1.3313595,-0.32332128,-0.904601,-4.425858,-1.1662087,-0.16087002,FAC20250922082028
-1.4036644,1.5192156,0.16407405,3.8787646,0.44395047,-0.31124452,-0.20404562,-2.0353987,FAC20250930143936
-2.5774202,-0.5764654,0.38354793,1.0365071,0.76520693,-1.9988941,-3.8553567,-0.044490945,FAC20250519015193
-0.67753243,1.4328941,0.16311759,2.1092975,-1.2214061,-3.981655,0.4969158,-1.5130574,FAC20250825065026
-4.473278,1.2934407,-0.54494685,1.9169517,-0.6930136,-0.41641462,-0.19837396,-0.9142069,FAC20250521017855
-2.5215988,-0.71851987,0.7540757,1.4744008,0.16650565,-1.891706,-4.041011,-0.1737729,FAC20250910137619
-1.9032364,-1.1679274,-0.7304912,1.5129979,-3.0173728,-0.114172064,-2.0876968,-2.3048148,FAC20250914138962
0.66079223,0.62549543,-1.4360335,0.5003819,-0.62904066,-2.065057,-3.0268378,-3.6646416,FAC20250813057648
1.4842557,-0.3683602,-0.29503047,1.6491529,-0.7171069,-3.0408177,-2.1028528,-2.7552776,FAC20250915076166
1.1398108,-0.66448545,-2.6899319,0.9960476,1.7425115,-2.779742,-0.31072888,-2.4171689,FAC20250609029046
-2.6611433,1.4315398,-1.9145035,1.0414177,-0.35790107,-1.0007124,1.5778495,-2.8685086,FAC20250527103611
-2.0902927,-1.0531998,-3.0654294,-0.09679425,-0.16264714,0.19843857,-0.26117536,-3.3657746,FAC20250613030958
-1.884233,1.7663394,-0.59897816,0.012517068,-0.74217415,-2.162054,-3.3674247,-1.4988986,FAC20250507008459
-2.4533093,-0.8044813,-1.2049998,3.8506167,1.070209,0.8723183,-1.1832148,-0.38160586,FAC20250521017218
-0.13583906,2.3597727,-1.0184816,2.0283837,1.8282046,-1.8816278,-1.3134341,-2.5092185,FAC20250902068212
-1.7312989,0.39072433,-2.3248668,-0.31333432,2.2447455,-1.0932128,-0.19608158,-2.3592517,FAC20250828066928
-1.3002669,0.05731768,-0.98630553,0.79459304,-3.1599205,-1.6552011,-2.9028752,-1.6451225,FAC20250517013603
1.0623442,-0.66690457,-1.5402311,1.6244408,2.507016,-2.5412412,-0.8949206,-2.1861792,FAC20250606027232
-3.3882985,-1.1278532,0.32022658,0.96452606,-1.6358863,-0.75039333,0.32748047,-3.2520876,FAC20250513011012
-3.8278353,-0.25348178,1.1934097,0.9237399,-0.7700183,-1.017454,-2.4434698,-1.6571242,FAC20250809055394
0.13891812,-1.7085344,-1.6597462,0.19169225,0.58948576,-2.307002,0.13205232,-4.0294747,FAC20250903069916
-2.810942,-3.463819,0.61283773,1.4018469,-0.5991245,-1.2883798,-1.125477,-1.2647042,FAC20250912074383
-0.6811959,1.2854217,0.28879014,2.1509745,-0.9968931,-3.5061011,0.9427246,-2.1365592,FAC20250607027652
-0.02029331,1.0755303,-3.0181668,1.7831626,-2.0683053,-0.5739327,-1.2915533,-1.8793778,FAC20251003086408
-3.380178,0.23788671,-1.5589539,0.07141322,-1.1883641,-2.9597313,-1.0666794,0.747864,FAC20250425093098
-1.2408495,-0.38900897,-1.916129,1.1569779,-0.09022262,-0.23233148,-4.537571,-1.0838419,FAC20250925142543
-2.6083827,-2.4460635,-2.312226,0.2769957,0.14480017,-1.2175612,-2.2737496,0.51997066,FAC20250503095900
0.41668776,0.7197201,-2.2573159,2.0238283,-0.47889602,-2.3301547,-3.412779,0.029438948,FAC20250903069722
-1.6128237,-2.9575546,-1.601997,1.1480067,1.1766622,-2.7102685,1.3673459,-0.9130773,FAC20250519015846
-0.7657507,2.4004886,-3.7808652,1.4781941,0.30679655,-2.0957344,-1.2712301,-0.42599025,FAC20250625035472
-3.3314257,-1.4193964,-2.4086592,1.2320626,2.2701054,-0.49534866,0.7072413,-1.113999,FAC20250830133939
-0.2954454,-3.0537906,-0.9901473,2.9044201,0.427783,-2.994862,0.1764095,0.15415962,FAC20250524019222
-3.7019129,-1.8515255,-1.3889551,0.1286217,0.13407165,-1.6000121,1.1261117,-1.1384343,FAC20250511098520
-2.6198668,-1.3690177,1.2189939,4.0389695,0.38599196,-1.0501482,-1.3921784,-0.11738097,FAC20251017149372
-2.7365682,1.846996,-1.9379637,1.4983017,0.08715492,-0.32630625,0.92181253,-3.3315268,FAC20250822064062
0.09499826,0.94423664,-2.8224785,1.7244645,0.5384228,-0.8125507,-0.39183843,-0.16155855,FAC20250610029740
-3.6903915,-0.14320898,1.2155365,1.3375269,-1.502732,-1.7600827,-2.011654,-0.74892634,FAC20250517013639
-2.3404417,1.597007,-2.087198,0.3797823,-0.3041919,-2.0729766,1.4712832,-2.584328,FAC20250826132748
-4.0010157,-1.6346616,-0.8897165,0.74499255,-0.088620804,-2.31344,1.3547295,-0.50014746,FAC20250524019592
-3.4492779,-1.5870466,0.73326504,3.1637928,0.4515983,-1.2721214,-1.1177071,0.51549757,FAC20250510009926
-0.38982964,-1.4912935,-1.6592957,0.15526742,-1.0456471,-3.916934,-1.8819823,0.05575339,FAC20250519014363
-0.43433452,0.19857526,0.18778048,1.1934946,-1.0549726,-2.2903576,0.37437317,-4.18736,FAC20250814057895
-2.354372,-0.13341017,0.19861455,1.4901706,1.1986107,-2.463416,1.9393321,-2.4306679,FAC20250419000293
-1.1356438,-0.24848977,-0.5111034,0.7957552,-3.1064556,-1.7512094,-2.6510494,-1.6533842,FAC20250504096261
-2.4189744,1.1858706,-2.487817,0.008567299,-0.38413745,-2.5834663,1.5262209,-2.262578,FAC20251002144578
-1.4223646,-1.4357373,0.41881356,2.7033436,-2.8214161,-0.89497274,-0.48566157,-2.3458,FAC20250901067802
0.83520967,-0.33284143,-0.31261304,2.4123616,2.4386313,-2.1831145,-1.8929389,-2.0149553,FAC20250510098098
-1.6220765,-1.5699817,-0.65439147,-0.6850394,-0.87079847,-3.9590056,-1.5918028,-0.69042546,FAC20251007088726
-0.28066975,-0.4961735,-0.9508309,1.1983498,-1.5625787,-0.78950125,-0.6219908,-4.7692857,FAC20250525021325
0.598647,-0.14670855,-2.410667,3.0083835,1.0172628,0.1947651,-1.1212018,-2.9313931,FAC20250603025045
-2.058568,2.0277193,-0.36872834,0.651225,-1.1252413,-2.191499,-3.2890925,-1.0291579,FAC20250419000006
-1.6436595,0.104285985,0.6591139,4.0792346,-0.23781268,-2.3036242,-0.8687681,0.69964737,FAC20250905070605
-2.7624376,0.89703465,-2.322894,2.9270797,-1.135908,-0.92603356,-0.4249168,0.99540025,FAC20250919077252
-1.430167,-1.7530888,0.61250955,3.0297186,-2.207926,-1.4407947,0.42948902,-2.0533192,FAC20250807055137
-1.6215578,-1.6033446,0.65278316,3.1065464,-2.230637,-1.6103662,0.6985236,-1.8826554,FAC20250827133089
-2.8804817,1.9811361,-0.23549,1.732297,1.766483,-2.5283978,0.31399786,-0.80588436,FAC20250605025511
-1.5818549,-1.0919334,-2.5027714,0.00039510435,2.8282943,-2.256468,0.35084078,-2.2454777,FAC20250909073059
-1.2246287,-2.2165546,-2.121435,0.47322223,2.4506626,-3.0914714,0.6462151,-1.4362266,FAC20250922081084
-2.5163214,1.8617051,-0.022856798,1.799715,1.3069636,-2.4149249,0.9354976,-1.3294958,FAC20250818130372
-0.6299437,-0.5317874,0.40945184,2.137339,-2.9332364,-3.0955884,-1.8645378,-0.9590322,FAC20250515099655
-0.53696007,-0.49399287,0.2763375,2.0604239,-3.0650373,-2.950422,-1.8568205,-1.0912889,FAC20250614031274
0.22719416,2.4015248,-1.3272772,1.203996,0.95104915,-3.1223059,-1.1003959,-2.6470468,FAC20250714119087
-3.364098,-2.3804684,-1.736384,-0.47476748,0.018275816,-2.054237,0.6581351,-1.3398359,FAC20250422002609
-1.6570724,-3.2340622,-2.024318,-0.04615223,-0.027780578,-2.615704,0.45681694,-1.2386649,FAC20250623112326
0.6614107,0.15540361,-2.1126168,3.1478848,0.8643335,0.08569965,-0.8543902,-3.2109327,FAC20250905136027
-0.37754092,-2.0337474,-1.573581,-0.5456873,1.3900219,-1.8481743,-2.256896,-2.9697344,FAC20250526021599
-2.3003132,-1.4172536,-0.13254444,1.4910902,2.0915947,-1.9636056,1.598299,-2.6176095,FAC20250712044994
0.11132415,2.3626003,-1.2251639,0.9650586,0.5178669,-3.6880665,-1.3027815,-2.3259962,FAC20250926084109
-0.62867004,-0.37449983,0.77536196,0.58035445,1.6289139,-2.1496737,-2.8730671,-2.5827866,FAC20250524019849
-2.6112602,-1.3362134,1.1304907,4.011209,0.3258431,-1.0520942,-1.2937967,-0.016338224,FAC20251017090444
-3.1262586,-1.5160382,1.0491483,3.5895512,0.40488374,-1.1630498,-1.1433336,0.14291534,FAC20251017090489
-2.937071,0.3567388,-2.4021754,0.43857658,-1.2154746,-2.3847003,-0.65921336,0.96308434,FAC20250912138407
-1.7178286,-0.35739318,-2.6057084,-0.33823398,2.3454397,-1.8160274,0.3715286,-2.2018886,FAC20250430094968
-3.0865486,1.0417475,-0.5162454,0.95567256,-2.2197254,-2.8039873,-0.67536443,-0.0042923004,FAC20250924082933
-0.23672143,2.4808493,-0.9032024,2.1700318,1.7657355,-1.7647876,-1.5680465,-2.3121967,FAC20250902069124
0.21149212,2.4522176,-0.9853055,1.3854233,0.6910132,-3.206591,-0.9962698,-2.1665184,FAC20250901134825
-0.55245274,-1.6632589,0.17522526,3.9490798,0.33949262,-1.1623656,0.84494114,-1.7160172,FAC20251018090928
-3.0266025,-0.01807383,-0.9894534,0.2038049,2.3451724,-1.1673263,-2.7217324,-0.7742231,FAC20250731051980
-2.8721442,-0.549521,0.32208845,0.5572987,0.5396841,-2.342229,-3.5516284,0.05633115,FAC20250613030831
-2.338531,1.1158509,-3.067329,2.7195306,-0.9792409,-1.5861009,0.4996383,0.73521453,FAC20250922080978
-1.0504137,-1.8597343,-2.4536314,1.7434404,-2.8489292,-1.3635869,0.4048649,-0.891735,FAC20250909137197
-1.3733132,0.6265604,-2.5319428,-1.3727062,0.23729555,-3.2513583,-1.5459497,-1.4586889,FAC20250525020297
-1.6761734,0.7600409,-1.3997797,-1.111192,1.35323,-3.6197915,-1.2578778,-1.7807372,FAC20251011147640
-1.9911605,1.3753942,0.37489742,-0.265146,-0.7231721,-2.6225777,-2.7314937,-2.4410126,FAC20250429005112
-3.4056623,-0.5611055,-0.13053454,0.78165245,1.6071297,-0.12563068,0.00089084415,-1.9314029,FAC20250513099082
-3.3078547,-0.3721913,-2.0679283,0.0055934708,-1.0021553,-2.584715,-1.4207925,0.8798294,FAC20250429005049
-1.1500242,-2.1701188,0.2784531,2.6044178,-2.4575698,-0.75050044,-0.61536133,-2.6598525,FAC20250815058366
0.72013175,-0.9303019,-3.3371506,2.7749765,0.6068933,0.024121728,-1.6288435,-1.7904745,FAC20250608107355
-2.1998425,0.025844827,-3.6886933,0.6092119,1.9488286,-2.2146804,-1.3535084,0.6741968,FAC20250912138297
-3.809409,-2.696818,0.66089,1.1725388,-0.9494073,-1.0110606,-0.7433278,-1.7133237,FAC20250903135380
0.5439743,0.7395818,-2.2291079,1.363961,0.47303775,-2.9068801,-3.619913,-0.514709,FAC20250625036135
-2.455783,1.1725663,-2.7362392,3.0602825,-1.1319271,-1.3978835,0.32462117,0.71863854,FAC20250725050180
-0.4937899,-0.3573936,-1.9850767,2.0340812,1.0949813,-1.5520817,-0.031395018,1.065981,FAC20250824132162
-2.143673,1.425318,-3.0206363,-0.22463349,1.5862697,-0.82712644,-1.0696288,-2.460207,FAC20250912074443
-4.0234275,-0.34038907,-0.6462504,1.5968181,1.8571854,-0.29907593,0.5622249,-1.7399313,FAC20250519100961
-2.1271315,-3.6253417,0.4416797,1.5889815,-0.41395527,-1.4525405,-0.71486616,-1.1379886,FAC20250925142445
-1.1145322,-1.0728152,-2.2410698,1.5224867,-1.1696963,-3.422408,1.3304676,0.16228938,FAC20250922080745
0.8193662,-1.4322884,-3.302319,1.4395024,-0.9702999,-0.57272923,-1.5303265,-2.397944,FAC20250729123744
-0.918286,-0.6416477,-1.4030489,2.3767192,1.0400156,-0.65077764,-4.2726207,-0.1458105,FAC20250927084397
-0.17387968,-1.5857301,-1.179303,0.44272697,0.15687206,-4.018238,-1.989317,0.19542134,FAC20250617110396
-1.4125468,-0.41509804,-3.0249608,1.7499107,0.14972565,-1.7551405,2.4177847,-1.4545813,FAC20250826065885
-1.11048,-0.47187594,-2.535334,1.9505413,-0.57720053,-2.7317731,2.0930178,-0.36659014,FAC20251016149062
-1.9348413,2.7101545,-0.6663641,3.2722878,0.13320826,-1.769958,0.38078222,-0.85376984,FAC20250922079949
-1.9509919,-0.34132063,-0.4940236,1.645995,-2.9173172,0.05556975,-2.0305939,-2.7123053,FAC20250708117013
-3.7794678,-0.21193211,1.1340802,0.6713938,-0.73877853,-2.4017081,-2.020912,-0.456001,FAC20250804053077
-3.1478202,0.13006893,-1.6250172,2.5603697,1.4187583,1.031759,-2.1118581,-0.8770154,FAC20251007146218
-0.87892145,-0.47271764,-0.31281254,0.45432517,1.1064175,-4.5341945,0.21053587,-0.7468608,FAC20250621034497
-1.4965966,-0.19044976,-2.958865,1.5440687,-0.035385385,-1.8920605,2.3839998,-1.4804991,FAC20250827066014
-2.3408008,-3.0509894,-2.3509703,-0.43221977,-0.54038066,-1.9227282,0.1715313,-1.33685,FAC20250619034342
-0.39753845,2.4012146,-0.4931239,2.051134,1.4082028,-1.5404763,-1.8237569,-2.1676264,FAC20250421001278
-2.743363,0.3996605,-3.0826614,1.7258118,-0.63556343,-1.8940234,0.23162939,1.1765206,FAC20250510098125
1.1914728,-0.62862825,-2.4399083,0.9850852,1.8931531,-2.9301822,-0.8049421,-2.071746,FAC20250519014332
-0.73865604,1.8181537,0.0032635632,1.7482923,-1.1074698,-4.097147,-0.22273023,-1.1048015,FAC20250510010157
-0.28936058,-1.607526,-1.3094506,0.35752058,-0.038282353,-3.9854813,-1.9869936,0.23678043,FAC20251004087016
-1.1643549,2.6301036,-0.11964255,2.5780077,-0.22606017,-1.7813486,-2.658359,-1.0734397,FAC20250922141568
0.3743943,-1.4032415,-2.5088692,1.0145121,-1.8460357,-0.6694246,-1.2775288,-3.5309522,FAC20250519016079
-3.7881646,-2.0875647,-1.5844566,-0.12970841,-0.18802387,-2.0704722,0.9534323,-1.0220531,FAC20251002144565
-0.89274466,2.6087284,-3.4660347,1.3459419,0.31371439,-2.085333,-1.616991,-0.4410762,FAC20251001084832
-2.097462,1.44959,-3.0668187,-0.14625612,1.752568,-0.95277643,-0.86982703,-2.5285323,FAC20250710043949
-2.9693518,0.061125472,-0.16324954,1.6626362,2.76451,-0.20330878,-0.44813523,-2.6385553,FAC20251007146234
-2.5676558,2.5285544,-0.55672604,2.0869825,1.0293121,-2.6553092,0.6058074,-0.71383524,FAC20250625112964
0.4079352,-0.647023,-0.44644082,3.3774695,-1.3972117,-0.5068304,-2.962226,-1.719457,FAC20251018149826
-1.4494821,-1.9480382,0.6952522,2.957256,-1.9689319,-1.5500225,0.6368533,-2.2355871,FAC20250521017476
-3.5497856,-0.27662656,-0.47595662,1.3342096,2.2839384,-0.10015854,-0.11801315,-2.2132213,FAC20250904135667
-1.9200361,2.0502775,-0.49729264,0.0016835122,-0.8605233,-2.0598762,-3.1236491,-1.9662185,FAC20250430094990
-4.3069468,-0.7248946,-0.7589772,1.6788702,0.8128707,-1.0148188,1.2745649,-0.8221469,FAC20250515099672
-1.5959669,2.2015471,0.055538375,1.330683,-0.6769073,-2.0034268,-2.9659295,-0.9168695,FAC20250719047495
-1.8723053,-1.0246181,-1.091299,3.539338,2.7500086,-0.8828018,0.25484693,-0.42390257,FAC20251006145999
-2.2395098,0.062451955,-0.2815429,3.1362948,0.059566535,-3.1071348,-0.42242453,1.5453577,FAC20250524102553
-1.9552819,0.35791358,-0.038309038,3.397666,0.1950861,-2.9028196,-0.49071836,1.3620309,FAC20250619033832
1.3423994,-0.7300737,-0.5075881,1.0791545,-0.6677625,-3.4313645,-1.9493748,-2.2836058,FAC20250719047811
-2.5002794,0.5344126,-1.7575556,2.1359165,1.1316608,1.1927807,-2.3713334,-1.6714072,FAC20250603105926
-3.221901,1.8796641,0.057953276,1.0369055,0.9786117,-3.1101804,0.45505384,-1.1937581,FAC20250503006705
0.9596209,-1.1107559,-0.15667173,1.1823276,-0.14884055,-4.089241,-0.6215079,-2.4292,FAC20250715119353
-3.130072,-0.57146704,-2.6480174,0.8953315,2.3353143,-1.1176661,0.16044873,-0.12319373,FAC20250731051910
1.1802053,-0.17780186,-0.6919471,0.9972581,-0.58011204,-2.4041154,-2.6467097,-3.1561794,FAC20250823132001
0.25901726,1.3976461,-3.5193322,2.616201,0.44281316,-2.146397,0.14822425,-0.7016204,FAC20250705040641
-3.3555832,0.24398923,-1.5102515,0.1425984,-1.1069418,-2.824572,-1.1225559,0.76767075,FAC20250601024646
-3.6427262,-0.25961056,0.8717487,1.424559,-2.0026054,-2.2797012,-1.2562141,-0.2954839,FAC20250821062156
-2.9668894,2.329313,-0.029640347,1.4409091,1.192255,-2.8716125,0.171788,-1.1280129,FAC20250529022297
-1.5890648,2.390385,0.08393134,2.459778,-0.61656594,-2.1742096,-2.6676443,-0.40689865,FAC20250624034890
-1.1901106,-1.71645,-1.00752,-0.6208243,-0.5217073,-3.9795601,-1.766973,-0.4753041,FAC20251007146287
-3.4968295,0.28974736,-1.1864529,-0.0017083994,-0.94466144,-3.02142,-1.3345029,0.61721957,FAC20250630038116
-0.694319,-1.2837155,-2.629265,1.7886595,3.1849575,-0.7859593,-1.7266002,-0.8470525,FAC20250801124835
-2.7235806,-0.9261347,-1.4247108,3.4828196,1.1657503,0.8738363,-1.1572839,-0.25454015,FAC20250915075809
-0.50734293,-1.9138685,-3.1547735,2.4919653,0.30757058,-1.5852528,-1.1513612,1.1406937,FAC20250517100467
1.4770907,0.28285137,-1.7058406,3.7847366,-0.63432103,-2.4966528,-0.3362294,-1.3031048,FAC20250612108758
-0.5026907,-2.0563555,-2.3170838,1.9254979,-2.6933858,-1.6682383,0.5594018,-1.3615546,FAC20250807126681
-3.835956,-1.7843657,-2.1496506,2.0079165,-1.2137703,0.30454946,-0.52592987,-0.27437702,FAC20250429094709
0.0322283,-0.44206154,-1.1976109,1.1769425,-1.7110137,-0.92534596,-0.42846283,-4.416968,FAC20250607027919
-2.3453052,-1.7378229,-2.650578,0.033423204,-0.6385109,-0.10718194,-2.4518933,-0.6879347,FAC20250703115514
-1.0688344,0.6003398,1.0403345,0.2918106,0.48674706,-2.58027,-2.6517437,-2.8172977,FAC20250528103852
-2.25264,-1.1531072,-1.563168,3.9461656,1.1077715,0.5068532,-0.17269702,-0.21250094,FAC20250813056977
-0.8862173,-1.4668288,-2.6941638,3.1404316,-1.9258306,-0.3189735,0.9748075,-1.6444944,FAC20250906136396
-3.4936407,-0.017928708,-0.34052926,1.8863866,2.0637152,0.01894833,0.24720664,-2.1821518,FAC20250526103125
-2.6800807,-2.637951,-1.1910957,1.2474786,1.5254028,-1.5604528,-1.5365473,0.77682596,FAC20250623112359
-2.4574492,-3.0964336,-1.1799089,1.1130706,1.8748356,-1.477538,-2.0777209,0.055408113,FAC20250713045332
-0.8318633,1.7985454,-0.02838649,2.026852,-0.9500077,-4.181847,-0.15247802,-0.6951227,FAC20250625036225
-1.0866649,-1.4847583,0.77441305,1.3219843,-2.2794116,-2.9721851,-2.6709068,-1.0601158,FAC20250505007175
0.88419175,-0.82686335,0.28387707,1.810965,0.074238375,-4.156915,-0.5296895,-1.9259216,FAC20250617032581
0.8331065,-1.7546442,-3.6456347,1.7929235,-0.68179727,-0.7242785,-1.6445546,-1.7687004,FAC20250625035731
-3.0447986,0.72416353,-0.2864904,0.94213855,-2.3991396,-3.1730485,-0.29756054,-0.2657708,FAC20250919077277
-0.84372085,-0.7615604,-1.5001465,1.9706712,0.7029071,-0.5076326,-4.4207816,-0.5382281,FAC20250422002932
-0.861639,0.815153,0.39487615,1.8096688,-1.6412351,-3.0372608,0.85626936,-2.863237,FAC20251006087690
-1.8042638,-1.1445973,-4.1537137,0.38277122,-0.3170816,0.27266744,-1.7047516,-1.5098504,FAC20250604106022
0.0028560022,0.2930227,-0.33677682,1.0885525,-1.2965736,-2.2842767,0.22958048,-3.9897406,FAC20250903069968
-2.2915378,0.7433062,-2.6787324,1.9115705,-1.0487404,-0.2695835,-2.6459646,0.55434066,FAC20250929143894
-0.25539172,-1.0192538,-2.3524697,-0.62500876,0.5926774,-1.8099136,-3.3016572,-2.2168164,FAC20250909137199
0.7382714,-1.7123382,-3.3013895,1.1113536,-1.3687059,-0.84417295,-1.6539026,-2.2892413,FAC20250708042933
-0.91008395,-0.5041259,-1.0430311,2.7751803,1.2967526,-0.71952087,-3.659296,0.18555652,FAC20250610029800
-2.3103292,0.25877354,-1.404032,0.55430096,2.852434,-1.4043802,-2.7663321,-0.6700564,FAC20250910073449
-1.3191941,-3.7320855,0.16290092,2.247872,0.0031557,-1.7742784,-0.64184046,-0.7450928,FAC20250713045271
1.0580407,-0.7795528,-2.9316425,0.65479875,1.3841465,-2.6495829,-0.36824635,-2.5911474,FAC20250509009338
-0.24890982,-1.6836884,-1.0152559,2.6193802,-0.80099326,-3.6105404,0.42960796,0.4582461,FAC20250915075454
-1.9850347,-1.0925505,-3.3023229,0.14053951,-0.05423458,0.27857757,-0.19162408,-3.1850338,FAC20250525020642
-0.0763661,1.0116482,-0.04634813,1.3543292,-1.2680142,-2.4402287,0.24490517,-3.426833,FAC20251009146844
-0.15348221,-1.6588515,-1.1788248,0.47864777,-0.013072127,-3.9794407,-2.1942158,0.16447943,FAC20250429005369
-2.644224,-0.33090317,-3.442006,0.7954252,-1.0132277,-2.123449,-0.317063,1.0141288,FAC20250922081902
0.19903034,-0.36020768,-0.36340034,3.447954,-1.5062733,-0.34878653,-2.2838132,-1.4684505,FAC20250816059787
0.85376793,-1.6959828,-0.06518007,1.3210186,-0.1601651,-4.0046225,-0.34374383,-2.5162053,FAC20250529104118
-2.0621495,-1.0364043,-2.9933937,0.2881955,-0.09669234,0.3216593,0.053511858,-3.6568005,FAC20250927142993
-1.1102031,-2.5178437,-1.4051552,1.759704,1.9401511,0.35561606,-2.5304487,-2.6215374,FAC20251007146376
0.32837495,2.3244154,-1.2507514,1.2900759,0.6732261,-2.8343508,-0.6943132,-3.0868816,FAC20251018149734
-1.4702524,-0.13255432,-0.38819775,1.0335896,0.21249129,0.35996845,-3.4629688,-3.2519321,FAC20250729051026
-3.9155586,1.7738413,-1.8115714,0.28841436,0.7364734,-0.8459539,-0.7889548,-1.2367127,FAC20250907072300
-2.6073072,1.3774594,-3.4365964,-0.0792967,0.813041,-1.1483805,-0.081338175,-1.002681,FAC20250911137980
-2.6512687,-0.79215264,-0.3952632,-0.4501792,-2.1474426,-2.2172773,-0.016638802,-2.9581823,FAC20250510098270
-3.4614224,0.20812722,-1.383715,-0.035314243,-1.0572758,-2.9910975,-1.3769778,0.6792531,FAC20250922082214
-1.927555,1.7918977,-0.5411751,-0.12349741,-0.8219356,-2.125757,-3.2635853,-1.9170055,FAC20250813057355
0.55153257,-1.5475435,-3.2625806,0.96546537,-1.6240705,-0.8862642,-1.6767931,-2.5874512,FAC20250522018201
-2.263564,-0.66495866,-2.6528206,0.057497952,-0.42306936,0.2936205,-0.13977812,-3.8915348,FAC20250615031638
0.10907264,0.4381707,-0.4343242,1.1612788,-1.662292,-2.217705,0.36565277,-3.5264204,FAC20250712045195
-2.3991346,-0.6821294,0.760341,1.5060226,0.5554893,-1.9922811,-4.078563,-0.34231958,FAC20250705040709
-0.84263545,0.55284214,-0.55783004,2.6599894,1.394082,-0.48417145,-3.0628862,-0.08287298,FAC20250921141204
-1.7131115,0.84240663,-1.6579095,2.5376415,0.83096033,1.1326818,-2.6107526,-2.287619,FAC20250809056133
-2.5323727,0.4996484,-1.3259932,0.80470556,2.5417235,-1.129306,-2.6352935,-0.30558994,FAC20250923141636
-4.3403316,1.6211821,-1.4213094,0.7337465,0.14914677,-0.6559348,-0.64588374,-0.97927797,FAC20251012089889
-2.924359,0.71837735,-2.2502153,2.6024823,-0.922126,-0.11644126,-1.8011688,0.8482744,FAC20251015090195
-1.1896099,-1.9204868,0.50202155,2.718819,-2.4998755,-0.9255189,-0.49443367,-2.4833117,FAC20250808127156
1.2042714,-0.65485924,-0.09463668,1.5490017,-0.6918569,-3.8700292,-1.3024093,-2.280082,FAC20250922079170
0.18511732,0.715073,-2.2158966,2.6735358,-2.2981915,-0.35723022,-1.5985562,-1.8504686,FAC20250821131206
-0.38382825,-1.0387071,-1.0281073,4.597063,0.33851206,-1.5977709,1.4349508,-1.0870631,FAC20250509009285
-0.10869142,-1.9678755,-2.6735346,2.2612686,2.3468306,-1.0524924,-1.4580756,-0.320058,FAC20250529104124
0.49234056,-0.09468584,-1.6294147,-0.035693586,-0.24724442,-1.9231193,-3.0177975,-3.2847435,FAC20250814128954
-1.2314042,1.0281333,-2.3236935,3.139673,-1.4535764,-0.42032963,-2.951021,0.1119681,FAC20250630038735
-3.1251075,-2.7182524,-1.2902333,1.3956271,-0.05500321,0.99334955,-1.2196583,-2.5152268,FAC20250919077593
-1.732765,1.0920475,-0.7483617,3.0466278,1.9011515,-1.4063891,-2.2755322,0.66287315,FAC20250907136564
0.87028444,-1.6953789,-1.771101,2.6288936,-1.7516029,-2.148441,0.60288614,-1.9893593,FAC20250703039591
-2.2041714,-0.13672268,-0.51639634,3.4319851,0.10779631,0.9614842,0.14434536,-3.0096684,FAC20250804052510
1.0012574,-1.2700415,-0.20848784,1.1624593,-0.41446766,-4.053097,-0.6012809,-2.4508023,FAC20250911137986
-0.35369024,-1.1297244,-1.0172305,-0.6197646,0.50622404,-1.9039761,-1.355788,-3.9786448,FAC20251015148909
-1.7242872,-0.10189665,-0.32196614,0.4548745,1.7222214,-4.3894625,-0.08647027,-0.3888022,FAC20251001144309
-1.7828217,-0.7485942,-3.7545178,-0.36759213,0.7311112,-0.14009234,-1.6305624,-1.3695655,FAC20250527103529
-2.5345018,-0.3975615,-1.6644742,1.0332476,1.8207285,-0.98980415,1.3901808,-0.893646,FAC20250804053241
-1.5057719,-0.4001006,-3.1019566,2.2224467,0.41072044,-1.6230376,2.3856423,-1.1162676,FAC20250807126571
-2.3828404,0.5636583,-1.1922363,1.9400165,0.9149654,1.1724473,-2.753698,-2.026849,FAC20250703115421
-2.549342,0.26227552,0.38190502,1.1859909,1.1469378,-2.495223,1.5962912,-2.4691374,FAC20250515099815
-1.350699,0.7335437,-0.77881825,-0.5179272,2.006098,-3.5300102,-0.8849023,-2.1217265,FAC20250917076937
-1.4912882,0.91481173,-1.0051094,-0.6236594,1.8456147,-3.5337782,-0.9444662,-2.0991356,FAC20250903135421
-2.3864534,-0.006326581,-3.5493891,0.7541919,2.0571449,-1.672559,-0.75036967,0.42534193,FAC20250622111774
-2.0855083,0.087224506,-0.41520506,3.8638124,-0.39849934,-2.4336436,0.11691833,1.2388769,FAC20250902069281
-2.0640352,-3.8798645,0.08484563,1.9540287,-0.52982914,-1.5215144,-0.92877734,-0.75410163,FAC20251017149640
0.07634581,-1.5376792,0.08961545,0.7950944,0.8645991,-3.9242814,0.21751225,-2.6323612,FAC20250826065612
-3.7602198,-1.1638879,-0.46242818,0.35560563,0.7864213,-1.0346439,0.75065315,-1.1266721,FAC20251011147460
-1.5987321,-0.38570076,0.076277316,1.0035899,1.5497463,-4.5995917,0.25615117,-0.4276457,FAC20250525020034
-0.9174565,-0.33061576,-1.9482018,1.5397804,-1.8076397,-3.7522979,1.0476696,-0.012678171,FAC20250813128566
-3.4462116,-0.88626367,-2.3916721,0.72371185,2.3818285,-1.3942746,0.22437893,-0.272741,FAC20250523102057
0.6642902,0.029014658,-2.1453345,3.2321892,0.9529793,0.10173191,-0.97420627,-3.0915203,FAC20250809127237
-0.37760335,0.004773752,-0.098490894,3.8912523,1.8752238,-2.1880176,0.6657486,-1.1402122,FAC20250421001461
-0.24508297,-2.7856014,-0.8732183,2.6949277,1.484978,-0.0015386147,-1.3266906,-2.7442527,FAC20250916076707
-1.52533,-0.8608001,-0.3978971,0.8507573,-0.11064315,0.10406275,-3.8714306,-2.7352242,FAC20250701114821
0.13266389,-0.47475773,0.254773,1.2666395,2.0710576,-1.9805856,-2.622393,-2.3304837,FAC20250915139200
-0.34283668,1.0325245,-2.9172347,2.353506,-2.4741874,-0.5382601,-0.8053596,-1.6571711,FAC20250912074807
1.5471855,0.20786433,-1.944618,3.5432522,-0.52346164,-2.3927336,-0.29274374,-1.2433124,FAC20251015149040
-3.3525724,-3.0735075,-2.172585,1.0957091,-1.1549788,-0.20439881,-0.010083977,-0.75952566,FAC20250715046126
-4.004632,-1.7810878,-1.8198247,1.7935843,-1.4144151,0.34477833,-0.54348254,-0.43880594,FAC20250510098089
-1.8537985,2.3983405,-0.46666846,3.3466406,0.33476847,-1.0831573,0.1872061,-1.116831,FAC20250922080471
-1.2474885,0.35240856,1.1422496,0.15776186,0.43264052,-2.6296365,-2.5487735,-2.9485528,FAC20250904070529
-0.58151835,0.39816707,0.33835274,1.3644316,-1.5124396,-2.510605,0.5057507,-3.776088,FAC20250519015927
-0.61859685,-1.5698302,-0.6874019,4.0777354,0.20342056,-1.2259567,1.6098245,-1.6269358,FAC20250805126050
-2.7917352,1.4896818,-1.6608592,0.39634722,-0.12551603,-1.7150176,1.4187261,-2.9584477,FAC20250902068586
-1.1316965,-2.6816072,-1.9544568,0.75630754,1.213768,-2.3460622,1.0873984,-1.0249176,FAC20250905135853
-2.8166459,0.094060145,0.4186402,2.3109105,1.163162,0.50677484,-0.59699184,-3.2523494,FAC20250904135749
-3.1616035,-2.282133,-0.38573742,2.1876748,1.6853255,-1.6654499,-0.9592805,0.77010137,FAC20250804052587
-3.1575787,1.656342,-1.3020545,0.7747999,0.102334864,-0.91708094,0.926979,-3.684546,FAC20251014148536
-0.2399896,-1.8479046,0.12005278,1.4133811,1.2339501,-3.6365492,-2.6098628,-0.2523325,FAC20250427093925
-1.9436158,0.5029792,-2.6780515,0.15235983,-0.31294245,-2.6700747,1.8458089,-1.974482,FAC20250421001389
-3.03755,0.019036118,0.39771527,1.6862153,2.1112068,0.060215123,-0.8943273,-2.9786193,FAC20250915076342
-2.703013,-3.0202339,-1.3677716,1.3662989,0.15016958,0.5868432,-0.2938626,-2.6594007,FAC20250617032541
-1.4409432,-0.56454813,-0.5395356,0.85033214,-0.11837747,0.32634798,-3.5441284,-3.0863788,FAC20251009147001
-3.488198,-2.7861154,0.6950532,1.0024232,-0.93272454,-1.1360455,-0.5386841,-1.80706,FAC20250903069818
-1.0400211,-2.4734066,0.1835316,2.4169834,-2.3736408,-0.7033111,-0.89031607,-2.755268,FAC20251004145385
-0.6160155,0.34993836,0.6382274,1.0370936,-0.5277034,-0.09282759,-1.8244717,-2.9432483,FAC20250903069868
-0.72044003,0.17816983,0.360493,1.640685,2.0043106,-4.4104657,-0.051844027,-1.293098,FAC20250905135945
-2.8800395,-2.3385978,-1.0621226,1.9553666,1.8494914,-1.7737598,-1.0549184,1.009353,FAC20250520101148
-1.9816786,0.55657005,-1.7437526,2.623657,1.1564136,1.2467796,-2.2856188,-1.7027117,FAC20250522101852
-1.4149954,-1.3726743,1.8103161,1.985038,1.3863864,-2.859947,-1.5802423,-1.1592419,FAC20250506096837
-2.3507931,-0.71553797,0.2581202,1.0392092,1.3719476,-2.5119185,1.7484292,-2.8638856,FAC20251006146051
0.6139898,0.69377846,-2.1593328,1.5984788,0.24885604,-2.8561068,-3.523615,-0.29916266,FAC20250613030128
-0.767496,-0.19055709,-0.8757894,3.0918458,1.5214233,-0.82664764,-3.559813,0.121327765,FAC20250618110514
-2.312496,2.5120094,-0.8607426,3.0122056,1.0655589,-1.7855477,0.55834895,-0.69390124,FAC20251016149126
-0.52794605,1.2303979,-3.2407997,2.0286884,-2.440755,-0.6304816,-0.613263,-2.0174384,FAC20250524019224
-0.92544293,2.1249347,-2.03775,2.1706352,-0.23866662,-0.6218633,0.6162563,-3.5551422,FAC20250521017076
-0.84689206,-1.1821893,0.46001473,1.3486031,-2.4945343,-3.215621,-2.2164996,-0.8221932,FAC20250717119941
-0.5871899,-3.7538438,-0.43936586,2.6703522,0.642145,-2.1187136,-0.41465214,-0.6701735,FAC20250519016414
-2.459688,-2.110294,-2.5488489,0.24923567,-0.4645128,-0.45921728,-2.2466378,-0.10038706,FAC20250506096770
-0.48995277,-0.025809616,-0.631346,3.7700431,2.5046535,-2.3782475,0.49269527,-0.67620635,FAC20250630038479
-1.4377363,-0.52355224,-3.2013776,2.200275,0.4894478,-1.4888543,2.3556685,-1.3004915,FAC20250705040373
-1.2652401,-0.93443984,-2.4155736,3.2895648,-2.0116835,-0.28355634,1.0081948,-1.151658,FAC20250813057788
-1.1885546,-1.4695163,-2.5617375,2.614446,-2.2981508,-0.53828967,0.9838903,-1.3971595,FAC20250922078583
-1.1571052,-2.5073056,-0.0636308,2.3428009,-2.4522223,-0.49815255,-1.2585936,-2.7075133,FAC20250726050391
0.45940506,-2.0549047,-1.4871168,0.7671953,0.10502301,-3.7842155,-2.435931,-0.28508884,FAC20250619033474
0.32942104,-1.8636994,-2.2682457,0.34322765,0.47359872,-2.2316718,0.3270955,-3.7531805,FAC20250428004475
-2.8525736,-2.9122417,-1.3315551,1.2804272,0.29511118,0.7954949,-1.0350381,-2.6786683,FAC20250906136166
-2.7650628,-0.50953823,0.47186303,0.6908213,0.6143541,-1.991772,-3.444829,-0.06680465,FAC20250609029512
-1.8532012,0.9469711,-2.6492546,2.2216363,-1.1988611,-0.16377977,-2.5981967,0.25537038,FAC20250731124343
-0.58094096,0.4919563,0.44826144,1.3535447,-1.3601333,-2.3621798,0.269121,-3.9926975,FAC20250905070835
-2.6297102,-2.3960886,-2.277506,-0.12525782,-0.008697669,-0.6039022,-2.2644897,-0.29068503,FAC20251003086513
-0.7618368,0.7177876,0.5555225,1.5338243,-1.4918617,-2.7698703,0.5291834,-3.459598,FAC20250722121719
-0.58424383,-1.7508475,-0.44412705,4.1056023,0.08655176,-0.96391636,1.2414901,-1.8737848,FAC20250627036817
-0.051880114,-1.7961096,-2.6333117,2.659563,0.29769725,-1.372388,-1.1518679,0.86669356,FAC20250629114174
-3.891406,-0.095314756,1.3496424,0.97873896,-1.2978361,-1.5233783,-2.1021216,-1.6942904,FAC20250527103630
-1.1430376,-1.5785321,0.9757961,1.5364845,-2.2059782,-3.1604972,-2.4619875,-1.0680606,FAC20250605026545
-1.893555,2.1504369,0.040898096,1.9692574,-1.0048056,-2.016666,-2.8777688,-0.33061615,FAC20250605026208
-3.1129544,-0.5569968,-2.7915432,0.7733123,2.349398,-1.4221998,0.09527401,0.096159756,FAC20250518100810
-0.19191559,-2.9350498,-1.1016405,2.7892034,0.46229273,-3.170485,0.14797087,0.09993575,FAC20251017149489
1.3119189,-0.70678985,0.13443059,1.9732262,-0.52813965,-3.885615,-1.33309,-2.2490969,FAC20250530023204
-0.5411772,1.6381803,-1.6215779,2.5391667,0.29695573,-1.2892814,1.2382536,-3.7968886,FAC20250716046947
-1.8768932,0.35376003,-0.7713573,0.009361444,2.1176503,-4.0722146,-0.5003906,-0.6258744,FAC20250530023373
-1.348558,-1.790872,0.08669023,0.1897844,-1.886901,-3.317758,-1.8906492,-0.70074755,FAC20250731051827
-0.40452826,0.965563,-2.4077196,-0.19201097,-1.8396691,-3.2878654,-0.7042827,-1.8083472,FAC20250425093236
0.48903915,1.3910449,-3.3234065,2.7245781,0.31312943,-2.2185986,0.0006795098,-0.7136031,FAC20251003145059
-1.1274132,-2.9942176,-0.8665006,1.8561797,0.69810003,0.199635,-0.4639362,-3.1414843,FAC20250919077497
0.88949525,-0.7245211,-0.15503347,2.900425,2.2312791,-1.8646904,-2.1670437,-2.1478739,FAC20250714046091
-3.4834394,0.21170266,-0.48322007,1.8483087,2.44274,-0.07806313,-0.02871264,-2.1266787,FAC20250926142601
-3.190671,0.27621207,-0.41583464,1.6222469,2.8163693,-0.20977339,-0.42839757,-2.4557438,FAC20250809055955
-3.1903956,0.79420084,-0.91596484,0.2381751,-1.4884305,-3.2617927,-0.8688426,0.31445295,FAC20250516013174
-3.3964696,-0.14139964,1.1004236,1.6569573,-0.7936695,-0.37021747,-2.5090292,-1.3499278,FAC20251016149117
-0.92222416,1.293599,0.34153947,2.384635,-1.0792404,-4.138726,0.6148827,-1.2103096,FAC20251005145568
-0.84636235,-1.3679839,0.97624785,1.4670584,1.0311502,-3.6310573,-2.0795796,-0.22371024,FAC20250825064673
0.5892247,0.3823666,-1.8048642,3.0581152,0.8266753,-0.14103515,-0.35587925,-3.3605602,FAC20250902068524
-0.90705824,-0.12951,-1.0527848,1.8277924,0.78744644,-0.45687371,-4.040141,-0.41608235,FAC20251001084860
-2.4486406,-1.3513156,-0.27793825,1.3000599,1.8957677,-1.7026091,1.670622,-2.5940113,FAC20251004086953
-3.1837327,0.90846705,-0.58523697,0.8529401,-2.119751,-2.9426231,-0.7694466,0.18756329,FAC20250905071098
-2.0066712,-1.2911946,-1.2876896,4.18826,0.9461367,0.5228798,-0.165921,-0.30157727,FAC20250513012360
-0.15892005,-0.37513474,-0.3560301,4.1821737,1.1630142,-2.110502,0.85083044,-0.9458869,FAC20250729050934
-0.98875856,-1.7070006,0.12133689,3.7898014,-0.31788117,-1.2045951,1.3206701,-2.004308,FAC20251001144543
-1.5011704,-0.49723506,-1.5486455,0.9583188,3.3482,-1.3650426,-2.5741453,-0.96151084,FAC20250802124997
-2.0464077,-2.1173007,-0.111267276,-0.45778465,-1.1992507,-3.3569653,-1.8785682,-0.8239181,FAC20250713045437
0.8406733,-1.0422978,-2.8728786,0.48100805,1.2013183,-2.1825728,-0.17968166,-3.1093197,FAC20251004086986
-1.1871017,-2.3404682,0.35888284,2.800619,-2.3713129,-0.8412567,-0.45766938,-2.561614,FAC20250725049976
-1.575193,-2.7404816,-1.7438476,0.7838942,1.3221086,-3.14397,1.3272957,-1.0015852,FAC20250807126514
-2.1931808,0.2018191,-0.3901032,3.1101382,0.32893932,-3.1232207,-0.3408944,1.5854839,FAC20250629036979
-1.3653721,0.5098596,-2.6617477,-1.286436,0.07293042,-2.9922595,-1.6168183,-1.4398872,FAC20250428004516
-1.7150649,0.031100156,-1.4783518,0.83673555,3.2912807,-1.5959312,-2.8331316,-0.9632755,FAC20250525020832
-2.689516,-0.4029959,-3.3760486,0.7748176,-1.122922,-2.2204964,-0.39439392,1.0056274,FAC20250804125856
-2.8921218,1.9128926,-2.479982,-0.18611476,1.2433001,-0.8656922,-1.1284556,-2.0582728,FAC20250826065309
0.5098696,0.64104563,-1.7982987,3.370129,0.5287143,-0.21703757,-0.22560446,-3.550017,FAC20250530023335
1.0808244,-0.94627583,-3.0488625,2.1420667,-0.11939114,-0.29959035,-0.9479386,-2.3306563,FAC20250701114837
1.2059883,-0.63014823,-2.4500492,1.097386,1.903975,-2.7094212,-0.5408868,-2.2418938,FAC20250704039680
-2.0425537,-0.3062634,0.73760897,3.8293233,-0.37431648,-2.2791247,-0.5764052,0.7935726,FAC20250627036613
-2.555818,0.50953704,2.1210263,2.5399387,0.22302622,-1.7439444,-0.69562167,-2.4404638,FAC20250615031535
-0.8757934,-2.029856,-2.8962204,2.8008263,-1.7596078,-0.42857328,0.833625,-1.4798583,FAC20250421001830
0.55500907,-1.2817781,-0.001456404,1.0976368,0.120838374,-4.271249,-0.04089198,-2.3182023,FAC20250825065063
-3.2047775,-2.2897582,-0.88788515,2.085129,1.2887424,-1.4595691,-1.1317239,1.0507865,FAC20250930144208
0.60779554,-1.0471715,-2.4844065,1.1530137,-1.7715207,-0.8131869,-0.97254574,-3.3580613,FAC20250625036297
-1.4196397,-0.20982625,-2.9036453,1.158544,-0.11492616,-1.9431407,2.3335552,-2.152062,FAC20250716046882
-1.8430201,1.5999887,-0.4760627,-0.034948166,-0.72198963,-2.1930616,-3.4311104,-1.57685,FAC20250607027829
-1.4257659,-1.2836428,-0.6888204,0.81298393,-0.43400633,0.033616513,-3.9552498,-2.463333,FAC20250929084572
0.008663305,-1.999709,-2.3823311,2.1750638,1.6804781,-1.1138704,-1.8667685,0.20397353,FAC20251016090313
-2.0339265,1.9304347,-0.47976857,0.8162405,-1.2003785,-2.1668386,-3.3427827,-0.7721867,FAC20250710043661
-0.45862797,-1.6386685,-2.1486986,-0.51026285,1.6000053,-1.7125458,-2.8484929,-2.6082838,FAC20250726122816
0.11793372,-2.1672568,-0.40356278,1.1486537,0.9337557,-3.5218356,-2.847552,-0.3902545,FAC20251001144533
-2.8180063,-0.683431,-1.1306665,3.7934744,0.964277,0.8270233,-1.5130956,-0.2643415,FAC20250620111206
-3.9479961,-0.4564365,-0.9198313,1.7404274,1.2394464,-0.16803393,1.0800489,-1.6449132,FAC20250605106310
-1.5270008,-0.65455943,2.0728652,2.1411507,1.0319341,-2.3602974,-1.0448345,-1.4257467,FAC20250705039874
-1.2357205,0.7983719,-0.71912795,3.4488244,2.0449727,-1.2871842,-2.6124642,0.2785615,FAC20250521017462
0.047876325,-0.6582162,-1.576309,1.3590803,-1.567357,-0.44102824,-0.84539443,-4.425186,FAC20250915076340
-2.1038742,-0.81255525,-0.19815274,1.3761641,1.7595118,-2.2087827,1.857474,-2.5672152,FAC20250915139238
0.6439311,1.7318355,-1.6332967,1.2494717,1.5994067,-2.252584,-0.7246595,-3.1386635,FAC20250510098281
0.120765366,2.2292488,-1.0743952,1.7300209,1.6177331,-1.7692993,-1.3372818,-2.5288723,FAC20251004145409
-2.9232244,-0.705055,0.5652438,0.85758847,0.45125946,-2.0979989,-3.6023397,-0.06396305,FAC20250624035110
-3.2524512,-0.10012658,-1.9319768,0.00023928424,-1.1271912,-2.723866,-1.141993,0.83354896,FAC20250705040891
0.9973963,-0.14878207,-1.5298661,3.7485425,-1.3480912,-1.8214712,0.18006675,-1.4754395,FAC20250513011700
-1.8784165,0.629225,-0.5710784,1.3186152,-2.8792994,-0.27415502,-2.2947047,-2.6697009,FAC20250530023348
-0.09991946,-1.8474749,-0.5244039,2.904461,-0.6330406,-3.6076918,-0.051698823,0.41172442,FAC20250530104476
-4.1844425,1.7878033,-1.9672672,0.48509502,0.25114495,-0.73590696,-0.90985113,-0.98785305,FAC20250625035684
-3.3422692,0.6736057,-0.99263126,0.26103455,-1.3253565,-3.3052804,-0.75331247,0.39224032,FAC20250501005897
-1.0739219,-2.5662513,-2.8180838,1.8622715,-2.5167785,-1.0722351,-0.04974075,-0.8320898,FAC20250513011215
-2.7034206,-1.6463901,-0.21160425,1.3355825,2.4342518,-1.6592076,1.1306068,-2.1012871,FAC20250903135218
-0.018377554,0.68676114,-2.206868,2.839554,-2.5855677,-0.5584537,-1.3009124,-1.5909503,FAC20250821063402
-3.5741415,-0.083831,1.0920647,1.3149071,-0.77027965,-0.48684323,-2.401488,-1.6734596,FAC20250519014888
-2.1501532,0.068281405,-1.8552927,2.9396994,1.5921905,1.1971419,-1.69577,-1.0840634,FAC20250529104207
-3.7684371,-1.6851648,-1.1175197,0.4178677,0.32935068,-1.3108958,1.1927327,-1.1573104,FAC20250510098037
-1.6194326,-3.3265178,-2.2692723,-0.28584102,-0.47106403,-2.2780252,0.0124067385,-1.3712647,FAC20250906071864
-0.57541865,-1.3557204,-1.4296345,0.13857998,-0.567356,-4.1346197,-1.6745223,0.26313344,FAC20250903069992
0.059632197,-1.6122277,-0.78899086,2.9818099,-0.41335616,-3.8837059,0.02834902,0.40167123,FAC20250810127741
-2.8146935,0.6594499,1.9424869,2.2060037,0.51893383,-1.6062869,-0.79308456,-1.9157364,FAC20250419091287
-1.0345364,2.0076094,-3.6631174,1.3469592,0.9970056,-1.6122925,-1.930769,-0.24945123,FAC20250519014522
0.08016852,2.3133063,-1.1788566,0.8501817,0.41194627,-3.9332147,-1.5742064,-2.2828996,FAC20250423092481
-2.935861,1.9868369,-0.013665323,1.3559849,1.0116994,-2.9234874,0.6088102,-1.1325282,FAC20250509097963
-1.5859479,0.47420794,-0.07906641,3.8799348,-0.20535094,0.6193428,-0.26367128,-2.7902834,FAC20250505007007
-2.1737156,1.014773,-2.06617,2.1687994,-1.42834,0.03897083,-2.8084188,-0.12722877,FAC20250913075149
-1.8630413,-1.0923927,-3.399665,0.23692368,-0.03160111,0.4319649,-0.49206883,-2.8788724,FAC20250915075691
-1.4373071,2.477902,0.10291403,2.7205992,-0.49741688,-1.9027274,-2.6899784,-0.73992234,FAC20250831067642
-1.1891336,1.1132133,0.30477306,3.9659915,0.21006222,-0.07332067,-0.33290136,-2.4213583,FAC20251008146756
-0.73391134,-0.3776564,0.8458179,0.4448113,1.4022485,-2.041208,-2.7274024,-2.4356956,FAC20250724049335
-0.6188149,0.5081419,0.8418709,0.36563274,1.0398141,-2.328458,-2.4230504,-2.6986456,FAC20250429094651
-2.3663063,-2.0661278,-2.5668654,-0.0674104,-0.45037562,-0.32955727,-2.4183648,-0.55116296,FAC20250605026465
-1.9939736,0.104517095,-0.014915139,3.8655882,-0.42170286,-2.3762226,-0.17652233,1.1033549,FAC20250601024082
-3.5510926,-1.6670191,0.60577303,3.1391506,0.2778516,-1.0902387,-1.0453444,0.421414,FAC20251012148032
-1.6126761,1.3892641,0.89530987,0.24900131,-0.48235667,-2.4366882,-2.574557,-2.717697,FAC20250816059965
-3.250495,0.6292774,-0.80576515,0.62506294,2.1947632,-1.0484239,-2.559516,-0.634035,FAC20250607027471
-2.34131,-2.8878686,-2.4556246,-0.5791801,-0.52811766,-2.02896,0.12507087,-1.4533473,FAC20250715119300
0.618729,-0.037034605,-3.0708766,2.6408103,0.58136386,0.24131645,-1.0703783,-2.4683666,FAC20250708042988
-3.04085,2.234199,-2.8657403,0.14307028,0.22073911,-0.7191009,-1.4807761,-1.5894556,FAC20250804052494
-1.7160244,0.6000229,-3.9155467,1.0388536,1.7662007,-1.313819,-1.4259849,0.164318,FAC20250922078806
-0.19184035,-0.24452795,0.5052218,1.6978471,1.7612107,-4.059029,0.1774203,-2.2358682,FAC20250822064050
-0.8648932,-0.42886996,-1.8587406,1.6517165,-1.4855119,-3.4967728,1.2365162,-0.032532487,FAC20250630114360
0.3219663,1.459985,-3.4517174,2.1051967,0.22925983,-2.1175792,-0.20096645,-0.5779055,FAC20250819130588
-0.99592745,2.4898696,-0.5872902,2.50937,1.8354764,-1.3268166,-2.4801288,-1.7809646,FAC20250919077738
-3.5245764,-0.34534502,0.73954016,1.811048,-2.1452098,-1.8498324,-1.3725965,-0.14147839,FAC20250513099081
-2.9229462,-0.24490343,-0.15443344,0.1516133,1.2585763,-1.9253886,-2.9960506,-0.17174973,FAC20250629037304
0.78446364,-1.2809693,-3.5107958,2.2683055,0.03386086,-0.16472061,-1.5592059,-1.8908602,FAC20250827066030
0.11862787,-0.56747776,-1.5573659,-0.58418816,-0.3129973,-1.9153622,-2.688728,-3.342484,FAC20250629037013
-2.0076685,0.6086599,-2.690709,0.0072011957,-0.3914088,-2.875263,1.7446426,-1.9027945,FAC20250526021807
0.91687167,-0.7188788,-2.0930777,0.810082,2.0313156,-2.268658,-0.6705083,-2.7496827,FAC20250815058379
-1.7499999,-0.072859734,2.264526,2.6069832,0.56859046,-1.9294648,-0.8345135,-2.533583,FAC20250919140395
-3.0103652,-3.2125518,0.741184,1.2487134,-0.62410986,-1.2758445,-0.8503284,-1.4220407,FAC20250831067716
-1.0231313,2.6968372,-0.08710101,2.4799852,-0.11391792,-1.610963,-2.6181645,-1.5223142,FAC20250618110636
-3.1863244,-1.380701,-1.2244191,0.95685333,2.4170053,-1.1806194,0.9556718,-1.5479563,FAC20250729123919
-0.4129694,-2.42771,-2.2044945,1.4539517,-2.7184439,-2.1956563,0.28315765,-1.6272002,FAC20250922078808
-2.8827302,-0.44989944,-1.2475114,3.5269248,1.1947156,0.866006,-1.4264971,-0.36430827,FAC20250629114037
-1.3310595,-0.3423538,-1.1097188,0.33859822,-3.0260975,-1.6800315,-3.015044,-1.4787723,FAC20250922081946
-3.0501127,0.91247135,1.800532,2.2953377,0.02746488,-1.576667,-0.49023733,-1.9385192,FAC20250517100273
-1.7202094,-1.2182971,-0.62766963,1.5022647,-2.975913,-0.2671719,-1.7767038,-2.073467,FAC20250802125092
-3.1786807,0.17458127,0.58943945,1.7798688,0.9721124,0.29799092,-1.0254242,-3.3105996,FAC20250722121630
-2.5571256,0.8389947,-3.3607323,1.8015933,-0.6179268,-1.9553809,0.32774845,0.9021098,FAC20250924082731
-2.4714186,1.3980929,0.70331,2.2214465,-1.9355818,-1.6112816,-1.6036979,-0.28995973,FAC20250901067833
-1.9084272,-0.13364467,-0.98901474,1.014944,-3.0270936,-0.4419744,-2.6484277,-2.0799623,FAC20250613031162
-3.9885447,-0.9412188,-0.6287274,1.2245419,0.70640546,-0.8901056,1.0839244,-0.89756465,FAC20250507097286
-2.3399384,-2.1257412,-0.1535292,-0.6856405,-0.9716206,-3.46915,-1.9464045,-0.9356356,FAC20251007088439
-2.7059977,-0.16355062,-2.6009417,-0.20512113,-1.1908554,0.04607716,-0.5143737,-3.236581,FAC20250922081398
-1.1953679,-1.0921545,1.2196791,0.9579024,1.310989,-2.2312224,-0.9684513,-0.80662173,FAC20250812128305
-2.3112276,1.8049281,-2.913919,-0.20727184,1.3205652,-0.98919666,-1.1611978,-2.212332,FAC20251002144772
-1.2357991,-0.7143377,-2.790059,2.0528734,-0.30928546,-2.580333,2.039816,-0.17657706,FAC20250605106361
-3.799903,-2.032515,-1.5284582,-0.28287974,0.023003634,-1.98817,0.82069176,-1.2873155,FAC20250924142140
-0.84163916,1.3640943,0.3230309,2.2807348,-1.2078646,-4.062991,0.5362361,-1.3546919,FAC20250708042916
-2.5650647,-0.8751681,-0.4304499,-0.20275123,-2.1706367,-1.8374214,0.2300296,-3.0512292,FAC20250530023781
-2.17997,-3.0729527,-1.3551934,1.4038621,0.17785136,0.25529313,0.31758717,-2.8767595,FAC20250501095083
0.06344129,-2.261643,-1.7021109,0.11441649,0.30092838,-2.2226825,0.045855306,-3.7847016,FAC20250904070225
-2.3905585,-1.7688392,-0.74166644,3.8108635,2.26192,-0.561046,0.5852286,-0.720572,FAC20251006087603
-3.590851,1.1130238,1.1414956,2.4417744,-0.7025085,-1.3043278,0.11548678,-1.6699028,FAC20250910073445
-3.1674445,-0.17435506,-2.2666793,0.15750985,-1.1840485,-2.41426,-1.3816534,0.94010144,FAC20250607028104
-1.3685178,-1.8090597,0.6601229,3.2043107,-1.5636047,-1.251311,0.8338982,-2.1090248,FAC20250705040080
0.7253017,1.5760148,-2.0061884,3.4580934,-0.17230125,-2.690534,0.010207013,-0.8829383,FAC20250606027059
-0.37552786,-2.880093,-1.0094509,2.8026788,0.29578987,-2.9652894,0.22378016,0.2290871,FAC20250815129402
-4.1737924,-0.9687801,-0.5934673,1.5136671,0.1474132,-2.221599,1.5074607,-0.116804205,FAC20250724049564
-0.1361993,-2.0732932,-2.9846904,2.396776,0.52581245,-1.2630265,-1.1480201,0.72725415,FAC20250821063281
-0.18920337,1.6130948,-3.9875078,1.657657,0.56475717,-1.8007611,-0.91248095,-0.5232721,FAC20250621111671
-1.1011974,2.6685858,-0.18707496,2.5781887,0.1434141,-1.5996052,-2.6772456,-1.284927,FAC20250827066309
-3.1151066,-2.6291718,-1.337948,1.4756734,-0.30898932,0.91883427,-1.0266653,-2.2496958,FAC20250711117876
0.62856287,-1.5462615,-2.460295,0.6633834,0.94936717,-2.088556,0.16487603,-3.4413607,FAC20250716046853
-2.41238,-0.89485574,-1.1909827,4.073729,0.7819226,0.84399486,-1.2221884,-0.36870947,FAC20250813057517
-0.86245114,1.6612794,-3.5522463,1.5030254,1.2097827,-1.4594991,-1.4579896,-0.22684164,FAC20250512098775
-0.20710203,-1.8904494,-0.8671058,2.508904,-0.22818698,-3.6658618,0.32288074,0.39144328,FAC20251002086348
-0.23833513,0.18166739,-2.0012898,3.59946,-2.4593704,-0.039728884,-1.3430252,-1.6156145,FAC20250621034555
-3.4206018,-1.3880401,0.14121492,1.021244,-1.7263948,-0.77812713,0.506754,-2.9706295,FAC20250507097314
-0.8244455,-2.5324645,-1.1843154,2.0640345,1.9002802,0.35057285,-2.2162142,-2.68546,FAC20250502095485
-0.7139184,-2.561538,-1.183306,1.9581755,1.6953449,0.27337554,-2.254978,-2.5218937,FAC20250722121558
-3.6041431,-1.7992332,-1.970022,2.0138261,-1.6304905,0.3008121,-0.329072,-0.47478324,FAC20250526103299
-1.4223233,-2.1292078,0.8098189,0.5615751,-1.716078,-2.9896338,-2.199593,-1.5831419,FAC20250715119250
-1.7461734,1.8482044,-0.059707824,0.74490666,-0.8379208,-2.2673862,-3.2648432,-0.9970003,FAC20250421001949
-1.1510438,2.2234416,-2.1739104,2.0093203,-0.44177777,-0.34477,0.15393351,-3.4543493,FAC20250928143553
-3.3189683,0.68998593,-0.4737755,0.34471974,-1.4846978,-3.1817198,-1.020201,0.24216509,FAC20250718047292
-4.091144,-1.2724205,-0.84077644,0.6443811,0.1674368,-1.7691122,1.1919514,-0.5046557,FAC20251012147850
-1.3224144,2.6268442,-0.13021664,2.5565383,-0.2909576,-1.6956882,-2.6465237,-1.0531193,FAC20250607027990
0.7076136,-0.2858731,-0.56679106,1.8376573,2.609881,-2.2823253,-1.7093862,-2.0911167,FAC20250905071245
-0.6287759,-2.1425347,-0.9323575,-0.59505236,0.97104585,-1.9194854,-2.0204146,-3.2464933,FAC20250608107415
-0.2834539,-2.444302,-0.89441496,2.9999053,-1.1224796,-1.5541668,-2.6547632,0.3806674,FAC20250420091510
-2.1975262,-3.0849617,-2.128291,-0.29271182,-0.44233757,-2.2215312,0.43848783,-1.2146341,FAC20250509097819
0.08363073,-1.1160712,-2.1260707,1.2742875,-1.6942798,-0.28923967,-1.1208508,-4.01908,FAC20250614031364
0.46831328,-1.7023884,-2.3563,0.50799966,0.6181401,-2.1906707,0.351159,-3.8266983,FAC20250809056283
-0.88175386,0.9242707,0.4279528,2.2473137,-1.2034819,-3.7397988,1.0882348,-1.9527351,FAC20250505007267
-0.23469085,0.20712501,0.011359912,1.2657368,-1.1749674,-2.0843084,0.21883844,-4.245799,FAC20250626036468
0.09125905,0.28421402,-0.38826573,1.2432532,-1.5186608,-1.9627173,0.22763784,-3.7864614,FAC20250615031895
-2.3803394,1.7549772,-2.5551088,1.9192693,0.024199765,-0.061494403,0.9621269,-2.7547917,FAC20250820130704
-3.0613122,-1.4287629,-2.2649918,2.2682993,-1.6968607,0.4572512,0.1717369,-0.66918844,FAC20250614109507
-1.7435853,-0.4061281,-0.39121807,1.4692101,-2.827898,-0.14192677,-2.2642338,-2.655112,FAC20250530022690
-0.562487,-1.5221561,-0.062464777,3.958303,0.091526516,-1.0018673,1.0833411,-1.7852113,FAC20250429004901
0.27031887,-0.28271982,-1.8931719,-0.26323092,-0.15110111,-1.9478241,-3.288403,-2.9336681,FAC20250817060755
-2.579972,-0.27355164,0.3611922,0.9879337,0.84062064,-2.5680432,1.6907126,-2.6312342,FAC20251004086749
-1.9400731,0.12130786,-0.8123412,1.1560855,-2.9532542,-0.34073788,-2.5140285,-2.3853548,FAC20250719047487
-2.070443,-0.85197705,-1.4550126,4.1251187,1.0549637,0.7126318,-0.8704121,-0.3307632,FAC20251013148079
-4.39212,1.20021,-0.26450223,2.227292,-0.592058,-0.5563195,0.046323642,-0.826972,FAC20250816129481
0.16937502,-0.68488026,-0.920021,3.6780295,-1.6666842,-0.093658835,-2.3509607,-1.4955683,FAC20250807054943
0.55101526,-0.17016605,-2.7358367,2.9239423,0.97426015,0.22080886,-0.5550935,-2.4091442,FAC20250714119134
-4.5752077,1.1861293,-0.8813467,1.7087133,-0.52609915,-0.44760388,-0.22924986,-0.7249736,FAC20250521016894
-3.1507032,2.1784492,-2.975136,0.18420605,0.0783286,-0.8103092,-1.3171183,-1.343323,FAC20251001084916
-1.7521538,-0.2294162,0.83509105,3.973937,-0.24593846,-2.0678718,-1.2122384,0.6118601,FAC20250606026878
-0.67201716,-0.04629014,0.26044554,1.3512961,1.5440755,-4.532884,-0.017062074,-1.0773817,FAC20250924083004
-3.7783132,-2.562821,0.5540263,1.0143472,-1.0385163,-0.8499255,-0.7342484,-1.7756898,FAC20250817060470
-3.162659,0.50677,-1.7185335,1.8489269,-1.2519474,-0.069623835,-2.338048,0.56171376,FAC20250519015560
-1.1867352,1.0646114,-2.358334,2.9724808,-1.4553031,-0.36089075,-2.9570432,0.038148377,FAC20250815129210
-2.630064,0.7552106,-3.270535,1.959719,-0.5309367,-1.8663954,0.44195175,0.97057307,FAC20250506007831
-1.0136129,0.18813215,1.3553437,0.7138793,0.63526493,-2.3018813,-2.6105561,-3.0918727,FAC20250724049482
-1.9677162,-1.4626327,-3.6071317,0.050219543,-0.3549617,-0.13198772,-2.0223448,-0.7965769,FAC20251005145511
-2.1280472,0.9388927,-2.1030393,0.2137232,-0.3524769,-2.4436455,1.7472241,-1.9411939,FAC20250423003063
-3.176982,-2.2304335,-0.17417043,2.1925585,1.5921879,-1.6130542,-1.1453432,0.7924968,FAC20250904070204
-1.7438953,-0.21463712,-0.38729444,1.4196583,-2.9530778,-0.25766402,-2.0709524,-2.448634,FAC20250509097891
-0.25555816,-1.9327525,-2.7872057,2.2208343,2.2030847,-1.0981563,-1.4144245,0.04803826,FAC20250924083351
0.10745051,-1.7475642,0.07524677,3.3641093,-0.82185346,-1.1045433,-2.6766076,-0.69851094,FAC20250525019997
-1.6752111,1.625869,-0.7060553,1.897847,1.6664364,-0.618182,-0.9218115,-0.04041135,FAC20251006087390
-3.6999373,-1.9830388,-1.2206181,0.11029666,-0.15900704,-2.2793262,1.1531584,-0.972399,FAC20250905071306
-0.87698966,0.57382506,-3.0350964,-0.9786842,-0.6393802,-2.98837,-1.2521638,-1.3497188,FAC20250607028073
-2.0288687,1.735322,-0.5461774,-0.19196929,-0.87175494,-2.2689288,-3.1690965,-1.7787288,FAC20250527022022
-1.0154492,-2.4590228,0.32337126,2.6938357,-2.2724662,-0.87341315,-0.69128966,-2.7006094,FAC20250625036226
-3.1066794,-1.7934393,0.59246826,2.9729588,0.80068964,-1.2765615,-1.2860099,0.5873984,FAC20250607027335
1.061832,-0.329286,-2.1402156,1.001184,2.1581175,-3.1257212,-1.1835872,-1.6948996,FAC20250918140338
0.20429823,-1.072949,0.69858813,1.8969153,1.4151679,-3.4334495,0.13393632,-2.9534554,FAC20250924142206
-1.5909653,-1.2274097,2.0014741,1.9343264,1.2939606,-2.6354005,-1.3674908,-1.4183514,FAC20250519016328
-0.77639467,-1.6967515,0.7410542,1.5156946,1.3762053,-3.6925642,-2.548646,-0.38441703,FAC20250617032948
-2.4144435,0.9145279,-0.50745606,2.1929684,1.7549211,-1.6613462,-2.6011515,0.931395,FAC20250517013581
-1.5345026,0.8263825,-0.90709263,2.9485345,1.8464129,-1.5001545,-2.5052128,0.82327145,FAC20250905070777
-4.0862865,-2.019302,0.5976867,1.3660586,-1.3413714,-0.7503567,-0.21482201,-2.2190049,FAC20250526103345
0.18884555,-0.51309913,-1.8827689,-0.40729398,-0.33767325,-1.9774853,-3.1264877,-2.8846147,FAC20250817060375
-2.6667345,1.6684756,-1.5135751,-0.20183474,-0.418461,-2.3445258,0.8262434,-3.2350495,FAC20250817060613
-2.7631168,1.1653467,-2.4039876,3.0521104,-1.2138523,-0.808786,-0.2773178,0.84860855,FAC20250927142926
-2.8568916,-2.7351897,-1.374933,1.3183262,-0.16646631,0.85910153,-1.1742679,-2.4356484,FAC20250516100164
0.07133168,0.88070107,-2.3429022,2.7318609,0.26680803,-0.18469515,0.348519,-3.2879841,FAC20250817060649
-2.5928302,0.81767267,-2.8489037,2.7268558,-0.7362694,-0.84950024,-0.101580314,0.97826815,FAC20250804052901
-1.1316094,-1.6348771,-2.7501173,2.5848436,-2.1328857,-0.44750986,0.9506066,-1.4481056,FAC20250529022289
-2.3712146,-0.18773608,-0.042881597,1.5106202,2.3684137,-0.03560149,-0.5155259,-3.194168,FAC20250804125676
0.06613487,-0.9306711,-2.018964,1.2614639,-1.7947003,-0.4395012,-1.0381014,-4.1189322,FAC20250915139277
0.85241747,-1.6301783,-3.3771896,2.1709929,-0.26969168,-0.26332673,-1.5030297,-1.8915896,FAC20250630037711
-0.31185892,-3.472724,-1.1418289,2.7028892,0.49994263,-2.6604047,0.14516854,-0.22277571,FAC20250907136551
-1.2485018,2.6924994,-0.11095223,2.6235201,-0.009041199,-1.5651871,-2.759133,-1.2872484,FAC20250608107340
-3.1605556,-2.5635893,-1.2866167,1.628594,-0.059594072,1.0798708,-1.1387203,-2.3071136,FAC20251016149185
-1.9725152,-2.2313848,0.2573989,-0.08390843,-1.338845,-3.3650622,-1.9876243,-0.88372046,FAC20250722121730
1.3242689,-1.6015414,-1.1239254,3.3665457,-1.5171801,-2.142505,-0.13872047,-2.238913,FAC20250521016825
0.68532676,0.21555062,-1.4773012,0.23216723,-0.39088583,-2.1605058,-2.996739,-3.3256059,FAC20250812128283
-3.41,-1.938858,-2.4564486,1.9449973,-1.5449932,0.20527771,-0.054071084,-0.39120936,FAC20250526021598
-0.1667002,-2.378647,-2.7616208,2.8787599,-1.3783886,-0.86221665,1.0050879,-1.5879058,FAC20251006087378
-1.1640552,-2.3618808,-2.1685789,0.09936776,1.6764768,-2.716223,0.6340999,-1.3120979,FAC20250607028661
-2.7474587,-0.14995943,-2.90318,0.6588769,-1.152191,-2.1118886,-0.50125366,1.0448554,FAC20250506007659
-3.277179,0.70740163,-0.84660333,0.33848926,-1.2906322,-3.0094166,-0.92175484,0.52130634,FAC20250922081650
-0.51972073,-2.729631,-1.0022868,2.424599,1.2786994,0.35134158,-1.4040437,-2.449041,FAC20250510098140
-3.2587473,1.7886165,0.27738997,0.7876354,0.88909906,-3.1038728,0.30762777,-1.4195472,FAC20250504096318
-0.35545278,-1.8148459,-1.7073431,0.1149725,-0.99505764,-3.7243555,-1.8447396,-0.0014464358,FAC20250530022466
-0.07496204,-1.6259027,0.15259235,3.3789055,-0.985294,-1.0264659,-2.8134856,-0.70186687,FAC20250818130246
-0.13487317,-0.49242374,-0.8825431,1.0842776,-1.6367607,-1.2274027,-0.16280739,-4.415027,FAC20250525020951
0.7767021,-0.70517546,-2.9518204,2.873157,0.7111005,0.1938985,-1.364449,-2.317962,FAC20250606026686
0.14253485,2.2612298,-1.3058388,1.8128211,1.7320127,-2.1071286,-1.1002405,-2.9601965,FAC20250904070326
-2.8134792,-1.1682413,0.32546732,0.08150293,-1.6757433,-1.5958554,0.052094493,-3.2213752,FAC20250530104368
-1.143026,0.3002314,-3.4559824,-1.1075145,-0.48131278,-2.7816145,-1.6395541,-1.296386,FAC20250729051005
-1.2387305,-0.8033828,-2.7470102,1.7112931,-0.78520954,-2.9763353,1.8144022,-0.19761053,FAC20250821062492
0.07559117,-1.8371074,0.08474625,3.552629,-1.0181222,-1.3151263,-2.687224,-0.60923994,FAC20250430094844
-1.0179262,-0.32418326,-0.9221388,2.376274,1.0473831,-0.80802035,-3.5685275,0.3880434,FAC20250713045324
-3.6053283,1.8450971,-2.3679144,0.27842143,0.5757328,-0.6862082,-0.86590075,-1.223576,FAC20250922081777
-2.8060637,1.7419778,-1.662102,1.2753166,-0.08419558,-0.47062907,0.91114926,-3.40967,FAC20250821062958
-0.8886557,-1.4487598,-2.9013913,3.092431,-1.6229756,-0.09909561,0.91624516,-1.5329133,FAC20250630038824
-4.3228517,1.4956814,-1.7507333,0.7394198,0.29223973,-0.6680219,-0.456934,-0.8916006,FAC20251013148359
-2.6303232,0.17570138,-0.19881968,1.7343385,2.8346212,-0.16873015,-0.5056596,-2.8525207,FAC20250801124719
0.10208776,-1.8588971,-0.8629889,0.7928262,0.58605605,-3.7633467,-2.5211363,-0.09243944,FAC20250427093960
-1.8788333,-1.0655495,-3.5747395,0.00049303786,-0.12026968,0.21723635,-1.8380544,-1.2312384,FAC20250519015389
-0.1702609,1.1371717,-2.6433365,2.0071106,-2.4730184,-0.7385855,-0.93002707,-1.7778187,FAC20250508008845
-1.2146289,2.6163106,-0.018320244,2.6794515,-0.211858,-1.693843,-2.7026336,-1.0406964,FAC20250802125082
-3.952685,-2.2739258,0.5604368,1.156079,-1.2222987,-0.7432268,-0.5748741,-1.8810263,FAC20250922081197
-2.3678756,-2.9988217,-1.0468568,1.0496854,0.5560543,0.045547202,-0.032741148,-3.3420844,FAC20250821131148
-2.9485805,0.17427428,-1.6420921,2.4759917,1.7305508,1.0308725,-1.9249629,-0.925023,FAC20250815058228
-2.445269,-3.056531,-1.3734977,1.1617026,0.47418603,0.32155213,-0.06349305,-2.9315984,FAC20250509097732
-3.3069055,-0.22509855,0.16971321,1.3373175,1.9746488,0.025615338,-0.65974456,-2.8323455,FAC20251005087255
-1.5763917,-0.14676817,-0.28143597,1.3441571,-3.0848827,-0.5926594,-2.2202249,-2.3929188,FAC20250805125900
-0.3798055,-2.3546116,-1.8422517,2.6294653,-0.50588465,-1.4077957,-2.2828126,0.8476746,FAC20250714045895
0.027094377,0.53620917,-2.0706406,2.063747,-0.6117856,-2.5745635,-3.1355581,0.6312083,FAC20250421001135
-2.6192718,0.15342934,-3.4825907,1.1704755,-0.9696849,-1.80549,-0.31184125,0.98772657,FAC20250822063716
-1.6652423,1.4183873,-1.4150038,0.74324125,0.05570405,-1.6532882,1.466006,-3.4456222,FAC20250805053981
-3.0907726,-2.3175833,-1.3072436,1.7366585,-0.17379491,1.198548,-1.4618328,-1.9191372,FAC20250806126384
-1.3220546,-0.5552124,-1.6974777,0.9353968,3.2339966,-1.3581265,-2.4240355,-0.75830334,FAC20250606106767
-0.23789659,-2.7834046,-0.6201005,2.6858122,1.5284305,-0.10814031,-1.1203421,-2.9275415,FAC20250625035762
-2.3568108,1.6910372,-2.8177114,-0.11576574,1.4526949,-0.9948145,-0.6149031,-2.0198517,FAC20250421001283
-3.034647,-0.29380995,0.12463411,2.2986207,0.5130051,0.8114562,-0.556504,-3.4793952,FAC20250922080032
-0.47813663,0.98112196,-2.1343577,3.4515977,-1.1823311,-1.2069354,-2.6174078,0.5790255,FAC20250809055358
-3.2904816,0.60437196,-0.57064056,0.41615593,-1.3553478,-2.8233604,-1.111436,0.5135209,FAC20251009088909
-2.302104,-1.5920151,-0.7081505,3.6447253,2.3859649,-0.57272387,0.38601157,-0.6890439,FAC20250526103029
-3.4570138,0.033151392,0.6134081,1.8684758,-2.3104632,-1.6364326,-1.4798386,-0.22242972,FAC20250625035827
-1.0663077,0.2722186,-1.1672775,-1.0693481,1.1368723,-3.791679,-0.9502935,-2.2147608,FAC20250724122092
-1.422681,2.0485408,-2.717025,1.9605428,-0.46574482,-0.29579383,0.49114072,-2.9480357,FAC20250508008775
-0.96850723,1.0574943,-2.2753704,3.0737424,-1.3966576,-0.5995833,-2.877479,0.17097168,FAC20250609107662
-0.16553982,-2.1872287,-0.565952,2.8389022,-0.32907242,-3.5113857,-0.004713176,0.36321345,FAC20250813057018
-2.2467856,-2.9701405,-1.6737734,1.628936,-0.14960246,0.4768511,0.35888183,-2.1138966,FAC20250521017757
-1.7814666,0.68570215,-0.19357224,3.6672685,-0.08100092,0.56679505,-0.060062636,-2.5914526,FAC20250605026225
-2.818701,0.38563204,0.58226264,2.0003498,1.5537847,0.17834453,-0.9997185,-3.2778542,FAC20250616110053
-2.6440961,1.8387941,-0.27177745,1.8403074,1.7126944,-2.333866,0.5476004,-0.7693077,FAC20250515099586
-2.8749084,0.039010607,-1.5028971,2.6992586,1.4114681,1.1111206,-2.143941,-0.9562305,FAC20251007146397
-0.34519133,0.26252338,0.17664205,1.2060229,-1.1241554,-2.1229599,0.18015005,-4.242078,FAC20250929143846
-2.1043887,-1.266694,-3.7857,0.31770623,0.40404812,0.27662316,-0.97450185,-1.3811792,FAC20250606106630
-2.1603026,-2.8225453,0.6911032,0.8239592,-0.63233674,-1.4630117,-0.1520898,-1.4930656,FAC20250525021355
-0.4321415,-1.0456411,-0.23477072,4.0642457,0.51189137,-1.3319525,1.2618663,-1.4708723,FAC20250913138486
-0.9214168,-2.7779334,-0.39587793,2.0488367,0.8369967,-0.19150768,-0.2041525,-3.4516401,FAC20250825132561
-0.8434806,-1.7736415,-0.055731945,3.8626406,-0.004064782,-1.0899352,1.3292986,-1.9864268,FAC20250519014727
-3.0160112,-0.6063599,1.0588533,1.8363159,-0.0021186818,-0.7836205,-3.3678122,-0.7851902,FAC20251004086761
0.439328,1.5725551,-2.9583843,2.9719765,0.351809,-2.378376,0.11870436,-0.64260155,FAC20250528103681
-3.2893732,-1.47858,0.9100288,3.4844654,0.294937,-1.2077229,-1.0664406,0.2953418,FAC20250911074028
-0.87195116,0.28061154,-0.90350944,-0.48083422,1.3430653,-3.9000192,-0.55104816,-1.2660002,FAC20250921141129
-4.102509,-1.1313398,-0.82138544,1.0744516,0.31943735,-1.4385779,1.3971194,-0.6747442,FAC20250510098130
-1.1492761,-2.8936865,-1.2443275,1.2693775,1.8057345,-0.11143483,-2.71308,-2.5207863,FAC20250928143468
-1.6181235,-3.0212352,-2.3320355,-0.34849763,0.0662262,-2.2068958,0.24023814,-1.3329369,FAC20250609029462
-1.1758269,0.6582821,0.39722282,3.6366458,0.4789588,-0.093800426,-0.08770511,-2.6551447,FAC20250915139372
0.65581363,0.48515868,-1.8615139,3.1444848,0.62894714,0.036580533,-0.8830833,-3.297557,FAC20250701039038
-1.4352434,-2.7971,-1.538266,0.54308766,0.38375676,-3.1176958,1.4264909,-1.3673556,FAC20250712044861
-1.172392,-2.697086,-1.762381,0.60806453,1.778184,-3.1224372,0.80367005,-1.1693225,FAC20251017149609
-0.92883897,-1.2277869,0.79180336,1.5474958,-2.4931123,-3.126326,-2.244188,-1.0086709,FAC20250508097600
-3.3609498,-0.7754857,-2.7228732,0.70022297,2.2926986,-1.1997935,-0.042069122,-0.07289205,FAC20250609029057
-3.0961268,-1.7742698,-0.6603472,1.3020507,2.3998623,-1.2476577,1.0495207,-1.9821335,FAC20250422002434
-2.3293803,-2.2337487,-2.4926667,0.4008186,0.72485435,-0.1067755,-1.6553199,-0.17358887,FAC20250421001220
-3.1255653,0.22591463,-1.8554184,2.2657492,1.3910583,1.1915909,-2.276498,-1.2147509,FAC20250623112228
-0.045480676,0.6762207,-2.0483084,3.1854944,-2.4435718,-0.2858651,-1.4156427,-1.9009142,FAC20250902068073
-2.017313,2.4131896,-0.68369377,3.0971136,0.6914408,-1.5681658,0.5223155,-0.88793695,FAC20250525020509
-1.5533398,0.61209226,-1.6297727,2.818189,1.116884,1.1751006,-2.4477494,-2.0015836,FAC20250708043114
-1.0431964,-1.6380686,0.43374828,2.295611,-2.6236336,-0.7470329,-1.0693185,-2.6358478,FAC20250726122734
-2.3039186,2.438293,-0.6992914,2.6422176,1.3732958,-1.8593351,0.31673566,-0.7404618,FAC20250927142938
-3.8562808,-0.5178934,-0.62966317,1.393794,1.5865027,-0.22798297,0.6304314,-1.7043511,FAC20250426093547
-2.8879402,0.9583222,-2.5699773,1.0717118,-0.9042735,-2.2272198,-0.10247079,1.0665989,FAC20250816129576
-0.80340785,-2.7962296,-0.49513274,1.8149006,0.69670296,0.18572585,-1.0224978,-3.2075374,FAC20250826065440
-1.4204768,-1.8954583,0.5055593,2.8358996,-2.6223128,-1.4961119,0.15992284,-2.2540412,FAC20250821061964
0.27520904,-0.45677775,-2.138398,-0.30716303,0.24319716,-1.7978437,-3.1270638,-2.5791757,FAC20250821062449
-1.1447153,-2.4566362,-1.8011019,0.50564456,2.0352437,-2.965527,0.7312411,-1.290521,FAC20250420091628
-3.083038,-0.05791261,0.36100835,1.5354583,1.9489928,0.10786591,-0.9328475,-3.0498283,FAC20250429094468
-0.63477856,-0.11394346,-0.6816913,4.084206,1.9158254,-0.8196435,0.14069682,-0.6849702,FAC20250825064891
0.028050339,-0.5515693,-2.2719495,-0.43943903,-0.05581398,-1.8536142,-3.448039,-2.439573,FAC20250807054846
-2.5620232,2.0868535,-2.353035,-0.082516,0.8735843,-0.73999697,-1.4094201,-2.0846121,FAC20250508009123
-2.032937,0.03180974,-0.20545992,3.3996127,-0.32983977,-2.7061136,-0.43456942,1.4339793,FAC20250727123022
-0.45385626,2.3840833,-0.8236488,2.2047453,2.0380166,-1.5825386,-1.5396307,-2.297443,FAC20250824132181
-2.1383808,-0.66636354,0.91910666,1.5822926,0.81436414,-1.7358903,-3.922456,-0.5361679,FAC20251013148083
0.06728133,2.5216799,-1.1762582,1.1075672,0.9524223,-3.1504319,-1.5000284,-2.3550358,FAC20250515099754
-2.332402,1.16052,-3.097908,2.5164897,-0.87928534,-1.7592689,0.5525594,0.7280143,FAC20250607028388
-3.778726,-0.39548558,0.934607,1.5543842,-1.9522145,-2.093921,-1.3953418,-0.4469434,FAC20251001085412
-1.777388,0.43832344,-0.4191834,3.0400183,0.37434477,-2.8644042,-0.6801546,1.4917362,FAC20250727050609
-1.4089698,-3.0051467,-1.6503336,0.3951382,0.1405289,-3.208469,1.1000172,-1.310672,FAC20250603105659
-0.6544615,-2.6631336,-0.94530386,2.1210482,1.5927699,0.27544874,-1.8398237,-2.5800178,FAC20250901134872
-2.4504983,1.6761656,-1.2637237,0.7015558,0.16775389,-1.2443,0.9961392,-3.5069406,FAC20250902068639
-3.1224937,1.1520933,1.6057934,2.00822,0.13075735,-1.44788,-0.6263529,-1.8722048,FAC20251004145252
-2.9742224,-3.0832846,0.7541324,1.1945817,-0.73022807,-1.2803485,-0.6332655,-1.619804,FAC20250813057478
-2.9774728,0.7216231,-0.61371994,1.1952274,-2.544838,-2.9206102,-0.29855958,-0.008185188,FAC20250806054117
-3.3692822,-1.5772414,0.8148668,3.369612,0.38388243,-1.2738553,-0.9683834,0.4095581,FAC20250919078008
-1.1974267,-0.8038111,-2.770435,1.9119357,-0.53331095,-2.9533365,1.9310223,-0.12276067,FAC20250813057037
-0.31196988,0.776405,-2.4310045,-0.115980595,-1.8490691,-3.332827,-0.60746306,-1.7530228,FAC20251015148949
0.864953,1.3412021,-2.0409718,3.3915114,-0.25204402,-2.6795905,0.074920736,-1.0357726,FAC20250805053692
-3.0781314,0.5307488,-2.7608848,2.0931497,-0.8968118,0.090120934,-2.1486406,0.5351395,FAC20250704115808
0.52708775,-1.3210864,-0.19486468,3.3819587,-0.75702035,-0.65185153,-2.6752117,-1.3032882,FAC20251006087721
-1.1964043,0.40622997,-3.2258306,-1.1717303,-0.24297746,-2.9385302,-1.6711246,-1.3281071,FAC20250428094234
-1.7721578,1.5714439,-0.27783847,-0.02734829,-0.68438476,-2.2742329,-3.3510113,-1.6684455,FAC20250721048553
-0.80899525,-1.8474848,-0.10626269,3.9206877,-0.09814059,-0.9596212,1.1351871,-2.1169221,FAC20251001144444
-2.9727874,0.015430113,0.60201204,1.8750572,0.79752374,0.41180378,-1.0802118,-3.6127188,FAC20251001085035
-0.6095647,-1.2959605,-2.1294608,-0.8305294,1.1552373,-1.5327501,-2.6028392,-2.8277903,FAC20250506007674
0.2107773,0.59389406,-2.2756865,1.5650548,-0.49361518,-2.4976892,-3.3129842,0.29526663,FAC20250919077311
0.45011395,0.7221139,-2.1746638,1.4957526,0.28239328,-2.6909897,-3.6032863,-0.24318746,FAC20250915075704
-3.2907066,-0.16476415,1.0377929,1.3901088,-1.493278,-1.9397129,-2.0833802,-0.14202775,FAC20250728123589
0.41164073,-1.5587287,-3.0391912,0.86723393,-1.7518796,-0.8415768,-1.6693175,-2.7244275,FAC20250925083460
-2.823615,-0.12664364,0.051742524,2.402093,0.5407421,0.9038411,-0.39672303,-3.3103127,FAC20250606106799
1.346082,-0.22349602,-1.0394714,4.04245,-1.1910379,-2.1206665,-0.22427243,-1.9202617,FAC20250512010550
-2.876867,-1.3600609,-1.0387136,1.228029,2.2292705,-1.2948306,1.4148297,-1.9191229,FAC20250512098782
-0.5039065,1.1289513,-2.1247292,-0.6850282,-1.0099106,-2.6603906,-0.7382942,-1.8914014,FAC20250519014078
-0.12489388,-2.0890038,-1.4909794,-0.16540404,0.21804765,-2.323177,-0.07345408,-3.7765791,FAC20250521017636
-2.876618,0.6877724,-2.2031963,3.379768,-0.769048,-0.5882766,-0.5728818,1.0217762,FAC20250426003696
-0.78005356,-2.807231,-0.5240901,2.1714249,0.9869806,-0.11597543,-0.32382986,-3.3398993,FAC20250425093105
-3.2468524,0.85871315,0.71396065,0.3337841,0.7013457,-3.044262,0.47654969,-2.1055558,FAC20250420091741
0.6792983,-0.2200839,-2.4028926,2.6976411,0.6462792,0.22281846,-0.9700554,-3.0395854,FAC20250828133490
-1.4277455,2.0272655,-0.13896124,4.1050515,-0.41673538,-0.5810415,-0.56296945,-1.5637071,FAC20250603025172
0.5434073,-1.5413152,-3.105317,0.81782454,-1.659282,-1.1115727,-1.4543288,-2.7781527,FAC20250419091380
-2.048129,-0.52232224,-1.5395435,3.7457736,1.7553707,0.44341686,-0.44687033,-0.2650034,FAC20251018149809
-2.1772437,-0.8881338,-1.4817193,4.1324534,1.302285,0.3595476,-0.1639107,-0.2314821,FAC20250809055770
-3.2093852,-0.6590387,-1.5911347,-0.9239354,-1.9617383,-1.7345158,-0.56363714,-2.0426865,FAC20250717047065
0.7165676,-0.17813836,-2.4036825,3.1358922,0.9715031,0.17732938,-1.1706439,-2.8154562,FAC20250731051761
1.0746719,-0.44869855,-1.8999512,1.608921,2.3377619,-2.7685611,-0.5254686,-1.886636,FAC20250731051850
-0.5095148,-2.2095523,-0.8561518,-0.5517658,1.038374,-2.0078566,-2.193997,-2.9844358,FAC20250616109936
0.27345213,0.5187562,-2.0838315,2.2531948,-0.8851211,-2.5489552,-2.9371676,0.5616902,FAC20250921078327
-1.9618697,0.7158461,-0.9094542,0.064598344,2.3263035,-3.869714,-0.8277835,-0.6308007,FAC20250628036886
-3.277584,-0.71265906,-2.5935721,0.68581307,2.3212528,-1.6622839,0.008788086,0.11782947,FAC20251017090454
-3.2969215,-2.8748236,0.7778642,1.0559158,-0.8243818,-1.2362772,-0.61922145,-1.6731632,FAC20250710117703
-2.7169628,-0.64230347,-1.0544097,3.7563095,0.89017934,0.9336823,-1.6084876,-0.40275687,FAC20250609107705
-3.0928397,0.21865746,-1.6188171,2.528753,1.1572223,1.1520251,-2.2821782,-0.8695667,FAC20250828066897
0.6456292,1.560206,-2.1992044,3.2644432,-0.2552665,-2.6876316,0.26689193,-1.0327777,FAC20250911138078
0.6642722,1.563694,-2.257335,3.247448,-0.20689657,-2.6583364,0.21828282,-0.9709723,FAC20251018149677
0.5557439,1.7101183,-2.2393234,3.2894378,-0.05313991,-2.6392436,0.2164748,-0.8920565,FAC20250613109126
-3.5933123,-1.7590935,0.2817778,2.7948086,0.32259896,-1.0853517,-1.2962308,0.72388256,FAC20250905136044
-3.8671823,-1.8382066,0.2019268,2.5898328,0.7311326,-1.5782934,-0.8394434,0.82798886,FAC20250424003518
-2.121898,-1.5826982,-3.230783,0.08330818,-0.699978,-0.17470028,-2.3452914,-0.6793943,FAC20250511010262
-1.4660316,-0.71321696,-2.2982376,3.37188,-1.8792565,-0.16510418,0.9852328,-1.0732924,FAC20250502095484
-2.6021318,0.8545813,-2.915305,1.8827856,-1.1344223,0.2414586,-2.5614274,-0.07623402,FAC20250803125339
-2.6201267,-0.74175245,0.65276545,1.109117,0.5525388,-1.8761992,-3.8517148,-0.25039196,FAC20250609029047
-2.7980552,-0.5749771,0.40298334,0.7783786,0.52574474,-2.1958895,-3.682511,-0.033694215,FAC20250630114415
0.47776815,-0.40511826,-1.6924162,4.101786,-1.7877281,-1.2788693,0.5675012,-1.4756122,FAC20250905070703
0.6852653,-1.0601141,-3.1647372,2.4241495,0.28326795,0.13302495,-1.2257075,-2.1552708,FAC20250717047021
-3.7919936,-0.45582476,0.15153037,-0.08570847,1.2576437,-1.9490808,-2.2545273,-0.59709924,FAC20250922080702
-3.0231483,-0.83166313,0.12447348,0.9956973,-1.8157041,-0.71846944,0.52024186,-3.3663418,FAC20250702039568
-1.6186676,2.2579563,-0.24055955,3.9232752,0.10615892,-0.73147696,-0.20343788,-1.2946756,FAC20251015148768
-2.242507,-0.19894472,-0.10684316,3.6599855,-0.47774574,-2.445644,0.028504157,1.1645699,FAC20250613108993
-2.1031227,1.463205,0.13818695,-0.36836138,-0.9283948,-2.5684793,-2.6800606,-2.4962525,FAC20250830067441
-3.696559,-2.7144852,0.7720701,1.2420193,-0.8727655,-1.006001,-0.7582898,-1.7146797,FAC20250922141357
-2.7836633,-1.9420708,-0.4496152,1.2518954,2.3563251,-1.3755331,1.0858767,-2.267044,FAC20250603024968
-3.6708035,-2.6724372,0.7311311,1.3452716,-0.95143354,-0.99110043,-0.6642407,-1.5913663,FAC20250706042224
-3.490738,-0.7025751,-1.6088417,-1.0559692,-1.7087922,-1.6143247,-1.0206949,-1.825162,FAC20250709043362
-0.36381546,2.0420668,-0.7522926,1.0907586,0.032382812,-4.3722954,-1.633738,-0.8418091,FAC20250515099830
-1.2404838,1.698389,0.13857237,4.048657,-0.15447289,-0.30143797,-0.73017,-1.8997849,FAC20250825064644
-0.53570807,-0.14759456,0.118660435,1.7392985,-3.0225704,-2.9515657,-1.9383833,-1.1462922,FAC20250517100465
-2.8912783,0.25571477,-2.5262039,-0.34362632,-1.6189921,-0.20592855,-1.0244756,-2.669829,FAC20250522101768
0.7626072,-1.8440729,-3.4748263,1.5640222,-0.94649124,-0.6977062,-1.6898197,-1.8693665,FAC20250524018854
-0.66810083,-3.6983,-0.36394453,2.4938815,0.57654184,-2.0459836,-0.38160074,-0.7088536,FAC20250603105848
-0.6296319,-0.45671865,-1.0621254,3.6386526,2.6304998,-1.7558851,0.06357763,-0.28898406,FAC20250525021430
-0.14890364,-2.2829525,-0.6237877,2.8664956,-0.009765056,-3.5093882,0.023974013,0.33156312,FAC20250924082740
0.33300367,0.4801408,-1.831134,2.7585542,0.31843948,-0.9906345,1.1155688,-3.5289013,FAC20250519016395
-2.0831745,-3.0579548,-1.0521922,1.202887,0.5287735,0.0007659176,0.06185409,-3.3828657,FAC20250719047470
-0.6405936,-1.7717266,-0.748316,4.145614,0.33812568,-1.0494328,1.406861,-1.7119894,FAC20250705041036
-0.57650286,-0.376715,0.23847334,2.0815828,-3.0249262,-3.0881252,-1.940745,-0.8612293,FAC20250721048431
-2.9405167,0.08156951,-2.65687,-0.3414303,-1.5307914,-0.084976405,-0.93959266,-2.605048,FAC20250509009305
-0.255955,1.8704114,-3.488273,1.7135104,0.43721876,-1.8520386,-0.89110625,-0.3568617,FAC20250902069309
-1.414835,2.4018447,0.14681797,2.3744082,-0.66107506,-1.9658809,-2.6308522,-0.71474564,FAC20250810056639
-2.5110552,-2.7748291,-1.058109,1.5388838,2.171127,-1.7721928,-1.5887436,0.43207502,FAC20250827133242
0.96575016,-0.8618781,-0.34340107,2.3414516,2.1897092,-1.7944268,-1.9993274,-2.1520686,FAC20250821062368
-0.69623524,-2.765108,-0.49937874,2.0959456,1.0347402,-0.15970106,-0.25277394,-3.322517,FAC20250613030868
-1.4996482,0.42731863,-2.8095214,-1.2677721,0.18181586,-2.9688196,-1.7482296,-1.2282922,FAC20250910073268
-2.634747,0.47170094,-3.2587163,1.7735947,-0.5562912,-1.8670794,0.3929311,1.0022688,FAC20251008146649
-0.20044072,-0.51598686,-0.7358761,3.7379076,2.326166,-1.0426573,-1.0691091,-0.047594268,FAC20250515099664
-2.0123308,-3.5350485,0.037679102,1.8036518,-0.65975857,-1.5832617,-0.4122264,-0.59673893,FAC20250915076351
-0.35122284,-2.2719803,-2.1799877,2.7225182,-0.5919341,-1.2209313,-2.054317,0.880034,FAC20250605026487
0.5794725,1.1680251,-3.4263754,2.6221633,0.21147871,-2.1541722,0.07818903,-0.81211394,FAC20250427093928
-3.4822893,-0.6939145,-1.4284241,-1.1244361,-1.224576,-1.2510436,-1.1926724,-2.1217928,FAC20250506007913
-2.6583722,-0.18892282,-2.7034647,-0.09921926,-1.1349541,0.26565957,-0.62109333,-2.998383,FAC20250513011322
-2.6355543,-0.3808436,-2.9526138,0.5866125,2.2027206,-2.1086175,-0.33712396,0.46805218,FAC20250705039851
-2.6097202,-0.622912,-1.2512869,0.9221436,2.27025,-1.2866185,1.1241145,-1.1048249,FAC20250613109114
-0.5361118,-1.8117436,-1.7963754,-0.57547903,1.4705,-1.7358761,-2.7098918,-2.6801333,FAC20250618110679
0.20152473,2.365899,-1.116624,1.2510192,0.7101519,-3.2331245,-0.79789084,-2.5553293,FAC20250727123290
-3.5700855,-1.0436031,-2.7818441,0.87841195,2.212649,-0.95175683,0.119600885,-0.2785216,FAC20250907136547
1.479862,-0.20016009,-0.50170654,1.5567917,-0.6599562,-2.6513934,-2.3885617,-2.9063637,FAC20250922080020
-2.7902129,-1.8790667,-0.5810182,1.3637817,2.2670918,-1.4029255,1.3119812,-2.2562673,FAC20250525021421
-2.1322887,-2.1243494,-2.7186544,0.108786784,-0.27799076,-0.52857757,-2.6148882,-0.32939193,FAC20250524019313
-2.7024722,-0.26968306,-0.41011122,2.8576238,0.31722105,1.0789514,-0.059723545,-3.1640801,FAC20250716046550
-2.523014,-0.20833907,-3.4049783,0.72038895,2.0646694,-1.8668456,-0.5035545,0.5210571,FAC20250715119264
-0.7169918,2.346316,-0.80629927,2.4053674,2.033941,-1.2803582,-2.0961642,-1.9265566,FAC20250811127851
-2.0657687,0.9023525,-2.741622,1.9564505,-1.0095634,-0.056194484,-2.7701643,0.1938098,FAC20250605026521
1.3118653,-0.83716327,-0.22844426,1.1862072,-0.45603234,-3.172349,-1.566697,-2.7688441,FAC20250930084637
-3.9303296,0.99503076,0.7429859,2.6913373,-0.61737823,-1.1755407,0.39974177,-1.2169776,FAC20250907072745
-1.2687266,-2.4538891,-0.3462348,1.9311609,-2.564115,-0.34490705,-1.4990989,-2.549941,FAC20250523102085
-2.9301648,0.76361346,-0.82928216,0.80269367,2.4687314,-0.9721199,-2.7580647,-0.83215487,FAC20250619110848
-2.7199354,-0.36573365,0.6832577,0.347774,0.6035507,-3.112338,1.1202785,-2.825107,FAC20250421091956
-2.5795782,-0.7825872,-1.1905482,-0.50392646,-2.4689088,-2.2414978,0.0017780069,-2.5363057,FAC20250818130294
-2.6551046,-0.18111947,0.085484035,2.5402458,0.68958324,0.83818257,-0.23368824,-3.2648695,FAC20250915139357
-0.9302494,-1.3403995,0.7139041,1.500283,-2.3336565,-3.288321,-1.9419049,-0.8371137,FAC20250919140548
-1.8740699,2.2231793,0.17318879,2.7967093,0.2070128,-1.2372955,0.33121088,-1.7571244,FAC20250628113804
-2.8811476,-2.4384873,-0.7734018,1.9538488,1.9226322,-1.5866143,-1.2469307,0.74310935,FAC20250815059017
-0.3694438,-1.0873934,-1.0875499,2.4322553,-1.5335213,-3.6237266,0.35331026,0.45239168,FAC20250619033414
-0.7175674,-0.0331293,0.37098148,1.6510884,1.8117696,-4.4616013,0.10269204,-1.2092997,FAC20250905070993
0.3167691,-1.9191366,0.025869494,1.3672072,0.19473544,-3.9953623,0.34799048,-2.4087029,FAC20250905071186
-0.12041512,-0.6762105,-2.3601828,-0.5166646,0.15873298,-1.8104172,-3.4668,-2.3645,FAC20250822064229
-1.5630153,0.008514911,0.6399922,3.8981314,-0.37240598,-2.3789709,-0.83975774,0.7674084,FAC20250710044031
-1.9221449,2.399793,-0.42166147,3.2809794,0.7794199,-1.4241534,0.33817345,-1.0196755,FAC20250924082997
-1.7221242,-0.80785334,-0.12529625,0.6820427,-0.11156147,0.14107805,-3.4569168,-3.4386153,FAC20251018090641
-0.58761495,1.4592066,0.3283734,2.1049695,-0.8198767,-3.4950442,0.73913383,-2.167305,FAC20250830067445
-0.8797514,-2.7547574,-0.16315039,1.8956802,-1.6401389,-0.05476544,-1.6724919,-3.0531564,FAC20250627113506
-0.06351703,0.010590088,-1.7361182,3.538077,-2.1740048,0.13888739,-1.7739997,-1.8892248,FAC20250424003429
-0.545237,0.8447929,0.08558579,1.8574417,-1.6369451,-2.7643917,0.8717257,-2.712426,FAC20250428094090
0.7050829,-0.6303975,-3.3555057,2.857768,0.6913408,0.1112737,-1.5623281,-1.8909478,FAC20251001085866
-3.7314095,-1.0857164,0.14133674,0.88293415,-1.7539766,-0.690787,0.27335662,-2.8184502,FAC20250625035664
-1.9625311,-1.6698352,-3.5282218,0.26470467,0.57441646,0.3551545,-1.3441205,-1.4333146,FAC20250924082736
-0.26904622,-1.9557472,-2.7404013,2.4681375,0.17740232,-1.4555422,-1.453931,0.9382539,FAC20250706116272
-2.5054874,-0.59076005,0.84792286,1.3416358,0.13967486,-1.7857927,-3.6521497,-0.19949348,FAC20250814057956
-3.4057589,-0.41319683,-1.6181121,-1.0308731,-1.835751,-1.7143285,-0.9222874,-1.9562414,FAC20250705041053
-1.7057406,-0.9963999,-4.017918,0.28968668,-0.37072077,0.106054604,-1.8291316,-1.3021122,FAC20250726122832
-0.1833469,1.1717376,-2.2489572,2.7015254,-2.4917269,-0.54450977,-1.0167538,-1.883015,FAC20250922080350
-0.5645221,0.17665681,-0.0026596265,1.6694762,-3.156348,-2.6210501,-2.0510983,-1.6229118,FAC20250619034306
-1.0162987,-2.3451452,0.26314294,2.5032694,-2.336464,-0.67066664,-0.8791619,-2.7895527,FAC20250601024338
-2.8478975,-0.05488619,-3.0370479,1.3058947,-0.4721661,-2.1058078,0.28650364,1.1814861,FAC20250713118554
0.7127644,0.6495895,-2.4893048,1.2309791,-0.19569595,-2.9630065,-3.2171926,-0.52695477,FAC20250902135051
-1.8494799,0.728107,0.9832865,1.4400908,0.92872846,-1.3659548,0.7209944,-2.734741,FAC20250919140678
-1.6608269,-1.5641072,0.77730644,3.0847578,-1.768052,-1.622487,0.964234,-2.0325267,FAC20250811128033
-0.13540792,-2.1015253,-1.8176023,2.5938847,-1.0205767,-1.0996872,-2.303286,0.4944699,FAC20250624112686
-0.68454844,-2.045202,-2.9812682,2.5493054,-0.30927512,-1.5146087,-1.4255378,1.1778173,FAC20250619033383
-2.3499606,-3.3876493,0.56194204,1.4493549,-0.52710485,-1.3416654,-0.7487491,-1.2095548,FAC20250713045509
-2.5137563,-3.6933012,0.14456062,1.6206733,-0.7276522,-1.3284878,-1.0340854,-0.84115714,FAC20250705116202
-1.1349243,1.4868116,0.3831503,4.049559,-0.09032153,-0.30299357,-0.666492,-2.239778,FAC20250610108184
-0.47402656,0.9174306,-1.9747698,3.8654149,-1.0650059,-1.236755,-2.3714454,0.5769235,FAC20250706116424
0.9134744,-0.06916779,0.18821688,1.8370168,-0.82383657,-4.318049,-1.0973886,-1.7186238,FAC20251011089468
0.37112013,-0.028217724,-1.8022344,-0.13491856,-0.456927,-1.9654782,-3.1122148,-3.0582335,FAC20250607028390
-2.2567196,-2.996023,-1.1013759,1.0771512,0.40490964,0.103555135,-0.09216269,-3.2398531,FAC20250420091514
-1.6025823,-1.6857165,0.60291743,2.974781,-2.333975,-1.6067417,0.60280794,-1.8813605,FAC20250528103719
-2.5583303,-0.6869179,-2.3442242,-0.30729285,-0.83612883,0.13917029,-0.5839869,-3.1966639,FAC20250705040051
-2.5390484,0.48237747,0.476527,1.7724777,1.8525403,-0.023724338,-0.9616905,-3.268129,FAC20250827066447
-1.2173593,-1.519962,-2.152317,2.3530812,-2.088941,-0.5642335,1.0529367,-1.1566802,FAC20250705041470
-0.8867985,1.7757124,-3.6059613,1.423893,1.1106626,-1.4730961,-1.6767149,-0.22516479,FAC20250421091797
-2.373851,0.9208147,-2.829806,2.9203694,-0.85266507,-0.871706,-0.06471716,0.8472312,FAC20250831067733
-1.9206072,-0.095569044,-0.33344755,1.6293331,-2.8009963,-0.046461154,-1.8953485,-2.6615148,FAC20250711044582
-3.5665233,-0.1856971,1.2950071,1.3754858,-1.1295905,-0.8323821,-2.31987,-1.6877702,FAC20250521101517
-1.3622077,-0.9394996,-0.6894684,0.23582539,-2.7737458,-1.8757184,-3.0236635,-1.3040472,FAC20250817060385
-0.89402556,-0.6466056,-0.35039443,1.160593,-3.1645706,-1.4614187,-1.9995651,-1.8670226,FAC20250907136563
-0.828475,-2.8696358,-0.8860959,2.197882,0.7851964,0.32500222,-0.66475207,-2.7729735,FAC20250907136665
-0.8236682,1.0335976,-2.200937,3.1486788,-1.3277797,-0.9083014,-2.819737,0.34412464,FAC20250716046473
-0.76882285,0.015261958,-0.7966436,3.1001792,1.5089083,-0.907186,-3.3124657,0.17312439,FAC20250706041669
-1.5043397,-2.0664566,0.34477523,0.2672619,-1.7617617,-3.1374984,-2.01269,-1.0354517,FAC20250731051843
-3.0808692,-0.90921086,-1.394217,-0.83898187,-2.1731877,-2.07866,-0.41897509,-1.9902203,FAC20250714045785
-3.3400893,0.3884918,-1.1133711,0.26522958,-1.378334,-2.9559228,-1.1724522,0.6670982,FAC20250706041823
-0.8344137,0.70871246,-2.3016148,3.0167205,-1.2014326,-1.4810051,-2.6463351,1.0294522,FAC20250930143987
-0.28519943,-1.7586285,-2.621977,2.0900543,2.6036408,-0.90409124,-1.6009427,-0.49624905,FAC20250607028620
-1.6388943,1.8557272,-0.4778929,0.35706675,-0.49167097,-2.0389628,-3.3746958,-1.371442,FAC20250926142600
-3.418331,-0.9631032,-1.3609459,-0.94481146,-1.3979847,-1.0950141,-1.0668596,-1.8539945,FAC20250902068682
-4.1235304,-1.1419052,-0.66948694,1.3316522,0.21608642,-1.8108642,1.4175594,-0.3952154,FAC20250524102615
-0.54786754,0.9110411,-2.6623635,-0.49323422,-1.628637,-3.103193,-0.9634384,-1.7957851,FAC20250602105600
0.5645394,-1.3048141,-2.7369325,0.8588263,-1.59285,-0.98141396,-1.1731812,-3.1244779,FAC20250810056610
-0.16467416,0.021680756,-0.73037046,4.288566,1.5625,-1.4787741,0.35836065,-0.7662468,FAC20250820130780
-4.0602045,1.2515516,0.24780576,2.4133406,-0.7197053,-0.79660815,0.09280509,-1.1490332,FAC20251007088638
0.43193066,0.1373754,-1.6214523,-0.06640068,-0.37848666,-2.0054157,-3.0602806,-3.2496054,FAC20250601024620
-4.246046,1.693916,-1.4441316,0.7101827,0.06535932,-0.7203598,-0.8614608,-0.991345,FAC20250809056003
-0.19214511,2.1540225,-0.8746859,1.0499167,0.17784873,-4.249463,-1.5655874,-1.2728375,FAC20250519015974
1.2923514,-1.2775927,-1.208696,3.4222908,-1.5797417,-2.0553942,-0.0070982925,-2.2584639,FAC20250423092484
-1.4251958,0.6188864,-2.3251247,-1.1930628,0.4556829,-3.2104447,-1.5138625,-1.277489,FAC20251012147968
1.5067939,-0.48359448,-0.27608982,1.6942129,-0.86334133,-3.0138195,-2.0863721,-2.746859,FAC20251010089040
-2.008019,0.2994754,-0.6501322,2.974068,0.5293124,-2.9328067,-0.48637712,1.645168,FAC20250607027435
-3.7954302,-0.057592098,-0.51517785,0.35079914,1.5078018,-1.7039137,-2.4396615,0.06739062,FAC20250916139395
-0.39737073,-1.2855371,-0.9380358,4.253781,0.36258087,-1.4800261,1.4952389,-1.3223833,FAC20250519014739
-2.2588394,-2.994147,-2.3718748,-0.57268906,-0.454073,-2.0607765,0.10698233,-1.4640058,FAC20250618110777
-0.9764388,0.7443444,0.48572195,1.7827445,-1.5930723,-3.2397156,0.9430314,-2.6948133,FAC20250524018719
-2.7474508,1.991968,-0.1811274,1.6985774,1.6544384,-2.3817115,0.26329,-0.7591684,FAC20250827066177
-1.8211133,-2.391923,0.5905453,-0.0053512077,-1.2393926,-3.195538,-2.1159153,-1.3599614,FAC20250805053491
-0.7816285,-0.104883604,-0.88165456,2.9668975,1.4900523,-0.84253085,-3.5851052,0.124783166,FAC20250526103086
-0.21468593,-0.6042929,-1.0055995,4.367386,0.8667168,-1.8428183,1.2315512,-0.7942426,FAC20250525020153
-3.8433206,-2.2215834,0.6959588,1.2563317,-1.2300026,-0.94611335,-0.14166611,-2.0742512,FAC20250524019031
-1.3308015,0.8338209,-2.860298,0.5643753,2.4950256,-1.427243,0.29894292,-3.00547,FAC20250529022345
-2.4633598,-3.018339,-1.1444513,1.2148503,2.016853,-1.5772045,-1.960317,0.18322527,FAC20251001086134
-0.9596636,2.6285448,-0.22853667,2.4878728,0.7595227,-1.5227479,-2.6537275,-1.3763062,FAC20250917139857
-1.8371787,-1.3240656,-3.944188,0.39691055,0.05678689,0.09909353,-1.6612937,-0.9776793,FAC20250705039850
0.2232911,1.5297586,-3.4695027,2.5097,0.539676,-2.0803084,-0.082302645,-0.64812523,FAC20251002144566
-0.47107702,1.097382,-3.0821607,1.5446342,-2.4702425,-0.9477501,-0.6833029,-1.8679082,FAC20250630037535
-2.1422427,-0.46534544,0.6124347,3.7495117,-0.39962998,-2.1757882,-0.40639576,0.8373768,FAC20250508097612
-2.1744125,-0.7159861,-2.8131719,0.051289562,-0.46487626,0.23570673,-0.110289045,-3.552685,FAC20250825064861
0.8572653,-0.30642006,0.29817107,1.5723705,0.067045204,-4.281894,-1.0015826,-1.6534488,FAC20250710043561
-3.469521,-0.30813655,1.3401613,1.4493524,-0.75910187,-0.8212819,-2.6062286,-1.4904076,FAC20250804125719
-1.5084373,-0.52908415,-0.99706966,3.3744276,2.906821,-1.3249309,0.25822574,-0.3424005,FAC20250822064008
-0.52114594,0.099860534,-0.4192862,3.7524827,2.3526995,-2.172177,0.5781209,-0.8849612,FAC20250628113826
-1.0891911,2.2370992,-3.5568624,1.2190005,0.75637686,-1.8404729,-1.7709996,-0.2577907,FAC20250708117030
-2.0558543,0.4779818,-0.568318,1.5350314,-2.7156258,0.04558226,-2.1156259,-2.8188815,FAC20250804052696
-3.06059,-0.0342221,-2.034318,0.25661343,-1.2817831,-2.2350006,-1.4561731,1.0031602,FAC20250830134143
-1.3720692,-1.4078846,-0.7675661,0.8657747,-0.52858174,0.060006022,-3.9978619,-2.467672,FAC20250712044933
0.5941973,-1.7591342,0.07358941,1.346548,-0.067668505,-4.013278,-0.044742513,-2.3422835,FAC20250912138295
-1.3590908,0.7342519,-1.4721991,2.5263472,0.879679,1.0925878,-2.7012513,-2.3964384,FAC20250617032864
0.2972274,-1.9470071,-1.1508404,0.7479611,0.0946605,-3.7091115,-2.3524096,-0.18990222,FAC20250923141821
-1.8197609,0.6343418,-1.6731033,2.530915,0.9487962,1.2153141,-2.4973757,-1.8745023,FAC20250820130902
-0.2530962,0.19675553,-0.022230264,1.1435179,-1.2625337,-2.242523,0.30773956,-4.034295,FAC20250708043038
0.8118803,-0.33079794,-0.35918176,2.0918267,2.3833368,-2.003679,-2.0952067,-2.0564797,FAC20250903069912
-2.8015301,-0.8903031,-0.234466,-0.47687694,-1.9118205,-1.7516656,-0.18806623,-2.8224492,FAC20250501005948
-1.4120249,-1.7056228,0.5714407,3.3066647,-0.46449935,-1.3204575,1.3408775,-2.14359,FAC20250630038072
1.1771921,-1.2812833,-0.13811417,1.2345006,-0.40249312,-3.6400115,-0.95096457,-2.5601783,FAC20250705041133
-4.064384,1.8411472,-1.9214084,0.43829894,0.3369296,-0.8430548,-0.8943854,-1.0857837,FAC20251016090268
-0.9825901,0.49091393,-0.8034162,3.0294797,1.6856134,-1.3111284,-2.618688,0.6571855,FAC20250612029859
-2.5309136,-2.6286337,-1.4706302,1.1847712,1.4196627,-0.70646346,-1.6407462,0.32597008,FAC20250825064932
-2.8754632,0.20572208,0.09062827,2.3468137,-2.8738446,-2.0190616,-0.60459256,-0.10007175,FAC20250922081704
-1.5487183,-0.4555802,2.1966145,2.45774,0.8946758,-2.0812938,-0.91656786,-2.1915452,FAC20250705039809
-1.444586,0.43365043,-2.8397985,0.31937835,2.576968,-1.4299248,0.41041574,-2.754527,FAC20250926142627
0.2385996,0.30482864,-1.3820208,2.5096524,-2.3633332,-0.59282094,-1.4205314,-1.3140352,FAC20250603105664
-2.4904463,-0.7770574,-0.028452573,1.2413685,1.5244292,-1.9904052,1.8146361,-2.4665787,FAC20250918140100
-2.0139644,0.09823487,-0.4949305,3.3844402,-0.12472126,-2.700665,-0.3067778,1.4930813,FAC20250815058335
-2.9148285,-0.9349649,-1.452776,-0.7168293,-2.2930834,-1.9336272,-0.2690798,-2.048514,FAC20250813057093
-1.7342541,-3.1731455,-2.2930624,-0.2347479,-0.25924706,-2.2430494,0.19132309,-1.2457943,FAC20250427093853
-3.049753,0.018427504,0.211581,2.3113894,-2.813594,-2.0296881,-0.71088135,-0.047630467,FAC20250509097889
-0.47434762,0.89653856,-2.256578,-0.40728554,-1.5571793,-3.525744,-0.73140055,-1.8396839,FAC20250718120251
-3.002192,-1.2235732,-1.2999747,0.8669358,2.0831637,-0.99889284,1.1749637,-1.7468761,FAC20250607107165
-0.12294313,-0.4937807,0.008861564,4.0635476,1.210671,-1.9543066,0.68810904,-1.0958835,FAC20250916139524
-1.6251086,0.45020506,-0.8020431,-0.2086509,2.0612745,-3.903279,-0.71259767,-0.90339494,FAC20250919077148
-0.14689527,-2.2602606,-1.3694059,-0.16707735,0.36252612,-2.1467957,-0.38366294,-3.8306642,FAC20250902068407
-0.5341941,-1.9485062,-2.6986103,2.6869657,-0.5846046,-1.1947961,-1.6039071,1.0127237,FAC20251003086412
-3.2764885,-0.8708836,-2.5784943,0.92692465,2.1677449,-1.0011445,0.315815,-0.17846228,FAC20250510010099
-2.444595,-1.203794,1.2214122,3.937068,0.35625944,-1.0684521,-1.2544898,-0.14058289,FAC20251001085220
-3.5647097,-0.24802904,0.9061918,1.6030267,-1.9816029,-1.8608074,-1.5717508,-0.27777654,FAC20250705040251
-1.375139,-1.4352959,0.6769889,3.0693214,-2.1487186,-1.275281,0.34469202,-1.936512,FAC20250710117790
-1.5833399,1.6510737,0.08118526,-0.044763662,-0.27328825,-2.3300831,-2.648466,-2.295342,FAC20250530104531
-1.2044101,-2.7059667,-1.9398047,0.013982012,0.53009945,-2.8200371,0.8109921,-1.288134,FAC20250421001183
-1.0197326,-0.4857776,-1.5016135,1.3686404,0.2729791,-0.4591229,-4.453523,-0.8775442,FAC20250505007390
0.59755373,-2.3795772,-1.9110638,1.8522112,-1.872997,-2.4953144,0.45550016,-1.963291,FAC20250826065690
0.9229811,-0.7044773,0.062374044,1.0329127,0.031465024,-3.8835647,-0.8469037,-2.5022933,FAC20250924083117
-2.155805,0.07520076,-0.3347009,3.52611,-0.28016225,-2.6689775,0.01110905,1.275882,FAC20250503095731
-1.4611968,2.3111053,0.24900208,2.3538396,-0.30226427,-1.8840446,-2.7961657,-0.6894802,FAC20250905070942
-0.6813014,-3.5330071,-0.91694826,2.625286,0.38130915,-2.307438,0.05484349,-0.19851156,FAC20250917139836
-2.948416,1.6114702,-2.0047083,1.3572046,0.26533967,-0.3628301,1.0522307,-3.1420372,FAC20250613030273
-0.06736683,-2.2371752,-1.6475698,-0.107375324,0.1889121,-2.2660773,-0.022857783,-3.7515721,FAC20250427093737
-1.8148792,0.5356239,-3.787745,0.8709361,1.7620875,-1.3917956,-1.6005727,0.31292284,FAC20250501095222
-1.5924109,-2.953607,-0.7181532,1.4496969,0.7299148,-0.013531283,-0.12090947,-3.4108505,FAC20250607107045
-0.7928034,0.31213555,-0.89328754,-0.7694413,1.086985,-3.7562618,-0.75132227,-1.6219705,FAC20250502006329
-1.7288114,-1.1798512,-3.4921892,0.4681298,0.17074713,0.55844957,-0.49343655,-2.9631615,FAC20250428004319
-1.0101794,-0.26978764,-0.769624,0.71318364,-3.098587,-1.6870013,-2.5048378,-1.645547,FAC20250816059995
-0.3439861,-2.4181466,-1.0405614,2.7943654,-1.2119341,-1.6337329,-2.6101236,0.38314793,FAC20250927142908
-1.2166147,-0.029786056,-2.4827383,1.528299,-0.28067744,-2.1154244,2.2554145,-1.295905,FAC20250701114965
-0.16290624,0.19949622,-0.22185935,1.4147764,-1.5743952,-2.2710845,0.49221984,-3.8675654,FAC20250904135541
0.9085496,-0.7331141,-0.20186329,2.630363,2.2709994,-1.8198186,-2.0775976,-2.0481737,FAC20250520101280
-0.0571725,-2.1317618,0.029300177,3.3645368,-0.99908996,-1.6435574,-2.77601,-0.24776727,FAC20250515012718
-0.28729966,-2.3115144,-1.2587285,2.9925416,-1.3538501,-1.170236,-2.4496102,0.32519788,FAC20250821062035
-1.62087,-0.8167781,-1.4178597,0.7529267,2.915465,-1.159879,-2.420603,-0.515244,FAC20250630038224
-1.6459175,0.9389452,-2.727451,0.17547709,2.4645426,-1.25489,-0.07195736,-2.6890578,FAC20250720047993
-0.6019524,0.9173251,0.30151734,1.9017247,-1.1794597,-3.2923288,0.87209076,-2.092318,FAC20250706041661
-1.7031292,-1.0513165,-3.9004803,0.2019177,-0.34757203,-0.1518564,-2.2387838,-0.90411365,FAC20250421001252
-2.4724474,-2.6427686,-2.2148151,0.073006384,0.20364994,-1.0781175,-2.508324,0.0013000467,FAC20250804125734
-3.6348577,-0.2153053,-0.4738367,0.16726129,1.3335196,-1.7355514,-2.5585942,-0.12112124,FAC20250526021593
-2.342101,-2.9737654,-2.0451012,-0.42766556,-0.2751425,-1.8871891,0.2190524,-1.3141148,FAC20250519015296
-1.47627,1.4744253,0.43705645,3.5612116,-0.1547245,-0.1501168,-0.73147666,-2.0100832,FAC20250530023459
-0.20182414,-1.3807862,-1.0713462,2.6184037,-1.1901646,-3.6196241,0.17418383,0.50318754,FAC20250705040339
-1.4645966,-1.0526191,-2.592464,3.1297436,-1.9198273,0.08971471,0.9556964,-1.47633,FAC20251004145459
-3.6274002,-0.2599906,1.368583,1.0389795,-1.1286503,-1.360772,-2.2127934,-1.5817546,FAC20250515012536
-2.264829,0.26786724,2.165531,2.4373198,0.09162186,-1.9153907,-0.40371823,-1.8174015,FAC20250922079118
-0.8129877,-0.5962875,-1.1135852,2.6272438,1.186567,-0.6403795,-3.9601781,-0.08237894,FAC20250506008224
-2.2072818,0.8965078,-2.5396798,0.061807275,-0.34328523,-2.6734579,1.676968,-1.8688843,FAC20250829067288
-1.3889226,2.323668,0.07050771,1.9070419,-0.8132154,-1.7149613,-2.4931176,-0.99391985,FAC20250519014360
1.3326284,-0.45612738,-0.021112513,1.7610888,-0.50970674,-3.5227947,-1.5775135,-2.296575,FAC20251017090383
-2.7422533,-0.71885747,-1.2894942,-0.5039352,-2.533446,-2.0720017,0.011925702,-2.3218436,FAC20250815129197
-3.1558676,-1.5308486,0.5829366,3.0514407,0.31705365,-1.2425156,-1.2579732,0.6209747,FAC20250705041426
-0.38181874,-1.4357831,0.75760525,1.2413911,0.72046036,-3.1837933,-2.0718813,-0.23466113,FAC20250719120685
-2.6427639,-2.6612759,-1.1147958,1.3342105,1.4255196,-1.067389,-1.8477242,0.4942217,FAC20251001085625
-2.4975266,-0.4175682,-0.4078998,3.016353,0.45548722,1.0658735,0.024194658,-3.1773121,FAC20250822063847
-1.7068001,-1.965689,-0.2131559,-0.4230142,-1.0951794,-3.4863424,-1.8654773,-0.69226706,FAC20251004086944
-2.4761603,-0.7034461,0.9130135,1.7110237,-0.3561987,-1.4115258,-3.6472168,-0.29179245,FAC20251015148766
-3.0087428,-0.33439186,-0.04447013,2.214238,0.6840947,0.8465203,-0.40818256,-3.3254662,FAC20250719047759
-2.2116444,-2.8531175,-1.9357362,-0.6323711,-0.1827619,-2.19271,0.13501003,-1.5518359,FAC20250922141334
-3.4680707,-0.5794273,0.20773834,0.05567165,0.7905274,-2.0584133,-2.8101804,-0.3586349,FAC20250426093595
-1.0457343,-1.8533624,0.6076061,3.1883354,-1.6082541,-0.908391,0.4765394,-2.183553,FAC20250706041844
0.4272774,1.5501152,-3.100395,2.775694,0.37032628,-2.2656448,0.021159457,-0.63065785,FAC20251012147879
-1.0060456,2.671269,-0.198748,2.167683,0.08897104,-1.7034354,-2.6684568,-1.2837226,FAC20250701039431
-0.33824337,-0.32642445,0.45760977,1.5594149,1.7704474,-4.003302,0.21436457,-2.0569034,FAC20250820130868
-0.45447114,-1.0621316,-1.0079942,4.4418845,0.41907284,-1.5572882,1.4727893,-1.1759733,FAC20250510009747
-0.6229883,-0.3798055,-1.69383,2.128562,-1.977043,-3.6780145,0.69260263,0.27894753,FAC20250502095476
-1.8116962,0.9207715,-0.8022039,0.009343041,2.5386465,-3.7329118,-0.78622144,-1.2487557,FAC20250727050489
-0.5717542,0.6157895,-3.716223,1.2309383,-2.255774,-1.0993484,-0.46518224,-1.4835277,FAC20250630037710
-1.5373349,0.49157557,-2.1554391,-1.2346536,0.6475531,-3.4809766,-1.3806547,-1.272726,FAC20250521017423
-1.1376979,0.55153406,1.1605855,0.08047436,-0.1418446,-2.7105742,-1.9650946,-3.0245128,FAC20250728050641
-2.7921731,-2.4165826,-0.95649076,1.8369371,1.798246,-1.6069952,-1.2248964,0.83870167,FAC20250801124683
-4.065714,-1.0455496,-0.6444898,1.17787,0.27943727,-1.6923594,1.2490307,-0.35835296,FAC20250529104139
-3.940386,-1.6734029,-0.90011954,0.7196912,-0.21927783,-2.0149784,1.3298448,-0.64805055,FAC20250716046342
0.24774995,-2.5215647,-1.6722277,1.4901328,-2.0941153,-2.5846086,0.3714074,-2.0716705,FAC20250506096915
-2.323944,1.0856732,-2.7157586,3.0785,-0.9408788,-1.1055679,0.28769022,0.692014,FAC20250922079342
-1.9816271,0.36953875,-0.18000004,3.5045757,-0.094972245,0.78485584,-0.10889665,-2.7979574,FAC20250901134712
-2.387046,-1.7992343,-2.004024,0.5158448,0.30401427,-0.020868717,-1.34618,0.19240607,FAC20250926142787
0.3062554,2.3621194,-1.4903527,1.0996679,0.7010531,-3.0593483,-0.9166385,-2.9163356,FAC20250815058596
-2.968212,-1.172819,0.31383172,0.18500213,-1.4476562,-1.1424477,-0.10708899,-3.2468274,FAC20250721048629
-1.833343,1.3176545,0.5449117,-0.15218438,-0.7364481,-2.558616,-2.399799,-2.5756447,FAC20250420000925
-2.1867974,0.23453088,-0.46371412,3.2711234,0.058825422,-2.997312,-0.12318767,1.462141,FAC20250731051944
0.022665637,0.80503505,-3.6643991,1.545252,0.79018515,-1.7109118,-0.67694473,-0.109814286,FAC20250517100394
-2.1007063,0.6307413,-0.67913765,1.4108996,-2.7220917,0.023269346,-2.2468047,-2.774057,FAC20250525102926
-0.65458775,1.0662344,0.2506902,1.9621426,-1.5050931,-3.293928,0.8459025,-2.248547,FAC20250422002470
-1.592087,1.2515184,-2.6280348,2.626255,-1.3683763,0.062281314,-2.7760005,-0.41443607,FAC20250922080999
-1.0399632,-1.4730492,1.2636178,1.6482724,1.3965486,-3.232631,-2.0458996,-0.60766506,FAC20250817060176
-0.5113015,-0.00203994,0.095077574,1.9340017,-3.1368132,-2.7864041,-1.9667792,-1.1497576,FAC20250826065806
-3.2179317,-1.3325492,-1.5667522,1.0012884,2.1429553,-0.9243935,0.9965721,-1.3137935,FAC20250625112918
-1.7963058,-1.398108,-4.030694,0.317917,-0.52808195,-0.12100383,-2.118754,-0.8165971,FAC20250513011389
-0.12634082,2.2953415,-0.837108,1.1889752,0.23566857,-3.988079,-1.4621422,-1.2812442,FAC20250915075748
-1.1314222,-2.1218553,-1.9827487,0.5230009,2.4862635,-2.932181,0.6243383,-1.4477559,FAC20250609029048
-1.3349016,0.86911964,-1.6345688,2.1796188,0.74598366,0.94510704,-2.8591647,-2.439594,FAC20250614109342
0.9369314,-2.1088805,-1.5638149,2.754553,-1.5637256,-2.0366926,0.3374133,-2.1474965,FAC20250815058425
-3.06243,0.11699088,-2.523193,-0.61135924,-1.4073979,-0.45375678,-1.0527159,-2.524588,FAC20250602105629
-1.4150468,-0.5168575,-2.7152898,0.11294584,2.456536,-1.9505205,0.7385356,-2.3255203,FAC20250920140711
-2.7537756,-2.6518714,-2.0649261,-0.40340212,-0.22925837,-1.8672919,0.5252719,-1.3190249,FAC20250904070191
-3.5436609,0.79228187,1.3969222,2.6739833,-0.4539238,-1.4103031,0.11653944,-1.5356185,FAC20250622112067
-3.242779,-2.4547634,-1.1598405,1.2612073,0.02680779,0.9650888,-1.4292274,-2.4532874,FAC20250927143007
-1.4998693,-1.6211804,0.52876115,2.8989642,-2.59271,-1.2105619,0.100522675,-2.0181565,FAC20250902069250
-2.6456766,-0.68968713,-2.246116,2.4533188,-2.0774975,-0.044507064,1.0517583,-1.1788204,FAC20250628113935
-3.069315,0.43395707,-0.6346768,1.7648003,3.0015967,-0.2585364,-0.29427794,-2.4073064,FAC20250513012060
0.5093367,-2.27058,-1.9163017,2.1039526,-1.7191752,-2.2906837,0.6665871,-2.043573,FAC20250806054149
-2.6063192,1.5281606,-1.751719,-0.24528253,-0.51400054,-2.4605358,0.970721,-2.8255606,FAC20250920078254
-0.13151877,-0.3304031,-0.5032602,4.2741275,1.193853,-2.0545096,0.9119146,-0.97114533,FAC20250801052165
-0.9637905,1.6947968,-1.7436917,2.2887468,0.2766156,-0.77148443,1.1093851,-3.474591,FAC20250525020546
-1.8947433,-1.2882221,-3.7472804,0.41889614,0.3112655,0.4843722,-0.72453487,-1.9495121,FAC20250627036813
-2.369394,-0.85163057,-2.257618,2.5843196,-2.393037,-0.34373775,0.94976705,-0.8650278,FAC20251002144855
-3.2852404,-1.6229272,0.9939419,3.5305672,0.42288217,-1.030076,-1.2063608,0.16885813,FAC20251001086027
-2.8367243,0.712455,-2.4105296,3.2937322,-0.6050308,-0.504634,-0.6367023,1.0382767,FAC20250519015305
-3.098317,0.54762584,-1.1684369,0.4962147,-1.7116275,-2.8351066,-0.74219936,0.57961696,FAC20250624112650
0.5624286,-0.44226658,-3.2877934,2.7348874,0.7134523,0.1674153,-1.1679249,-1.9323494,FAC20250827066025
-0.34192964,1.039393,-1.9676102,3.6106796,-1.065082,-1.1640291,-2.5859308,0.32546803,FAC20250826132862
0.12783113,-1.8426352,0.03312876,1.0638543,0.741366,-3.9632423,0.38658312,-2.5876462,FAC20250619111071
-3.4578996,-0.6848942,-1.786481,-0.96276414,-1.6483485,-1.3238903,-0.8698448,-1.8817984,FAC20250910073988
-0.22197933,-0.21677223,0.4257512,1.5488466,1.8162981,-4.048929,0.08936291,-2.166876,FAC20250905071411
-2.775846,0.5279261,1.9893298,2.5603557,0.120643,-1.792352,-0.35832635,-1.5994179,FAC20250509009489
-0.97745407,-0.26037616,-1.0600125,1.327687,0.2825225,-0.17575079,-4.1913075,-1.1606928,FAC20250607028774
-1.5294042,-0.45700777,-2.7632048,-0.13921745,2.3513381,-1.8564031,0.5240034,-2.338205,FAC20250722121524
-2.3645291,0.89029586,-2.5321558,-0.21171853,-0.42165244,-3.0527594,1.4106189,-2.0049076,FAC20250617032263
-3.7058287,-0.23566,1.0610864,1.33179,-1.84487,-2.3084846,-1.3879223,-0.5075531,FAC20250707116787
-0.11194721,-2.021607,-2.7547903,2.2928069,0.8104829,-1.3542644,-1.4047784,0.71130824,FAC20250822063837
-0.4846157,-1.5224385,-1.54084,0.0069918423,-0.73300594,-3.9082637,-1.726098,0.038404223,FAC20250925083450
-1.5308338,0.52053344,-1.07606,2.3680124,1.405714,-3.1862376,-1.1254116,1.4644549,FAC20250530022677
-3.5183144,0.70398515,1.346736,2.7425375,-0.46376616,-1.4916551,0.28738612,-1.4689118,FAC20250811128109
-2.9640024,0.38148844,0.752184,0.4399949,0.87871045,-2.7675319,0.73677015,-2.3742464,FAC20250511098574
-1.6083128,-2.225938,0.28408238,-0.044669848,-1.3589641,-3.2092764,-2.0026138,-1.0305893,FAC20250605025615
-1.6950022,-0.09589404,-1.206909,0.8512554,3.0446644,-1.3645701,-2.8031676,-0.8390549,FAC20250719047657
-3.9727077,-0.5958657,-0.6858888,1.6727391,1.1187766,-0.77766174,1.1971962,-1.0022055,FAC20250724122244
-1.641428,-3.068859,-2.1601405,-0.28335163,-0.14692833,-2.324578,0.26304898,-1.3524953,FAC20250901134620
-1.8111223,0.53574216,-2.682632,0.47861394,-0.37446085,-2.3158114,1.914039,-1.8900208,FAC20250704039721
-0.7653973,-3.6663857,-0.15602444,2.3934257,0.44083247,-2.0135183,-0.41757774,-0.6982118,FAC20250524019405
-2.129437,-0.78396744,-2.7198224,0.15470003,-0.36373737,0.43910083,-0.39240396,-3.557613,FAC20250822131490
-1.4406809,0.77404726,-1.0794624,-0.6614338,1.783554,-3.5663178,-0.9739213,-1.790511,FAC20250505096520
-2.6757033,-0.2315575,-3.5344608,0.87913686,-1.0264868,-1.8642688,-0.5778434,0.99378747,FAC20251007146345
-1.0871896,-2.3956296,0.15588917,2.6067932,-2.3166084,-0.6471201,-0.7734248,-2.6745229,FAC20250603025041
-1.9339316,0.9698232,-2.5784698,-0.11515589,2.0127823,-0.8799518,-0.56383586,-2.402252,FAC20250502095375
0.107623376,-1.7412376,-1.6851432,0.48944807,-0.17611502,-3.8734262,-2.0335019,0.07862149,FAC20250616109948
-3.0353975,-0.15287508,0.46278903,1.7925426,1.0110878,0.4509575,-0.9235536,-3.4805102,FAC20250928143419
-1.427999,0.7764602,-0.98274726,3.3759816,1.4516791,-1.6990824,-1.7693766,1.1177965,FAC20250603025321
-2.8634112,-1.612766,0.9086112,3.374526,0.7939863,-1.1561859,-1.359883,0.26167855,FAC20250529104304
-2.6180525,-2.7005928,-1.860227,0.62052417,0.45848626,-0.96107334,-2.4587684,0.31736624,FAC20250603105967
-1.7259314,1.0691372,-2.6791608,0.27414268,2.2623804,-1.0686704,0.010889245,-2.4361906,FAC20251018149798
-0.12119388,-1.7902871,-1.3394611,0.32765412,-0.15459172,-3.7053742,-2.1038353,0.04537097,FAC20250506008146
-2.3276258,-1.305145,-2.2576191,1.9840435,-2.4138103,-0.42159584,0.60220903,-0.67745644,FAC20250523102374
-0.7692361,-1.3603612,-2.560925,-0.65236807,1.777509,-1.4306644,-2.7010965,-2.5861912,FAC20250913138540
-0.2458824,-0.55076927,-0.9742844,4.36279,0.9018363,-1.6471189,1.0590779,-0.77506006,FAC20250811128057
-2.393068,-0.082824774,0.33510938,1.387434,0.89872926,-2.5058446,1.8577273,-2.5241096,FAC20250902068479
-3.9703891,1.8982624,-1.3739269,0.81681705,-0.050038885,-0.6267335,-0.65945935,-0.9631077,FAC20250422002631
-0.89289594,-2.549714,-1.2899699,1.8223137,1.7941886,0.33593395,-2.2233694,-2.4435751,FAC20250922141423
-1.4258198,0.3268728,-2.837442,0.15796854,2.4556015,-1.4875587,0.34683263,-2.550413,FAC20250922080870
0.83270216,1.406684,-1.9106693,3.3813064,-0.20378205,-2.6572878,0.07938072,-1.0018253,FAC20250806054067
-0.042767912,1.201719,-2.0034454,2.4469357,-2.3798018,-0.74835974,-1.1424825,-1.8211423,FAC20250612029873
-3.6101668,-0.18885382,1.3574427,0.86088735,-1.2170036,-1.8484026,-1.9591856,-1.2686957,FAC20250728050727
0.06001886,-1.0981252,-0.881447,2.771905,-0.9404118,-3.947278,-0.06479404,0.5054544,FAC20250429005172
-1.1433166,-2.032833,0.40107438,2.6568818,-2.3997586,-0.8292036,-0.56899536,-2.5832253,FAC20250802125016
0.31023127,2.3313086,-1.2486446,1.3106496,0.781566,-3.0052714,-0.8912308,-2.5001888,FAC20250922081382
0.0469459,1.0744468,-4.1582975,1.7196549,0.55959576,-1.9198797,-0.57940966,-0.48277295,FAC20250605025723
0.6628202,-0.640699,0.11531656,2.4495056,2.262575,-1.812064,-2.2976823,-2.0665114,FAC20250925142298
0.771133,-1.4473267,-3.562587,2.1977239,-0.09204953,-0.33860746,-1.7009928,-1.6817486,FAC20250804052607
-1.9342406,0.11727027,-0.27244705,3.955085,-0.62916195,-2.4465218,-0.014711017,1.063893,FAC20250817060474
1.2096462,-0.1056907,-0.7172697,1.2767699,-0.4367999,-2.0721703,-2.7293715,-3.3647604,FAC20250915139380
0.5884656,-1.5049207,-2.9217842,0.9250089,-1.7608361,-0.91142887,-1.5282272,-2.7723505,FAC20250605026448
-1.2554693,0.7788639,1.1116074,0.26973155,-0.15861338,-2.3887177,-2.4619157,-2.8593576,FAC20250601104987
-0.83760315,-2.4640274,-1.2690625,1.998902,1.7832104,0.37652493,-2.2648857,-2.4924688,FAC20250725122609
-0.19382825,0.76729083,-1.8964672,3.6529236,-1.019979,-1.7806578,-2.4518201,0.65689903,FAC20250820130738
-1.8255343,-1.159559,-4.022432,0.4020617,0.045053653,0.2796652,-1.3303466,-1.3388237,FAC20250605026667
-1.3602463,2.1808772,-2.4572463,1.960124,-0.47907388,-0.19861776,0.24009034,-3.185844,FAC20250813056985
-2.1472726,-0.6183687,-1.1744294,3.7654045,1.5739611,0.5551195,-0.60388327,-0.30538002,FAC20250924142039
0.35646608,-0.9824748,-2.3688984,1.5476078,-1.3986946,-0.11084119,-1.164882,-3.7855046,FAC20251006087734
-0.97891825,-1.6759228,-0.86002266,-0.70516896,1.0430391,-1.5728649,-1.5705471,-3.6045537,FAC20250517013563
-1.31625,0.2871179,-0.23677637,1.2193309,0.5924482,0.21926305,-3.3420699,-3.0869596,FAC20250508008601
-2.7505486,-0.3522052,-3.2881858,0.79060495,2.1253362,-1.8987298,-0.36162004,0.43764263,FAC20250608107482
-2.3890142,0.4502466,1.8267721,1.923735,0.7633489,-1.6502649,-0.7494423,-1.1599877,FAC20250829067111
-0.25114116,-1.8204343,-1.3440149,-0.3001306,0.5329832,-2.0858529,-0.34308994,-3.860751,FAC20250705040550
-1.6350659,-1.3787218,-2.1955872,-0.047532856,2.9861526,-2.3965075,0.18448333,-2.2383668,FAC20250821062999
-3.1002357,0.3536842,-0.38695624,0.98940146,-2.1807268,-2.4840991,-0.797554,0.31748226,FAC20250614109508
-1.3508458,0.99997604,-3.894492,1.3682636,1.665007,-0.9267341,-1.7705832,-0.17206354,FAC20250505007264
0.4593695,0.29742375,-1.7282262,0.08895617,-0.26949623,-1.8367611,-3.0898902,-3.2573514,FAC20250705039775
-2.0710788,-0.9161813,-1.3516135,4.1296444,1.0510633,0.63434696,-0.71120685,-0.2932547,FAC20250917140010
-3.4666235,0.23136665,-0.52930474,1.6755897,2.642541,-0.22457245,-0.15440859,-2.1448696,FAC20250919077718
-4.4242563,1.3609883,-1.5712132,0.790152,0.061915107,-0.62476087,-0.50068665,-0.83563286,FAC20250817060343
-0.19443189,2.1978965,-0.473453,1.3288614,0.051791262,-4.038659,-1.055798,-1.3384303,FAC20250909137404
-0.6210157,0.29712093,-0.2747492,1.5410434,-3.2484052,-2.303082,-2.1907663,-1.4981228,FAC20250922082057
-3.1594477,-0.012255676,-0.11485934,1.5845697,2.4676917,-0.17364593,-0.17649628,-2.3628275,FAC20250930143992
-3.0054898,-0.40537056,0.15984938,0.29259667,0.7046936,-2.2526524,-3.0732138,-0.06230332,FAC20250614109459
-1.4255621,-2.5357049,-1.261356,1.5394506,1.3527131,-2.2832816,1.710673,-1.2372172,FAC20251016149326
0.69418687,-0.9601465,-3.2783966,2.6608212,0.5415853,0.068596095,-1.3012152,-1.8233945,FAC20250618110569
-1.5185835,1.2299392,-2.6537876,2.2392406,-1.4308289,-0.08411248,-2.9441195,-0.4228223,FAC20250713118714
-1.4581261,-0.089973584,-2.4212286,1.0568161,-0.55317944,-2.109224,2.2544026,-1.7597005,FAC20250915075465
0.045232467,-2.229006,-0.41288885,3.0973225,-0.9864847,-1.5962228,-2.798646,-0.12808323,FAC20250729051523
-0.75764066,0.92224467,0.38760924,1.9267637,-1.4123875,-3.0782332,0.98542076,-2.527062,FAC20250822131451
-1.5770178,0.6981851,-1.0293778,-0.786749,1.9448391,-3.550337,-1.1925647,-2.0364983,FAC20250822064355
-2.5123374,0.04710086,-0.1875769,1.6187524,2.7043166,-0.1759961,-0.608636,-2.9890063,FAC20250815059236
0.5148619,0.6789046,-1.713967,3.1302242,0.34754494,-0.38592607,-0.003945424,-3.5305307,FAC20250828066772
1.5179834,-0.093967736,-0.26872915,2.0445533,-0.6963729,-2.7591414,-2.2235,-2.7205215,FAC20250516013028
-1.8894346,-0.9831521,-3.1255584,0.1875463,-0.24086475,0.33253533,-0.17183296,-3.1473403,FAC20250421002204
-0.29962152,2.577969,-0.6079954,1.9254879,0.9787612,-1.6206663,-1.9920299,-1.9191056,FAC20250429094365
-2.699912,0.7135298,2.024727,2.238737,0.4553551,-1.6488231,-0.8927328,-2.318676,FAC20250517100462
-1.4517808,2.1754413,-2.1104937,1.8096081,-0.36450756,-0.19204527,0.27219182,-3.3342245,FAC20250707042711
0.2622671,-2.1258693,-1.1965466,0.62830013,-0.021747382,-3.6157594,-2.405833,-0.2840104,FAC20250605025762
-0.9739274,2.6459062,-0.14554061,2.3519166,-0.20248187,-1.783081,-2.545244,-1.2123551,FAC20250902068415
0.9097631,0.14198352,-1.0697919,0.66145736,-0.39182776,-1.9815351,-2.7964938,-3.477827,FAC20250719047656
0.6940402,-0.55365044,-2.8611784,3.0048914,1.0040219,0.18678571,-1.2520401,-2.242411,FAC20250919140507
0.63852715,0.50564516,-1.3365612,0.42204478,-0.50764585,-2.0111783,-2.8974016,-3.5517428,FAC20250521101703
-2.611737,1.4146749,-1.9822875,-0.12737079,-0.39658076,-2.4217153,1.2217922,-2.4918048,FAC20251011089389
0.093019925,-0.6607103,0.031669073,3.5592422,-1.3876158,-0.568467,-2.5931954,-1.3972919,FAC20250917076927
-1.3219796,0.9230037,-3.0067184,0.38710958,2.369966,-1.3246838,0.044278998,-2.9114523,FAC20250519015408
-1.3764473,0.6241974,-1.2604792,2.8781002,0.85393673,1.0966741,-2.6297016,-2.0239835,FAC20250624035283
-2.84938,2.028843,-0.097316615,1.505065,1.3961062,-2.6664493,0.42781022,-0.9938591,FAC20250706042243
1.3703966,-0.20407848,-1.0917801,4.005486,-0.9682496,-2.0777335,-0.29577342,-1.7649455,FAC20250817129985
-2.7714748,1.7451092,-1.8553143,1.432132,0.14982858,-0.31901014,0.9279167,-3.1423059,FAC20250621034559
-1.1451858,1.604043,-2.4003224,1.6739243,-0.1632738,-0.30137056,0.7516539,-3.0665832,FAC20250906072138
-3.127874,-0.7794328,-1.366334,-0.712843,-2.3596258,-2.0731847,-0.42380503,-1.8828583,FAC20250524019040
-1.3795041,1.172116,-2.5193594,2.68613,-1.3731893,0.020959122,-2.78657,-0.32286066,FAC20251012089965
-1.307206,-1.865114,0.7541227,0.9565475,-1.9335957,-2.8494596,-2.6214557,-1.1059331,FAC20250520101149
-1.8597362,0.65792704,0.016014146,3.411417,0.3718365,0.50301117,-0.03622196,-2.6966124,FAC20250828133363
-1.6817563,-1.8262119,-0.7393142,-0.6603156,-0.90698266,-3.6513698,-1.7375911,-0.4975877,FAC20250906072255
-3.0801497,-0.39226574,-2.642685,0.14661708,-1.0931813,-2.304307,-1.2705661,0.9796815,FAC20250902069165
-3.4683158,-0.40714455,1.2914698,1.3811996,-0.67379886,-0.7514963,-2.6832433,-1.4252781,FAC20250921141215
-0.52347624,0.7729017,-2.500643,-0.5561591,-1.3914976,-3.435847,-0.9234599,-1.7836232,FAC20250613029932
-2.2179782,-0.43468177,-0.017772723,1.7010568,1.1059054,-1.9825754,2.1214316,-2.5400414,FAC20250922141506
-1.9941437,0.14173849,-0.27836704,3.6783507,-0.43797603,-2.7383988,-0.07656512,1.2776283,FAC20250919140486
-0.21910039,0.9908848,-1.9209415,4.0366035,-0.85163856,-1.4128917,-2.3854246,0.5018493,FAC20251012089840
-0.18722047,-0.7243521,0.57720965,1.5206239,1.7690777,-4.0896416,-0.15261309,-1.8187103,FAC20251006087581
-1.1130422,0.8365542,-1.3957001,1.898928,0.7117008,0.79826903,-2.9680166,-2.5669198,FAC20250911074168
-1.3323877,-1.6809391,0.6355791,3.1542823,-1.504224,-1.1440483,0.6725072,-2.0493646,FAC20250421001871
-1.605544,-1.1256337,-2.4542782,-0.16291754,2.6759233,-2.300381,0.27366143,-2.1941996,FAC20250820061879
-0.13048321,1.0748738,-1.9283383,3.815389,-0.81933606,-1.2513354,-2.4681537,0.25648087,FAC20250711044271
-1.2405151,0.30253473,1.2277796,0.18769115,0.30172744,-2.4927988,-2.4967225,-2.9993005,FAC20250522018256
-1.1245086,-2.2984202,-1.9656436,0.31933287,1.6949213,-2.901093,0.9069151,-1.2635447,FAC20250520016549
-2.0117939,2.265418,-0.4874163,3.12071,0.7716721,-1.5980823,0.7351275,-1.0591648,FAC20250506008196
-1.8429749,0.2288276,-3.8391297,0.74419266,1.8230487,-1.810592,-1.0622487,0.4340331,FAC20250503095939
-0.903134,-0.33955994,-2.0129073,1.6909539,-1.9792858,-3.6157165,0.9910398,0.047598697,FAC20251012147824
-2.0545034,0.48760235,-0.28919616,3.4643488,0.24655728,0.753688,0.084304735,-2.6984935,FAC20250525021252
-1.0224848,-1.206055,0.6708687,0.81646764,-2.3320694,-2.815344,-2.49699,-1.4168466,FAC20250701038955
-0.13588895,2.1067102,-0.7179334,1.0835444,0.17569023,-4.1629953,-1.3190504,-1.405296,FAC20250618110752
-3.0349736,0.072100095,0.25834712,2.3508217,-2.625408,-1.7497839,-1.0923649,0.025968669,FAC20250516012873
-0.8420292,-1.2404498,-1.6296128,0.9889614,1.9401991,-1.1539768,-1.8753468,0.377388,FAC20250508008865
-2.9546914,-0.14540109,-1.3309145,2.7398725,1.3434254,1.066498,-2.1604846,-0.77652586,FAC20250511098572
-1.0617521,-2.8717794,-0.80340135,2.119144,-0.45959926,-2.496138,0.67891693,0.29991925,FAC20250910137559
-2.2264178,0.022798115,-0.46876565,3.1391034,0.09264975,-2.9255323,-0.16888633,1.5494326,FAC20250630038504
-3.289274,-0.746844,-2.692304,0.7590338,2.2276242,-1.3355756,0.064459115,0.037497543,FAC20250721121366
-1.1546057,1.110017,-2.4406044,2.8313236,-1.4459594,-0.21818388,-2.8217165,-0.19168346,FAC20250529104138
-1.2284164,-1.0484145,-0.73502475,0.97977626,-0.3215516,0.22003487,-3.786939,-2.5946512,FAC20250420000632
-0.92567253,-1.1381276,-1.029522,1.4105376,0.050026674,-0.067757525,-4.2410526,-1.2314843,FAC20250516100061
-2.3029652,-2.9524965,-2.277419,-0.5045623,-0.40244037,-1.971594,0.08711689,-1.354527,FAC20250727123190
0.42414936,-0.9886642,-0.4626152,3.5330334,-1.0628908,-0.3493463,-2.3522983,-1.2925869,FAC20250705041052
-3.1070433,0.065789685,0.63294643,1.6910312,1.5196667,0.08326381,-1.050343,-3.2408652,FAC20250805126042
-1.2212862,-1.4389893,0.6783414,2.8695548,-2.3774502,-1.1139345,-0.0036625094,-1.958692,FAC20250721121195
-2.9438639,-0.6057676,-1.2890178,-0.84762883,-2.3311553,-2.1602633,-0.3530632,-2.2684135,FAC20250806054097
-3.550381,0.123930775,-0.5908562,0.2190564,1.638586,-1.3176137,-2.4537811,-0.31962168,FAC20250821063181
1.0003268,-0.5292147,-2.015855,1.3730732,2.3089728,-3.0975542,-0.7300802,-1.5411726,FAC20250712118492
0.047390632,2.5386965,-0.80505395,1.4876263,0.4097358,-2.0417626,-1.4433521,-2.6134872,FAC20250617032805
-1.6333921,-0.20005766,0.92082155,4.053909,-0.3146353,-2.2023416,-0.8357568,0.54530084,FAC20250815058850
1.4632105,0.37237903,-1.5999959,3.5932796,-0.53975517,-2.3555076,-0.37368706,-1.3572658,FAC20250505007207
-0.45083728,-1.5792426,-0.16651954,3.9771276,0.32135412,-1.191748,1.0678072,-1.6778435,FAC20250816129485
-1.2482517,-1.923381,0.86821944,0.64940447,-1.9171709,-2.994884,-2.1369586,-1.6270251,FAC20250701039117
-3.7694905,-1.6849847,-0.99972045,0.14221017,0.066068545,-2.1455216,1.0324332,-0.75085276,FAC20250518100571
-3.7383542,-1.3847014,0.3676804,1.2902489,-1.6157799,-0.65596557,0.39798158,-2.810906,FAC20250806126455
-3.470335,-2.1858819,-1.2227843,1.576156,-0.43275484,1.0710628,-1.3996341,-1.8770015,FAC20250716046485
-0.6406555,0.015645266,-0.5605397,3.7723174,2.3054118,-1.5394274,0.45738298,-0.83749175,FAC20250817129760
-1.6689073,-2.9333296,-0.8780995,1.4365156,0.61030734,-0.09600983,0.314626,-3.3580878,FAC20250817060439
-0.89682966,-0.23794484,-1.045953,2.870382,1.4167644,-0.74972457,-3.581167,0.17619696,FAC20250902069087
-3.4992552,-2.1965566,-1.2508551,1.5197791,-0.35853344,1.0999577,-1.4551274,-2.0015695,FAC20250910137574
-1.6690339,-0.99512595,-0.74264663,3.5950153,2.5219574,-0.86251736,0.43266764,-0.5660541,FAC20250922082392
1.4820868,-0.10155148,-0.4882295,1.7683189,-0.59586304,-2.4311526,-2.3711362,-2.758539,FAC20250911074165
-3.6814363,1.7508204,-2.2118986,0.29558402,0.59322697,-0.8129599,-0.8278872,-1.1168813,FAC20250821063078
-2.4607904,-2.8480768,-2.3337448,-0.7134683,-0.34491253,-2.0676548,0.105692066,-1.5013771,FAC20250624034937
-2.2233467,0.8494325,-2.405426,-0.12173621,-0.38477248,-2.698864,1.5842736,-2.01497,FAC20250926083702
-0.187793,1.19894,-2.646438,2.1221094,-2.4859684,-0.7130124,-0.95985997,-1.912568,FAC20250809056018
-1.4151437,0.557101,-2.6705527,0.4379846,2.425999,-1.4101131,0.6044877,-2.6096385,FAC20250909137414
-0.98021233,2.5641513,-0.4479104,2.4058864,1.3816477,-1.4749706,-2.5247207,-1.592097,FAC20250618033081
-0.14270999,0.27276868,-0.03127076,1.2527081,-1.2805144,-2.1431909,0.26762113,-4.0057635,FAC20250526021659
-0.3971583,-1.2928505,-0.85944724,4.1173787,0.5765294,-1.3001076,1.3552971,-1.2781819,FAC20250510010059
-1.2837765,-0.38414007,-2.6963873,1.8719108,-0.14446779,-2.1680663,2.303138,-0.82277864,FAC20250804053072
-0.110923134,-2.0399003,-2.7812498,2.013189,2.0867932,-1.3403072,-1.3688378,-0.08017053,FAC20250806054244
-1.6163335,0.5858335,-1.7098706,2.699881,1.111867,1.1782119,-2.3403034,-1.9754184,FAC20250519016394
-3.5697272,-2.065012,-1.6828676,-0.2606918,-0.2850085,-2.0744658,0.89197314,-1.0504935,FAC20250907072738
0.89135396,1.3396826,-1.6835089,3.482686,-0.3356154,-2.6158001,0.03674496,-1.1007631,FAC20251002144589
-0.95372534,-0.46176863,0.22982107,1.187287,1.3420829,-4.5053163,0.23021802,-0.7883026,FAC20251001085812
-2.6690247,-0.5942556,1.3711457,1.6001503,0.2474023,-0.7495647,-3.0835829,-1.4143705,FAC20250621034565
1.1501745,-1.5159388,-1.1677594,3.21449,-1.6103524,-2.072616,0.092568085,-2.380712,FAC20250623112212
-1.3754382,-2.7490764,-1.470386,0.92913526,0.8748805,-3.0950143,1.3604536,-1.0520179,FAC20250624034917
-2.4090781,-0.36574075,-0.44906706,3.0911186,0.23469469,1.079566,0.072942406,-3.2165935,FAC20250919077567
-1.5220648,1.3472389,0.8967304,0.17050925,-0.36532786,-2.397612,-2.1659966,-3.0200703,FAC20250624112611
-1.399131,-1.0524534,1.9510478,2.0021353,1.2033615,-2.6228032,-1.411569,-1.3021939,FAC20250824132253
0.50844425,0.84667367,-1.6411837,1.7037909,-2.2252092,-1.2654678,-1.5145342,-1.3600167,FAC20250728050615
-1.9323065,-1.1705829,-0.70893437,1.6534309,-2.9589312,0.1029289,-2.0148563,-2.3571246,FAC20250421001083
0.112853125,-1.3008344,-0.89553565,2.8972237,-0.64197594,-3.8145971,-0.12239557,0.54387045,FAC20251009147078
-0.82532436,0.89147127,0.27359322,2.0858142,-1.3848889,-3.2925546,1.0030574,-1.9715567,FAC20250912074774
0.7678612,-1.0962138,-3.3156745,2.7019517,0.419625,0.007276826,-1.5274593,-1.7080363,FAC20250624112726
-0.25395638,-0.6041167,-1.2851074,1.1024203,-1.6962397,-0.7005996,-0.76688886,-4.5999956,FAC20250917076935
-3.039729,0.5975249,-2.3532245,2.9325492,-0.51563686,-0.36329585,-1.117099,1.0396878,FAC20251011147494
-3.7592964,-0.1786829,-0.6576471,1.4524672,2.1904626,-0.2391251,0.25304827,-1.9909168,FAC20250816059932
-1.0121739,1.0621207,0.5170856,3.871212,0.02655608,-0.19848825,-0.59972304,-2.527326,FAC20250524019840
-1.1850038,0.36741284,-0.38353324,1.2094805,0.40663445,0.25369924,-3.1166627,-3.35787,FAC20251013148369
-2.7376826,-0.81771296,1.0967711,1.6002045,-0.25739512,-1.1445175,-3.478446,-0.75038576,FAC20250619034112
-2.419396,0.48667562,-1.4116486,0.69094396,2.4901013,-1.2628781,-2.7291675,-0.25022778,FAC20250826132760
1.2423618,-0.38011402,-1.1890949,3.95824,-1.2173429,-1.9293294,-0.09549086,-1.8479495,FAC20250524102478
-2.1814806,-1.6355692,-0.9794526,3.7933393,1.7679781,-0.10508382,0.3760637,-0.5830455,FAC20250806054229
-3.4132974,0.082664095,-1.0961759,0.111063,2.0140598,-1.0522007,-2.5686193,-0.6658029,FAC20250725050011
0.42069808,-0.267797,-1.8652302,-0.1896497,-0.10089553,-1.9678397,-3.1983724,-2.7209032,FAC20250810056705
0.051576316,-0.21538916,0.33291036,1.0320525,1.3103579,-4.078834,-0.16944832,-2.2365074,FAC20250512010574
-2.420771,-0.63483244,0.55414754,1.2004986,0.45561615,-1.9928702,-3.8371007,-0.06925279,FAC20250601024124
-2.7488616,1.7339373,-2.2753432,1.647472,0.15067095,-0.11070979,0.92964995,-2.8154058,FAC20250508008620
-1.0974643,-2.7078545,-1.358816,1.2164816,1.7131824,0.045948427,-2.7254183,-2.5789747,FAC20250718120254
-2.3330295,0.927598,-2.7338738,3.1255314,-0.83182424,-0.74155897,-0.0059497864,0.704185,FAC20251006087932
-0.43948898,-2.612884,-0.8720708,2.418778,1.608754,0.13988541,-1.6763672,-2.5785823,FAC20250702115182
0.8667569,-0.3134211,-2.1072605,1.2009221,2.3508406,-3.439555,-1.1640902,-1.1926388,FAC20250724049533
-2.0022154,-2.7105558,-2.3606086,-0.390665,-0.36502922,-2.1860647,0.561814,-1.3042142,FAC20250804052715
-2.9783304,0.0704963,-2.3783834,-0.66159743,-1.456609,-0.5801953,-0.97887594,-2.573617,FAC20250721121207
-1.4594305,-2.5164478,-0.73301554,1.5679284,-2.5896745,-0.25197795,-1.8043034,-2.27065,FAC20251010089081
0.06451882,-0.66346484,-2.460752,-0.35665315,0.47058043,-1.7521925,-3.3020225,-2.2795439,FAC20250922081313
-0.89208037,-2.710754,-1.168415,1.516351,1.7718138,0.032503236,-2.307659,-2.4901474,FAC20251003145074
0.22514538,-0.8634556,0.43384567,1.8189807,2.0932705,-1.8086337,-2.6984296,-2.5128183,FAC20250716046464
0.06336656,-0.8185396,0.15724859,3.4465435,-1.217555,-0.62019926,-2.8694694,-1.4146941,FAC20250629114259
-0.5766377,-1.3357465,0.3072728,1.210215,1.0185032,-3.7574112,-2.1745555,0.09625412,FAC20250804125756
-0.6269669,-0.63944584,0.1301354,0.7956306,1.0767858,-4.517581,0.12796973,-1.0254104,FAC20250714045530
-1.8738353,2.0752714,-0.28163987,3.350063,0.7074081,-0.88344955,0.41262308,-1.3537142,FAC20251017149551
-2.3014727,1.1305488,-2.8688545,2.6306236,-0.98537594,-1.524114,0.4553454,0.7212976,FAC20250804053222
-1.379597,1.9977006,-0.06788846,4.011517,-0.26472405,-0.5272386,-0.37431505,-1.5866024,FAC20250806054440
-4.4567184,1.2932873,-1.301236,0.95446336,-0.111266606,-0.61524713,-0.45217878,-0.7983036,FAC20251006087481
-3.9408705,-0.37567925,-0.98517,1.4848329,1.666211,-0.2200211,0.8383504,-1.773256,FAC20250730124218
-1.6631204,0.62636906,-1.0427287,2.5393486,1.4069948,-3.059785,-0.8691968,1.3829306,FAC20250629037172
-2.6109996,1.6560472,-1.4751353,-0.00392033,-0.3777124,-1.9789026,0.8865445,-3.2899115,FAC20250527103552
-1.0180626,1.9976069,-3.6065636,1.2657573,0.91011995,-1.5720057,-1.8455745,-0.27080345,FAC20250523102365
-1.4538419,1.2376895,-2.605707,2.5815208,-1.4248693,0.0054440023,-2.8730197,-0.44076133,FAC20250527103522
0.027804533,2.391146,-0.94138986,1.1755003,0.3173043,-3.6403496,-0.96965307,-2.032215,FAC20250907072672
-2.7204442,-2.372976,-0.79825544,1.9475284,2.0850449,-1.7970334,-1.1786591,0.75396335,FAC20250603025267
-3.44276,-0.5182548,1.2245439,1.5349027,-0.4758851,-0.6765357,-2.7552238,-1.2798901,FAC20250716046239
-0.27452973,-0.31203285,-0.3336418,1.0045384,-1.348848,-1.7702758,0.18100071,-4.355276,FAC20250626113109
-1.5640725,-2.778392,-1.6584241,0.30717644,0.07698823,-2.928162,1.2282578,-1.3066664,FAC20250822131536
-1.4935925,1.0488198,-1.0858344,3.0978081,1.798257,-1.9241524,-1.7918978,1.0103087,FAC20250905071088
-3.0636864,-1.4220171,-2.2486496,2.0486648,-1.7713711,0.24792342,0.32121712,-0.6831256,FAC20250502095388
0.060674943,2.4164107,-1.2334231,0.97963077,0.45606977,-3.3381197,-1.32564,-2.309848,FAC20250910137561
-1.6143448,-2.716215,-1.6498314,0.15909612,0.1663633,-2.8097496,1.1391325,-1.215333,FAC20250806054546
0.0354797,-2.0605583,-1.6757888,-0.09220183,0.34556726,-2.224088,-0.036738146,-3.7734506,FAC20250906136269
-1.5726051,-0.6129292,-2.8031816,-0.18788801,2.2463264,-1.9286169,0.5109886,-2.324925,FAC20250507008351
1.1213442,-1.0538048,-0.12291176,1.5182996,-0.37014568,-4.1367774,-0.8086626,-2.195277,FAC20250511098563
1.0940862,-0.27083218,-1.5475235,3.82445,-1.2371613,-1.7685721,0.062685706,-1.5325841,FAC20250424092855
-0.39575556,-1.169911,-2.488815,-0.600479,1.1197709,-1.6511674,-3.0593033,-2.230072,FAC20250922081234
-1.4483955,-3.844491,-0.05147917,2.1462476,-0.06865236,-1.4034574,-0.7798826,-0.81290156,FAC20251004086887
0.5643752,-1.512675,0.041839615,1.1983193,0.19263478,-3.8299067,0.01630147,-2.3693593,FAC20250623112286
-1.9272346,-1.4745352,-3.3654273,0.36279616,0.22853392,0.56301844,-0.84300953,-2.3545902,FAC20250615032000
-0.7218619,-0.117352925,-0.8124596,2.9083173,1.467688,-0.8158621,-3.4506018,0.057762403,FAC20251008146726
-1.0315268,2.1418586,-2.1087165,2.1147938,-0.3974342,-0.50162166,0.444729,-3.3060017,FAC20250808055309
-1.3304851,0.5386253,-1.5622383,0.5900175,-2.843544,-1.0747526,0.21113908,-1.815501,FAC20250506007975
0.24811135,0.6868561,-2.3425288,2.7057238,0.6766839,0.05110605,-0.045715943,-3.1529393,FAC20250705041044
0.14780077,0.2768757,-1.4496135,3.110988,-2.2725542,-0.21934737,-1.4894776,-1.5466182,FAC20250530023305
-1.8070635,-1.2578905,-3.549888,0.22186285,-0.22513571,0.3499875,-1.8076009,-1.2873212,FAC20250506008080
-1.4879618,0.62554944,-1.4859076,-1.1227931,0.93560916,-3.6450336,-1.2237909,-1.641771,FAC20250902068772
-0.5661764,-3.4190223,-0.26296422,2.5758052,0.29619,-2.2904086,-0.20268494,-0.3532336,FAC20250815058925
-0.7697953,-1.132601,-2.501762,1.7603577,3.3380659,-0.75087863,-1.7927688,-1.0973339,FAC20250426003693
-0.122414954,-0.26154244,-0.41785422,4.159546,1.3192914,-1.9164487,0.75261974,-0.9236161,FAC20250605026316
-0.23862062,-0.4927503,-0.35498348,3.874119,1.4786658,-1.5482093,0.7795069,-1.0140373,FAC20250917139764
1.1057973,-1.7800678,-1.4431216,2.8592925,-1.6856585,-2.1888156,0.19388533,-2.110997,FAC20250903135321
-0.99268496,1.9703432,-3.4261222,1.2862633,1.0243238,-1.6368582,-1.6921446,-0.1810323,FAC20250728123369
-1.1753913,1.431278,-3.6278446,1.129416,1.3372283,-1.4903642,-1.8569875,0.010159798,FAC20250422092197
-2.7972357,-0.51031154,0.40425992,0.71101594,0.13876604,-2.215123,-3.3734202,0.21297994,FAC20250713118670
-2.013678,-1.9322718,-2.9150898,0.05562113,-0.7883111,-0.53581214,-2.532776,-0.4018781,FAC20250601024407
-1.6998105,-2.8567283,-0.8547541,1.6435627,0.36505827,0.22682258,0.08925631,-2.969753,FAC20250707116807
-0.4062541,1.2336689,-2.5378494,2.6748996,-2.4608867,-0.39669362,-0.79880285,-1.8683391,FAC20250526021842
-1.3219873,-2.3999648,-1.7862624,0.58668774,1.6161042,-3.0382094,1.0545121,-0.9788901,FAC20250807055229
1.1279066,-0.6280883,-2.5570683,0.974361,1.6635175,-2.6442132,-0.50349814,-2.2346194,FAC20250712044932
-3.6154819,-1.4581473,0.29636034,1.2461538,-1.5903372,-0.75845355,0.48374036,-2.6772354,FAC20250813128649
-2.877647,-1.3408612,-0.27337736,1.0259191,2.447819,-1.6910884,0.83713394,-1.6017057,FAC20250516100028
-2.8394098,0.24343598,-2.5002,-0.15499084,-1.5734252,0.054211423,-0.8838769,-2.858658,FAC20250816059872
-0.9773149,-0.9437745,-2.1641684,1.5072906,3.177477,-0.7914555,-2.0123565,-0.7911455,FAC20250729050931
0.32724532,-1.5442129,-1.0266551,0.18391563,1.4878385,-2.0263727,-0.5956357,-3.3195903,FAC20250925142487
-1.3089342,-2.8097255,-1.0748961,1.9197853,0.54381543,0.7170673,-1.0080867,-2.4882863,FAC20250830134005
0.8704301,-0.66519034,-0.067928664,2.6697896,2.3121216,-1.7942066,-2.1157846,-2.108048,FAC20250605026525
-0.032645535,-1.6230259,-1.433891,0.49164626,0.23686157,-3.8958342,-2.011051,0.12239746,FAC20250720047898
0.42222732,0.5968981,-1.8006909,3.0834537,0.54989517,-0.24798447,-0.031126434,-3.567445,FAC20250608107503
-1.2025449,1.370133,0.41723612,3.669354,0.16712695,-0.2962538,-0.58412814,-2.3417985,FAC20251005145650
-1.7921121,0.8333812,-0.8544714,-0.015461615,2.4560575,-3.7331352,-0.8467328,-1.0593275,FAC20250603025351
-0.91555595,1.1972142,-2.5209248,2.8401387,-1.2392311,-0.34390357,-2.908013,-0.20645234,FAC20250924083339
0.8231264,-0.45087698,-1.0137815,0.3223413,-0.13498409,-2.073193,-2.7144833,-3.3527648,FAC20250607027275
-0.5177906,0.72568923,-2.5182781,-0.56336623,-1.3987709,-3.4589121,-0.9216761,-1.738997,FAC20250503006816
1.4413215,-0.28397393,-0.21104498,1.7750913,-0.8430617,-3.4113941,-1.8635005,-2.2728386,FAC20250607107029
-0.40388072,0.57763,0.17953752,1.3804274,-1.502794,-2.5031013,0.5523446,-3.3185308,FAC20251015149012
-0.92199594,0.039847188,-3.4000237,-0.9023635,-0.87817186,-2.6026633,-1.5187294,-1.1302936,FAC20250519016178
-2.0992312,-1.3268579,-3.813983,0.72329545,0.6629407,0.3952316,-0.7754378,-1.3331387,FAC20250513011385
-0.40140122,-1.7201873,0.5449176,1.473302,1.1400263,-3.4302425,-2.426625,-0.31749183,FAC20250630037608
-0.57739437,2.2973397,-0.88012415,2.344465,2.0885468,-1.3056118,-1.7610095,-2.1209695,FAC20250521017174
0.9207072,-1.5844789,-1.4704214,3.0247667,-1.9402742,-1.9512357,0.16758627,-1.8374053,FAC20250517013648
-2.0541742,0.3620531,-0.45985654,3.4173298,0.20595662,0.736931,0.29143912,-2.764042,FAC20250502006433
-3.351077,-0.2964717,1.1658614,1.3174165,-0.52306336,-0.76009643,-2.6279266,-1.281408,FAC20250526103120
0.7097798,0.640696,-2.4012654,1.244218,-0.12772481,-2.9910975,-3.1885111,-0.4250202,FAC20250921078415
-1.2883564,0.86731416,-2.3339717,-1.2259502,-0.08771502,-3.0984423,-1.3864262,-1.717546,FAC20250724049340
-2.6641126,-2.7170324,-1.7346325,0.7101993,0.7309555,-0.73300296,-2.2812822,0.09134474,FAC20250526103143
-0.48896027,0.9457293,0.22510894,1.4676,-1.6425266,-2.9214718,0.49454585,-2.920919,FAC20250616110137
-3.1603615,-2.0040936,-0.5303586,2.128983,0.8036548,-1.1000991,-1.2311485,0.990998,FAC20250810056667
-1.8875438,0.3799301,-0.78544545,2.95469,0.6449205,-2.8188694,-0.71145093,1.7049913,FAC20250915076350
-0.24100572,-1.0971442,-2.367208,-0.58796996,0.840543,-1.7336668,-3.0231278,-2.2195342,FAC20250729051288
-2.4940581,-3.0143468,-2.2378192,-0.23071481,-0.6266868,-1.7449082,0.22630906,-1.1352065,FAC20250513099188
1.4948239,0.09171943,-2.0609007,3.3277755,-0.44991085,-2.3514233,-0.34597462,-1.0972995,FAC20250701114737
-3.5710387,0.7833817,1.284759,2.6113124,-0.51986223,-1.3496448,0.22715685,-1.4620526,FAC20250429005486
-3.6081734,-0.33944997,1.4333899,1.0192997,-1.0882014,-1.6961358,-2.239979,-1.3225808,FAC20250705040407
-2.132583,0.44921058,-1.3540711,0.7040053,2.952395,-1.4022558,-2.7120874,-0.7274786,FAC20250502006298
-0.24891195,0.18264343,-0.50085104,3.8944514,1.9784939,-2.1757336,0.6106341,-0.95467883,FAC20251006088247
-1.5497808,-1.4224348,-2.3921504,-0.42103714,2.3510613,-2.3534324,0.13045217,-1.7983975,FAC20250912074694
-2.594074,-2.6126504,-2.2379029,-0.480633,-0.2607023,-2.0629303,0.45211536,-1.2873349,FAC20250511098482
-0.38906854,-2.6812956,-0.2652926,2.2008781,0.530291,-0.09377972,-0.7971375,-3.2316527,FAC20250520101151
-2.7475681,-2.9414985,0.4902904,0.984792,-0.8293401,-1.4900473,-0.24366237,-1.4026994,FAC20250601105164
-0.4378777,-2.667037,-0.9041008,2.435415,0.08233612,-2.9857724,0.3589063,0.23431401,FAC20250513011098
-0.51497585,1.2314199,-3.034255,1.5962863,-2.4668958,-0.9151308,-0.618348,-1.8963175,FAC20250817060901
-0.8391216,-0.37220985,-0.8799802,2.7090383,1.2140981,-0.79804593,-3.6735027,0.12532833,FAC20250827066566
-0.52507824,-0.16625576,0.16828239,1.2280445,1.4244959,-4.5182347,0.08375429,-1.1533785,FAC20250727123118
-3.4612474,0.7168679,1.3264999,2.5944314,-0.41176647,-1.4596617,0.19566922,-1.4099133,FAC20251017149456
0.21268995,-0.29357338,-1.6016258,3.2199972,-2.1327138,-0.13390432,-1.9726503,-1.5344561,FAC20250507008415
1.1112802,-0.6307401,-2.719337,0.80380714,1.6978111,-3.0224826,-0.60024047,-1.9959735,FAC20250817061301
-1.1941798,-0.3848311,-1.7236018,1.1090351,-0.12863241,-0.3566104,-4.449153,-0.94362694,FAC20250427093983
-0.9724448,-1.3391536,0.66678756,1.3473045,-2.2804027,-3.0296743,-2.334952,-0.94713026,FAC20251011089296
-1.2377756,-1.4349376,-1.0512514,0.9054578,-0.55235964,-0.12811132,-4.0708294,-1.8765166,FAC20250525019992
0.8800654,-0.5151905,-0.22342052,2.7143562,2.2686417,-1.8784266,-2.0107036,-2.0053904,FAC20250525020816
0.1356329,-2.1503534,-1.878332,0.20728998,0.26635706,-2.246243,0.23290238,-3.7334535,FAC20250530023624
-3.4509282,1.1038381,-0.622088,0.9895387,1.8291247,-0.8294173,-2.0376246,-0.1242156,FAC20250922081075
-4.464497,1.3400729,-1.3795019,0.8253518,-0.034018464,-0.655803,-0.51557386,-0.91310203,FAC20250827066145
-2.5991209,0.777651,-2.6658595,2.7104797,-0.6596761,-0.25246137,-0.89961857,0.80978245,FAC20250810056651
-1.3925722,0.8515568,-1.1238204,2.8946552,1.6578882,-2.1045573,-1.6423888,1.1185359,FAC20250707042743
-1.868749,0.0017392824,0.48381805,3.3200185,-0.030284604,-2.701939,-0.4787185,1.0461378,FAC20250605025738
-0.15465732,-2.4301715,-0.7327766,2.6552393,0.05362593,-3.2859738,0.048712667,0.29445955,FAC20250526103133
-2.8209283,-0.4922801,-2.8099227,0.84831357,2.0923555,-1.4811503,0.051059432,0.29415816,FAC20250926084135
-2.6609497,-0.38711154,-0.9608643,0.12972015,1.7221165,-1.394642,-2.6352313,0.0530468,FAC20250908136892
0.4059425,1.618492,-2.8136551,2.9669466,0.313704,-2.3227134,0.016560331,-0.5613537,FAC20250729051059
0.2603389,-1.3650386,0.103769176,3.5894027,-0.80823946,-0.6392934,-2.5056114,-1.1752727,FAC20250705040305
-0.92980236,1.0122517,0.4389644,2.2375467,-1.091954,-3.8402445,0.9201795,-1.5124471,FAC20250906072122
-0.15996763,0.6868532,-2.2232966,3.0641923,-2.3734093,-0.22304232,-1.2121904,-1.697705,FAC20250815058459
-2.6099052,1.4337982,-1.8094466,0.20815316,-0.38563123,-1.8154558,1.3161249,-2.758177,FAC20251001084831
-2.1155803,1.3471407,-2.3229606,0.28511208,-0.41313112,-1.9485766,1.5232545,-2.2862298,FAC20250726122963
-1.9634386,-0.39193627,0.84151983,3.6408744,-0.14861234,-2.1179957,-0.6968136,0.6786155,FAC20250609029461
-1.4089354,-3.950689,-0.027315002,2.3810086,0.0973294,-1.4815024,-0.8103321,-0.8034374,FAC20250705041303
1.4647762,-0.26410568,-1.3570778,3.767788,-0.90147954,-2.1665452,-0.21508728,-1.5855765,FAC20250713045340
-1.7366163,-0.6269765,-2.3531651,3.2429135,-1.7921858,0.044708297,1.0554699,-1.1908942,FAC20250914075225
0.83470696,-0.93881375,-2.389287,0.99680823,1.5492847,-1.9598001,-0.0055048494,-3.1907754,FAC20250722048941
-2.5381563,2.2655058,-0.43215138,1.963044,1.1704663,-2.6317873,0.5930666,-0.71549773,FAC20250615109562
0.64015687,-0.7404182,-3.178845,2.9537876,0.8227434,0.17026693,-1.3857677,-1.8502316,FAC20250522101778
-1.7877483,-1.1549271,-3.9093192,0.30381706,-0.21344796,-0.048534717,-1.9977462,-0.9535871,FAC20250622111826
-1.0967035,-2.5442305,-0.3724085,1.6192958,-2.1190076,-0.15063058,-1.6364455,-2.6297073,FAC20250926084192
0.98836875,-0.96292895,-2.4463656,0.4334754,1.3794371,-2.630567,-0.31604707,-2.619335,FAC20250607027927
-2.4670007,0.34574595,0.2561599,1.3363074,0.9896475,-2.692012,1.7827287,-2.0993135,FAC20250825064900
-2.0927866,0.71540314,-2.607967,-0.20350635,-0.42952332,-2.9879599,1.483632,-1.9218566,FAC20250813057732
-2.3439991,-2.8360963,-1.0528497,1.211526,2.0225205,-1.7093385,-1.8330126,0.28385618,FAC20250710117530
-0.100882985,-1.5843197,-1.8301147,0.3136459,-0.32904917,-3.9463215,-1.770526,0.1931045,FAC20250605025731
-2.0684915,1.3772986,-2.9226456,-0.19149645,1.6051254,-0.82029724,-1.0438604,-2.442402,FAC20250818130202
-3.4193826,0.28817526,-1.3686155,-0.09630053,-0.82424426,-3.0765634,-1.2993939,0.67731315,FAC20250924083201
-1.0579308,2.0738544,-2.1176476,2.0795286,-0.31128865,-0.64618134,0.6624486,-3.2222462,FAC20250512010890
-0.8336885,-1.5113199,0.84037733,1.5443257,1.3524381,-3.481641,-2.194858,-0.31253216,FAC20251006087523
-2.7530074,0.0393165,0.8039656,0.31812817,0.5613101,-2.974046,0.9549805,-2.8218074,FAC20250614109344
0.21598694,-0.15319005,-1.7600507,3.037916,-2.268242,-0.2220206,-1.8087844,-1.537276,FAC20250915075864
-0.80606914,0.5380298,-2.9239833,-0.9438604,-0.7422026,-3.1303828,-1.140265,-1.5339851,FAC20250706041967
-2.8208256,-0.40579587,-2.594226,0.34483218,-1.1152916,-2.3487844,-0.8027154,1.0108304,FAC20251008146557
0.6207584,0.6668416,-2.197219,1.4159708,0.2756933,-2.7832525,-3.4405134,-0.38457158,FAC20250424003457
-1.0232036,-2.6488793,-1.4320859,1.2885703,1.7218406,0.059856057,-2.6399496,-2.5644913,FAC20250605106291
0.3491205,-2.5215843,-1.7310556,1.464311,-1.99408,-2.574115,0.37796712,-2.0383487,FAC20250822064268
-4.0757966,-1.2249064,-0.6416791,0.97669727,0.14818002,-1.832796,1.3239679,-0.46265626,FAC20250426003762
0.7121563,1.0479276,-3.131208,2.6106098,0.058093365,-2.281861,0.23903474,-0.8477751,FAC20250705040187
-0.20804113,1.2457807,-2.011806,-0.19475614,-1.1629821,-2.0710661,-0.46439424,-1.6339267,FAC20250613030264
-0.35685351,-1.7416714,-1.1468167,1.7474453,0.4274901,-0.9328965,-2.666594,0.5262794,FAC20250724049768
-0.22772887,-0.36776024,-0.5583273,1.2154701,-1.4774536,-1.325797,-0.015909102,-4.4740424,FAC20250821062398
-2.3661814,1.8076978,-2.672724,-0.14705996,1.3214675,-0.8733773,-1.2263819,-2.2355013,FAC20250912074842
-1.2527766,-3.6649911,0.098896585,2.2477891,-0.02117585,-1.8878447,-0.59593123,-0.66283923,FAC20250905136018
-0.9347381,-0.25957918,-1.0226563,3.5275207,2.740478,-1.6702093,0.29461798,-0.3497484,FAC20250909073124
-1.3366144,1.0631535,0.901002,2.4907777,0.4684695,-0.7296601,0.33231243,-2.5796382,FAC20251013148285
-0.40287077,0.7789606,-2.0789106,3.3637364,-1.1624126,-1.5211408,-2.5212657,0.7286956,FAC20250808126845
0.9727638,-0.33167484,-1.7138385,1.7177019,2.5249414,-2.948785,-1.0019726,-1.4740332,FAC20250926083782
-0.06549004,0.6523919,-1.8538955,3.1892776,-1.068255,-2.1629765,-2.6104283,0.7775827,FAC20250718120419
-1.9389653,0.17809637,-0.0898419,3.2615018,0.40667117,0.743854,-0.039184447,-2.8908527,FAC20250518100609
-2.4933388,-0.86226267,0.98707694,1.8166963,-0.4617115,-1.255142,-3.641291,-0.39960665,FAC20250527103396
-0.05654261,0.72542363,-1.5528303,2.5954318,0.9355554,-0.9310609,1.1851094,-3.3849218,FAC20250809056507
1.0543274,0.18119948,-0.71339715,1.1122621,-0.44921565,-2.0235105,-2.6114361,-3.582548,FAC20250719120632
-0.35796893,-2.3420842,-1.4996078,2.5816746,-0.59468126,-1.3682735,-2.6587267,0.67488444,FAC20250821063357
-1.6695275,-1.3592838,-0.6572267,1.7592559,-2.928164,-0.11960368,-1.7315892,-1.8890557,FAC20250821062008
-1.393828,-2.05239,0.9397819,0.76143926,-1.8158087,-3.0746164,-2.0906205,-1.3495326,FAC20250712044756
-0.13058119,0.25340375,-0.24954732,1.2945806,-1.6840167,-2.2196283,0.4344685,-3.5680666,FAC20250720047859
-1.3269975,2.2708046,0.23672965,1.820223,-0.3144728,-1.7652774,-2.8466601,-1.0695629,FAC20251001085439
-0.7269796,-0.28583983,-0.934156,3.022828,1.4215109,-0.73183703,-3.6370742,-0.011755019,FAC20250607028737
-1.80571,-1.3142117,-0.60191876,1.9341187,-2.9383678,-0.001696913,-1.6671823,-2.0433547,FAC20250706116280
0.33595467,2.268224,-1.3050722,1.1572354,0.6801611,-2.972543,-0.83838737,-2.7450233,FAC20250523102308
-3.4506583,1.6391351,-2.7892787,0.096459195,0.7005048,-0.8753257,-0.6914511,-1.1778923,FAC20250525020533
-0.17006908,-1.6511678,-2.6712554,1.8689381,2.3177803,-1.3297188,-1.4487023,0.00029236602,FAC20250709043205
-3.878131,-1.2744951,-0.76769656,0.9946131,0.26535192,-1.6567591,1.352488,-0.52965087,FAC20250516099949
-0.9375661,1.251601,0.33430532,2.3551612,-1.0667579,-4.0315194,0.6306923,-1.0953618,FAC20251001084765
-0.09754758,-2.1162148,-1.6369041,2.8176615,-0.6213443,-0.9087355,-2.1286278,0.45704025,FAC20250419000223
1.1498436,-0.8197083,0.03508861,1.7725018,-0.61850864,-4.00522,-1.0517752,-2.050698,FAC20250421001096
1.0552447,-0.8852373,-0.2050618,1.5840613,-0.604527,-4.3429303,-0.7607283,-1.8500651,FAC20250627113468
-2.4424803,-2.7906706,-0.9718978,1.3800663,2.1177511,-1.690913,-1.6010525,0.31489116,FAC20250525020523
-0.7042201,1.8871931,-2.136115,2.1738462,-0.22234285,-0.39860687,0.35496855,-3.3995345,FAC20250706041937
-2.7691078,-1.4566189,1.0159152,3.6811924,0.29950052,-0.97480845,-1.2207792,0.046431005,FAC20250922081046
-0.6153757,-1.5699984,-0.041679036,3.898666,0.05457556,-0.9856945,0.97323287,-1.8025055,FAC20250903069470
-3.924279,-2.2091835,0.5327385,1.0525459,-1.103742,-0.6946559,-0.65927696,-1.9006367,FAC20250924142233
-2.0481944,0.43306533,-0.5015892,3.335141,0.22050291,0.73144335,0.3752495,-2.5308044,FAC20250810127541
-0.3140793,-0.7523265,0.70231307,1.6689105,1.8326638,-4.103826,-0.668926,-1.0782319,FAC20250512010864
-0.67275655,-1.5991194,-0.68156815,-0.5952273,0.49315348,-1.8926901,-0.9571826,-3.856326,FAC20250705041062
-1.3872241,0.45172742,-0.67702645,-0.03211114,2.1547318,-3.7986684,-0.5305306,-1.3464223,FAC20250524018987
-2.2522538,2.2885723,-0.5349346,2.4137173,1.168305,-2.1841059,0.6779655,-0.859574,FAC20250731124552
0.5386715,1.7161909,-2.1795716,3.3517652,-0.050321694,-2.568072,0.16662651,-0.8831739,FAC20250617032303
-1.9274849,-3.8411994,-0.09661896,1.9956224,-0.36275172,-1.3616323,-0.69789726,-0.7533567,FAC20250711118141
-0.77343154,0.42271808,1.0163655,0.6841199,0.9751535,-2.305196,-2.7625678,-2.559667,FAC20250922141405
0.05393203,0.5846698,-1.8391237,3.2953324,-0.94508713,-2.2065544,-2.5718358,0.7510301,FAC20250506007630
-0.47480744,-1.458538,-1.9419909,-0.0027385594,-0.92983997,-4.002477,-1.4493816,0.0720997,FAC20250905071196
-2.2711196,0.91355854,-2.6654456,2.0716665,-1.2135122,0.2197548,-2.5404975,-0.06324084,FAC20251010147246
-0.80228335,-0.93797004,-1.276352,1.5181519,0.29528043,-0.45749974,-4.3134093,-0.7819019,FAC20250826065192
-1.6652914,-0.24624157,-0.09911855,0.60582364,1.4799367,-4.441382,-0.04515034,-0.3782308,FAC20250716046884
-0.48145977,0.20511334,0.10830775,2.1484704,-3.0921824,-2.656596,-1.7547365,-1.308106,FAC20250922080411
-1.5156107,-1.4264723,-0.62391174,0.6845138,-0.45719612,-0.08443899,-3.9944737,-2.5586796,FAC20250919077328
-2.8849373,1.1728369,-0.84372884,1.1595956,-2.2337353,-2.5517802,-0.5741906,0.12129316,FAC20250721048695
-2.2526526,-2.0777853,-2.5838175,0.21633081,-0.76395905,-0.42689124,-2.634455,-0.36126247,FAC20250520016607
-2.629003,-3.266747,0.66082585,1.2787862,-0.5819752,-1.369168,-0.8318794,-1.2656986,FAC20250708043063
-1.6383221,-0.008694173,-0.46570417,0.28051114,1.7045891,-4.165686,-0.26384678,-0.4239315,FAC20250506007729
-0.42636445,-1.6179209,-1.8228432,-0.51790595,1.4925293,-1.7285546,-2.6929762,-2.5819123,FAC20250823064478
0.82200104,-0.39332494,-1.1869195,1.7081004,2.6831498,-2.5559804,-1.1262234,-1.9454547,FAC20250913138740
-0.43275726,-1.5764068,-1.7406099,-0.6125048,1.2539393,-1.693007,-2.736259,-2.674992,FAC20250619034334
-2.1699748,1.3672341,-2.8028378,-0.2100023,1.6381295,-0.8828405,-0.8810923,-2.3299274,FAC20250524018769
-1.5674623,-0.2636557,-0.12995717,0.6047098,1.5625458,-4.452097,0.016216906,-0.4399937,FAC20250906071763
-3.306782,-2.2053697,-0.7740981,2.173335,1.3363192,-1.583447,-0.78146654,0.9559323,FAC20250701114848
-4.3945932,1.3118279,-0.98701805,1.3773253,-0.32059714,-0.38742673,-0.44411358,-0.8445888,FAC20250905071260
-2.5163684,1.2249118,-2.5199027,2.3691654,-1.1759787,-1.6520134,0.28685942,0.82662934,FAC20250705039975
-1.3821992,0.5550242,-1.2900175,-1.1551975,1.1398556,-3.5730433,-1.2848825,-1.9428266,FAC20250702039587
-1.2837331,-2.9329984,-1.6828864,0.483659,0.7960752,-2.9857392,0.96265954,-1.0468109,FAC20250816059660
0.4793794,1.7497294,-2.102627,3.3086846,0.004438616,-2.5533347,0.18938942,-0.87374467,FAC20250922080276
1.1131155,-0.4425692,-2.664914,0.8721937,1.7787033,-3.0339646,-0.60123783,-1.9745986,FAC20250705040194
-4.026307,-0.6491786,-0.5433957,1.2999669,1.2349323,-0.7405079,0.87502325,-0.95222217,FAC20250620111204
-0.075137876,-2.564336,-0.96248704,2.9088855,0.33893687,-3.269955,0.17558055,0.24932711,FAC20250909137108
-2.9622567,-0.02587866,-2.1394432,0.32016933,-1.4015023,-2.209098,-1.3579888,0.95081663,FAC20250903069963
-1.2233787,-0.669759,-2.47213,1.7890455,-0.66656494,-2.8751001,1.9203596,-0.22907662,FAC20250502006334
0.1139738,-2.1882846,-1.19795,0.1983589,0.72382087,-2.1006658,-0.20002435,-3.537154,FAC20250822063978
-1.9597738,-1.6561667,-0.8145617,-0.6433713,-1.1279193,-0.924287,-0.8554599,-1.1282834,FAC20250725049959
0.32075307,0.6277398,-2.2168534,1.7222935,-0.577647,-2.417379,-3.2969608,0.10141302,FAC20250912138174
-0.11689649,-2.619143,-0.7361813,2.8067691,1.4595338,-0.13939397,-1.2047827,-2.6188388,FAC20250726122863
1.0957285,-1.3614001,-0.16313533,1.4219638,-0.47279757,-3.8792367,-0.6856413,-2.348316,FAC20250805053291
-1.6560313,-1.6599241,-0.66595644,-0.70521843,-1.0615776,-3.6674705,-1.6213076,-0.7613529,FAC20250815058470
-1.0764414,-2.0816224,0.2718559,2.6751528,-2.3249555,-0.5410234,-0.8156637,-2.6204865,FAC20250815129266
-3.9362345,-0.37036064,-0.7801978,1.5215564,1.6984526,-0.31486425,0.74772274,-1.6384382,FAC20250703115493
1.2585071,-1.1096624,-1.2168083,3.4585502,-1.4565163,-2.007425,0.025902951,-2.0000496,FAC20251011147754
-1.4097683,0.48889485,-2.9541,-1.2475233,-0.039277542,-2.7953143,-1.7646836,-1.2739325,FAC20251016149239
-1.518794,0.3687639,-2.8529935,-1.3343183,0.16617289,-2.963799,-1.8195957,-1.2142725,FAC20250430005749
-2.9859385,1.737797,0.2926635,1.0010964,0.9570603,-2.7931676,0.49326703,-1.4568917,FAC20250924082884
-0.4683232,0.73441637,-2.5561306,-0.4391137,-1.5213209,-3.2707884,-0.86349636,-1.6861227,FAC20250430094913
-2.7821121,-1.7403685,-2.1460006,2.3344893,-1.3462456,0.5897655,-0.03554389,-0.6031113,FAC20250810127573
-0.42243674,0.85548246,-2.4817004,-0.4417253,-1.5612323,-3.271573,-0.8742236,-1.8521816,FAC20250805053795
0.65957916,-0.4574003,-2.6941047,2.9626427,0.90496767,0.22157599,-0.8441754,-2.162685,FAC20251003144949
-0.9370351,-0.44754836,-1.8113577,1.7018056,-1.1828601,-3.3411305,1.3496616,0.059910953,FAC20250707042753
-0.03547945,-0.5777348,-1.9420478,-0.5994322,-0.22721618,-1.856419,-3.1755443,-2.6947446,FAC20250425093155
-0.9614365,1.0324795,0.40545884,2.2133672,-1.073296,-3.7289772,0.97057813,-1.5128198,FAC20250706041616
-0.6825786,-0.4007359,-1.689816,2.001645,-2.0034082,-3.5589838,0.6274715,0.19600381,FAC20251018090772
0.44615638,0.5455793,-2.0091782,1.6340313,0.0051938547,-2.586082,-3.3782578,-0.06652203,FAC20250420000772
-0.22606978,-0.7448898,-0.75938135,4.2315583,0.732588,-1.6580676,1.2379055,-1.0072656,FAC20250815059011
0.27387422,-0.26097485,-1.7086354,-0.26819292,-0.1961213,-1.8783984,-2.963114,-2.9419866,FAC20251006088169
-2.75451,-1.433435,0.9430916,3.588863,0.49984044,-1.0995945,-1.2477834,0.22837372,FAC20250519014425
-1.1050031,-1.6568514,0.38323432,3.5243516,-0.7417385,-0.974406,1.0844816,-1.9465946,FAC20250430005784
-1.4376695,0.7510268,-0.6980728,3.1578937,1.1986884,-2.0358706,-1.535844,1.2637339,FAC20250430094726
-2.148725,-0.729515,1.0133234,3.8837535,0.28329515,-1.5881417,-1.3837357,0.41691887,FAC20250720120789
-1.1913,1.762263,0.16735774,3.935273,-0.05983688,-0.50215167,-0.53366345,-1.8518213,FAC20250513099244
-2.725474,0.17660089,-1.5160515,2.5492518,1.4554634,1.044918,-2.018424,-0.9958322,FAC20250523102234
-1.6034085,0.16029155,-0.4941465,1.0701321,-2.8924284,-0.69970113,-2.3719249,-2.2038274,FAC20250510098110
-2.380103,-0.2369953,-2.50509,0.032595508,-0.99363893,0.4506503,-0.8600814,-3.1780608,FAC20250625035612
1.0002624,0.4684861,-3.010363,2.2983732,-0.32748467,-1.9393885,0.08899388,-0.8134939,FAC20250806054234
-0.8171916,2.0395966,-2.000359,2.2181163,-0.33467445,-0.824971,0.66614366,-3.4520211,FAC20250719047809
-1.1135253,1.4294256,-3.6810203,1.2897098,1.4398265,-1.2568725,-1.9311447,-0.13918081,FAC20250605106314
0.031101786,-0.11801111,-1.4272265,3.4991143,-1.9642912,0.06327398,-1.7874243,-1.7109687,FAC20250915076645
-1.7892245,-0.06464294,-0.58416986,3.541873,0.20073265,0.8855465,0.1929351,-3.0016522,FAC20250519016321
-0.7922888,-2.2027476,-2.7492352,2.2363763,-2.2674322,-1.0911375,0.4547619,-0.92588454,FAC20250713045436
-1.1966544,0.373054,-3.7817314,0.95564574,1.6205968,-1.8552059,-0.7381828,0.32673088,FAC20250521017609
-1.4343193,-1.1737751,1.8313998,1.985772,1.3946433,-2.7714093,-1.5248002,-1.1126835,FAC20251015090138
-1.2063204,-1.0096775,-2.607023,3.2498481,-1.506592,0.21015413,1.0972961,-1.8851346,FAC20250721048408
0.7186496,1.5766468,-2.0685766,3.3727553,-0.1611687,-2.5784428,0.14755501,-0.95505345,FAC20250730124174
-4.0263844,-0.80130476,-0.586954,1.3778436,0.64597714,-1.4976326,1.2416869,-0.4050356,FAC20250804052782
0.03947216,-0.41245496,-1.5565603,3.4451509,-2.104662,0.038946345,-1.9731892,-1.4885631,FAC20250804053153
-0.28612626,2.307494,-0.810993,2.1797447,1.9170612,-1.6199396,-1.4317285,-2.4055488,FAC20250421001076
0.51852906,0.90669644,-1.610202,2.9918606,0.1937075,-0.17533156,-0.6338565,-3.479666,FAC20250606106752
0.92394793,1.3294349,-1.818721,3.4475656,-0.24533983,-2.6625547,0.007177694,-1.0220202,FAC20250610029536
-1.2854928,0.49879843,-3.0120456,-1.1883258,-0.022043403,-2.825518,-1.7106314,-1.2848619,FAC20250927142901
-3.8414876,-0.040575776,1.0937648,1.0447689,-1.0310824,-0.8547377,-2.248694,-1.7748667,FAC20250527103544
-4.0182223,-0.8617998,-0.6795053,1.2266386,0.4147363,-1.6095704,1.3163401,-0.41803184,FAC20250513099101
-1.1623299,-3.1493766,0.07379352,1.7975699,-0.29965004,-2.0558693,0.1234555,-0.5090043,FAC20250919077583
-1.8180176,0.1076177,-0.28395844,3.5501225,-0.01413027,0.87908167,-0.03009985,-2.8174324,FAC20250909137119
-2.8366003,0.6177332,-0.52515435,1.1714958,-2.6571014,-3.0266047,-0.08771629,-0.2146221,FAC20250625035886
-1.591994,-1.4860022,-0.9492093,-0.79089606,-0.9164026,-3.963046,-1.4804281,-0.72245073,FAC20251016149116
1.0553261,-0.44966674,-0.6615606,0.92169416,-0.16796231,-2.0566113,-2.4612439,-3.5864465,FAC20250923141825
-2.7867928,-0.19760697,0.036848962,1.3837836,2.390554,-0.085625164,-0.77810144,-3.0544815,FAC20250612108788
-0.5804687,0.66996545,-2.5107656,-0.630083,-1.4257802,-3.1870039,-0.99634016,-1.5908406,FAC20250909137268
-1.523558,0.65863603,0.21210983,3.629951,0.08413315,0.39963135,-0.30650762,-2.6304212,FAC20250919077384
1.437249,0.0860776,-0.4445823,1.8202817,-0.676684,-2.3949656,-2.5124905,-3.0377364,FAC20250906071469
-1.767452,0.07263421,-0.8146167,0.92153645,-2.8631823,-0.5039712,-2.604464,-2.2765102,FAC20250809055743
-3.7277331,-1.8650503,-1.5462899,1.8710228,-0.9212586,0.8502789,-0.9052011,-1.0716846,FAC20250724049738
-0.06971911,-0.60766697,-1.3798542,1.1836417,-1.6781573,-0.7253257,-0.621832,-4.2232537,FAC20250930084668
-2.936606,-0.8302704,-0.78926474,-0.3916456,-2.3810947,-1.9295598,0.017781941,-2.2263637,FAC20251003086623
-3.3973982,0.050716557,-0.9447268,0.0070425426,2.0520039,-1.0679879,-2.5186715,-0.8684202,FAC20250613030039
-0.8987325,-1.9710977,-1.5495404,-0.7794941,1.4636035,-1.7232208,-2.4094715,-2.7657301,FAC20250809127479
0.15463357,2.4704218,-1.1512356,1.3501443,0.58092755,-2.9894927,-1.0083457,-2.3885171,FAC20251009146779
-1.4174517,0.2746366,-0.6139647,1.0252726,-3.0706725,-0.9879928,-2.4896924,-1.9445788,FAC20250429005497
-3.6185694,-0.26026127,1.1447722,1.4054127,-1.8092537,-1.9788301,-1.5449647,-0.7214228,FAC20250609029429
-2.6025836,-0.4440658,0.67372227,0.4619306,0.56960857,-2.970182,1.2738719,-2.739242,FAC20250825064703
-2.3752851,-1.27591,-2.174806,2.0348394,-2.1639752,-0.1957259,0.7381684,-0.7753966,FAC20250813128577
-2.4431617,0.66848356,1.997136,2.5750403,-0.025338138,-1.8220459,-0.44037437,-2.113697,FAC20250509009429
-3.4134023,0.7602311,1.3379912,2.625227,-0.6394545,-1.4253907,0.26592922,-1.6462,FAC20250905071199
-2.035735,-1.2325103,-3.8365576,0.34927848,0.3585366,0.1973976,-1.1411943,-1.0452508,FAC20250803125429
-1.4365555,-1.4136976,0.64408165,2.8804543,-2.2180936,-1.5475639,0.53539854,-1.8597682,FAC20250512098699
-0.8964096,-2.0037928,-2.8005297,2.5487244,-1.8073273,-0.41946337,0.66462564,-1.1336999,FAC20250522102020
-3.0024233,0.6112422,0.6939861,0.31110224,0.76205546,-2.8455033,0.5723384,-2.296081,FAC20251007088447
0.04709366,0.7803567,-2.4408846,1.4489992,-0.97311974,-2.092613,-3.0984087,0.14104979,FAC20250607027515
-0.51749545,-1.2355417,-0.77996576,4.166743,0.22981147,-1.4219663,1.5002015,-1.3264203,FAC20250525021180
-3.8522463,-0.83638155,-0.80796087,1.0311965,1.0260098,-0.5552634,0.96070606,-1.2676471,FAC20250617110198
0.50609446,-2.379511,-1.8171889,1.5638795,-1.8397431,-2.6185226,0.45296207,-2.0734377,FAC20250719120493
-0.3389281,-1.8173089,-3.2635195,2.2907035,0.67245686,-1.7785423,-0.8354815,0.8692929,FAC20250522101900
-2.4652853,-2.7370028,-1.4599291,0.87264067,0.7581854,-0.90519965,-2.5108552,0.19365785,FAC20250511098512
-1.079673,2.655115,-0.15300666,2.618901,0.29359794,-1.4938577,-2.6139696,-1.296466,FAC20250816060067
-0.9930292,0.50564456,-0.5539016,1.5452577,0.58321863,0.34051085,-3.0125017,-3.2645974,FAC20250716119663
-0.8551975,0.9469857,0.36959964,2.063263,-1.3057225,-3.3823557,1.0368507,-2.0145278,FAC20250513011057
-0.08297038,0.8189072,-1.7838262,3.518248,-1.0040464,-1.7473315,-2.3862739,0.58787185,FAC20250617032574
-1.309008,-0.3659978,-2.8383086,1.358029,-0.047838878,-1.8084083,2.3219192,-1.9694196,FAC20250424003517
-1.1374257,-2.8371494,-1.191834,1.1440489,1.7017109,-0.10728424,-2.6508465,-2.5536804,FAC20250822131669
-0.5324764,-0.40245238,1.0040945,0.9322666,1.4450473,-1.9888932,-2.7583811,-2.8077242,FAC20250521018084
-2.3795476,0.8323838,-3.1196954,2.2742746,-0.81409216,-1.6943012,0.4655587,0.87365377,FAC20250902134921
-1.2542416,0.030638115,-0.3526053,2.175862,0.35168263,-1.7062566,-1.8137088,1.434039,FAC20250510009742
0.6912573,-0.9330183,-3.2376778,2.6598701,0.4965646,0.09850113,-1.4966391,-1.8987237,FAC20250719120460
-1.6816376,-0.36997217,0.008764586,0.84155416,1.397126,-4.4960837,0.19189611,-0.37449503,FAC20250919140368
1.3832756,-0.34451187,-0.023767747,1.8446075,-0.5711531,-3.069268,-1.8556453,-2.6508238,FAC20250705040932
0.5057821,0.61480874,-1.5932426,3.1507168,0.47696576,-0.33005637,-0.04515926,-3.495871,FAC20251005145718
-0.96832323,0.027808953,-3.251817,-1.0383275,-0.7166697,-2.6396973,-1.4181845,-1.1019067,FAC20250522018357
-0.123360634,0.44737217,-2.4361858,-0.09077195,-1.7446079,-3.347974,-0.54820096,-1.481674,FAC20250420091720
-2.471444,0.4241421,-1.2696161,0.6107554,2.8552868,-1.1812769,-2.598606,-0.7880695,FAC20250520016709
-2.3254282,-0.2309382,0.36301792,1.3231475,0.7263044,-2.631936,1.9086641,-2.5620594,FAC20250708117117
-1.8962379,0.044461954,-1.0333635,2.2334704,1.0615042,-3.3548746,-0.5077939,1.5924739,FAC20250814057966
0.115430675,2.257802,-0.6411361,1.7346314,1.1952124,-2.613972,-0.70436186,-2.4098358,FAC20250925083488
-1.1206427,-1.6107788,0.3274704,3.4058764,-0.40006858,-1.3191584,1.3728203,-1.7982463,FAC20250521017478
-0.16562001,-2.3100283,-0.71701306,2.9546132,-1.1709833,-1.6326394,-2.6133726,0.18211286,FAC20250630038509
-1.6015352,0.42870173,-2.631604,0.099809945,2.4224398,-1.3515066,0.21146685,-2.5154347,FAC20250423092518
-3.4498844,-0.421171,-0.008242824,-0.11339565,1.0693564,-1.9931256,-2.663728,-0.33717915,FAC20251003144918
-1.0983821,-0.81086946,-2.0050974,1.3612671,3.331399,-0.99377996,-2.159564,-0.8471913,FAC20250731051994
-2.8173156,-1.5266076,-0.07242938,-0.1366515,-1.8237506,-1.583753,-0.060573906,-2.5693324,FAC20250709117344
-0.31887904,-0.3355711,-0.49556443,1.1092777,-1.3809294,-1.0610723,-0.3583855,-4.5208845,FAC20250629114051
-2.4371934,-0.9652651,1.0588853,3.738842,0.5479508,-1.2739893,-1.2130197,0.23975174,FAC20250905070642
-2.5440729,-0.7437632,-0.41137913,-0.391443,-2.1558213,-2.1876805,0.06728458,-2.8777409,FAC20250714118950
-0.4274189,2.2259223,-0.90336657,2.2470016,2.1165898,-1.441414,-1.5371857,-2.4526196,FAC20250804052852
-2.062395,-0.09898482,-0.5389882,3.3421948,0.3029561,0.90444714,0.31402275,-2.9436162,FAC20250707042653
-2.4037993,-0.6093151,-1.0857674,3.6461642,0.9503623,0.8472876,-1.3413899,-0.39968184,FAC20250929143820
-3.24079,-0.6841989,-2.4287279,0.6291286,2.274015,-1.5916779,0.0032354507,0.057471607,FAC20250801124581
-0.88983256,-2.119449,-2.908154,2.4870048,-2.1463814,-0.7702006,0.42776942,-0.8761092,FAC20250802125156
-1.0910743,2.6283877,-0.15320872,2.4997032,0.26001456,-1.4836693,-2.6356776,-1.4282899,FAC20250725050252
-0.11285209,-1.9798162,-2.7114701,2.0343423,1.9883145,-1.1892326,-1.3896371,-0.054387745,FAC20250424003327
-2.0646195,0.93609697,-2.8307943,2.1049898,-1.1110834,0.13253592,-2.2538352,0.03940343,FAC20250830133932
0.513132,-0.31560588,-2.8143706,2.9338639,1.0592666,0.23510225,-1.0898442,-2.3284001,FAC20250509097783
-3.0392299,-0.2696786,-1.2335213,3.2312217,1.1078583,0.8719437,-1.6414999,-0.16324975,FAC20250630038444
-3.1708236,-0.87369317,0.45415664,0.69961363,-1.3782233,-0.6383893,-0.09050756,-3.5116122,FAC20250430005696
-1.0432101,2.669596,-0.37898508,2.3267732,0.92465675,-1.5707185,-2.565558,-1.4262489,FAC20250805054024
-1.0208952,0.3858013,1.1772064,0.48845392,0.5996852,-2.4024189,-2.511463,-2.9031866,FAC20250821062213
-0.042992115,-2.1824763,-0.19819826,3.0533974,-1.013214,-1.4834278,-2.7887788,-0.15686688,FAC20250826065642
-2.4599705,-0.6147249,0.43687657,1.1566691,0.29693225,-2.227962,-3.8511715,0.14294945,FAC20250513011236
-2.2500076,-1.8250483,-1.8111352,-0.22722448,-0.23869796,0.38612303,-0.9721796,-1.7069529,FAC20250901134788
-0.02628297,-1.480595,-0.9145901,0.4558358,0.1861735,-3.594572,-2.1099455,0.019609436,FAC20250630037543
0.20760344,-1.4312881,-2.7826164,0.9746674,-1.8659784,-0.53232783,-1.5289998,-3.2791889,FAC20250607027780
-2.0100935,-0.90581286,-1.4477589,3.744656,1.7282414,-0.027849892,0.3064175,-0.26840675,FAC20250911074124
0.2297843,-1.9235655,-0.7149945,0.98365355,0.60880536,-3.4706664,-2.6137595,-0.24920467,FAC20250901134578
-2.2983754,-0.6269385,-0.8113018,3.2292926,0.22614917,1.1364311,0.2345968,-3.1488588,FAC20250809055798
-0.5893927,1.591635,-0.013397854,1.4457667,-1.1599624,-3.8505833,-0.32159403,-1.3485435,FAC20251004145399
-1.0453342,0.31770632,-0.36940372,1.3555738,0.48281062,0.24259885,-3.0587106,-3.3977523,FAC20250529104242
0.3432469,-0.51933724,-0.6562779,3.3139427,-1.614322,-0.33390874,-2.4317281,-1.4334568,FAC20250617032406
-2.1555846,-2.0327399,-0.05207352,-0.63578016,-0.82985663,-3.392989,-1.7049344,-0.94991416,FAC20250628113894
-3.5274312,-0.35087165,-0.13809276,-0.18169565,0.9345787,-2.0294752,-2.5913723,-0.32545134,FAC20250813128491
0.3179996,0.51059544,-2.058838,1.6454312,-0.17712973,-2.5532575,-3.2934268,0.23063861,FAC20250527021950
-2.845757,0.012829007,0.62060386,0.47778863,1.4629025,-2.239308,0.70222855,-2.2460823,FAC20250512098734
0.16627987,-0.5345748,-1.4464868,1.1280302,-1.6514285,-0.7818055,-0.5796698,-3.9944763,FAC20250806054562
-1.5370939,-0.22094953,-2.6287303,0.14191483,2.5577452,-1.7847533,0.61911374,-2.4009569,FAC20250725122549
0.7368242,-1.1055672,-2.5944574,0.9890093,1.4073738,-1.7680533,0.029840373,-3.427368,FAC20250902068181
-0.070678085,-0.684058,-1.3043607,1.0777103,-1.5981935,-0.7279365,-0.6394672,-4.30174,FAC20250816059445
-0.49415672,-2.5758283,-0.8053841,2.134402,1.5319309,0.13101535,-1.8220352,-2.484223,FAC20251007146459
0.5508217,-0.62372905,-0.23781073,0.5163348,0.15270972,-4.176679,-0.38043323,-1.9176903,FAC20250509009218
-0.11761765,-1.9441707,-3.1691868,2.0334132,1.468567,-1.8093061,-0.7489014,0.2752522,FAC20250525102987
-0.38938197,0.9682862,-1.8401548,3.5818677,-1.1190455,-1.2670759,-2.4439688,0.5464055,FAC20250707042851
1.066193,-0.86024165,-2.0899613,0.7889571,1.587659,-2.3669186,-0.4361421,-2.6655364,FAC20250704115721
-0.6174043,0.6483812,0.25474128,1.5358604,-1.5278282,-2.7405353,0.7920095,-2.88571,FAC20250605025705
-0.29563934,0.9446733,-3.4611552,1.1476151,-2.042127,-1.0384088,-0.5495913,-1.7451397,FAC20250724049204
-1.3455487,1.8953189,-0.22000544,3.9835503,-0.29560393,-0.3666201,-0.37670717,-1.5779926,FAC20251009088911
-0.16879681,-2.1242082,-1.8134503,2.3717802,-0.9610152,-1.1644374,-2.1961603,0.49901986,FAC20250519014361
-1.1316417,-2.3493874,-1.8416135,0.7052476,1.6902453,-2.9744523,1.0221893,-1.081266,FAC20251010089106
-2.7777689,-0.35880768,-2.8021278,0.3391005,-1.0703061,-2.1785712,-0.8310499,0.9657138,FAC20250610029677
-2.2347066,-0.4744145,-2.551148,0.071784124,-0.83857423,0.4705811,-0.8357256,-3.1379986,FAC20250825132419
-0.9649585,1.1542011,0.37122375,2.2678757,-1.0043759,-4.001466,0.6730728,-1.1560631,FAC20250605026507
-2.464907,-0.80999357,-0.25534666,-0.16901535,-2.2481453,-2.3162766,0.1623829,-2.8722553,FAC20250525021291
-2.1054108,-0.060636863,0.058172613,3.7593274,-0.74328774,-2.5228608,0.24788016,0.86300987,FAC20251018149785
-1.2963957,-1.606911,0.47729954,3.4829147,-0.58963186,-1.2031395,1.257846,-2.08753,FAC20250825132493
-3.1623504,-1.4301844,-2.1715567,1.0350591,2.161947,-0.49002454,0.6552224,-1.1353241,FAC20250822064163
-1.1378231,-1.9793565,-2.067956,0.3314589,2.1477487,-2.7926505,0.73776484,-1.3160233,FAC20251005145664
-1.8678529,-1.4628773,-3.5474887,0.14913353,-0.5847223,-0.10188855,-2.2144465,-0.9174463,FAC20250508008942
-4.394919,1.2589428,-1.3220823,0.8791858,-0.14803517,-0.57444376,-0.47068197,-0.7526389,FAC20251015090137
-1.4295353,-1.0834789,1.9156216,2.022892,1.2881459,-2.4372969,-1.2467625,-1.4085097,FAC20250915139230
-0.39474168,1.8219457,-0.16078098,1.5390677,-0.99421835,-3.9235363,-0.5128896,-1.2373835,FAC20250610107905
-1.2919624,-2.0320306,-0.2034222,1.8660046,-2.6022084,-0.24651293,-1.6190876,-2.4950264,FAC20250831067650
-1.4890344,1.0819174,0.8539725,0.19793433,-0.28451553,-2.3978682,-2.5095296,-2.6649365,FAC20250513012183
-1.8554612,0.26562014,-3.711476,0.7566814,1.7838925,-1.7127702,-1.3714285,0.46494123,FAC20250527021889
-3.7056158,-0.25650632,1.3447049,0.80673826,-1.1705009,-1.6987534,-2.01808,-1.4022486,FAC20250613030844
-2.4848242,-3.4098976,0.52425265,1.5026467,-0.57486856,-1.2524134,-1.0567203,-1.1215897,FAC20250811127834
-3.3939455,-2.117719,-1.5906705,-0.43910253,-0.121131934,-2.131723,0.67027456,-1.1880908,FAC20250515099600
1.2411919,-0.8419231,-1.0861468,3.4968576,-1.3668251,-1.9859421,-0.008837201,-2.0665505,FAC20251012089952
-1.8679199,-0.23600075,-0.5909098,1.3252676,-2.7741022,0.013055583,-2.028712,-2.494614,FAC20251005145676
-3.677458,-1.7830759,-1.009326,0.23328306,0.1627232,-1.7188203,0.9593677,-0.810997,FAC20250524019019
-2.0946157,0.10738278,-0.26055142,3.743984,-0.4258818,-2.4285953,0.032836158,1.1762747,FAC20250813057349
-0.9782591,-1.9668598,-2.8009427,2.4424016,-1.9341657,-0.64651704,0.6108587,-0.85295737,FAC20250517100304
-3.1104841,1.1732785,0.5745491,0.4800372,0.70471066,-2.9672616,0.3895493,-1.9159662,FAC20250711118017
-3.697198,-1.6967294,-1.9879097,1.8961432,-1.3744638,0.28284514,-0.39062238,-0.29892683,FAC20250520016434
-1.07587,0.26625642,-0.4807423,1.278014,0.4996595,0.29726842,-3.1010094,-3.3266969,FAC20251006087832
-0.4940062,0.86997914,-3.3646562,1.0458766,-2.319803,-1.3669847,-0.42673817,-1.6998539,FAC20250817060701
0.57107806,0.7076145,-2.3261986,1.2840114,-0.375203,-2.5916152,-3.180336,-0.3401146,FAC20251003144965
-2.756956,-1.8850701,-0.45906374,1.2876885,2.3473868,-1.353752,1.1330342,-2.161357,FAC20250603025274
-3.772408,-0.45445877,-0.7803546,1.4662169,1.6485156,-0.16473359,0.7283364,-1.7678132,FAC20250902068265
-2.3008046,-0.39091676,0.54213333,1.110648,0.8820418,-1.9223238,-3.7104223,-0.17527966,FAC20250629037106
-0.46003392,0.028919159,0.22459374,2.2605846,-2.9206545,-2.8077857,-1.7580342,-1.0228516,FAC20250915075668
-1.2620312,0.3067921,-2.4770617,0.49302018,2.5196009,-1.4575186,0.60462695,-2.6771066,FAC20250621034682
-1.3610162,-0.61967117,-0.5820843,0.8172242,0.0012240272,0.17231809,-3.7137208,-2.4819102,FAC20250519014222
-0.8351635,-2.7517962,-1.0387777,1.3727683,1.4740368,0.03359671,-2.145619,-2.6188586,FAC20250815129250
-2.8261902,0.7449252,1.9400872,2.4113457,-0.044337124,-1.6013422,-0.42569935,-2.1097066,FAC20250525021404
-0.91630757,-2.5288167,0.028247604,2.1642997,-2.3082156,-0.6947494,-1.173854,-2.711389,FAC20250606026870
0.45725206,0.28255284,-2.1523936,2.754311,0.1981377,-0.11025224,0.102205634,-3.1948173,FAC20250508009075
-1.4892272,0.9201165,0.8986282,0.0002944999,-0.30063447,-2.4963632,-2.3144076,-2.9276044,FAC20251003144998
0.4036712,-1.3762786,-2.6189983,0.8194721,-1.7053394,-0.826684,-1.3102448,-3.0286584,FAC20250922079505
-2.0611537,-1.6442962,-3.4813643,0.4449711,0.62923324,0.289051,-1.1623421,-1.138265,FAC20250706041671
-2.2561517,1.4207395,-2.6928294,-0.22860932,1.4469907,-0.7329028,-1.1129668,-2.2406356,FAC20250811128093
-0.7944334,-1.6515394,-2.7593668,2.7553394,-1.5902522,-0.26222396,0.92360985,-1.6447003,FAC20250630114410
-1.9839333,0.10774915,-1.0199871,2.2816777,0.8794643,-3.4806428,-0.47550824,1.6431994,FAC20250619033635
-2.678683,2.3276985,-0.5815832,1.8594338,1.3262838,-2.6808324,0.29537103,-0.55812454,FAC20251012147816
-1.4280921,0.013115895,-2.5723374,1.2575451,-0.24296954,-1.87751,2.2606356,-1.6258185,FAC20250903135410
0.90033793,-0.50262123,-0.4752546,2.4041634,2.4769707,-2.0811422,-1.7886795,-1.9587593,FAC20250705040396
0.1797591,0.0009745917,-1.4529903,3.207365,-2.0309343,-0.057049286,-1.9297488,-1.7158151,FAC20250714045915
-0.0044949125,-2.451554,-1.8303266,1.5895401,-1.9838896,-2.1036189,0.6286696,-1.9225802,FAC20250625112928
0.6601537,-0.8099449,-2.8939407,2.5945468,0.63411427,0.07330005,-0.8236131,-2.014213,FAC20250712118274
-1.0700074,-0.15299058,-0.78799826,0.5641488,-2.9617953,-1.9496883,-2.687584,-1.3818294,FAC20250915076523
-0.7854676,-0.6219105,-1.4115129,2.1500359,0.9648899,-0.48471746,-4.0678573,-0.26964337,FAC20250513011090
-0.80517685,0.9389494,-1.3914933,1.6993425,0.70557404,0.48922023,-2.8439667,-3.137502,FAC20250612108602
-0.44658345,-1.6650369,-2.5644042,1.8087847,2.6666725,-0.9163559,-1.5864295,-0.3973712,FAC20250509009270
1.1458229,-1.314757,-2.2144055,2.4624836,-1.1041238,-2.2812366,0.70546037,-1.7755619,FAC20250809127383
-2.5354633,-3.443943,0.500316,1.6587591,-0.5944028,-1.1662443,-1.1941351,-1.1077279,FAC20250709043310
-0.991344,-0.20610423,0.31245252,1.517575,1.5421214,-4.4748344,0.28231922,-0.8209009,FAC20250607027356
-4.0338216,1.5699724,-0.5771954,1.2634468,-0.30135137,-0.504429,-0.4010803,-0.897398,FAC20250801052244
-0.089936145,-2.0778697,-1.1954492,0.013871099,0.5131189,-2.0926173,-0.1386019,-3.7941496,FAC20250615031578
-2.7939494,1.871556,0.33594096,1.0537524,0.8751063,-2.6963408,0.31615612,-1.5561969,FAC20250617032385
-0.2870429,1.361429,-2.4987733,0.4613049,-2.1070387,-2.2943828,-0.8209038,-1.8434808,FAC20250806054385
-1.7578301,-0.040718295,-1.5909083,0.72187835,2.714068,-1.4667029,-2.8149767,-0.3132086,FAC20250429004671
-2.5126867,-0.3827746,0.4181006,0.8479396,0.72042924,-2.5936587,1.6304632,-2.6735067,FAC20250502095664
1.2217257,-1.455958,-1.3059914,3.288633,-1.5171766,-1.9755512,0.01484406,-2.0270329,FAC20250522018453
-3.1483006,-1.2554923,-1.1142886,0.98897284,2.3005004,-1.1759897,0.95963025,-1.4218084,FAC20250515099693
-1.1117151,-0.71250767,-2.5140436,1.737862,-0.7694941,-2.9417253,1.7632391,-0.0392908,FAC20250604106184
-1.2786845,-0.5732887,-1.7144572,1.0764413,3.3737152,-1.2630943,-2.278265,-0.8860437,FAC20250529022243
-0.34684932,-1.0076731,-1.8393714,-0.8450429,0.025232606,-1.7096014,-2.8199632,-2.6808476,FAC20250922081658
-0.48965177,1.2976177,0.12803513,1.6898558,-1.3874911,-3.1949806,0.59647906,-2.2118442,FAC20250421001796
-2.4026368,-3.4823222,0.44951013,1.7104615,-0.58648896,-1.3038161,-1.1515667,-0.9848241,FAC20250729050877
0.10207506,2.2052777,-1.1074502,1.8770943,1.7004538,-1.8896375,-1.1835734,-2.6720676,FAC20250519014293
0.46888563,1.3543689,-3.2120872,2.708907,0.43305543,-2.2011971,-0.0041300487,-0.70248234,FAC20250816129461
-2.2785723,-3.0405087,-1.470164,1.2400484,-0.23205481,0.45128834,-0.4175229,-2.5177124,FAC20250517100374
-0.6818009,0.8953612,-1.3848139,2.2700753,0.9600583,0.44245395,-3.1876118,-2.1527998,FAC20250919077097
-0.5505318,0.82252324,-3.7089398,1.3460094,-2.1741455,-0.8739653,-0.38368052,-1.8005499,FAC20250717119994
-3.5501006,-2.2296638,-1.7738669,1.3913317,-1.1013944,0.28465194,-0.34834492,-0.606444,FAC20250913138754
-0.5608079,-0.59148896,0.43409047,1.9791042,-2.721533,-3.0550408,-1.9298984,-0.8219437,FAC20250712118468
-3.4996097,-1.6200234,0.5457916,3.0003757,0.36810768,-1.1937424,-0.97420573,0.5357101,FAC20250922080989
-1.4410388,0.846825,-3.8769777,1.2328665,1.7297804,-0.8436935,-1.960747,-0.12731984,FAC20250827066419
-2.5462615,-0.49641192,-2.2482228,2.564629,-2.0581605,-0.04548575,1.078001,-1.1770619,FAC20250628113961
-1.8473175,-0.8607553,-3.173664,0.17965634,-0.23659615,0.40837106,-0.27185488,-2.9858983,FAC20250830134034
0.9660085,-0.5532984,-2.1345572,0.83686805,2.0256593,-3.07321,-0.85571575,-1.6591431,FAC20250729123826
-2.483534,-0.21589404,0.4452965,0.8693473,0.9989067,-2.4751592,1.502491,-2.6560102,FAC20250629036995
-2.8772745,-0.61734337,1.3423342,1.6593355,-0.25565776,-0.64456433,-2.8636544,-1.3134906,FAC20250525020299
-0.38952294,1.0994443,-2.5841873,0.062744424,-1.9751304,-2.633645,-0.7354888,-1.7953303,FAC20250521017103
-1.7211401,-0.22724679,-0.08746788,0.6942664,1.5678835,-4.390697,0.07512417,-0.35051322,FAC20250629036965
0.8478948,-1.1450682,-2.6660445,1.2015015,-1.168482,-0.68746185,-1.1755724,-2.6180422,FAC20250617110353
0.9951179,1.1581931,-1.975751,3.2114727,-0.12856442,-2.3772008,-0.07705532,-1.0048825,FAC20250807126510
0.63272333,0.6071092,-2.3032389,1.404469,-0.3304292,-2.7463644,-3.1830525,-0.19556703,FAC20250821062965
-0.4584143,0.17023827,-0.6387197,3.649076,2.4250019,-2.2735229,0.43181717,-0.68516505,FAC20250713045456
-0.7456257,-0.96416974,0.2980439,1.0125362,-2.6287951,-2.8519502,-1.9013597,-1.0387294,FAC20251003145042
-1.0261617,-0.94583243,-2.1933918,3.0991626,-1.5927883,0.033623274,0.71551925,-0.9492871,FAC20250919140553
-2.9678838,0.77466536,-1.5736829,1.9418495,-1.4268326,-0.2636691,-1.8879435,0.52214265,FAC20250423003069
-1.6261873,0.6497918,-1.7404605,-1.2058573,0.9303542,-3.3702543,-1.4552974,-1.4536066,FAC20250830067321
-0.47424132,0.8063436,-3.3945658,1.249245,-2.264877,-1.0999308,-0.5954073,-1.461428,FAC20250424092833
-3.4883685,-2.0217376,-1.9555368,1.551772,-1.3542668,0.09308326,-0.11756965,-0.4781832,FAC20251006145960
-1.5439603,-0.066594936,0.8608246,3.7678764,-0.027348196,-2.3087726,-0.9095232,0.5458223,FAC20250617032919
-1.9254614,0.14722815,-0.3527902,3.3501062,0.10327927,0.8599034,-0.0012299387,-2.9389994,FAC20250519016278
-2.6120596,1.4487563,-1.6748228,-0.23446104,-0.42451197,-2.29694,1.0105572,-2.7238634,FAC20250423092693
-1.8059763,0.3130916,-0.50820386,1.201352,-2.779042,-0.29366228,-2.2558055,-2.537846,FAC20250821063200
-1.8038148,0.11747474,-3.76071,0.69807667,1.7095553,-1.8129847,-1.3111769,0.47002572,FAC20250607107116
1.4934007,0.08703202,-2.0962112,3.271453,-0.40261686,-2.3460202,-0.26594096,-1.0710564,FAC20250623112149
-1.3451587,-0.28627622,-2.8866205,1.6456362,0.20973146,-1.5736215,2.2800357,-1.6917205,FAC20250522018433
-0.4526887,0.32467636,0.10569501,2.2700334,-3.0445457,-2.618063,-1.7239289,-1.2022033,FAC20250707116720
-2.7285633,0.14405242,-0.21592501,1.8627324,-2.7967997,-2.3056605,-0.3856472,0.051113572,FAC20251002144794
-2.7481513,-0.5720998,0.22501184,0.5553103,0.5867767,-2.1338716,-3.4451485,-0.016886927,FAC20250902068398
-0.6763829,0.93261105,-1.3936644,2.289258,0.9816178,0.49060124,-2.992838,-2.2572258,FAC20250521101569
0.9681876,-0.37471917,-1.6450924,1.3296885,2.3774486,-2.8574963,-1.2932341,-1.5875782,FAC20250914075268
-3.1647859,0.14944223,-0.932812,0.14679085,2.1735983,-1.0673975,-2.6078334,-0.8809426,FAC20250531104659
-1.7582333,0.78745323,-0.7344363,0.1877471,2.469404,-3.6525316,-0.72616047,-0.8938022,FAC20250922081510
-0.3744488,1.9437319,-0.3033372,1.4681534,-0.6501175,-3.886961,-0.4676444,-1.1470251,FAC20250525021154
-1.5757327,1.5757967,-2.8747416,2.1053834,0.012054117,0.1205873,0.80727845,-2.524897,FAC20250506007725
-3.8560777,-1.0337743,-0.72266346,0.93800545,0.824762,-0.94233847,1.0550976,-0.9903161,FAC20250922079392
-2.8126802,0.18331695,-0.1978247,1.6621424,-2.6734495,-2.4951806,-0.18854,-0.04984332,FAC20250827066375
0.6046974,-1.6523485,-0.16154084,1.1643153,-0.21871765,-4.010057,-0.04722141,-2.2602606,FAC20250810056643
-1.4359314,-0.20620564,-2.5302653,0.057616174,2.4977336,-1.6697632,0.4701604,-2.4312665,FAC20250526103140
-2.5678694,1.7436333,-2.399464,-0.24873605,1.1622993,-0.88625115,-1.1298368,-1.9627019,FAC20250912074588
-1.3028437,0.9923135,0.4040778,3.645891,0.024481777,0.11398553,-0.5493891,-2.582519,FAC20250520016727
-1.0748731,-2.5111876,-1.7319124,0.60496414,1.7519339,-2.9329472,0.7949855,-1.1229912,FAC20250907136685
-0.40381816,0.24069807,-0.65208477,3.5580566,2.4388433,-2.3102405,0.4966517,-0.7290785,FAC20250420000597
0.6899784,0.6135524,-2.33809,1.2109954,-0.26967013,-2.856502,-3.0618148,-0.391754,FAC20250704115651
-3.054972,-2.1466932,-1.2720582,1.9763681,1.3437291,-1.5978441,-0.8845406,1.1901743,FAC20250813057848
-2.032366,-1.9950801,-2.6743064,0.41471902,-0.31462127,-0.29217973,-2.605138,-0.2007582,FAC20250915076094
-0.9525749,-1.2988384,-0.7464676,-0.7030527,0.8808847,-1.5689774,-1.1937227,-3.818696,FAC20250821062239
-2.0388684,0.17496167,-0.22900453,3.355491,-0.28240365,-2.842537,0.0058756247,1.2474964,FAC20250521017435
-0.07639652,-1.9033054,-2.976012,1.9820155,1.4133495,-1.6415187,-0.9648156,0.41941497,FAC20251007088542
0.6080691,-0.6519964,0.0913808,2.3066254,2.0225334,-1.5818251,-2.2248428,-1.9358162,FAC20250419091372
-0.030875677,-0.8063648,0.5588225,1.5207998,1.4024425,-3.7472913,0.22698568,-2.4233408,FAC20250922079083
-0.80485785,0.9750527,-2.4736927,0.9133829,-2.7508008,-1.6658074,-0.26410553,-1.7792922,FAC20250929143589
-0.76859325,-1.162901,-2.4353108,1.6816888,3.1230686,-0.71292645,-1.6926752,-0.9637854,FAC20250710043992
-2.4661696,-2.3623695,-1.7212133,0.6063146,0.1533007,-0.63180935,-2.4070468,0.30312276,FAC20251007088475
-0.36855403,-1.6023959,-1.1869661,-0.85616606,0.36092216,-1.7953564,-1.8863428,-3.1963892,FAC20250520016766
-1.1079748,2.5581381,-0.001152106,2.4518688,-0.15814847,-1.6576715,-2.5442767,-1.192493,FAC20250711044653
-0.33696038,-1.7913487,-1.5222936,-0.57045835,1.1067542,-1.7459589,-2.4739335,-2.6964223,FAC20250620111392
-3.1066108,-1.9200307,-0.09611098,2.2837548,1.3275543,-1.5039322,-1.0180994,0.83858997,FAC20250904070298
-1.6074772,0.93935025,-0.98303825,2.5280247,1.7588288,-2.0808742,-1.7050549,1.0386063,FAC20250922081905
-2.8405445,-0.4896896,-2.7828207,0.7538616,2.0968416,-1.528564,-0.04696457,0.2376385,FAC20250706042457
-2.8448067,0.96635467,-0.76769954,1.2249781,-2.3962958,-2.3985875,-0.56477845,0.1253184,FAC20250904135737
-0.2652498,1.0249344,-2.4160872,0.05729389,-1.9366722,-2.9131522,-0.84760445,-1.8102686,FAC20250603025391
-2.862713,-0.27233782,-1.21151,3.046316,1.1891319,0.9014141,-1.6721358,-0.3999719,FAC20250701039195
0.4105535,-1.7709451,-0.10242644,1.1735338,-0.03200957,-3.9984846,0.25023553,-2.1980658,FAC20250619033356
-0.55652755,1.684766,-0.13738552,1.5278038,-1.1080238,-3.9678392,-0.41759083,-1.112729,FAC20251014148450
-3.212092,2.114045,-2.375964,0.32569346,0.14919662,-0.68508846,-1.1754615,-1.1500124,FAC20250913074969
-3.3559132,-0.33973792,1.1505531,1.5094695,-1.1113486,-1.005826,-2.3879006,-0.7818445,FAC20250922081036
-2.9776826,-0.44618076,0.22583598,0.25395083,0.5307785,-2.155135,-3.0141544,-0.055832755,FAC20250630038172
-1.6063228,-0.3381989,2.004621,2.1218297,0.97952175,-2.2143004,-0.9397188,-1.5679787,FAC20251004145472
-0.247653,-2.2496734,-0.7424568,2.6685696,-0.15352184,-3.3212287,0.1404501,0.349923,FAC20250624112609
-2.5595,2.1820004,0.056616537,1.5362672,1.150611,-2.4510226,0.24080814,-1.1708214,FAC20250629037356
-1.8179545,-1.3964206,-3.3175836,0.13030155,-0.69525903,-0.06113617,-2.2939315,-0.91775143,FAC20250815058698
-3.006903,-0.20726618,-2.4310882,0.040055588,-1.025272,-2.456143,-1.1584792,0.89535105,FAC20250629036948
-0.94647235,-1.7915465,-1.1196442,-0.87333363,1.0656161,-1.697129,-2.159377,-3.0099852,FAC20250728050757
-0.9051696,2.5273201,-0.4193409,2.289684,0.9481541,-1.3750266,-2.5786562,-1.4604306,FAC20250701039426
-2.5553265,-2.9038367,-1.3236587,1.1339219,0.44785282,0.3738495,-0.21647072,-2.705024,FAC20250811127847
0.56485635,0.73720646,-2.076139,1.5904174,-6.74627e-05,-2.471969,-3.3221102,-0.29066536,FAC20250724049831
-0.5047746,-1.7132261,-0.93431693,-0.38686404,0.60277426,-1.9058886,-0.42364398,-3.8652775,FAC20250429004771
1.44949,-0.35004628,-0.21378484,1.686083,-0.6825622,-2.7326305,-2.1039586,-2.7094831,FAC20250420000665
0.21343519,-1.819651,0.5468326,1.7707993,1.0648376,-3.3203492,0.26280683,-2.7150917,FAC20250607028339
-0.47448483,-1.2542613,-0.9513968,4.135093,0.25892907,-1.2437785,1.48797,-1.2438679,FAC20250827133228
-2.4635015,2.0675473,-2.4723885,-0.17544924,0.99117154,-0.85100704,-1.6223799,-2.140067,FAC20250419000144
-0.27253777,-0.8971178,-2.4835868,-0.5306134,0.54654497,-1.791106,-3.3113856,-1.9920069,FAC20250505007560
0.39841503,-0.21033688,-2.5750163,2.546549,0.91279775,0.08910992,0.10173905,-2.329011,FAC20250703115360
-3.582497,-1.1765336,-2.324866,0.79504025,2.1663785,-0.81020004,0.20942126,-0.56642,FAC20250727123072
-0.5576629,-0.68632597,-1.3752251,2.3568296,-1.3160028,-3.2864187,0.730155,0.436691,FAC20250718047188
-0.39145347,0.009008036,-0.41359442,3.7620494,1.88015,-1.9184097,0.70105916,-0.8913238,FAC20250729051440
-2.611079,-0.3930662,-3.238375,0.98321325,-0.66812354,-1.7625316,-0.10785304,1.0745236,FAC20251001085881
-3.0108445,-0.04466728,0.24346307,2.2757187,-2.6130815,-1.8118542,-0.87379616,0.052945856,FAC20250717119924
-3.9952912,-0.88419133,-0.6453873,1.3811606,0.666103,-0.9366051,1.1431068,-0.7866138,FAC20250709117432
0.03890873,-1.9707935,-2.7903304,2.0228088,1.6368862,-1.4313674,-1.0461835,0.1426277,FAC20250828133540
-1.7793918,-0.8637708,-1.3868554,3.7075417,1.5250088,0.39444485,-0.14268595,-0.48660448,FAC20250618033167
-2.1923552,1.1109846,-2.2251518,0.08206366,-0.43852773,-2.3401241,1.462694,-2.0049238,FAC20251012089600
-0.3716955,1.2725004,-2.37557,2.4970875,-2.3867373,-0.4985016,-0.83698833,-1.9415611,FAC20250506008269
-3.725983,-0.47058174,-0.5402436,1.2750248,1.5965863,-0.5113211,0.7706277,-1.3528714,FAC20250821062299
-0.23251984,-1.6188077,-3.0978029,2.1762183,1.141673,-1.9871435,-0.7506426,0.8421945,FAC20250531104706
-0.74948424,1.8049947,-0.11797325,1.8117996,-0.82630223,-3.7822547,-0.048243858,-0.8339569,FAC20250607028270
1.3040489,-0.32865444,-1.3416363,3.5633955,-1.042752,-1.9922168,-0.074166246,-1.5869368,FAC20250801124765
-1.6028154,-0.57526493,-2.5923448,-0.10412247,2.5493796,-1.9279703,0.43088764,-2.3500931,FAC20250926142844
-0.44681412,1.1115537,-2.0204346,3.5305853,-0.94857454,-1.0343512,-2.4027379,0.36204243,FAC20250428004617
-0.16697049,-2.1698575,-0.8116756,2.6792326,-1.1338035,-1.4160403,-2.5425549,0.1678936,FAC20250513011292
-1.7968656,0.5239828,-0.7189854,0.9193022,-2.7390692,-0.56478703,-2.5932307,-2.2051594,FAC20250630037868
-1.6481977,-0.26878178,-1.2701743,0.8423488,2.9861908,-1.241373,-2.3974676,-0.69354326,FAC20250428004444
0.0842906,2.222788,-0.85116076,1.251629,0.23711312,-3.536588,-0.88282275,-1.7411302,FAC20250905136060
0.09046518,-0.49845555,-1.8896744,-0.41234812,-0.32600155,-1.9335779,-3.2414176,-2.62261,FAC20250526021573
-0.3568987,-0.8470357,-0.67140746,3.7857602,1.1692045,-1.4228045,1.1563176,-0.9802304,FAC20250818130125
0.6455384,0.38160008,-1.8716383,3.065947,0.5741429,0.011619767,-0.6106299,-3.091999,FAC20250506007751
1.3417131,-0.41576567,-0.057542536,1.760202,-0.4756609,-3.5431123,-1.559262,-2.2500381,FAC20250704039663
-0.6660983,0.7661505,0.2998055,1.4858649,-1.5883898,-2.7526913,0.590086,-2.7959638,FAC20250626113349
-1.1670365,-1.6480029,-2.7697566,2.4931638,-2.2331722,-0.7065517,0.50272757,-0.60300213,FAC20250829133646
-1.0871395,-0.5179269,-2.3854423,1.4406292,-0.90169287,-3.144239,1.6713487,-0.20166582,FAC20250530023396
-0.77056104,-1.3673705,-1.3526095,-0.18679902,-0.8925731,-3.926552,-1.4117206,-0.008989938,FAC20250815058975
-1.3469702,-1.3426477,-0.97339857,-0.54664195,-0.7766839,-4.0669327,-1.2357798,-0.40705696,FAC20250912074907
-0.97023517,0.81251365,-1.1381617,2.228122,0.59560275,0.80562794,-2.8039057,-2.6027303,FAC20250525020024
-0.95602626,-0.43870282,-1.3153266,1.3682532,0.2946235,-0.5185066,-4.2955275,-0.69665474,FAC20250904135693
-3.6527405,1.9186347,-1.6696595,0.47261903,0.33500636,-0.70790327,-1.0474831,-1.1026193,FAC20250907072830
-2.8478754,0.25306574,-0.16683447,1.6172345,-2.6268322,-2.5502229,-0.29405662,0.0076244776,FAC20250821131219
-1.4547503,-0.3414006,-0.22751868,0.5813899,1.2791381,-4.291222,0.14729904,-0.39576754,FAC20250613030335
-4.005123,-0.73629797,-0.44208783,1.4738425,0.9390886,-0.93038005,1.0025188,-0.84571594,FAC20251001086154
-1.4591274,0.44432825,-0.22281644,1.3115013,-2.8362627,-0.71643806,-2.1400697,-2.3815846,FAC20250809056210
-1.0286176,0.99361914,-1.6090616,1.9345626,0.7271306,0.73768467,-2.813642,-2.4567244,FAC20250725122540
0.59937745,0.679789,-2.161544,1.2647045,0.37608147,-2.8083465,-3.358012,-0.40940502,FAC20250426003842
-1.4414146,-1.0512923,1.67882,1.9118795,1.5737273,-2.789322,-1.6494285,-1.070287,FAC20250728050674
1.2559487,0.6866597,-1.9474627,3.1633363,-0.44041795,-2.3694992,0.046079382,-1.1264414,FAC20250928143493
-0.011921878,2.3166416,-0.90822184,1.790939,1.555049,-1.8392874,-1.308161,-2.4030445,FAC20250610108146
-1.0976534,0.9036571,0.169516,3.8833823,0.29939732,-0.030545663,-0.28269655,-2.3136423,FAC20250913138559
-2.7392745,-0.1770771,-1.311195,2.8509703,1.3287891,0.99170345,-1.7518308,-0.62563664,FAC20250731051683
-1.152566,-1.7986629,0.20946643,2.3845072,-2.2779875,-0.36876017,-0.693104,-2.1902318,FAC20250513011674
-0.89335567,-0.78857964,-1.4699817,1.3535985,0.13904911,-0.462114,-4.356058,-0.816108,FAC20250919077716
-2.6924553,0.35204306,-0.34523833,1.5747507,-2.6460137,-2.5522041,-0.1044633,-0.05624573,FAC20250613030756
-3.0315664,-0.25886416,0.17353271,1.6435158,1.0015879,0.51240134,-0.4843166,-2.9899838,FAC20250714118944
-0.24351037,-0.42554095,-0.7682717,1.0827745,-1.3915548,-0.84082854,-0.4823087,-4.31858,FAC20250630114430
-0.4353606,0.2451521,-2.8533795,-0.5591281,-1.1598403,-3.0448844,-0.90742546,-1.3073233,FAC20250707042634
-2.133338,1.2029704,-2.9636524,-0.22342557,1.3404309,-0.6065358,-1.0012463,-2.1458313,FAC20250819130548
-0.3642515,-1.7198108,-3.104575,2.1493344,0.52771616,-1.8048444,-1.0212177,1.0953469,FAC20250430005767
-1.4193733,0.80676067,-3.8864524,1.1055479,1.634656,-0.89307106,-1.9333522,-0.16568834,FAC20250923141784
-3.0103056,0.2901071,-2.4952452,-0.32415327,-1.6313244,-0.30963877,-1.0057286,-2.453989,FAC20250713118731
-2.7823663,0.01278433,0.30016616,1.9297273,-2.3207686,-1.6681777,-1.1424361,0.18451048,FAC20251001085332
0.45907438,-1.9982711,-1.1960653,0.8610858,0.22578157,-3.5086222,-2.4046254,-0.26732528,FAC20250630037929
-1.2859845,-0.5978128,-0.44793352,0.86165637,-0.091696285,0.24879655,-3.5023253,-2.7580638,FAC20250827133218
-0.8377689,-1.6041205,-0.26659453,3.813258,0.024082204,-0.8798417,1.267525,-1.531884,FAC20250612108609
-1.3905389,-0.15865605,-2.2615948,0.8635115,-0.59151757,-1.9628894,2.178069,-2.0574014,FAC20250818061464
-3.3782556,-1.0373443,-2.407479,0.75054246,2.1722434,-0.97104806,0.110194914,-0.2965936,FAC20250507008449
-2.0784168,-1.7675663,-0.32934356,-0.7469976,-0.7995881,-3.5400066,-1.6084998,-0.8218163,FAC20250719047675
-1.4588906,-1.7057643,0.44889793,2.7372172,-2.4849675,-1.2554789,0.17173195,-1.8946893,FAC20250619111101
-2.9589055,-0.6342662,-2.8713834,0.6644617,2.0763178,-1.6648581,-0.18438539,0.32857168,FAC20250510098043
-1.1898065,-1.3512182,-0.8509142,0.90626377,-0.4287032,-0.030359995,-3.8753982,-1.9697057,FAC20250619033322
-0.21802106,-0.55634946,-0.37055612,3.952986,1.2358295,-1.8157114,0.97865844,-1.0112274,FAC20250817061081
0.22585833,2.2105734,-1.0680665,1.0370826,0.66743153,-3.359635,-1.0768158,-2.138767,FAC20250705040984
-2.453208,-0.4930954,0.61954457,0.39803284,0.74587667,-2.8069844,1.2066568,-2.6273794,FAC20250811127891
-0.5083141,1.2425191,-3.1521995,1.7900983,-2.2780716,-0.6735404,-0.45836672,-2.0230668,FAC20250607027407
-3.2876322,-0.85091275,-0.5557062,0.74538124,1.4443656,-0.38944936,0.5362435,-1.6366243,FAC20250915139136
-0.10298061,-0.21089736,-0.6342541,3.9924197,1.2853391,-2.121856,0.8298201,-0.7537021,FAC20250923141945
-2.9181378,1.5891557,-1.1161088,0.61866695,0.18033625,-1.0391573,0.80559564,-3.3869052,FAC20250821062737
-1.6657556,-0.38058025,-0.33414757,1.4694518,-2.8029628,-0.25380078,-1.869203,-2.3593667,FAC20251001085483
-1.9239049,-2.89068,-1.463613,1.5104212,0.030752799,0.5563012,-0.27788684,-2.243791,FAC20250707116732
-0.79450506,0.47881272,-0.34613726,1.3759707,-3.1116776,-2.1486099,-2.1300108,-1.5982956,FAC20250603025095
-1.5807557,0.9323565,-0.79591423,2.78124,1.8126978,-1.7439818,-1.9221101,0.9200714,FAC20250617110381
-2.7874172,1.5257801,-1.7893807,1.1001747,0.08453074,-0.54791737,1.0967692,-2.9540303,FAC20250420000944
-1.1406517,-0.7082094,-2.4684696,2.0149326,-0.3422042,-2.5803728,1.9733382,-0.19477543,FAC20250827065999
-0.24970004,-2.0096662,-1.1572247,-0.13057263,0.3888314,-1.9649339,-0.1586187,-3.784118,FAC20250906136404
-0.33354074,-2.6314287,-0.819211,2.4527795,1.2392774,0.026375607,-0.87056977,-2.6029203,FAC20250517100253
-0.5097108,-2.8879158,-0.76726437,2.4327767,0.08569276,-2.581004,0.20836511,0.051182922,FAC20250531104877
-0.29328823,1.9559115,-0.56543016,1.1512929,0.106783435,-3.9636045,-1.3924494,-0.9092506,FAC20250804125818
-0.33694655,-0.9876399,-1.0119337,4.1963105,0.4566352,-1.3516514,1.369333,-1.1020308,FAC20251001085431
-1.1974638,0.194205,-0.60124344,0.87901497,-3.1394336,-1.623118,-2.4324079,-1.7383828,FAC20250524019612
-0.93044895,0.8083057,-2.8397014,-1.0408335,-0.5432134,-2.575889,-1.4759563,-1.3930477,FAC20250906136165
-2.8519626,0.065097444,0.004507601,1.5002182,-2.4721546,-2.285196,-0.3774591,0.041095916,FAC20250716046727
-2.6924818,-0.5453079,-3.017602,0.39837864,-0.9999856,-2.2252083,-0.6996012,1.0259299,FAC20250821063261
-0.65078557,-0.30767378,-1.7942321,1.8192384,-2.0448947,-3.5507488,0.58480734,0.16117245,FAC20250422002438
-3.3514924,-0.33925015,0.7441395,1.6402528,-1.9208591,-1.5699897,-1.4915543,-0.22713938,FAC20250913075081
-1.7333394,-0.031890567,0.5601846,3.6297429,-0.29177114,-2.4585493,-0.45385528,0.7434769,FAC20250509097976
1.0284067,-0.810901,-0.14489996,1.5795361,-0.53574145,-4.1330914,-0.8614208,-1.8971236,FAC20250814129083
0.91894644,-0.38507694,-2.0432715,0.9212131,2.1052437,-3.1514125,-1.2425289,-1.4416298,FAC20250817129852
-0.32702655,1.1643987,-2.8641043,1.7497174,-2.2453165,-0.6417711,-0.7543654,-1.8137535,FAC20250525020637
-1.3740293,0.23518471,-0.06998231,1.2059039,0.28135484,0.43405855,-2.8375323,-3.1530716,FAC20250803125468
-1.7725717,1.2665565,0.69585013,0.020505544,-0.75086766,-2.4006386,-2.3432136,-2.6915846,FAC20250804125593
-1.2050949,-1.7381579,0.7286034,0.7203386,-1.894557,-2.721068,-2.3150325,-1.2314099,FAC20250515012568
-2.3632858,-2.815406,-1.2451416,1.163879,0.50445443,0.39927465,-0.20736331,-2.6524847,FAC20250521017046
-3.0031116,-2.0611236,-0.5638466,2.14469,1.4571912,-1.5248731,-0.7455178,0.9191958,FAC20250526103106
-0.23628418,-1.4531333,-1.4444094,0.29426265,0.026993781,-3.8324416,-1.7164657,0.3142271,FAC20250429005269
-1.8333157,-1.4269223,-3.1688848,0.036458526,-0.6390075,-0.156055,-2.2634962,-0.7978469,FAC20250716046556
0.40616646,1.4709498,-2.9473073,2.816941,0.24884039,-2.134102,0.1362688,-0.6879524,FAC20250701039276
-1.490853,0.988113,-2.513241,2.1483197,-1.2696071,-0.15756565,-2.643385,0.0657203,FAC20250605026399
-2.3915024,-1.3385798,-1.1095331,3.7892916,1.5537837,-0.041951105,0.4937635,-0.4464753,FAC20250515099647
-2.413948,-3.495354,0.37571737,1.7791815,-0.69346,-1.1081711,-1.2587522,-0.8989278,FAC20250922080057
-1.717197,-1.2375627,-3.4998996,0.37013507,0.05818245,0.59366685,-1.0456128,-2.0240884,FAC20251013148140
-1.8854215,-1.0922333,-0.90524423,3.3002217,2.337977,-0.39661673,0.22774035,-0.53929025,FAC20250901067839
-0.028295798,-2.0046444,0.11661298,3.139821,-0.95517075,-1.521262,-2.6459877,-0.3853367,FAC20250501006178
-1.6246147,0.039779183,-1.3638666,0.8660231,3.1462376,-1.4095103,-2.6587942,-0.94403696,FAC20250619110873
-2.9252596,-0.37532094,-1.1994777,-0.96777725,-1.4650649,-1.2186594,-0.8791685,-2.4244494,FAC20250615109637
0.06336703,-0.47827774,-1.832782,-0.49221975,-0.28770116,-1.7874677,-3.0006714,-2.7476745,FAC20250922080309
-0.5703481,-3.3225234,-0.34294528,2.3030963,0.3172754,-2.1227653,-0.13783266,-0.4571647,FAC20250701039203
-2.9904695,-0.0647177,0.28369045,2.3409064,-2.602008,-1.6639712,-0.8890848,-0.09104454,FAC20250817129768
-3.206412,-1.1277224,0.22784291,0.9712503,-1.7298532,-0.65343785,0.32891887,-2.5534976,FAC20250517013628
0.07166384,-1.8578615,-0.12200508,3.1100955,-0.8089732,-1.0502564,-2.5949478,-0.48421443,FAC20251004086700
0.3495404,1.6518154,-2.5490527,3.0033095,0.32997325,-2.413242,0.10172746,-0.5663721,FAC20250915076073
-3.2960477,-0.30723026,1.2808369,1.2857403,-0.70561546,-0.736234,-2.3607774,-1.6192492,FAC20250616110087
-1.7033887,0.29526204,-0.64438343,0.3139371,1.9317074,-3.9638836,-0.23437335,-0.41118932,FAC20250612108673
-1.0133818,1.5459394,-1.4085329,1.7760419,0.34049907,-0.95043886,1.152848,-3.4978502,FAC20250829133873
1.0653173,-0.56288344,-1.4131031,3.4098935,-1.2824048,-1.6870474,0.15974255,-1.632714,FAC20251007088606
-3.6035433,-0.95709,0.17016937,0.9648394,-1.7394212,-0.726517,0.44573313,-2.6461284,FAC20250605026530
0.9800182,0.69235784,-1.865127,3.3190584,-0.6437979,-2.2974832,0.0074442313,-0.8084355,FAC20250624035227
-1.3535473,-0.55669695,-2.984303,2.1588883,0.2724287,-1.6681609,2.145185,-0.8418704,FAC20250507097034
-0.4579035,0.25958622,0.16805899,2.087823,-2.9571886,-2.6576953,-1.7764595,-1.3591332,FAC20251012147833
-1.220952,-0.5328245,-2.898465,1.7048984,0.18831488,-1.5667921,2.319695,-1.6667796,FAC20250813057485
-0.44826177,0.7231187,-2.496101,-0.40456513,-1.530838,-3.329181,-0.9438102,-1.6286986,FAC20250625036158
-0.6258124,-0.67270535,-0.5099753,0.68483865,1.1444218,-0.68151516,0.9018097,-1.0708877,FAC20250714045881
-0.2633194,-1.9190257,-2.6571813,2.2484448,0.7281451,-1.0606852,-1.3603779,0.7639777,FAC20250513011691
-3.430245,0.8998696,1.0896479,2.2652178,-0.3228792,-1.1643902,0.031247655,-1.2710254,FAC20250712044813
-0.6408068,0.66583407,-0.9780061,1.6900676,0.5015034,0.4420159,-2.9042969,-3.04733,FAC20250830134224
-2.2021258,-0.8659717,0.97124445,1.6458092,0.032151014,-1.3968935,-3.6359282,-0.47434866,FAC20251005087291
-0.64532316,-2.1241076,-2.187062,2.3015149,-0.87168515,-1.3492475,-1.9478614,0.9659955,FAC20250812128175
0.72352314,-0.15239123,-1.168563,0.20975196,-0.22857305,-1.8711063,-2.665635,-3.2865222,FAC20250914138984
0.40723404,-1.516308,-2.1444118,0.30132106,0.69415325,-2.0256815,0.2976743,-3.5219584,FAC20250617032525
-0.616991,-1.9956677,-0.9438245,-0.60524756,1.1177243,-1.7818955,-1.6455789,-3.1869683,FAC20250510010183
-0.83658636,-0.9134118,-2.2278967,1.615721,3.2807922,-0.6864953,-1.7472718,-1.1990771,FAC20250801124883
-1.7037828,0.7580725,-1.2035363,-0.6177455,1.6720028,-3.509161,-1.1287671,-0.9672207,FAC20250709043301
0.7466248,-1.7833705,-3.2813163,1.7288628,-0.5095556,-0.53453606,-1.5908277,-1.645378,FAC20250828133429
-2.7337465,-1.7202271,-2.2273118,2.2705808,-1.2909298,0.57237095,-0.21895151,-0.51403487,FAC20250705039841
-1.3752623,-0.24958707,-2.8829203,1.5060701,0.14455645,-1.697903,2.2115834,-1.469792,FAC20250605106444
-2.6028445,0.28669307,-0.23597206,1.8400898,-2.7793128,-2.2715964,-0.23274088,-0.059724856,FAC20250928143567
-1.1137733,0.32119578,-3.0804012,-1.0894004,-0.3831301,-2.8244703,-1.5159541,-1.2427552,FAC20250822064059
-2.1998289,-1.2183708,-1.1978343,3.6645296,1.580613,0.0030655218,0.4225421,-0.39457142,FAC20250926084022
-0.65016204,-1.4518582,-0.6721143,-0.67967564,0.371338,-1.7561736,-1.5845952,-3.591638,FAC20250619033603
-2.8809144,-0.16816422,-1.970288,0.17498639,-1.2460117,-2.5241845,-0.63371867,0.85364455,FAC20250613031013
-0.741531,-1.3316348,-0.3938963,3.8272457,0.18289232,-1.1498349,1.415344,-1.3834227,FAC20250525020908
-3.2338588,0.5956951,-0.87703025,0.0011911235,-1.1244633,-3.1752584,-0.9982463,0.29976705,FAC20250720048305
-2.9286728,2.1135066,-2.0218134,0.062292106,0.5533869,-0.7780704,-1.374504,-1.5737219,FAC20250530023301
-2.9763286,0.75770414,-1.0222689,0.7807092,1.8911442,-0.9413734,-2.329991,0.009088153,FAC20250826065609
-1.4871457,0.9819259,-2.4306865,1.991724,-1.3347982,-0.19745822,-2.7571194,0.05410507,FAC20250905070931
-3.2115188,-0.98414224,-2.1109307,0.9715337,2.0475838,-0.89459014,0.6122649,-0.5160869,FAC20250503095826
-2.8872051,0.7763456,-0.7512459,0.7082695,2.1666205,-0.9793371,-2.370676,-0.58439034,FAC20250817060550
-1.4732237,-0.9241739,-1.1472226,3.455411,2.2907934,-0.82100403,0.5163347,-0.24922232,FAC20250609107780
-3.178157,-0.4144692,1.2172137,1.6335506,-1.004268,-0.8010737,-2.3939657,-1.1314129,FAC20250510009757
0.6505499,0.5620975,-2.1797936,1.2127653,0.13419448,-2.773283,-3.1952238,-0.4090373,FAC20251008088750
-2.6946628,-0.47662973,-2.6885943,0.5163638,-0.9272555,-2.0209832,-0.7494318,1.0612544,FAC20250926083599
-3.2437794,0.4804343,-0.49887845,0.20096698,-1.1035305,-3.0349522,-1.1359926,0.38999254,FAC20250521101483
-0.9707416,-2.5073013,-1.2198734,1.211345,1.5850233,0.03552077,-2.462149,-2.416868,FAC20250923141800
0.43288267,1.67356,-2.3215404,3.123271,0.055631895,-2.5203059,0.21272661,-0.73202085,FAC20250714119066
-0.9070336,-1.6485269,-2.591649,2.4635162,-2.1852195,-0.69907427,0.5210369,-0.8012861,FAC20250605026500
0.62760806,1.1914464,-2.8543963,2.6967509,0.1687205,-2.1755922,0.14366832,-0.6951505,FAC20250526021725
-3.4084158,-1.6170022,0.37299493,2.5097723,0.76468015,-1.5049886,-0.77984494,0.6606959,FAC20250709043349
-3.3149004,-0.40236083,0.19139194,0.06445785,0.8486453,-1.8267615,-2.5837047,-0.31462273,FAC20250729051139
-1.1574928,1.3074511,0.23065586,3.7565095,-0.018855598,-0.15212037,-0.44436103,-2.2216852,FAC20250520016746
-0.56286603,1.6039721,-3.3307116,1.5222247,1.0299815,-1.3112749,-1.3617381,-0.32918864,FAC20250717119972
-0.15026662,-1.9909096,-1.3514622,-0.06778026,0.3310775,-1.9440964,-0.08206587,-3.658142,FAC20250607027310
0.47270814,0.47711933,-1.71746,3.118035,0.35871136,-0.16996181,-0.13211583,-3.2873042,FAC20250509097742
0.51484275,-1.0450392,-2.2439728,0.75065386,1.4805906,-1.4924932,-0.14440903,-3.4021497,FAC20250922080259
-1.6535578,-1.0940555,-1.0261917,3.261916,2.5212896,-1.1576512,0.53766084,-0.30548728,FAC20250518100561
-1.7015866,-0.9084757,-1.0822065,3.3399127,2.6349075,-0.86342615,0.21866496,-0.27980083,FAC20250613030444
0.1141756,2.2143862,-0.791877,1.5835866,1.1476438,-2.1626613,-1.1321417,-2.1405053,FAC20250701114872
-2.1477253,-2.8204641,-1.0009468,1.1414422,1.8199756,-1.306885,-2.076192,-0.013443138,FAC20250802124938
0.23201975,-0.5288206,-0.52869916,3.2469065,-1.3178455,-0.17915761,-2.6448793,-1.7577322,FAC20251004087052
-0.6262288,-1.3094288,-1.1867503,-0.048313383,-0.86396813,-3.705339,-1.3692586,-0.013960843,FAC20250924082805
-3.3218982,-2.0661705,-1.1183939,1.4330329,-0.28019392,1.08368,-1.3793727,-1.8471289,FAC20250709043131
-3.0082035,0.36265686,0.6687766,0.005534358,0.5091218,-3.0491717,0.4422969,-2.2419739,FAC20250801124602
-1.8301126,1.3923492,-2.6205466,-0.18212737,1.5958012,-0.815899,-1.0621662,-2.507713,FAC20250713118799
0.23418052,-1.7634761,0.102638744,1.2046214,0.5108322,-3.688811,0.32608533,-2.3610022,FAC20251007088568
-0.02824229,-1.7842983,-2.6723077,1.8911874,1.7849586,-1.3565912,-1.191162,0.14474742,FAC20250526103344
0.5716726,-0.58985716,-2.865933,2.8907156,1.0100198,0.17099708,-1.137222,-1.864026,FAC20250507008332
-3.1589253,-2.1396084,-0.88066274,2.03114,1.2438734,-1.3349811,-0.8282449,0.98885214,FAC20251006087455
0.18201886,2.1136124,-1.1910778,0.81750345,0.5579367,-3.2739623,-1.1032757,-2.2837973,FAC20250716046745
-2.2222733,0.9836327,-2.8060734,2.6988523,-0.86972606,-1.2450774,0.36482483,0.75777304,FAC20250916139531
-0.7583786,0.5050579,-0.741206,3.083494,1.6515884,-0.7325697,-2.7923813,0.017384103,FAC20250922080904
0.26528585,2.180088,-1.2423182,1.5475671,1.3646002,-2.2910838,-0.97852683,-2.7490537,FAC20250816059714
-1.0137506,-2.3501766,-1.7425277,0.53783756,1.8783238,-2.8509026,0.6932954,-1.1548005,FAC20250904135564
0.018815702,-1.88968,-0.34661183,0.959931,0.8851246,-3.324922,-2.5750818,-0.262868,FAC20250516012758
-0.44894418,0.56770223,-2.4459238,-0.5891726,-1.1885153,-3.2529867,-0.7333398,-1.5557398,FAC20250822063740
-1.2643137,-0.5863753,-3.0015836,1.9204092,0.4522311,-1.2687085,2.1761167,-1.5646795,FAC20250829133841
1.1142823,-0.68771636,-2.6238186,0.8903541,1.4163148,-2.6003168,-0.074188076,-2.3976152,FAC20250605025732
-3.2315784,-2.6212308,0.65102273,1.0188487,-0.91514856,-1.0390277,-0.47889116,-1.6089407,FAC20250821062179
0.1279537,-1.7297099,-0.704677,0.76812965,0.49765146,-3.468808,-2.414596,-0.09633668,FAC20250806126477
-1.8604382,0.37473103,-0.6919489,1.1811937,-2.6116142,-0.07820306,-2.137786,-2.433684,FAC20250701114652
-1.4714661,-3.6240044,0.2001732,1.9937415,0.14799733,-1.2828976,-1.117283,-1.0032911,FAC20250521101428
-2.2098012,-0.8402933,0.8458054,1.5853716,0.076997675,-1.4747264,-3.6831157,-0.38591024,FAC20251006087489
-0.54948974,-0.57495195,0.1839601,1.6477789,-2.7203202,-2.8547356,-1.730424,-0.8770272,FAC20250705041435
-3.4015028,-1.0578252,0.31264657,0.98499686,-1.4869012,-0.57055724,0.21004443,-2.822903,FAC20250817061259
-0.85423857,0.31839016,-0.3259678,1.2232931,-3.0076132,-1.9663864,-2.1666324,-1.6741071,FAC20250521017446
-0.29868913,-2.022186,-1.931499,2.2214236,-0.117819734,-1.1633391,-2.1198971,0.7540598,FAC20250623112083
-1.4091101,-1.3690943,0.6486723,2.8630633,-1.9377842,-1.4664353,0.7562165,-1.8012563,FAC20250918140331
-0.38906825,-2.7625327,-0.40693152,2.436555,0.09043259,-2.611576,0.024772648,0.0025552553,FAC20250716046845
-0.7678739,1.2410078,0.2161218,2.1249518,-0.9937206,-3.6485503,0.7633365,-1.3983232,FAC20250519016023
0.16702765,-1.8166043,0.37804848,1.469431,1.0300664,-3.3177373,0.30955067,-2.5555696,FAC20250905135887
-1.5572671,0.41433755,-1.0187492,2.201685,1.2240217,-3.0719185,-0.9143033,1.4759105,FAC20250815058674
-0.28775337,-2.1108253,-1.1153517,-0.099820875,0.24901742,-1.9589185,-0.21006945,-3.6330163,FAC20250926142850
-1.003125,-2.4292252,-0.0077048014,2.0038884,-2.2753186,-0.63416004,-1.0838171,-2.4944293,FAC20250603025047
-0.011243229,0.22074777,-0.3420656,1.1216598,-1.4715164,-1.489838,0.03330385,-3.765928,FAC20250727123114
-1.8615382,0.055034168,-1.2654604,0.75316304,2.979365,-1.1595615,-2.3805995,-0.8616497,FAC20250625035885
0.41447306,-1.9529384,-1.3478111,0.6493566,-0.11655223,-3.366393,-2.266059,-0.3306174,FAC20250617032371
-3.1930385,-0.5030432,-1.3965201,-0.94942856,-1.6912087,-1.662623,-0.8103583,-1.7613816,FAC20250828133606
0.13268282,2.2233615,-1.1052082,0.86099243,0.50281656,-3.3195102,-1.224756,-2.2076895,FAC20251006087898
-0.040317778,0.5098022,-1.8367629,2.8467667,-2.269247,-0.21567343,-1.2788922,-1.6536822,FAC20250922080396
0.52137196,-0.4981126,-0.019524043,1.634545,2.0874617,-1.6841224,-1.9442999,-1.9849234,FAC20250922079315
-0.5583989,-1.5513513,-2.1301014,-0.72634363,1.1725233,-1.5963094,-2.5754135,-2.2592914,FAC20250502006287
-3.4079893,-1.8255738,-1.4372681,1.7671022,-0.9862662,0.7016121,-0.7027551,-0.82306147,FAC20251003145012
-0.6863505,-2.6339257,-0.9154256,1.6750358,1.2232805,0.21112192,-1.864835,-2.517032,FAC20250728123619
-2.2142816,1.110009,-2.8551986,2.6370203,-0.8820547,-1.3978449,0.4852321,0.67233914,FAC20250804052536
-0.9805083,-1.9013168,-2.7130628,2.1554377,-2.2128465,-0.9111252,0.27303568,-0.60974246,FAC20250514099473
-0.73811346,-0.97561824,0.6759479,1.5558712,-2.276297,-2.875653,-2.0955253,-0.71069914,FAC20250630114556
-3.5313652,-1.6535938,-1.7839851,1.6974431,-1.3185054,0.21571471,-0.27599576,-0.34143892,FAC20250519014180
-2.4603486,-0.61098814,-3.0856812,0.46673644,-0.9809615,-2.0796077,-0.52805275,0.9144079,FAC20250813056863
-0.34664312,-0.89081866,-2.2346184,-0.6196262,0.931361,-1.4534795,-2.8090425,-2.2749765,FAC20250624035007
0.10146955,-0.8378636,0.526173,1.6177876,1.7472155,-1.7095091,-2.6327033,-2.142182,FAC20250614109384
-0.7661746,-1.9957484,-2.7715132,2.3793123,-1.9975193,-0.7328111,0.45931372,-0.80826646,FAC20250524019637
1.0179235,0.86677706,-1.8456509,2.9472938,-0.43101907,-2.4377296,0.18705484,-1.0872713,FAC20250612108765
-2.970459,-1.5010701,-2.2594018,1.8839462,-1.4635785,0.2973635,0.009887793,-0.390973,FAC20250502095542
-2.286577,-1.0954173,1.0965267,3.7476223,0.25568056,-1.0332704,-1.1435068,0.03710975,FAC20250510009632
-1.6500555,-0.4444955,0.9934034,3.7446902,0.31182474,-1.6706938,-1.3071984,0.36710253,FAC20250807126717
-2.3377895,-0.69884896,-0.52718055,-0.43824914,-2.1582131,-2.2412176,0.10649411,-2.5079682,FAC20250525020108
-0.38083944,0.4213418,0.24457258,1.152954,-1.137209,-2.2057211,0.23168336,-3.7500508,FAC20250822063746
-3.8929968,1.1405408,-0.05054604,2.271074,-0.6546205,-0.57773626,-0.08322946,-0.7767734,FAC20250710117754
-0.43722153,-1.1571857,-0.8433991,3.8198814,0.37760922,-1.3365743,1.4671425,-1.29983,FAC20250527022142
0.96221906,-0.63293666,-2.7349849,0.7456709,1.2673962,-2.4956462,-0.08541126,-2.3157065,FAC20250829067280
-1.949092,0.11482041,-1.1175891,0.51760834,2.7896798,-1.2194757,-2.508455,-0.8847578,FAC20250419091256
-0.71833813,-2.6038902,-1.0393417,1.4824276,1.4985647,0.083871044,-1.9894979,-2.2952218,FAC20250928143416
-0.30038634,0.9197988,-2.258574,-0.010448813,-1.9435098,-2.9537601,-0.6919047,-1.6503752,FAC20250625036043
-2.445755,-0.601658,-0.41818386,-0.36824748,-2.0730166,-2.0389109,0.049379632,-2.4809396,FAC20250420000681
0.5232794,-2.296066,-1.6447195,1.5912516,-1.5559107,-2.3577497,0.44864562,-2.0762708,FAC20250525102837
0.07945828,-1.9518268,-0.3505101,2.9340525,-0.90235233,-1.1402812,-2.49731,-0.24514054,FAC20250605025664
-2.2606936,-2.6327572,-0.97407013,1.20684,1.8999627,-1.3769618,-1.6761035,0.25281367,FAC20250423092536
-1.4879113,0.12235292,-0.22503807,0.47335428,1.9334987,-3.8849754,-0.1607678,-0.5856469,FAC20250424003331
0.16505602,-1.1322724,0.54333,1.6150031,1.0921531,-3.3577316,0.28446957,-2.2683551,FAC20250716046751
0.066806294,2.1827977,-1.0722026,1.5424052,1.5519961,-1.9546334,-1.200834,-2.4131122,FAC20250626113098
-0.0081460755,-0.015159397,-1.2811925,3.2089458,-1.8750219,0.1676836,-1.6726592,-1.7422202,FAC20251001085395
-1.3952117,-1.5040584,0.63199496,3.0102859,-1.0386903,-1.0821952,0.94974154,-2.013458,FAC20250721048396
-0.707964,0.03433356,-0.83182406,2.9086611,1.4823271,-0.8845974,-3.0435743,0.19297743,FAC20250918140192
-3.378611,-0.20561312,-0.5280363,-0.23655765,1.2225629,-1.5595236,-2.163444,-0.39563695,FAC20250915076569
-0.28698745,1.074459,-2.262351,0.075057395,-1.952647,-2.7415202,-0.79232436,-1.6381559,FAC20250826132816
-2.2278748,-2.5443122,-1.1836476,1.0706115,1.8088962,-1.5617822,-1.6330994,0.44645604,FAC20250922080789
-0.19247775,-2.5241363,-1.0339646,2.4996586,0.48356313,-2.7852638,0.18871462,0.1930666,FAC20250429004642
-0.13707767,-0.36903477,-0.56045264,3.8217618,0.99318916,-1.7429745,0.9790725,-0.89160496,FAC20250827133275
-1.888631,-1.8456626,-2.5092213,-0.11586301,-0.35399482,-0.4829924,-2.1106234,-0.4433513,FAC20251012148068
-2.1990378,0.85201234,-2.4470742,2.700262,-0.8769201,-0.7620113,0.021978548,0.737558,FAC20250624112676
-0.7466991,0.29317054,-0.7012222,2.6681361,1.4423138,-0.79379106,-2.729847,0.24041009,FAC20250927084291
-0.9744491,-2.1781588,-2.510961,1.4683774,-2.369573,-1.2068657,-0.060577102,-0.64080733,FAC20250720048190
-0.09586823,-0.8792538,-1.0169976,2.4352455,-1.1022571,-3.4104378,0.05129695,0.5849443,FAC20250614031332
-2.519244,0.28363612,-1.3854698,2.5084755,1.182378,0.90381783,-1.7469077,-0.6158892,FAC20250525102840
-3.0148072,-0.26728475,-0.13355586,-0.0825167,0.9341924,-1.6579409,-2.419146,-0.22335693,FAC20250506007764
