Id,topic,language,media_type,location,followers,popularity,user_id,pageranks,Authority,Hub,Degree,Weighted Degree,modularity_class
FAC20250419000006,Finance,English,Text,North America,265,0,user_157662,0.000182,0.014054,0.014054,452,1480,10
FAC20250419000037,Health,English,Video,Asia,252,0,user_497853,0.000166,0.017585,0.017584,420,1353,7
FAC20250419000049,Sports,French,Image,Europe,472,0,user_161936,0.000097,0.003477,0.003477,194,605,5
FAC20250419000094,Education,English,Video,North America,2590,0,user_21763,0.00017,0.015526,0.015526,423,1359,2
FAC20250419000108,Climate,Portuguese,Text,South America,119,0,user_432291,0.000111,0.004736,0.004736,234,723,0
FAC20250419000144,Technology,English,Video,Asia,3949,1,user_184676,0.000161,0.018688,0.018688,410,1332,1
FAC20250419000145,Health,French,Image,North America,3623,0,user_458936,0.000103,0.007158,0.007158,224,693,7
FAC20250419000150,Technology,English,Image,North America,28504,1,user_448725,0.000162,0.018872,0.018872,415,1340,1
FAC20250419000158,Sports,Spanish,Text,Asia,1708,1,user_436599,0.00012,0.004718,0.004717,254,800,5
FAC20250419000175,Health,Japanese,Text,Asia,149,0,user_409955,0.000101,0.008365,0.008365,225,697,7
FAC20250419000189,Travel,Spanish,Video,Asia,70,0,user_246975,0.000086,0.003519,0.003519,166,517,8
FAC20250419000223,Science,German,Poll,Asia,79,0,user_458951,0.000045,0.000707,0.000707,59,180,14
FAC20250419000243,Finance,English,Text,Asia,26718,0,user_186108,0.000154,0.010228,0.010228,369,1214,10
FAC20250419000262,Food,Portuguese,Text,North America,10177,1,user_143978,0.000104,0.004674,0.004674,218,676,3
FAC20250419000287,Gaming,French,Video,North America,1040,0,user_298376,0.000084,0.002603,0.002603,153,472,13
FAC20250419000290,Business,English,Text,North America,48,0,user_418344,0.000168,0.012768,0.012768,414,1354,11
FAC20250419000293,Business,English,Text,Asia,9506,1,user_428171,0.000169,0.012982,0.012982,419,1374,11
FAC20250419000329,Climate,Spanish,Poll,North America,11121,0,user_208191,0.000067,0.001177,0.001177,106,324,0
FAC20250419000337,Science,Spanish,Image,Asia,35790,0,user_194697,0.000098,0.002648,0.002648,189,591,14
FAC20250419000340,Science,Spanish,Text,Europe,212,0,user_426044,0.000115,0.003837,0.003837,236,736,14
FAC20250419000359,Climate,Hindi,Video,Europe,3302,0,user_130828,0.000075,0.002047,0.002047,131,406,0
FAC20250419000360,Gaming,English,Text,South America,5,0,user_200544,0.000144,0.009552,0.009552,343,1139,13
FAC20250419000384,Entertainment,English,Text,South America,89174,1,user_233015,0.000154,0.021239,0.02124,398,1310,6
FAC20250420000426,Climate,Spanish,Video,Asia,2621,0,user_235322,0.000091,0.002325,0.002325,168,528,0
FAC20250420000431,Food,Chinese,Text,North America,626,0,user_83253,0.000095,0.004497,0.004497,198,614,3
FAC20250420000474,Business,Spanish,Video,North America,6601,1,user_29911,0.000083,0.002909,0.002909,154,475,11
FAC20250420000541,Science,English,Text,North America,2010,0,user_71082,0.000187,0.011747,0.011747,452,1464,14
FAC20250420000568,Health,Arabic,Image,Europe,1070,0,user_293306,0.000096,0.006727,0.006726,206,634,7
FAC20250420000581,Politics,English,Image,Europe,3791,0,user_247816,0.000174,0.012271,0.012271,423,1357,4
FAC20250420000593,Food,English,Text,Asia,1057,0,user_322718,0.000188,0.013751,0.013751,464,1516,3
FAC20250420000597,Sports,English,Text,Europe,1724,1,user_78721,0.000183,0.0121,0.0121,445,1453,5
FAC20250420000632,Food,English,Text,North America,1358,0,user_69842,0.000186,0.013688,0.013688,460,1502,3
FAC20250420000646,AI/ML,French,Video,Africa,47932,0,user_352894,0.000073,0.003563,0.003563,135,411,12
FAC20250420000650,Science,Korean,Text,North America,613,0,user_327890,0.000095,0.00347,0.00347,192,594,14
FAC20250420000665,Entertainment,English,Image,North America,162,0,user_153137,0.000187,0.023971,0.023972,488,1562,6
FAC20250420000681,Finance,English,Text,Asia,769,0,user_263599,0.000179,0.013579,0.013579,442,1458,10
FAC20250420000685,AI/ML,English,Text,South America,323,0,user_143363,0.00019,0.019734,0.019733,489,1580,12
FAC20250420000770,Science,Korean,Text,Europe,216,0,user_77455,0.000091,0.003241,0.003241,180,559,14
FAC20250420000772,Climate,French,Image,North America,3,0,user_402857,0.000082,0.002496,0.002496,152,463,0
FAC20250420000782,Science,French,Image,Europe,969,0,user_175063,0.000099,0.003026,0.003026,195,604,14
FAC20250420000810,Gaming,Spanish,Image,Asia,3644,1,user_316078,0.000107,0.004555,0.004555,223,697,13
FAC20250420000875,Technology,French,Text,Europe,355,0,user_357668,0.000097,0.008207,0.008207,214,665,1
FAC20250420000892,Entertainment,English,Link,North America,14,0,user_407535,0.000129,0.018731,0.018732,324,1004,6
FAC20250420000893,Gaming,English,Link,South America,173,0,user_163106,0.00014,0.009551,0.009551,329,1036,13
FAC20250420000925,Fashion,English,Text,North America,254,0,user_384948,0.000186,0.014606,0.014606,465,1513,9
FAC20250420000939,Business,English,Image,Asia,575,1,user_326454,0.00017,0.013134,0.013133,420,1379,11
FAC20250420000944,Gaming,English,Image,Europe,507,0,user_437812,0.000171,0.011965,0.011965,417,1359,13
FAC20250420000951,Food,English,Video,Asia,30246,1,user_254423,0.000138,0.00839,0.00839,319,1009,3
FAC20250420000966,Travel,English,Text,North America,2095,0,user_59516,0.000181,0.017102,0.017102,461,1518,8
FAC20250420000975,Climate,Korean,Video,South America,3671,0,user_482079,0.000078,0.002131,0.002131,138,427,0
FAC20250420000991,Gaming,English,Image,Asia,344,0,user_49819,0.000179,0.012829,0.012829,439,1429,13
FAC20250421001021,Gaming,Portuguese,Text,Europe,867,0,user_128958,0.000109,0.005697,0.005697,235,733,13
FAC20250421001061,Business,English,Text,Europe,153,0,user_194433,0.000187,0.01487,0.01487,468,1528,11
FAC20250421001076,AI/ML,English,Text,Unknown,297,0,user_406670,0.00019,0.019513,0.019513,488,1584,12
FAC20250421001083,Climate,English,Image,North America,2175,1,user_172011,0.000174,0.011217,0.011217,415,1327,0
FAC20250421001096,Health,English,Text,North America,155,0,user_442519,0.000184,0.019819,0.019818,475,1561,7
FAC20250421001098,Business,Portuguese,Image,North America,1196,0,user_112447,0.000102,0.004949,0.004948,215,665,11
FAC20250421001099,Politics,English,Image,Asia,13,0,user_231935,0.000152,0.009577,0.009577,360,1152,4
FAC20250421001108,Sports,Portuguese,Text,Asia,118,0,user_106372,0.000105,0.004051,0.004051,217,678,5
FAC20250421001135,Education,English,Image,Europe,5,0,user_296652,0.000148,0.013832,0.013832,367,1197,2
FAC20250421001158,Sports,French,Image,North America,18,0,user_187602,0.000085,0.002932,0.002932,165,507,5
FAC20250421001164,Gaming,Spanish,Text,Asia,2657,1,user_64780,0.000113,0.005681,0.005681,246,769,13
FAC20250421001183,Health,French,Poll,Unknown,4833,1,user_422406,0.000057,0.002112,0.002112,88,269,7
FAC20250421001198,Health,Spanish,Image,Europe,687,0,user_111135,0.000113,0.007669,0.007669,251,787,7
FAC20250421001220,Entertainment,Chinese,Image,Europe,939,0,user_454266,0.000101,0.00923,0.00923,224,693,6
FAC20250421001252,Climate,English,Image,North America,905,0,user_457669,0.000179,0.012341,0.012341,433,1393,0
FAC20250421001267,Business,English,Link,South America,425,0,user_295146,0.000141,0.01061,0.01061,337,1053,11
FAC20250421001272,Travel,Portuguese,Image,Asia,4393,0,user_473516,0.000096,0.005363,0.005363,200,628,8
FAC20250421001278,Gaming,Chinese,Image,Europe,296,0,user_99193,0.000093,0.00417,0.00417,190,587,13
FAC20250421001283,Health,Portuguese,Text,Europe,3956,0,user_77009,0.000112,0.008583,0.008583,251,779,7
FAC20250421001364,Entertainment,Spanish,Image,Europe,2753,1,user_67232,0.00012,0.010223,0.010223,273,861,6
FAC20250421001389,Business,English,Video,Unknown,549,0,user_441108,0.000164,0.012681,0.012681,401,1272,11
FAC20250421001461,Science,English,Image,Europe,1735,0,user_196012,0.000178,0.010513,0.010513,425,1370,14
FAC20250421001464,Fashion,English,Image,Europe,3009,0,user_473058,0.000165,0.012272,0.012272,404,1324,9
FAC20250421001501,Business,English,Link,Europe,389,0,user_166987,0.000141,0.010651,0.010651,336,1049,11
FAC20250421001520,Travel,Portuguese,Text,Europe,318,0,user_167222,0.000113,0.007376,0.007376,252,791,8
FAC20250421001523,Education,English,Text,North America,3710,0,user_458837,0.000186,0.018169,0.018169,475,1544,2
FAC20250421001524,Sports,English,Text,Africa,32,0,user_198065,0.000158,0.008813,0.008812,371,1208,5
FAC20250421001531,Climate,Arabic,Text,North America,1668,0,user_477655,0.000104,0.004741,0.004741,220,679,0
FAC20250421001565,Education,Chinese,Text,North America,281,0,user_89483,0.000095,0.006651,0.006651,206,640,2
FAC20250421001583,Entertainment,Spanish,Text,Europe,414,0,user_150652,0.000124,0.012451,0.012451,293,921,6
FAC20250421001596,Education,Portuguese,Image,Europe,44,0,user_327398,0.000097,0.005771,0.005771,204,623,2
FAC20250421001630,AI/ML,English,Video,Africa,1525,0,user_297164,0.000167,0.01595,0.015949,416,1335,12
FAC20250421001632,Politics,Hindi,Video,North America,10831,0,user_375610,0.000074,0.002591,0.002591,135,410,4
FAC20250421001639,Education,Korean,Video,Asia,18690,0,user_434133,0.000073,0.00359,0.00359,138,419,2
FAC20250421001655,Technology,Spanish,Text,Europe,751,0,user_477031,0.000121,0.009669,0.009669,276,864,1
FAC20250421001676,Climate,Portuguese,Image,North America,758,0,user_159046,0.000104,0.003545,0.003545,207,637,0
FAC20250421001725,Health,Portuguese,Image,Asia,2359,0,user_127696,0.000105,0.006914,0.006914,226,703,7
FAC20250421001760,Gaming,English,Image,Europe,115,0,user_291387,0.00018,0.01275,0.01275,441,1416,13
FAC20250421001781,Gaming,English,Image,Europe,1211,0,user_313198,0.000176,0.013158,0.013158,432,1406,13
FAC20250421001782,AI/ML,Portuguese,Image,Europe,2259,0,user_87198,0.000109,0.007543,0.007543,240,746,12
FAC20250421001796,Sports,Chinese,Text,North America,349,0,user_155047,0.000094,0.003953,0.003953,194,602,5
FAC20250421001818,Health,Japanese,Image,Asia,13,0,user_107890,0.00009,0.00594,0.00594,187,573,7
FAC20250421001819,Travel,Chinese,Text,North America,1532,0,user_324160,0.000099,0.006822,0.006822,216,666,8
FAC20250421001830,Travel,English,Text,North America,30440,1,user_407476,0.00016,0.013874,0.013873,398,1304,8
FAC20250421001843,Climate,Portuguese,Link,Europe,196,0,user_225782,0.000073,0.001698,0.001698,123,375,0
FAC20250421001846,Gaming,English,Image,Africa,628,0,user_175526,0.000174,0.012252,0.012252,425,1382,13
FAC20250421001871,Politics,English,Text,Asia,1941,1,user_345692,0.00018,0.013937,0.013937,447,1475,4
FAC20250421001924,Technology,English,Poll,Oceania,12510,1,user_218905,0.000131,0.016448,0.016448,327,1001,1
FAC20250421001949,Technology,English,Image,South America,263,0,user_119199,0.000183,0.021361,0.021361,474,1540,1
FAC20250421001962,Technology,Arabic,Image,North America,545,0,user_382022,0.0001,0.008598,0.008598,223,691,1
FAC20250421001978,Education,English,Image,South America,6544,1,user_396741,0.000171,0.015873,0.015873,431,1398,2
FAC20250421001993,Education,English,Poll,South America,927,0,user_1619,0.000139,0.01333,0.01333,340,1066,2
FAC20250421002022,Food,Spanish,Text,Oceania,1357,0,user_138127,0.000121,0.005493,0.005493,261,822,3
FAC20250421002049,Climate,Spanish,Image,North America,91,0,user_412927,0.000098,0.003042,0.003042,190,589,0
FAC20250421002076,Technology,Spanish,Text,North America,40715,1,user_106054,0.000104,0.008223,0.008223,230,715,1
FAC20250421002096,Fashion,English,Image,South America,106,0,user_212569,0.000172,0.012875,0.012875,425,1387,9
FAC20250421002106,Food,Hindi,Video,Europe,72,0,user_172253,0.000067,0.00199,0.00199,116,354,3
FAC20250421002113,Technology,Spanish,Text,Asia,9087,1,user_458183,0.000105,0.008399,0.008399,234,731,1
FAC20250421002121,Fashion,Portuguese,Text,Europe,90,0,user_444863,0.000111,0.005395,0.005395,238,738,9
FAC20250421002124,Travel,Portuguese,Text,North America,171,0,user_218021,0.000109,0.006937,0.006937,240,746,8
FAC20250421002141,Sports,Spanish,Video,North America,1444,0,user_416954,0.000101,0.002694,0.002694,194,605,5
FAC20250421002163,Technology,English,Image,Asia,3769,0,user_72302,0.000177,0.020675,0.020675,457,1499,1
FAC20250421002204,Science,English,Text,Asia,866,0,user_49903,0.00019,0.011934,0.011934,459,1482,14
FAC20250421002263,Health,English,Video,Asia,461,0,user_42994,0.000162,0.017127,0.017127,408,1310,7
FAC20250421002284,Fashion,Spanish,Image,North America,71,0,user_297490,0.000108,0.004968,0.004968,229,714,9
FAC20250421002325,Health,English,Text,South America,179,0,user_191005,0.000183,0.01979,0.01979,473,1563,7
FAC20250421002331,Health,English,Video,Europe,1191,0,user_95144,0.000163,0.017144,0.017144,410,1318,7
FAC20250421002341,Finance,English,Image,South America,883,0,user_9675,0.000186,0.013756,0.013756,457,1479,10
FAC20250421002387,Climate,Spanish,Video,Oceania,1569,0,user_155241,0.000096,0.002615,0.002615,181,570,0
FAC20250422002434,AI/ML,English,Image,Europe,10152,1,user_176884,0.000165,0.015781,0.015781,413,1361,12
FAC20250422002436,Gaming,English,Text,Europe,3293,0,user_25650,0.000179,0.013946,0.013946,446,1457,13
FAC20250422002438,Sports,Spanish,Text,North America,603,0,user_169959,0.000118,0.004571,0.004571,249,785,5
FAC20250422002470,Politics,English,Video,Asia,352,0,user_344523,0.00016,0.011058,0.011058,385,1248,4
FAC20250422002542,Fashion,English,Link,Asia,568,0,user_397362,0.000143,0.009837,0.009837,336,1054,9
FAC20250422002591,Science,Spanish,Video,Asia,3381,0,user_225412,0.0001,0.002562,0.002562,192,601,14
FAC20250422002609,AI/ML,Japanese,Image,North America,5181,0,user_445976,0.000097,0.006815,0.006814,209,643,12
FAC20250422002628,AI/ML,English,Image,Europe,48,0,user_219037,0.000162,0.015644,0.015643,407,1341,12
FAC20250422002631,Travel,Portuguese,Text,Europe,3642,0,user_61414,0.000107,0.006977,0.006977,236,736,8
FAC20250422002642,Education,English,Link,Europe,32,0,user_98282,0.000137,0.013012,0.013012,331,1030,2
FAC20250422002669,Gaming,English,Image,North America,1053,0,user_455232,0.000181,0.013918,0.013918,448,1450,13
FAC20250422002697,Food,Portuguese,Text,Europe,383,0,user_460066,0.000108,0.004924,0.004924,230,711,3
FAC20250422002709,Education,English,Video,North America,932,0,user_291387,0.000169,0.015458,0.015458,419,1356,2
FAC20250422002789,Sports,Portuguese,Text,Europe,235,0,user_458548,0.000111,0.004478,0.004478,233,735,5
FAC20250422002801,Technology,English,Video,Europe,93,0,user_53871,0.00016,0.018198,0.018198,403,1297,1
FAC20250422002803,Technology,Spanish,Text,Europe,483,0,user_161858,0.000117,0.009232,0.009232,264,837,1
FAC20250422002815,Climate,Portuguese,Text,North America,410,0,user_173815,0.000113,0.004823,0.004823,239,746,0
FAC20250422002829,Politics,Arabic,Text,Asia,2943,0,user_82642,0.000098,0.005041,0.005041,207,636,4
FAC20250422002932,Gaming,French,Text,Asia,1301,0,user_442503,0.000112,0.005849,0.005849,243,753,13
FAC20250422002945,AI/ML,English,Text,Asia,142,0,user_139211,0.00018,0.017497,0.017497,454,1472,12
FAC20250423003001,AI/ML,French,Image,Asia,1697,1,user_20617,0.000105,0.007247,0.007247,230,718,12
FAC20250423003020,Sports,English,Text,North America,2488,1,user_152550,0.000181,0.01213,0.01213,440,1422,5
FAC20250423003063,Gaming,English,Text,Europe,548,0,user_165961,0.000183,0.014576,0.014576,456,1496,13
FAC20250423003069,Gaming,English,Text,Africa,16,0,user_219572,0.000149,0.009902,0.009902,355,1174,13
FAC20250424003138,Finance,English,Text,North America,4537,0,user_398838,0.000175,0.013013,0.013013,431,1414,10
FAC20250424003254,Sports,English,Video,North America,6497,0,user_192936,0.000154,0.008602,0.008602,357,1147,5
FAC20250424003283,Education,Portuguese,Video,North America,78,0,user_189795,0.000087,0.004133,0.004133,171,533,2
FAC20250424003327,Finance,English,Image,Europe,69,0,user_79065,0.000166,0.011052,0.011052,398,1279,10
FAC20250424003331,Sports,English,Image,Europe,135,0,user_55823,0.000179,0.011153,0.011153,430,1378,5
FAC20250424003429,Climate,English,Image,North America,93,0,user_62043,0.000167,0.010268,0.010268,397,1270,0
FAC20250424003457,AI/ML,Spanish,Video,Unknown,1,0,user_210276,0.000079,0.003805,0.003805,150,462,12
FAC20250424003482,Business,French,Image,Europe,1415,0,user_192651,0.000097,0.004847,0.004847,202,622,11
FAC20250424003497,Education,English,Image,Europe,297,0,user_359274,0.000185,0.017558,0.017558,469,1524,2
FAC20250424003517,Technology,English,Text,Europe,559,0,user_197256,0.000192,0.02276,0.02276,502,1627,1
FAC20250424003518,Technology,Portuguese,Text,North America,1043,0,user_21124,0.000111,0.009267,0.009267,251,778,1
FAC20250424003548,Entertainment,English,Image,North America,17,0,user_239743,0.00016,0.021213,0.021214,412,1324,6
FAC20250425003582,Business,Japanese,Image,Asia,19759,1,user_18438,0.000087,0.004352,0.004352,178,545,11
FAC20250425003623,Gaming,French,Image,North America,589,0,user_345887,0.000104,0.004481,0.004481,216,670,13
FAC20250426003692,Travel,English,Poll,Europe,891,0,user_132576,0.000138,0.012308,0.012307,333,1023,8
FAC20250426003693,Climate,English,Image,Europe,66,0,user_273090,0.000161,0.009368,0.009368,377,1205,0
FAC20250426003696,Science,English,Image,Asia,18,0,user_264397,0.000149,0.007188,0.007188,340,1095,14
FAC20250426003738,Education,Portuguese,Image,North America,497,0,user_205397,0.000108,0.006683,0.006683,234,729,2
FAC20250426003762,AI/ML,English,Video,North America,5431,0,user_48976,0.000157,0.015133,0.015133,389,1249,12
FAC20250426003769,Technology,English,Text,Asia,1731,0,user_434861,0.000187,0.022132,0.022132,486,1580,1
FAC20250426003818,AI/ML,English,Poll,Africa,556,0,user_46036,0.000145,0.013831,0.013831,351,1084,12
FAC20250426003823,Travel,English,Image,North America,578,0,user_171322,0.00017,0.015149,0.015149,426,1395,8
FAC20250426003842,Sports,English,Text,North America,1,0,user_263517,0.000145,0.007646,0.007646,336,1096,5
FAC20250426003851,Entertainment,English,Video,Africa,31,0,user_367372,0.000149,0.019939,0.01994,378,1200,6
FAC20250426003860,Food,French,Video,North America,393,0,user_388920,0.000074,0.002078,0.002078,129,397,3
FAC20250426003938,Food,English,Image,North America,127,0,user_256702,0.000173,0.011814,0.011814,422,1384,3
FAC20250426003943,Health,English,Text,North America,3618,1,user_49956,0.000186,0.020234,0.020234,482,1580,7
FAC20250426003962,AI/ML,English,Image,North America,75,0,user_306262,0.000169,0.016355,0.016355,425,1390,12
FAC20250426004005,Climate,Japanese,Image,Asia,32613,1,user_172673,0.000079,0.002579,0.002579,147,454,0
FAC20250427004040,Education,English,Text,Asia,17,0,user_405581,0.000156,0.014488,0.014488,389,1263,2
FAC20250428004050,Health,Hindi,Image,North America,23131,1,user_25232,0.00009,0.006149,0.006149,190,579,7
FAC20250428004059,Travel,Hindi,Video,Europe,6131,1,user_463284,0.000074,0.003119,0.003119,135,411,8
FAC20250428004093,AI/ML,English,Text,North America,1297,0,user_242659,0.000187,0.018823,0.018823,478,1549,12
FAC20250428004096,Gaming,English,Text,Europe,30,0,user_276438,0.000157,0.010777,0.010776,381,1257,13
FAC20250428004100,Education,English,Text,Europe,293,0,user_169635,0.000193,0.019048,0.019047,494,1603,2
FAC20250428004156,Finance,English,Image,North America,22,0,user_83326,0.000154,0.009828,0.009828,365,1177,10
FAC20250428004220,Food,Portuguese,Image,North America,24515,1,user_414438,0.0001,0.00419,0.00419,207,639,3
FAC20250428004240,Finance,Spanish,Video,Asia,25222,1,user_266097,0.000077,0.002392,0.002392,140,431,10
FAC20250428004258,Food,English,Text,Europe,914,0,user_140762,0.000186,0.013616,0.013616,459,1492,3
FAC20250428004264,Technology,English,Text,Europe,47,0,user_105749,0.000166,0.01945,0.01945,426,1380,1
FAC20250428004265,AI/ML,English,Text,Africa,1055,0,user_134890,0.00019,0.018991,0.018991,485,1583,12
FAC20250428004276,Food,German,Text,Africa,1117,0,user_101102,0.000099,0.004684,0.004684,206,642,3
FAC20250428004284,Health,English,Video,Asia,44,0,user_285187,0.000148,0.015581,0.015581,367,1174,7
FAC20250428004287,AI/ML,Spanish,Text,Europe,1360,1,user_398560,0.000116,0.007363,0.007363,253,785,12
FAC20250428004309,Technology,English,Video,South America,3517,0,user_360379,0.000165,0.019044,0.019044,421,1366,1
FAC20250428004319,Climate,French,Text,North America,870,0,user_249553,0.000112,0.004768,0.004768,235,735,0
FAC20250428004321,AI/ML,English,Text,Asia,28428,1,user_172292,0.000161,0.015207,0.015207,400,1303,12
FAC20250428004339,Business,English,Image,Asia,94,0,user_316134,0.000168,0.013075,0.013075,416,1361,11
FAC20250428004349,Finance,Hindi,Link,Europe,10752,1,user_352740,0.000049,0.001193,0.001193,69,210,10
FAC20250428004356,Politics,English,Text,North America,2157,0,user_158776,0.000179,0.013818,0.013818,444,1459,4
FAC20250428004412,AI/ML,English,Link,Europe,3043,0,user_249369,0.000149,0.014134,0.014134,360,1127,12
FAC20250428004443,Finance,English,Image,Europe,95,0,user_81237,0.000173,0.011841,0.011841,419,1341,10
FAC20250428004444,AI/ML,English,Text,North America,64,0,user_185559,0.000171,0.016591,0.01659,431,1394,12
FAC20250428004460,Sports,English,Text,Asia,739,0,user_387622,0.000186,0.012263,0.012263,452,1470,5
FAC20250428004466,Entertainment,English,Text,Asia,384,0,user_152358,0.00019,0.026421,0.026422,506,1662,6
FAC20250428004475,Science,Portuguese,Image,Asia,207,0,user_156718,0.000103,0.003016,0.003016,203,623,14
FAC20250428004494,Technology,English,Text,Europe,614,0,user_79811,0.000195,0.02298,0.02298,509,1652,1
FAC20250428004510,Food,English,Image,South America,119,0,user_25811,0.000174,0.011755,0.011755,424,1390,3
FAC20250428004516,Fashion,English,Image,North America,119,0,user_406820,0.000172,0.012762,0.012762,425,1386,9
FAC20250428004527,Finance,Portuguese,Text,Europe,511,0,user_483034,0.000103,0.005141,0.005141,218,689,10
FAC20250428004532,Science,Korean,Text,Oceania,243,1,user_44675,0.000091,0.003273,0.003273,181,561,14
FAC20250428004537,Technology,English,Text,Asia,36,0,user_112088,0.000165,0.019309,0.019309,424,1369,1
FAC20250428004543,Politics,English,Text,Asia,833,0,user_453973,0.000187,0.014235,0.014235,464,1516,4
FAC20250428004544,Climate,Korean,Video,North America,388,0,user_277186,0.000079,0.002169,0.002169,140,432,0
FAC20250428004546,Entertainment,Spanish,Video,North America,659,0,user_280115,0.000104,0.007756,0.007756,225,704,6
FAC20250428004557,Gaming,German,Image,Asia,3741,0,user_477764,0.000089,0.00393,0.00393,179,547,13
FAC20250428004559,Fashion,English,Text,Europe,508,0,user_477418,0.000195,0.015878,0.015877,491,1599,9
FAC20250428004612,AI/ML,English,Video,North America,141,0,user_148669,0.000159,0.014969,0.014969,391,1253,12
FAC20250428004617,Science,English,Image,North America,9,0,user_176037,0.000144,0.006922,0.006922,329,1061,14
FAC20250428004620,Entertainment,Spanish,Text,North America,2616,0,user_357289,0.000124,0.012576,0.012576,293,924,6
FAC20250429004642,Science,English,Video,Unknown,651,0,user_334438,0.000173,0.009564,0.009564,405,1295,14
FAC20250429004647,Food,Portuguese,Video,Oceania,3193,0,user_32390,0.00008,0.002304,0.002304,145,448,3
FAC20250429004671,Technology,English,Video,Asia,62,0,user_433121,0.000156,0.018125,0.018125,394,1274,1
FAC20250429004681,Business,English,Text,Europe,6842,0,user_479139,0.000173,0.013129,0.013129,428,1403,11
FAC20250429004695,Entertainment,English,Image,Unknown,4882,1,user_177804,0.000183,0.023532,0.023533,475,1529,6
FAC20250429004748,Business,English,Image,North America,864,0,user_387185,0.000179,0.014776,0.014776,447,1458,11
FAC20250429004752,AI/ML,English,Poll,Asia,60,0,user_144956,0.000136,0.013309,0.013309,328,1006,12
FAC20250429004771,Sports,English,Image,North America,199,0,user_311623,0.000175,0.010652,0.010652,418,1363,5
FAC20250429004776,Finance,Japanese,Video,Asia,358,0,user_159308,0.000078,0.002801,0.002801,144,446,10
FAC20250429004886,Science,Spanish,Video,North America,62,0,user_487491,0.000097,0.002397,0.002397,184,573,14
FAC20250429004888,Fashion,English,Image,North America,20419,1,user_489710,0.000155,0.01077,0.01077,375,1219,9
FAC20250429004901,Business,Spanish,Text,Europe,1857,0,user_67423,0.000113,0.006141,0.006141,246,777,11
FAC20250429004974,AI/ML,Japanese,Text,Asia,1882,0,user_452998,0.000101,0.007047,0.007047,219,675,12
FAC20250429005020,Education,English,Video,Europe,18,0,user_218814,0.000149,0.013612,0.013612,364,1162,2
FAC20250429005035,Fashion,Portuguese,Video,North America,676,0,user_264183,0.000084,0.002663,0.002663,156,489,9
FAC20250429005049,Finance,English,Video,Europe,30,0,user_247870,0.000141,0.009045,0.009045,329,1051,10
FAC20250429005071,Food,French,Image,Europe,1233,1,user_475235,0.000107,0.004573,0.004573,225,701,3
FAC20250429005089,Finance,Portuguese,Image,Europe,185,0,user_111601,0.000102,0.004125,0.004125,208,645,10
FAC20250429005112,Education,Spanish,Poll,Unknown,255,0,user_57283,0.000069,0.003077,0.003077,126,389,2
FAC20250429005131,Health,French,Text,Europe,4028,0,user_433409,0.000101,0.008216,0.008216,224,704,7
FAC20250429005172,Food,English,Text,North America,625,0,user_239851,0.000187,0.013997,0.013997,463,1508,3
FAC20250429005269,Climate,English,Video,North America,2826,0,user_337043,0.000163,0.009648,0.009648,382,1209,0
FAC20250429005350,Business,English,Text,North America,698,0,user_1697,0.000184,0.015154,0.015154,463,1516,11
FAC20250429005354,Science,Spanish,Video,Asia,578,0,user_328265,0.000103,0.002655,0.002655,200,631,14
FAC20250429005369,Education,English,Link,Asia,2838,0,user_108109,0.000148,0.013838,0.013838,360,1130,2
FAC20250429005371,Technology,English,Text,Asia,175,0,user_198509,0.000186,0.021874,0.021874,483,1561,1
FAC20250429005374,AI/ML,Hindi,Text,Asia,1171,0,user_281048,0.000093,0.006448,0.006448,195,601,12
FAC20250429005380,Technology,French,Text,Asia,225,0,user_61307,0.0001,0.008371,0.008371,220,681,1
FAC20250429005392,Entertainment,English,Link,Asia,83,0,user_19836,0.000137,0.019333,0.019333,347,1083,6
FAC20250429005414,Travel,English,Text,Europe,12873,1,user_466430,0.000166,0.014444,0.014444,412,1349,8
FAC20250429005431,Business,English,Text,North America,431,0,user_73120,0.000193,0.01712,0.01712,492,1597,11
FAC20250429005472,AI/ML,English,Text,Europe,5252,0,user_157988,0.000175,0.016916,0.016916,442,1434,12
FAC20250429005486,Education,English,Text,Unknown,3388,0,user_457204,0.000185,0.018144,0.018144,473,1542,2
FAC20250429005489,Entertainment,English,Text,Asia,2545,0,user_219466,0.000186,0.025066,0.025067,491,1623,6
FAC20250429005497,Politics,English,Image,Asia,2245,1,user_265584,0.000176,0.012293,0.012293,427,1378,4
FAC20250429005504,Travel,Portuguese,Image,North America,287,0,user_466289,0.0001,0.00568,0.00568,212,673,8
FAC20250429005536,Fashion,Spanish,Poll,North America,121,0,user_145175,0.000066,0.001811,0.001811,113,348,9
FAC20250429005671,Technology,French,Text,North America,2695,0,user_32808,0.000105,0.008774,0.008774,234,727,1
FAC20250430005693,AI/ML,English,Video,Asia,33,0,user_285567,0.000147,0.014031,0.014031,360,1149,12
FAC20250430005696,Gaming,Korean,Image,Asia,741,0,user_21894,0.000098,0.004359,0.004359,202,622,13
FAC20250430005742,Finance,English,Image,North America,954,0,user_1392,0.000184,0.01352,0.01352,450,1453,10
FAC20250430005747,Business,English,Text,Africa,31,0,user_83905,0.000161,0.011972,0.011972,395,1294,11
FAC20250430005749,Travel,English,Image,North America,119,0,user_109697,0.000176,0.015564,0.015564,441,1429,8
FAC20250430005765,Science,Portuguese,Text,North America,411,0,user_271144,0.000105,0.003611,0.003611,213,664,14
FAC20250430005767,Business,Portuguese,Video,Unknown,74,0,user_434646,0.000075,0.002663,0.002663,137,421,11
FAC20250430005778,Gaming,English,Text,Europe,170,0,user_356825,0.000179,0.013351,0.013351,442,1457,13
FAC20250430005784,Travel,English,Image,Unknown,1925,0,user_256613,0.000178,0.016268,0.016268,449,1468,8
FAC20250430005860,Climate,English,Video,Europe,567,0,user_3202,0.00017,0.010241,0.010241,400,1276,0
FAC20250501005897,Education,English,Text,Unknown,32,0,user_483957,0.000166,0.01525,0.01525,414,1343,2
FAC20250501005914,Health,English,Video,Asia,264,0,user_106326,0.000167,0.017587,0.017587,421,1359,7
FAC20250501005947,Health,English,Text,North America,5419,1,user_232352,0.000177,0.018776,0.018776,453,1478,7
FAC20250501005948,AI/ML,English,Text,Asia,769,0,user_10186,0.000189,0.018722,0.018722,481,1568,12
FAC20250501005958,Food,French,Image,Asia,868,0,user_81443,0.000106,0.004511,0.004511,221,688,3
FAC20250501005970,Travel,Korean,Image,Asia,1711,0,user_379061,0.000092,0.005414,0.005414,191,586,8
FAC20250501005973,Education,Portuguese,Poll,Asia,35,0,user_416472,0.000052,0.001552,0.001552,78,241,2
FAC20250501005981,Sports,Japanese,Image,North America,1468,0,user_169450,0.000098,0.003517,0.003517,198,610,5
FAC20250501006001,Sports,Portuguese,Text,Asia,6015,0,user_354814,0.000105,0.004219,0.004219,219,685,5
FAC20250501006050,Fashion,Korean,Video,North America,881,0,user_140850,0.000072,0.002576,0.002576,129,395,9
FAC20250501006108,Travel,English,Image,Asia,33864,0,user_129310,0.000152,0.013043,0.013042,373,1212,8
FAC20250501006178,Business,English,Text,Asia,83,0,user_51998,0.000173,0.013305,0.013305,429,1403,11
FAC20250501006199,Education,Chinese,Image,Europe,183,0,user_301643,0.000089,0.005972,0.005972,188,575,2
FAC20250501006220,AI/ML,English,Image,Europe,684,0,user_298661,0.000177,0.017325,0.017325,449,1481,12
FAC20250502006287,Climate,Spanish,Image,Asia,181,0,user_149240,0.000105,0.003348,0.003348,208,646,0
FAC20250502006298,Sports,English,Text,Asia,62,0,user_425959,0.000166,0.009853,0.009853,397,1291,5
FAC20250502006303,Gaming,English,Text,Europe,245,1,user_467266,0.000181,0.013914,0.013914,449,1485,13
FAC20250502006314,Food,Spanish,Image,Asia,826,0,user_322943,0.000117,0.004998,0.004998,249,785,3
FAC20250502006329,Travel,English,Text,North America,125,0,user_364432,0.000175,0.015582,0.015582,440,1446,8
FAC20250502006334,Science,Portuguese,Image,Europe,583,0,user_435856,0.000105,0.003219,0.003219,210,651,14
FAC20250502006350,Health,Portuguese,Image,Asia,918,0,user_159088,0.000106,0.007018,0.007018,230,723,7
FAC20250502006392,Climate,Portuguese,Image,North America,24,0,user_373712,0.000088,0.002747,0.002747,168,516,0
FAC20250502006405,Science,Hindi,Video,North America,7707,1,user_73540,0.000079,0.00207,0.00207,143,440,14
FAC20250502006433,AI/ML,French,Image,Asia,6821,0,user_113720,0.000101,0.007012,0.007012,220,679,12
FAC20250503006465,Technology,Japanese,Text,North America,60,0,user_297180,0.000094,0.008044,0.008044,207,633,1
FAC20250503006486,Politics,English,Image,Unknown,406,0,user_155237,0.000178,0.012263,0.012263,433,1396,4
FAC20250503006490,Sports,English,Link,Asia,1724,0,user_381778,0.000143,0.007808,0.007808,325,1025,5
FAC20250503006508,Education,English,Link,North America,2762,0,user_405815,0.000148,0.013827,0.013827,360,1129,2
FAC20250503006584,Travel,English,Image,Europe,240,0,user_377735,0.000176,0.015709,0.015708,442,1434,8
FAC20250503006594,AI/ML,English,Text,Asia,507,0,user_76260,0.000195,0.020103,0.020102,500,1618,12
FAC20250503006613,AI/ML,Spanish,Link,North America,449,0,user_343684,0.000079,0.003266,0.003266,143,439,12
FAC20250503006617,Entertainment,English,Video,Europe,126,0,user_244126,0.000158,0.020661,0.020661,402,1285,6
FAC20250503006623,Sports,English,Text,Asia,285,0,user_169986,0.000183,0.012596,0.012596,448,1467,5
FAC20250503006646,Education,English,Text,North America,919,0,user_409708,0.000194,0.018782,0.018782,495,1605,2
FAC20250503006666,Gaming,English,Link,South America,14375,1,user_261890,0.000131,0.008838,0.008838,305,951,13
FAC20250503006682,Travel,Japanese,Video,Europe,4561,0,user_78890,0.000075,0.003159,0.003159,137,419,8
FAC20250503006705,Sports,English,Text,North America,8664,0,user_227466,0.000167,0.009965,0.009965,398,1294,5
FAC20250503006710,Food,Spanish,Image,North America,1550,0,user_305701,0.000118,0.004963,0.004963,252,796,3
FAC20250503006726,Health,English,Poll,Europe,317,0,user_125639,0.000141,0.015143,0.015143,346,1076,7
FAC20250503006811,Gaming,English,Text,Europe,24,0,user_379041,0.000151,0.010269,0.010269,365,1208,13
FAC20250503006816,AI/ML,English,Image,Europe,111,0,user_110516,0.00018,0.017463,0.017463,456,1485,12
FAC20250503006829,Business,English,Image,North America,96,0,user_88800,0.00017,0.013377,0.013377,422,1381,11
FAC20250503006851,Entertainment,Spanish,Image,North America,5,0,user_469980,0.000104,0.008838,0.008838,231,715,6
FAC20250503006860,Finance,English,Image,North America,9123,1,user_256450,0.000164,0.010607,0.010607,392,1264,10
FAC20250503006867,Business,English,Text,South America,220,0,user_28652,0.000186,0.01486,0.01486,466,1526,11
FAC20250503006891,Fashion,Spanish,Video,Oceania,6398,1,user_348159,0.000092,0.002943,0.002943,176,543,9
FAC20250503006940,Politics,German,Link,North America,80,0,user_299215,0.000054,0.001202,0.001202,78,237,4
FAC20250503006987,Health,English,Image,Europe,192,0,user_105356,0.000185,0.019144,0.019143,473,1534,7
FAC20250504006994,Business,Chinese,Image,Europe,446,0,user_361297,0.00009,0.004759,0.004759,186,573,11
FAC20250505007000,Health,Spanish,Text,Europe,18,0,user_409510,0.000101,0.008092,0.008091,225,704,7
FAC20250505007007,Food,English,Image,North America,7074,0,user_44051,0.000164,0.010586,0.010586,395,1281,3
FAC20250505007022,Gaming,Portuguese,Text,Europe,219,0,user_484703,0.000109,0.005566,0.005566,235,732,13
FAC20250505007055,Sports,French,Video,Oceania,9520,0,user_367730,0.000083,0.002032,0.002032,150,459,5
FAC20250505007107,Education,English,Text,North America,1107,0,user_419114,0.000194,0.018913,0.018912,497,1611,2
FAC20250505007118,Finance,French,Poll,Asia,812,0,user_99450,0.000055,0.001537,0.001537,83,255,10
FAC20250505007145,AI/ML,Japanese,Link,North America,29,0,user_432467,0.000056,0.001795,0.001795,85,256,12
FAC20250505007162,Education,German,Image,Asia,31369,1,user_16657,0.000086,0.005433,0.005433,179,547,2
FAC20250505007175,Science,Arabic,Text,Europe,2450,0,user_39879,0.000097,0.003487,0.003487,196,607,14
FAC20250505007182,Health,English,Image,Europe,1077,0,user_471472,0.000191,0.020556,0.020556,493,1586,7
FAC20250505007207,Politics,English,Video,North America,19051,0,user_100593,0.00014,0.009207,0.009207,329,1065,4
FAC20250505007216,Entertainment,French,Text,North America,30,0,user_262112,0.000097,0.010684,0.010684,221,675,6
FAC20250505007237,Science,English,Video,Asia,2396,1,user_13944,0.00016,0.008244,0.008244,370,1195,14
FAC20250505007257,Climate,Spanish,Text,Oceania,1816,0,user_229495,0.000125,0.005338,0.005338,268,836,0
FAC20250505007264,Education,Portuguese,Video,North America,13058,1,user_446451,0.000086,0.004268,0.004268,170,523,2
FAC20250505007267,Science,French,Text,North America,341,0,user_393815,0.000101,0.003613,0.003613,206,642,14
FAC20250505007281,Fashion,English,Image,North America,3298,0,user_79169,0.000166,0.012335,0.012335,407,1332,9
FAC20250505007349,Gaming,English,Video,North America,1507,0,user_277524,0.000166,0.011259,0.011258,395,1253,13
FAC20250505007354,Entertainment,French,Image,North America,6812,1,user_215337,0.000097,0.008776,0.008776,215,660,6
FAC20250505007390,AI/ML,English,Image,Asia,1306,0,user_238449,0.000183,0.018468,0.018468,467,1529,12
FAC20250505007395,Technology,Spanish,Image,South America,2629,1,user_309091,0.00012,0.009348,0.009348,274,862,1
FAC20250505007397,Science,German,Image,Asia,64,0,user_65336,0.000091,0.002703,0.002703,175,538,14
FAC20250505007414,Sports,English,Text,Asia,4967,0,user_250297,0.000176,0.010973,0.010973,423,1384,5
FAC20250505007417,Business,Portuguese,Text,Europe,573,0,user_306966,0.000109,0.006052,0.006052,238,750,11
FAC20250505007479,Climate,English,Image,North America,100,0,user_220253,0.000171,0.010703,0.010703,408,1305,0
FAC20250505007487,Sports,Spanish,Text,North America,12,0,user_166135,0.000104,0.003847,0.003847,212,656,5
FAC20250505007502,Food,English,Image,North America,13789,1,user_120488,0.00016,0.009987,0.009987,383,1247,3
FAC20250505007507,Science,Portuguese,Link,North America,2732,1,user_122349,0.000072,0.001577,0.001577,123,382,14
FAC20250505007560,Health,English,Text,North America,180,0,user_316583,0.000183,0.019821,0.019821,474,1566,7
FAC20250505007568,Fashion,Portuguese,Link,North America,2689,1,user_133677,0.000068,0.001705,0.001705,112,350,9
FAC20250505007596,Gaming,Japanese,Text,North America,137955,1,user_142262,0.000092,0.004807,0.004807,192,587,13
FAC20250506007610,Technology,Spanish,Text,Europe,2035,0,user_369501,0.000117,0.009351,0.009351,265,838,1
FAC20250506007627,Food,English,Video,Europe,148,0,user_168660,0.00015,0.009642,0.009641,354,1130,3
FAC20250506007630,Gaming,Japanese,Video,North America,6,0,user_475746,0.000068,0.001736,0.001736,113,342,13
FAC20250506007633,Gaming,Hindi,Video,North America,17,0,user_147756,0.000064,0.001581,0.001581,102,311,13
FAC20250506007638,Politics,English,Video,Asia,3152,0,user_300439,0.000158,0.010984,0.010984,380,1235,4
FAC20250506007659,Education,English,Poll,Asia,26,0,user_333105,0.000127,0.012629,0.012629,308,956,2
FAC20250506007674,Fashion,English,Image,Europe,183,0,user_76530,0.00017,0.012662,0.012662,418,1368,9
FAC20250506007716,Climate,Japanese,Video,Asia,2349,0,user_61379,0.00008,0.002071,0.002071,143,436,0
FAC20250506007725,Entertainment,English,Image,North America,497,0,user_498422,0.00018,0.023401,0.023401,468,1520,6
FAC20250506007729,Entertainment,Portuguese,Image,Europe,134,0,user_228120,0.000105,0.009083,0.009083,235,738,6
FAC20250506007733,Gaming,English,Image,North America,207,0,user_345951,0.000177,0.012587,0.012587,432,1403,13
FAC20250506007749,AI/ML,French,Link,Europe,267,0,user_159794,0.000069,0.002914,0.002914,119,364,12
FAC20250506007751,Travel,Hindi,Image,Asia,454,1,user_256432,0.000089,0.005441,0.005441,185,568,8
FAC20250506007756,Finance,English,Image,North America,38,1,user_481542,0.000158,0.010088,0.010088,376,1211,10
FAC20250506007757,Business,Arabic,Link,Asia,1042,0,user_376727,0.000054,0.001745,0.001745,82,248,11
FAC20250506007764,Food,English,Image,North America,55,0,user_322821,0.000163,0.010554,0.010554,393,1282,3
FAC20250506007776,Sports,English,Video,Europe,3172,1,user_206177,0.000168,0.009591,0.009591,393,1244,5
FAC20250506007831,Politics,English,Image,Asia,23,0,user_100911,0.000155,0.009916,0.009916,369,1183,4
FAC20250506007853,Travel,English,Video,Europe,240,0,user_498846,0.000168,0.014474,0.014474,414,1318,8
FAC20250506007881,Health,German,Image,Asia,79,0,user_224549,0.000092,0.006299,0.006299,193,592,7
FAC20250506007890,Entertainment,Korean,Image,Europe,18692,0,user_314100,0.000088,0.007924,0.007924,189,573,6
FAC20250506007899,Fashion,English,Link,Africa,255,0,user_377442,0.000144,0.010016,0.010015,339,1058,9
FAC20250506007903,Education,Spanish,Video,North America,52,0,user_87195,0.000094,0.004497,0.004497,191,588,2
FAC20250506007913,Science,English,Image,North America,798,1,user_166750,0.000182,0.010858,0.010857,433,1395,14
FAC20250506007941,Health,Portuguese,Image,Europe,3044,0,user_444425,0.000108,0.007205,0.007205,234,728,7
FAC20250506007950,Fashion,English,Image,Europe,612,0,user_335492,0.000168,0.01253,0.01253,414,1365,9
FAC20250506007975,Sports,English,Video,North America,102,0,user_23582,0.000157,0.008316,0.008316,361,1146,5
FAC20250506008026,Health,English,Link,Asia,113,0,user_459738,0.00014,0.015295,0.015295,347,1087,7
FAC20250506008080,Politics,English,Text,Europe,896,0,user_244987,0.000187,0.01427,0.01427,466,1526,4
FAC20250506008146,Entertainment,Japanese,Image,Europe,2814,1,user_385756,0.000097,0.008896,0.008896,214,674,6
FAC20250506008159,Business,English,Image,Asia,819,0,user_218620,0.000178,0.014516,0.014516,444,1450,11
FAC20250506008196,Travel,English,Image,North America,8112,1,user_189164,0.000163,0.014186,0.014186,405,1318,8
FAC20250506008211,Gaming,English,Text,North America,686,1,user_94843,0.00018,0.013984,0.013984,447,1473,13
FAC20250506008224,Climate,Portuguese,Link,Asia,1285,1,user_58144,0.000076,0.002059,0.002059,133,406,0
FAC20250506008236,Food,English,Link,South America,1764,0,user_191739,0.000144,0.009056,0.009056,334,1047,3
FAC20250506008240,Science,English,Image,North America,8,0,user_173123,0.000143,0.006823,0.006823,326,1052,14
FAC20250506008269,Sports,English,Image,Asia,97,0,user_431724,0.000172,0.010336,0.010336,410,1323,5
FAC20250507008319,Food,English,Link,North America,153,0,user_44161,0.000143,0.008944,0.008944,331,1041,3
FAC20250507008332,Finance,English,Image,Unknown,433,0,user_44251,0.000177,0.01221,0.01221,430,1388,10
FAC20250507008351,AI/ML,English,Image,North America,4259,1,user_456230,0.000177,0.017519,0.017519,448,1465,12
FAC20250507008383,Health,English,Link,Oceania,93,0,user_450283,0.000137,0.015199,0.015199,340,1064,7
FAC20250507008415,Climate,Spanish,Text,Europe,91,0,user_477486,0.000116,0.004827,0.004827,246,767,0
FAC20250507008449,Food,Chinese,Image,North America,11084,1,user_470625,0.000091,0.003979,0.003978,186,572,3
FAC20250507008459,AI/ML,English,Image,Europe,259,0,user_102412,0.000181,0.017787,0.017787,459,1512,12
FAC20250507008489,Politics,Spanish,Text,Asia,257,0,user_331519,0.000112,0.00557,0.00557,241,755,4
FAC20250507008494,Fashion,English,Link,North America,34,0,user_343148,0.000134,0.009163,0.009162,311,958,9
FAC20250507008516,Politics,English,Image,North America,113,0,user_235649,0.000177,0.012201,0.012201,431,1378,4
FAC20250508008543,Entertainment,English,Video,Europe,233,0,user_30009,0.000167,0.021679,0.021679,428,1361,6
FAC20250508008552,Gaming,English,Image,Africa,11,0,user_456120,0.00015,0.009731,0.009731,357,1155,13
FAC20250508008556,Fashion,English,Text,Africa,545,0,user_390771,0.000188,0.014916,0.014916,470,1532,9
FAC20250508008566,Business,Chinese,Image,North America,609,0,user_345599,0.000091,0.004869,0.004869,189,583,11
FAC20250508008581,Gaming,Spanish,Image,Africa,34,0,user_361031,0.0001,0.00412,0.00412,205,642,13
FAC20250508008591,Technology,French,Image,Europe,109,0,user_126374,0.000102,0.008129,0.008129,224,693,1
FAC20250508008601,Entertainment,English,Image,Asia,1415,0,user_164544,0.000187,0.024394,0.024394,489,1586,6
FAC20250508008620,Fashion,English,Video,North America,505,0,user_437161,0.000167,0.011921,0.011921,403,1287,9
FAC20250508008639,Entertainment,Chinese,Video,Unknown,3497,0,user_227722,0.000079,0.006017,0.006017,157,485,6
FAC20250508008665,Politics,English,Video,Oceania,2167,0,user_444351,0.000158,0.010646,0.010646,379,1229,4
FAC20250508008694,Technology,English,Poll,Europe,495,0,user_363489,0.000141,0.017052,0.017052,352,1095,1
FAC20250508008696,Finance,English,Text,Asia,271,0,user_387251,0.000181,0.013972,0.013972,450,1474,10
FAC20250508008705,Business,Portuguese,Video,Asia,50251,0,user_162417,0.00007,0.002414,0.002414,124,382,11
FAC20250508008728,AI/ML,German,Image,South America,10547,0,user_71605,0.000096,0.006776,0.006776,207,631,12
FAC20250508008767,Finance,English,Text,North America,393,0,user_480087,0.000185,0.015139,0.015139,461,1506,10
FAC20250508008775,Travel,English,Video,North America,494,0,user_76074,0.000168,0.014522,0.014522,414,1321,8
FAC20250508008787,Food,English,Text,North America,135,0,user_275516,0.000173,0.011837,0.011837,422,1386,3
FAC20250508008816,Sports,English,Image,Asia,224,0,user_290804,0.000176,0.010879,0.010879,422,1377,5
FAC20250508008845,Technology,Korean,Text,Unknown,98,0,user_95549,0.000089,0.007872,0.007872,195,602,1
FAC20250508008865,Technology,English,Video,Unknown,68,0,user_117735,0.000158,0.0183,0.0183,401,1294,1
FAC20250508008870,Food,English,Image,Europe,39,0,user_75477,0.000158,0.009929,0.009929,379,1239,3
FAC20250508008885,Health,English,Image,Europe,1476,0,user_229080,0.000191,0.020104,0.020104,490,1575,7
FAC20250508008892,Fashion,Spanish,Link,Asia,72324,1,user_127412,0.000066,0.001471,0.001471,108,333,9
FAC20250508008915,Entertainment,English,Text,Africa,188,0,user_65563,0.000185,0.024819,0.02482,488,1598,6
FAC20250508008938,AI/ML,English,Text,North America,622,1,user_53235,0.000193,0.019647,0.019647,496,1607,12
FAC20250508008942,Science,English,Video,North America,911,0,user_370178,0.000163,0.008588,0.008588,377,1211,14
FAC20250508008974,Science,Korean,Text,North America,2149,0,user_119878,0.000098,0.003523,0.003523,197,612,14
FAC20250508008997,AI/ML,English,Image,North America,883,0,user_167814,0.000187,0.01895,0.018949,479,1575,12
FAC20250508009003,Gaming,English,Text,Oceania,810,0,user_494557,0.000181,0.014148,0.014148,451,1489,13
FAC20250508009040,Technology,Japanese,Image,Asia,250,0,user_219682,0.000095,0.008209,0.008209,211,656,1
FAC20250508009049,Politics,Japanese,Text,North America,15704,1,user_55293,0.000091,0.004621,0.004621,189,577,4
FAC20250508009072,Technology,English,Text,North America,498,0,user_129356,0.000197,0.023728,0.023728,516,1668,1
FAC20250508009075,Education,English,Text,North America,462,0,user_392968,0.000199,0.020054,0.020053,511,1647,2
FAC20250508009123,Technology,English,Link,North America,3917,1,user_14246,0.000143,0.017252,0.017252,359,1138,1
FAC20250509009167,Technology,English,Image,South America,520,0,user_241414,0.000181,0.020764,0.020764,467,1526,1
FAC20250509009218,Health,English,Image,North America,152,0,user_376440,0.000186,0.019212,0.019212,477,1540,7
FAC20250509009240,Travel,English,Video,North America,448,0,user_435230,0.000166,0.014252,0.014252,407,1301,8
FAC20250509009270,Technology,English,Text,Oceania,68,0,user_131302,0.000177,0.020375,0.020375,456,1477,1
FAC20250509009283,Politics,English,Image,North America,6723,1,user_977,0.000169,0.011013,0.011013,406,1305,4
FAC20250509009285,Climate,English,Link,North America,1802,0,user_404797,0.000141,0.008227,0.008227,324,1027,0
FAC20250509009305,Health,English,Video,Europe,829,0,user_122971,0.000163,0.017343,0.017343,410,1314,7
FAC20250509009315,Sports,English,Video,Europe,230,0,user_192351,0.000164,0.009179,0.009179,382,1229,5
FAC20250509009334,Fashion,Chinese,Text,North America,8451,1,user_319544,0.000096,0.004923,0.004923,202,615,9
FAC20250509009338,Health,English,Image,Asia,216,0,user_202141,0.000186,0.019172,0.019172,475,1536,7
FAC20250509009362,Finance,English,Poll,Africa,4392,0,user_422631,0.00013,0.008712,0.008712,302,931,10
FAC20250509009390,Sports,Portuguese,Text,North America,205,0,user_340551,0.000112,0.004454,0.004454,235,741,5
FAC20250509009429,Education,English,Image,Europe,3274,0,user_35284,0.000171,0.01627,0.01627,430,1411,2
FAC20250509009432,Politics,French,Video,Europe,1243,0,user_457716,0.000086,0.003171,0.003171,167,519,4
FAC20250509009442,Health,Korean,Text,Oceania,688,0,user_481264,0.000101,0.00832,0.00832,226,692,7
FAC20250509009468,Finance,Spanish,Image,Europe,219,0,user_293775,0.000104,0.004272,0.004272,214,671,10
FAC20250509009489,Entertainment,English,Video,Europe,3292,1,user_206527,0.000168,0.021768,0.021768,430,1376,6
FAC20250509009492,Health,French,Image,North America,1142,1,user_214635,0.000106,0.007196,0.007196,232,713,7
FAC20250509009502,AI/ML,Korean,Video,Africa,121,0,user_365230,0.000075,0.003789,0.003789,138,423,12
FAC20250509009517,Sports,English,Text,North America,1641,0,user_399364,0.000183,0.011928,0.011928,445,1452,5
FAC20250509009542,Finance,English,Text,North America,576,0,user_170180,0.000179,0.01409,0.01409,445,1459,10
FAC20250510009602,Entertainment,English,Link,Europe,2081,0,user_336131,0.000146,0.020093,0.020093,370,1169,6
FAC20250510009609,Fashion,English,Text,North America,29907,1,user_462707,0.000155,0.010761,0.010761,377,1236,9
FAC20250510009627,Entertainment,Korean,Video,North America,4021,0,user_269360,0.000077,0.006056,0.006057,155,474,6
FAC20250510009632,Politics,English,Text,Asia,1074,0,user_266626,0.000186,0.014181,0.014181,462,1512,4
FAC20250510009665,Health,English,Image,Europe,10863,1,user_242621,0.000174,0.017675,0.017675,440,1416,7
FAC20250510009668,Finance,French,Link,North America,993,1,user_103657,0.000064,0.001885,0.001885,105,322,10
FAC20250510009696,Science,English,Image,North America,76,0,user_69501,0.000166,0.008833,0.008833,388,1253,14
FAC20250510009716,Politics,English,Text,Europe,329,0,user_1098,0.000184,0.014762,0.014762,460,1502,4
FAC20250510009728,Gaming,Japanese,Text,North America,9,0,user_263292,0.000093,0.004847,0.004847,195,595,13
FAC20250510009732,Gaming,English,Image,North America,343,0,user_216924,0.00018,0.0128,0.0128,439,1429,13
FAC20250510009742,Politics,Japanese,Image,North America,1170,0,user_187243,0.000095,0.003911,0.003911,192,592,4
FAC20250510009747,Food,English,Image,Asia,1801,0,user_91160,0.000181,0.012766,0.012766,445,1451,3
FAC20250510009756,Entertainment,Portuguese,Text,Europe,27,0,user_487369,0.000102,0.011051,0.011051,234,723,6
FAC20250510009757,Finance,English,Video,Unknown,47,0,user_68795,0.000142,0.009332,0.009332,333,1058,10
FAC20250510009764,Finance,Portuguese,Image,Asia,4585,1,user_300458,0.000096,0.00378,0.00378,193,602,10
FAC20250510009784,AI/ML,English,Text,Asia,2246,1,user_371060,0.000185,0.018787,0.018787,473,1541,12
FAC20250510009785,Climate,English,Video,North America,47,0,user_60686,0.00015,0.008145,0.008145,343,1086,0
FAC20250510009798,Fashion,Japanese,Text,North America,16603,1,user_458461,0.000093,0.004846,0.004846,196,601,9
FAC20250510009868,Politics,English,Image,Asia,401,0,user_460898,0.000178,0.012253,0.012253,432,1394,4
FAC20250510009926,Education,Korean,Video,Asia,1059,0,user_143680,0.000083,0.004626,0.004626,166,516,2
FAC20250510009938,Entertainment,English,Link,North America,6204,0,user_283740,0.000136,0.019189,0.01919,343,1073,6
FAC20250510009953,Sports,Spanish,Image,Europe,35392,1,user_405243,0.000101,0.003227,0.003227,201,621,5
FAC20250510009960,Sports,German,Text,Asia,2712,0,user_139697,0.000097,0.003855,0.003855,198,612,5
FAC20250510009990,Science,French,Text,North America,17599,1,user_114127,0.000092,0.003174,0.003174,183,562,14
FAC20250510009998,Finance,German,Link,South America,67,0,user_306107,0.000053,0.001284,0.001284,77,233,10
FAC20250510010005,Finance,Hindi,Video,North America,27140,1,user_184226,0.000064,0.002037,0.002037,109,334,10
FAC20250510010008,Food,Japanese,Link,Europe,30685,1,user_261889,0.000052,0.001014,0.001014,74,231,3
FAC20250510010050,Entertainment,English,Image,Europe,342,1,user_62141,0.000185,0.02393,0.023931,482,1561,6
FAC20250510010059,Business,English,Text,North America,1812,0,user_309414,0.000187,0.015407,0.015407,470,1536,11
FAC20250510010075,Education,Spanish,Text,North America,241,1,user_124793,0.000114,0.007418,0.007418,253,801,2
FAC20250510010099,Health,Chinese,Image,South America,11045,0,user_173225,0.000092,0.00644,0.00644,196,600,7
FAC20250510010113,Finance,Portuguese,Image,North America,25,0,user_227928,0.00009,0.003491,0.003491,178,550,10
FAC20250510010148,Finance,English,Image,North America,26349,0,user_255031,0.000156,0.009865,0.009865,371,1193,10
FAC20250510010156,Entertainment,English,Image,Europe,2436,0,user_442935,0.000181,0.023427,0.023428,470,1527,6
FAC20250510010157,Food,English,Link,Europe,331,0,user_63799,0.000143,0.00889,0.00889,331,1037,3
FAC20250510010171,Technology,Spanish,Text,Asia,394,0,user_284616,0.000112,0.008951,0.008951,253,798,1
FAC20250510010178,Health,French,Text,Asia,325,0,user_335890,0.000105,0.008482,0.008482,236,739,7
FAC20250510010183,Food,English,Image,Europe,192,0,user_240084,0.000178,0.012187,0.012186,436,1419,3
FAC20250511010248,Technology,English,Text,South America,464,0,user_79328,0.000197,0.023924,0.023924,516,1668,1
FAC20250511010260,Politics,English,Image,North America,2944,0,user_377673,0.000168,0.011555,0.011555,405,1310,4
FAC20250511010262,Food,English,Image,Asia,914,0,user_185787,0.000185,0.013457,0.013457,456,1478,3
FAC20250511010267,Science,English,Image,Europe,391,0,user_493073,0.000176,0.009969,0.009969,416,1340,14
FAC20250512010383,Politics,English,Image,Europe,414,0,user_439048,0.000178,0.012223,0.012222,432,1391,4
FAC20250512010416,Technology,English,Video,North America,731,0,user_241605,0.00017,0.019625,0.019625,434,1407,1
FAC20250512010420,Fashion,German,Text,Europe,143,0,user_282981,0.000101,0.005288,0.005288,216,666,9
FAC20250512010426,Health,English,Text,North America,394,0,user_213743,0.000192,0.021689,0.021689,499,1635,7
FAC20250512010443,Sports,Hindi,Text,Europe,162,0,user_28523,0.000099,0.003851,0.003851,201,614,5
FAC20250512010450,Education,Spanish,Text,Asia,1430,0,user_107531,0.000118,0.007537,0.007537,262,822,2
FAC20250512010453,Food,Arabic,Text,North America,3216,0,user_367508,0.000095,0.004407,0.004407,196,603,3
FAC20250512010456,Climate,Portuguese,Text,Asia,3821,1,user_117444,0.000108,0.004587,0.004587,227,715,0
FAC20250512010508,Business,English,Image,South America,1096,0,user_476857,0.000179,0.014975,0.014975,448,1450,11
FAC20250512010541,Fashion,English,Poll,Asia,7262,1,user_128476,0.000127,0.009067,0.009067,298,916,9
FAC20250512010544,Climate,Spanish,Text,Europe,662,0,user_164931,0.000123,0.005081,0.005081,262,821,0
FAC20250512010550,Technology,English,Image,North America,20488,1,user_99707,0.000164,0.019038,0.019038,420,1358,1
FAC20250512010574,Fashion,English,Text,Europe,143,0,user_93405,0.000179,0.013318,0.013318,443,1450,9
FAC20250512010651,Fashion,Spanish,Text,Europe,1124,0,user_106276,0.000117,0.005855,0.005855,256,811,9
FAC20250512010678,Food,English,Text,Europe,901,0,user_99736,0.000188,0.013847,0.013847,465,1511,3
FAC20250512010698,Business,German,Text,North America,529,0,user_367394,0.000101,0.005693,0.005693,217,670,11
FAC20250512010744,Gaming,Portuguese,Text,North America,792,0,user_132977,0.000107,0.005599,0.005599,229,718,13
FAC20250512010753,Travel,Korean,Image,Europe,724,0,user_324023,0.000094,0.005454,0.005454,197,608,8
FAC20250512010778,Politics,English,Video,North America,1026,0,user_398954,0.000159,0.010924,0.010924,383,1248,4
FAC20250512010805,Finance,French,Image,Asia,1951,0,user_234748,0.000093,0.003644,0.003644,185,573,10
FAC20250512010816,Entertainment,Arabic,Video,Europe,86,0,user_184835,0.000073,0.005322,0.005322,141,433,6
FAC20250512010817,Sports,Hindi,Image,Europe,194,0,user_343274,0.000096,0.003439,0.003439,192,596,5
FAC20250512010840,Business,English,Video,Europe,130,0,user_44540,0.000148,0.01103,0.011029,356,1138,11
FAC20250512010842,Sports,Japanese,Video,North America,369,0,user_297628,0.000088,0.002573,0.002573,165,504,5
FAC20250512010850,Travel,English,Text,Europe,22,0,user_497548,0.000155,0.013483,0.013483,385,1267,8
FAC20250512010864,Business,English,Image,Asia,142,0,user_342183,0.000175,0.013838,0.013838,436,1429,11
FAC20250512010889,Climate,English,Video,North America,1402,0,user_435445,0.000168,0.009867,0.009867,393,1253,0
FAC20250512010890,Gaming,Portuguese,Video,Unknown,483,0,user_245222,0.000083,0.002471,0.002471,150,463,13
FAC20250513011001,Fashion,English,Image,South America,946,0,user_296876,0.000177,0.013967,0.013967,440,1436,9
FAC20250513011010,Health,English,Image,Oceania,3111,0,user_14908,0.000181,0.018831,0.018831,461,1486,7
FAC20250513011012,Education,Spanish,Link,North America,740,0,user_151924,0.000078,0.003404,0.003404,146,453,2
FAC20250513011057,Climate,English,Text,North America,348,0,user_91595,0.000195,0.014388,0.014388,481,1563,0
FAC20250513011068,Education,English,Image,South America,403,0,user_90765,0.000179,0.016856,0.016856,453,1481,2
FAC20250513011090,Education,Spanish,Image,Europe,1298,1,user_99125,0.000112,0.006983,0.006983,246,774,2
FAC20250513011098,Travel,English,Video,North America,652,0,user_314076,0.000174,0.015077,0.015077,431,1371,8
FAC20250513011116,Food,English,Poll,North America,39828,1,user_308722,0.000123,0.007978,0.007977,283,866,3
FAC20250513011118,Science,English,Text,North America,6,0,user_121487,0.000146,0.006899,0.006899,333,1081,14
FAC20250513011129,AI/ML,English,Image,Europe,14,0,user_120148,0.000152,0.014716,0.014716,378,1243,12
FAC20250513011154,Entertainment,Portuguese,Text,North America,260,0,user_107929,0.000114,0.011947,0.011947,267,835,6
FAC20250513011173,Science,English,Video,North America,2050,0,user_246751,0.000161,0.0083,0.0083,372,1204,14
FAC20250513011180,Politics,Spanish,Video,North America,990,0,user_425764,0.000096,0.003652,0.003652,193,607,4
FAC20250513011215,Science,Spanish,Video,Asia,28809,1,user_479186,0.000089,0.002127,0.002127,166,521,14
FAC20250513011236,Technology,English,Text,Asia,53,0,user_448803,0.000172,0.019931,0.019931,443,1435,1
FAC20250513011249,Fashion,French,Image,North America,801,0,user_317349,0.000095,0.004572,0.004572,198,611,9
FAC20250513011251,Technology,English,Link,Europe,2531,0,user_105401,0.00015,0.017786,0.017786,378,1190,1
FAC20250513011292,Food,English,Image,Europe,81,0,user_370208,0.000173,0.011434,0.011434,420,1369,3
FAC20250513011322,Finance,Hindi,Image,Europe,836,1,user_247949,0.000093,0.003928,0.003928,187,578,10
FAC20250513011349,Finance,Hindi,Text,Asia,2515,1,user_319105,0.000095,0.004908,0.004908,199,604,10
FAC20250513011351,Education,French,Video,Europe,68,0,user_47917,0.000081,0.003905,0.003905,157,488,2
FAC20250513011367,Fashion,German,Text,Asia,878,0,user_236580,0.000103,0.005382,0.005382,221,680,9
FAC20250513011385,Food,Portuguese,Link,Asia,889,0,user_97479,0.000075,0.001948,0.001948,130,396,3
FAC20250513011389,Technology,English,Image,North America,900,0,user_179532,0.000191,0.022499,0.022499,498,1619,1
FAC20250513011438,Health,Korean,Link,Asia,260,0,user_280346,0.000064,0.003508,0.003507,114,349,7
FAC20250513011441,Politics,Spanish,Video,North America,418,0,user_395101,0.000092,0.003395,0.003395,181,564,4
FAC20250513011459,Travel,English,Link,Africa,397,0,user_241018,0.000145,0.012592,0.012592,350,1112,8
FAC20250513011477,Travel,Portuguese,Image,Asia,15,0,user_350783,0.00009,0.004873,0.004873,184,570,8
FAC20250513011505,Food,English,Image,Europe,129,0,user_266067,0.000175,0.011978,0.011978,428,1402,3
FAC20250513011518,Food,English,Poll,Europe,1702,0,user_379650,0.00013,0.008429,0.008429,301,935,3
FAC20250513011575,Climate,English,Video,South America,617,0,user_467148,0.000172,0.010521,0.010521,406,1293,0
FAC20250513011611,Climate,English,Image,North America,10914,0,user_413772,0.000161,0.009089,0.009089,375,1209,0
FAC20250513011627,Climate,French,Poll,Africa,270,0,user_90669,0.000054,0.001064,0.001064,78,239,0
FAC20250513011662,Climate,English,Video,North America,158,0,user_200370,0.000156,0.008824,0.008824,361,1151,0
FAC20250513011669,Gaming,English,Video,North America,1335,0,user_437892,0.000165,0.011277,0.011277,394,1250,13
FAC20250513011674,Health,Portuguese,Image,North America,2085,0,user_220137,0.000104,0.006908,0.006908,224,701,7
FAC20250513011691,Gaming,English,Image,North America,76,0,user_275589,0.000167,0.011457,0.011456,405,1308,13
FAC20250513011700,Technology,English,Text,South America,20142,1,user_116035,0.000164,0.01923,0.01923,421,1363,1
FAC20250513011703,Business,Japanese,Video,Asia,5594,1,user_312010,0.00007,0.002499,0.002499,122,372,11
FAC20250513011738,AI/ML,French,Poll,South America,2825,0,user_484054,0.00006,0.001938,0.001938,94,286,12
FAC20250513011752,Technology,English,Text,Europe,19089,0,user_84150,0.000164,0.019159,0.019159,421,1364,1
FAC20250513011775,Finance,French,Link,Asia,28,0,user_347370,0.000053,0.001293,0.001293,78,238,10
FAC20250513011860,Food,Chinese,Image,Asia,256,0,user_494647,0.0001,0.004471,0.004471,210,648,3
FAC20250513011933,Sports,Korean,Text,Europe,8513,0,user_308619,0.000092,0.003685,0.003685,186,568,5
FAC20250513011939,Entertainment,English,Link,Europe,144,0,user_194413,0.000141,0.019576,0.019576,356,1117,6
FAC20250513012060,Fashion,Portuguese,Text,North America,5957,0,user_257170,0.000112,0.005362,0.005362,240,742,9
FAC20250513012079,Gaming,Spanish,Text,North America,290,0,user_380473,0.000121,0.006091,0.006091,264,825,13
FAC20250513012084,Food,English,Link,North America,27460,1,user_391442,0.000134,0.008331,0.008331,307,957,3
FAC20250513012093,AI/ML,Spanish,Poll,Europe,32623,0,user_383509,0.000061,0.001747,0.001747,96,293,12
FAC20250513012100,Fashion,English,Text,North America,4810,0,user_55829,0.000179,0.013328,0.013328,442,1443,9
FAC20250513012116,Health,English,Image,North America,17975,0,user_457153,0.000167,0.016973,0.016973,420,1357,7
FAC20250513012136,Entertainment,Portuguese,Text,Europe,3092,0,user_99067,0.000114,0.01197,0.01197,266,834,6
FAC20250513012163,Climate,Arabic,Image,South America,764,0,user_639,0.00009,0.003144,0.003144,174,533,0
FAC20250513012183,Politics,English,Image,North America,251,0,user_221844,0.000177,0.012458,0.012458,430,1390,4
FAC20250513012198,Education,English,Video,Asia,788,0,user_459917,0.000171,0.015652,0.015651,426,1376,2
FAC20250513012211,Climate,English,Image,Asia,51,0,user_183243,0.000159,0.009157,0.009157,371,1187,0
FAC20250513012227,Technology,English,Image,Europe,933,0,user_282463,0.000189,0.022241,0.022241,492,1595,1
FAC20250513012241,AI/ML,English,Text,Asia,240,0,user_79327,0.000185,0.018513,0.018512,472,1532,12
FAC20250513012306,AI/ML,Spanish,Video,North America,343,0,user_79438,0.000092,0.004896,0.004896,185,580,12
FAC20250513012325,Finance,English,Video,Asia,1919,0,user_495031,0.000158,0.010662,0.010662,376,1204,10
FAC20250513012360,Gaming,English,Image,Europe,1592,0,user_205425,0.000183,0.013392,0.013392,449,1459,13
FAC20250513012365,Technology,Portuguese,Link,Asia,197,0,user_477229,0.000069,0.003445,0.003445,125,383,1
FAC20250515012439,Finance,English,Image,Europe,155,0,user_67101,0.000178,0.012382,0.012382,435,1405,10
FAC20250515012464,Entertainment,Spanish,Text,Asia,254,0,user_427227,0.000123,0.012443,0.012443,289,904,6
FAC20250515012466,Health,English,Image,South America,57,0,user_314756,0.000174,0.017722,0.017722,441,1419,7
FAC20250515012521,Technology,English,Image,Asia,14050,0,user_141881,0.000166,0.019146,0.019146,425,1383,1
FAC20250515012536,Entertainment,English,Image,Asia,44,0,user_169385,0.000169,0.022119,0.02212,438,1409,6
FAC20250515012537,Finance,Korean,Text,North America,382,0,user_171747,0.000094,0.004833,0.004833,196,602,10
FAC20250515012552,Fashion,French,Text,North America,2816,1,user_174898,0.000102,0.005287,0.005287,218,672,9
FAC20250515012568,Gaming,English,Image,Asia,2482,0,user_14192,0.00017,0.012092,0.012092,415,1341,13
FAC20250515012581,Business,Korean,Text,South America,330,0,user_444003,0.000097,0.005648,0.005648,209,642,11
FAC20250515012605,Sports,English,Video,Europe,216,0,user_434899,0.000163,0.009065,0.009065,380,1220,5
FAC20250515012629,Travel,Portuguese,Text,Asia,284,0,user_181105,0.000115,0.007318,0.007318,256,801,8
FAC20250515012654,Health,Portuguese,Video,Europe,23297,0,user_307837,0.000077,0.00438,0.00438,149,460,7
FAC20250515012688,Sports,Hindi,Image,North America,262,0,user_421536,0.000097,0.00354,0.00354,194,596,5
FAC20250515012695,Technology,German,Poll,North America,970,0,user_47682,0.00005,0.002536,0.002536,78,240,1
FAC20250515012718,Sports,English,Text,Europe,83,0,user_429804,0.00017,0.01003,0.01003,404,1315,5
FAC20250515012721,Travel,French,Text,Asia,36,0,user_160331,0.000097,0.006523,0.006523,211,647,8
FAC20250515012726,Entertainment,English,Link,Asia,684,0,user_416118,0.000145,0.020031,0.020031,369,1161,6
FAC20250516012745,Education,Spanish,Text,Europe,1621,1,user_140004,0.000118,0.007514,0.007514,262,821,2
FAC20250516012758,Education,English,Image,Unknown,2969,0,user_409689,0.000172,0.01638,0.01638,434,1421,2
FAC20250516012829,Health,Spanish,Image,Europe,15222,0,user_199324,0.000106,0.007069,0.007069,231,719,7
FAC20250516012848,Travel,English,Text,North America,4914,1,user_176065,0.000183,0.016318,0.016318,461,1500,8
FAC20250516012873,Science,English,Image,Asia,38,0,user_468404,0.000156,0.007712,0.007712,359,1156,14
FAC20250516012926,Technology,Hindi,Text,Europe,2493,1,user_263722,0.000096,0.008458,0.008458,213,657,1
FAC20250516012953,AI/ML,Spanish,Image,Asia,894,0,user_266660,0.000113,0.007779,0.007778,251,794,12
FAC20250516012973,Technology,English,Text,South America,502,0,user_102729,0.000197,0.023776,0.023776,517,1671,1
FAC20250516012989,Entertainment,English,Text,Europe,1787,0,user_424403,0.000187,0.025195,0.025196,494,1626,6
FAC20250516013015,Politics,Korean,Text,South America,27585,1,user_423049,0.00009,0.004552,0.004552,187,570,4
FAC20250516013023,Technology,Hindi,Link,North America,556,0,user_275175,0.000061,0.003733,0.003733,109,332,1
FAC20250516013028,Gaming,Portuguese,Image,Asia,164,0,user_86552,0.000105,0.004443,0.004442,217,670,13
FAC20250516013038,Science,German,Video,Europe,438,0,user_488969,0.000083,0.002216,0.002216,153,472,14
FAC20250516013085,Health,English,Video,Europe,261,0,user_346513,0.000168,0.017657,0.017656,423,1366,7
FAC20250516013092,Gaming,English,Image,Asia,159,0,user_284758,0.000176,0.012428,0.012428,430,1392,13
FAC20250516013141,Sports,Chinese,Video,South America,43,0,user_244643,0.000072,0.00181,0.00181,125,378,5
FAC20250516013151,Business,English,Text,North America,16,0,user_208584,0.000154,0.011367,0.011367,376,1232,11
FAC20250516013165,Health,English,Video,Europe,84,0,user_62689,0.00015,0.015964,0.015964,373,1195,7
FAC20250516013174,AI/ML,English,Video,Asia,33,0,user_45531,0.000147,0.014031,0.014031,360,1149,12
FAC20250516013180,Business,English,Image,Asia,180,0,user_447389,0.000175,0.013746,0.013746,434,1419,11
FAC20250516013186,Gaming,German,Link,North America,1908,0,user_262752,0.000058,0.001659,0.001659,91,276,13
FAC20250516013190,Health,French,Text,Europe,11350,1,user_324069,0.0001,0.007932,0.007932,221,689,7
FAC20250516013198,Travel,Spanish,Image,Europe,44,0,user_206443,0.000096,0.005284,0.005284,201,625,8
FAC20250516013210,Technology,English,Video,Asia,5088,1,user_309428,0.000159,0.018621,0.018621,405,1308,1
FAC20250516013221,Entertainment,English,Text,Asia,9511,1,user_400811,0.000171,0.022949,0.02295,446,1471,6
FAC20250516013254,Travel,Spanish,Text,Africa,369,0,user_130612,0.000115,0.007511,0.007511,256,804,8
FAC20250516013278,Business,English,Video,Europe,11126,0,user_499142,0.000145,0.010844,0.010844,347,1106,11
FAC20250516013282,Health,English,Video,Europe,82,0,user_354902,0.000151,0.01606,0.01606,376,1205,7
FAC20250516013319,Education,German,Text,South America,6374,1,user_60926,0.000094,0.006183,0.006183,199,610,2
FAC20250516013328,Entertainment,Portuguese,Image,Europe,1206,1,user_261274,0.000105,0.009585,0.009585,236,754,6
FAC20250516013339,Fashion,English,Video,North America,3,0,user_188870,0.000133,0.008989,0.008989,311,981,9
FAC20250516013362,Politics,English,Poll,North America,1568,0,user_260038,0.000131,0.008871,0.008871,305,946,4
FAC20250517013427,Food,Chinese,Video,Europe,595,0,user_14942,0.00007,0.002208,0.002208,122,374,3
FAC20250517013456,Sports,English,Text,North America,186,0,user_298382,0.000181,0.01172,0.01172,440,1436,5
FAC20250517013477,Business,German,Image,North America,148,0,user_357236,0.000094,0.004716,0.004716,195,602,11
FAC20250517013504,Sports,English,Link,Europe,3092,1,user_400453,0.00014,0.00767,0.00767,319,993,5
FAC20250517013514,Business,English,Image,North America,44567,0,user_372407,0.000148,0.010736,0.010736,357,1166,11
FAC20250517013563,Gaming,English,Image,North America,193,0,user_381161,0.000177,0.012583,0.012583,432,1408,13
FAC20250517013569,Gaming,Portuguese,Video,Asia,151,0,user_271225,0.000081,0.002335,0.002335,143,442,13
FAC20250517013581,Entertainment,English,Text,Europe,1230,0,user_377150,0.000188,0.025455,0.025456,498,1643,6
FAC20250517013603,Health,Portuguese,Video,Unknown,2278,0,user_238736,0.000084,0.004859,0.004859,166,512,7
FAC20250517013612,Entertainment,English,Text,North America,1025,1,user_474996,0.000191,0.025755,0.025755,505,1661,6
FAC20250517013624,Education,English,Video,North America,11101,0,user_273694,0.000156,0.014284,0.014284,385,1233,2
FAC20250517013628,Technology,English,Image,North America,734,0,user_316681,0.000185,0.021496,0.021496,480,1564,1
FAC20250517013634,Sports,Korean,Link,Europe,4394,0,user_222347,0.000063,0.001388,0.001388,98,297,5
FAC20250517013639,Health,Japanese,Image,Europe,43,0,user_281489,0.000095,0.006323,0.006323,200,613,7
FAC20250517013648,Health,English,Video,North America,22205,1,user_167445,0.000142,0.015221,0.015221,351,1135,7
FAC20250517013656,Entertainment,English,Text,Asia,303,0,user_427538,0.000191,0.026212,0.026212,507,1660,6
FAC20250517013709,Science,Portuguese,Link,North America,2128,1,user_10059,0.000071,0.001597,0.001597,121,373,14
FAC20250517013811,Business,Arabic,Link,North America,3875,0,user_415632,0.000053,0.001544,0.001544,78,239,11
FAC20250517013818,Health,English,Text,Africa,779,0,user_58496,0.000191,0.020868,0.020868,497,1614,7
FAC20250517013833,Technology,Hindi,Text,Unknown,2644,1,user_80291,0.000096,0.008403,0.008403,212,652,1
FAC20250517013864,Science,English,Link,Asia,4485,0,user_450349,0.000138,0.006966,0.006966,312,979,14
FAC20250517013884,Travel,English,Link,North America,97,0,user_439744,0.000143,0.012407,0.012407,344,1076,8
FAC20250517013940,Travel,English,Video,Asia,688,0,user_80707,0.000172,0.014859,0.014859,425,1351,8
FAC20250519014000,Politics,English,Image,Europe,50,0,user_383686,0.000164,0.010621,0.010621,391,1259,4
FAC20250519014015,Finance,Chinese,Image,Asia,4914,1,user_402056,0.000087,0.003476,0.003476,171,533,10
FAC20250519014057,Entertainment,Chinese,Link,Asia,180,0,user_177371,0.000051,0.003111,0.003111,82,255,6
FAC20250519014078,Science,Hindi,Text,North America,112,0,user_455337,0.000093,0.00328,0.00328,184,566,14
FAC20250519014134,Travel,Chinese,Text,North America,3838,0,user_220887,0.000096,0.006566,0.006566,208,640,8
FAC20250519014157,AI/ML,English,Image,North America,1986,0,user_191510,0.00018,0.017873,0.017873,459,1514,12
FAC20250519014179,Sports,English,Link,Africa,3073,0,user_359821,0.00014,0.007645,0.007645,318,990,5
FAC20250519014180,Gaming,English,Text,Europe,45868,1,user_102198,0.000146,0.009567,0.009567,347,1150,13
FAC20250519014195,AI/ML,French,Image,Asia,3393,0,user_154830,0.000102,0.007151,0.007151,223,689,12
FAC20250519014210,Travel,English,Text,North America,4046,0,user_317324,0.000184,0.017127,0.017127,467,1527,8
FAC20250519014222,Technology,Spanish,Image,South America,1387,1,user_51924,0.000122,0.009401,0.009401,277,870,1
FAC20250519014224,Climate,Portuguese,Text,Asia,2907,1,user_412343,0.000108,0.004556,0.004556,227,710,0
FAC20250519014225,Politics,Hindi,Image,Europe,1515,0,user_45537,0.000092,0.003838,0.003838,183,568,4
FAC20250519014231,Technology,French,Poll,Asia,497,0,user_187833,0.00006,0.003105,0.003105,103,314,1
FAC20250519014239,Business,English,Poll,Asia,4434,1,user_246973,0.000132,0.010011,0.010011,310,954,11
FAC20250519014265,Technology,English,Image,Europe,74,0,user_449965,0.000169,0.019591,0.019591,434,1415,1
FAC20250519014289,Gaming,English,Image,Europe,19641,1,user_119543,0.000156,0.010353,0.010353,374,1224,13
FAC20250519014293,Gaming,English,Text,Asia,300,0,user_259736,0.000185,0.014783,0.014783,463,1525,13
FAC20250519014332,Food,Spanish,Video,Asia,219,0,user_484582,0.000091,0.002781,0.002781,174,536,3
FAC20250519014333,Education,English,Text,Africa,1174,0,user_430989,0.000191,0.018636,0.018636,488,1579,2
FAC20250519014349,Technology,Chinese,Text,Asia,21156,1,user_39978,0.000083,0.007283,0.007283,178,543,1
FAC20250519014360,Health,Chinese,Image,North America,277,0,user_166866,0.000099,0.007031,0.007031,214,661,7
FAC20250519014361,Entertainment,English,Text,North America,80,0,user_260948,0.000175,0.023406,0.023406,457,1500,6
FAC20250519014363,Fashion,Korean,Video,North America,2786,0,user_339699,0.000069,0.002385,0.002385,123,376,9
FAC20250519014380,Entertainment,French,Video,North America,155,0,user_408841,0.000079,0.005678,0.005678,157,483,6
FAC20250519014414,Travel,Arabic,Text,Oceania,48,0,user_215277,0.000094,0.006327,0.006327,202,619,8
FAC20250519014417,Entertainment,English,Link,Asia,58,0,user_353715,0.000138,0.0194,0.019401,348,1089,6
FAC20250519014422,Fashion,English,Image,North America,526,0,user_480539,0.000169,0.012325,0.012325,414,1367,9
FAC20250519014425,Politics,Spanish,Text,Asia,1074,0,user_35443,0.000114,0.005527,0.005527,246,775,4
FAC20250519014430,Travel,English,Text,North America,566,0,user_256832,0.000189,0.017912,0.017912,483,1581,8
FAC20250519014449,Business,French,Text,Asia,1103,0,user_27282,0.000104,0.005797,0.005797,224,695,11
FAC20250519014451,Gaming,French,Text,Asia,691,0,user_201,0.00011,0.005611,0.005611,238,740,13
FAC20250519014482,Travel,Portuguese,Video,North America,112,0,user_248330,0.000086,0.003697,0.003697,166,513,8
FAC20250519014520,Climate,French,Text,Asia,9926,1,user_74047,0.000114,0.004652,0.004652,238,732,0
FAC20250519014522,Business,English,Video,Europe,13643,1,user_420956,0.00014,0.010565,0.010565,335,1068,11
FAC20250519014538,Travel,Spanish,Video,North America,1056,0,user_134295,0.000088,0.003933,0.003933,173,544,8
FAC20250519014539,Food,Spanish,Video,North America,242,0,user_128934,0.000092,0.002875,0.002875,177,547,3
FAC20250519014624,Science,English,Link,North America,92,0,user_362230,0.000139,0.00691,0.00691,312,975,14
FAC20250519014648,Sports,Portuguese,Video,Oceania,37238,0,user_25232,0.000084,0.002049,0.002049,153,471,5
FAC20250519014656,Business,English,Link,North America,12398,1,user_443040,0.000134,0.010105,0.010104,317,990,11
FAC20250519014657,Health,English,Video,North America,4707,0,user_20390,0.000157,0.016656,0.016655,393,1263,7
FAC20250519014659,Climate,Spanish,Text,South America,3563,0,user_182292,0.000114,0.004729,0.004729,240,758,0
FAC20250519014727,Politics,Spanish,Video,Europe,1871,0,user_127796,0.000099,0.003869,0.003869,201,624,4
FAC20250519014730,Technology,English,Text,Europe,820,0,user_203245,0.000193,0.022779,0.022779,503,1635,1
FAC20250519014739,Politics,English,Image,Europe,1808,0,user_444656,0.000184,0.01308,0.01308,450,1451,4
FAC20250519014784,Fashion,French,Image,Europe,7,0,user_59930,0.000084,0.004052,0.004052,171,518,9
FAC20250519014791,Politics,French,Text,Oceania,124,0,user_59153,0.0001,0.004914,0.004914,209,642,4
FAC20250519014813,Fashion,Hindi,Link,North America,49,0,user_123790,0.000049,0.001087,0.001087,67,202,9
FAC20250519014844,Politics,English,Text,North America,888,0,user_495152,0.000187,0.01429,0.01429,466,1527,4
FAC20250519014859,Food,English,Image,North America,254,0,user_115407,0.000181,0.012433,0.012433,443,1447,3
FAC20250519014877,Entertainment,Korean,Video,North America,801,0,user_6013,0.000082,0.006413,0.006413,168,518,6
FAC20250519014881,Finance,English,Image,Europe,457,0,user_448840,0.000174,0.012074,0.012073,424,1373,10
FAC20250519014888,Politics,English,Text,Europe,46,0,user_288168,0.000161,0.010892,0.010892,388,1275,4
FAC20250519014952,Fashion,German,Video,North America,4484,0,user_316405,0.000074,0.002552,0.002552,134,406,9
FAC20250519015016,Education,Spanish,Video,Europe,474,0,user_2211,0.000102,0.005284,0.005284,213,659,2
FAC20250519015029,Business,Spanish,Poll,South America,669,0,user_366639,0.000062,0.001964,0.001964,102,311,11
FAC20250519015034,AI/ML,Spanish,Image,North America,6307,1,user_385975,0.000112,0.007441,0.007441,246,771,12
FAC20250519015062,Science,German,Text,Oceania,316,0,user_199416,0.000095,0.003285,0.003285,189,586,14
FAC20250519015156,Finance,Hindi,Image,North America,465,0,user_31372,0.000091,0.003914,0.003914,183,564,10
FAC20250519015160,Business,English,Image,North America,674,0,user_142195,0.00017,0.01331,0.01331,421,1382,11
FAC20250519015185,Climate,English,Text,North America,914,0,user_379290,0.000186,0.012618,0.012618,453,1486,0
FAC20250519015186,Health,Hindi,Image,Europe,557,0,user_7951,0.000095,0.006886,0.006886,206,632,7
FAC20250519015193,AI/ML,English,Text,Asia,52,0,user_330371,0.000168,0.016345,0.016344,424,1379,12
FAC20250519015254,Gaming,English,Image,Oceania,428,0,user_402083,0.000176,0.01249,0.01249,431,1407,13
FAC20250519015290,Education,English,Poll,Europe,9,0,user_366009,0.000128,0.012664,0.012664,310,952,2
FAC20250519015292,Climate,French,Image,North America,5179,0,user_230321,0.00009,0.002804,0.002804,171,528,0
FAC20250519015296,Business,English,Image,Asia,4979,0,user_33893,0.000171,0.013105,0.013105,421,1370,11
FAC20250519015305,Sports,French,Image,Unknown,18,0,user_379855,0.000085,0.002932,0.002932,165,507,5
FAC20250519015323,Fashion,English,Text,North America,24,0,user_163885,0.000158,0.010776,0.010776,382,1245,9
FAC20250519015337,Science,English,Text,Asia,73,0,user_369983,0.000171,0.009231,0.009231,403,1304,14
FAC20250519015389,AI/ML,Arabic,Text,Europe,904,0,user_491733,0.000092,0.006554,0.006554,195,610,12
FAC20250519015408,Education,English,Image,Europe,4102,1,user_212434,0.000173,0.016579,0.016578,436,1425,2
FAC20250519015422,Health,English,Link,Europe,1721,0,user_100117,0.000145,0.015628,0.015628,360,1129,7
FAC20250519015447,Gaming,English,Image,Europe,12515,0,user_319071,0.00016,0.010668,0.010668,385,1248,13
FAC20250519015455,AI/ML,Arabic,Image,Europe,22805,1,user_408874,0.000091,0.006497,0.006497,195,592,12
FAC20250519015476,Gaming,English,Video,Asia,64,0,user_255593,0.000151,0.00993,0.00993,353,1115,13
FAC20250519015523,Science,Spanish,Text,Asia,109,0,user_58191,0.000114,0.003745,0.003745,233,721,14
FAC20250519015560,Gaming,English,Link,North America,16,0,user_238178,0.00013,0.008645,0.008645,298,922,13
FAC20250519015564,Science,English,Text,South America,66,0,user_161167,0.00017,0.009154,0.009154,400,1294,14
FAC20250519015579,Finance,French,Image,Europe,51,0,user_132029,0.000086,0.003291,0.003291,167,509,10
FAC20250519015589,Health,English,Image,North America,1173,0,user_158410,0.000188,0.020071,0.020071,484,1558,7
FAC20250519015629,AI/ML,Spanish,Video,Asia,30,0,user_100516,0.000083,0.004038,0.004038,160,495,12
FAC20250519015667,Sports,Japanese,Image,North America,3,0,user_215808,0.000084,0.00286,0.00286,162,492,5
FAC20250519015698,Fashion,English,Video,North America,43043,1,user_442890,0.000137,0.009293,0.009293,322,1016,9
FAC20250519015712,Food,Spanish,Image,Asia,113,0,user_236666,0.000108,0.004537,0.004537,228,722,3
FAC20250519015730,Fashion,Hindi,Video,North America,173,0,user_618,0.00007,0.002444,0.002444,124,380,9
FAC20250519015732,Gaming,English,Text,South America,8440,1,user_439003,0.000164,0.011698,0.011698,401,1328,13
FAC20250519015735,Sports,English,Image,Asia,1886,0,user_441046,0.00018,0.011504,0.011503,435,1408,5
FAC20250519015738,Politics,English,Image,Europe,3012,1,user_342183,0.000169,0.011676,0.011676,407,1319,4
FAC20250519015769,AI/ML,English,Link,Europe,19695,1,user_198831,0.000139,0.013423,0.013423,335,1040,12
FAC20250519015811,Travel,English,Text,Europe,204,0,user_433427,0.000186,0.016975,0.016975,473,1540,8
FAC20250519015825,Gaming,Japanese,Image,North America,289,0,user_173012,0.000099,0.004312,0.004312,204,635,13
FAC20250519015830,Technology,Spanish,Text,Africa,1467,1,user_90471,0.000118,0.009429,0.009429,269,850,1
FAC20250519015846,Finance,English,Link,Europe,4702,1,user_305930,0.000136,0.009158,0.009158,318,1005,10
FAC20250519015866,Travel,Spanish,Text,North America,66,0,user_360746,0.000104,0.006604,0.006604,226,710,8
FAC20250519015890,Climate,English,Link,North America,22149,1,user_164859,0.00013,0.00754,0.00754,295,928,0
FAC20250519015895,Business,English,Text,North America,1326,0,user_404500,0.000188,0.015618,0.015618,475,1546,11
FAC20250519015921,Sports,Spanish,Video,Asia,207,0,user_292597,0.000104,0.002836,0.002836,202,634,5
FAC20250519015927,AI/ML,English,Link,North America,360,0,user_31323,0.000151,0.014124,0.014124,364,1142,12
FAC20250519015972,Sports,English,Video,Asia,1076,0,user_146854,0.000165,0.009492,0.009492,387,1226,5
FAC20250519015974,Food,English,Video,North America,319,0,user_378673,0.000157,0.010338,0.010338,373,1185,3
FAC20250519015979,Technology,English,Video,Europe,656,1,user_175137,0.000175,0.020045,0.020045,449,1452,1
FAC20250519015994,Health,English,Image,Europe,68,0,user_95557,0.000172,0.017628,0.017628,435,1408,7
FAC20250519016002,Travel,English,Image,Asia,6423,1,user_58710,0.000167,0.014481,0.014481,415,1348,8
FAC20250519016023,Science,English,Text,Asia,341,0,user_285624,0.00019,0.012874,0.012874,463,1497,14
FAC20250519016059,Climate,English,Link,Asia,239,0,user_133808,0.000139,0.008184,0.008184,318,1002,0
FAC20250519016079,Gaming,French,Link,North America,400,0,user_146879,0.00007,0.002114,0.002114,120,368,13
FAC20250519016094,Climate,Chinese,Video,Europe,49,0,user_459115,0.000073,0.001818,0.001818,125,382,0
FAC20250519016096,Technology,French,Image,Europe,1504,0,user_104458,0.000108,0.008773,0.008773,241,739,1
FAC20250519016136,Climate,English,Image,Oceania,4000,1,user_389812,0.000171,0.010668,0.010668,406,1295,0
FAC20250519016145,Education,English,Video,Asia,11,0,user_75880,0.000146,0.013326,0.013326,356,1137,2
FAC20250519016157,Food,German,Link,North America,3315,1,user_374992,0.00006,0.001424,0.001424,92,279,3
FAC20250519016178,Food,English,Image,North America,115,0,user_65688,0.000177,0.012035,0.012035,433,1411,3
FAC20250519016191,Politics,English,Video,Europe,2336,0,user_73576,0.000156,0.010551,0.010551,374,1217,4
FAC20250519016205,Business,English,Image,Asia,743,0,user_363030,0.000176,0.013969,0.013969,437,1425,11
FAC20250519016218,AI/ML,German,Video,Europe,2723,1,user_192743,0.000078,0.004177,0.004177,150,459,12
FAC20250519016219,Science,Hindi,Link,North America,46,0,user_89802,0.000055,0.000899,0.000899,79,240,14
FAC20250519016250,Travel,English,Image,North America,78,0,user_43982,0.00017,0.0148,0.0148,424,1368,8
FAC20250519016255,Health,Japanese,Text,Oceania,238,0,user_286718,0.000107,0.008711,0.008711,239,737,7
FAC20250519016278,Technology,English,Image,Unknown,6821,0,user_268972,0.000172,0.019864,0.019864,443,1433,1
FAC20250519016309,Finance,English,Text,Asia,1104,0,user_308771,0.000185,0.014057,0.014057,458,1502,10
FAC20250519016310,Climate,English,Poll,Europe,297,0,user_123805,0.000129,0.007474,0.007474,292,910,0
FAC20250519016321,Gaming,Spanish,Image,North America,6758,1,user_76631,0.000106,0.004435,0.004435,220,691,13
FAC20250519016328,Fashion,English,Text,Asia,3110,1,user_367827,0.000182,0.014168,0.014168,454,1477,9
FAC20250519016372,Science,English,Video,Asia,34,0,user_330898,0.000143,0.006886,0.006886,325,1047,14
FAC20250519016394,Travel,English,Image,Europe,1487,0,user_277293,0.00018,0.016472,0.016472,453,1477,8
FAC20250519016395,Politics,English,Link,North America,468,0,user_70645,0.00014,0.009206,0.009206,325,1015,4
FAC20250519016414,Technology,English,Video,North America,668,0,user_147704,0.000175,0.019986,0.019986,447,1445,1
FAC20250520016434,Technology,Portuguese,Video,Asia,45399,1,user_4490,0.000082,0.00531,0.00531,166,511,1
FAC20250520016435,Business,English,Image,Europe,8498,0,user_282808,0.000159,0.011913,0.011913,389,1276,11
FAC20250520016471,Food,Spanish,Link,North America,15881,0,user_8590,0.000072,0.001536,0.001536,120,366,3
FAC20250520016496,Sports,Korean,Link,North America,256,0,user_72317,0.000067,0.001645,0.001645,109,331,5
FAC20250520016510,Sports,English,Video,Europe,221,0,user_203494,0.000164,0.009179,0.009179,382,1227,5
FAC20250520016549,Travel,English,Image,North America,4612,0,user_120021,0.000171,0.01533,0.01533,428,1387,8
FAC20250520016587,Entertainment,German,Text,Asia,4234,0,user_312948,0.000105,0.011471,0.011471,242,746,6
FAC20250520016606,AI/ML,Hindi,Video,Asia,2093,1,user_317778,0.000079,0.004378,0.004378,153,462,12
FAC20250520016607,Food,English,Text,Europe,919,0,user_484446,0.000186,0.013663,0.013663,460,1494,3
FAC20250520016621,Gaming,English,Text,Europe,971,0,user_384117,0.000177,0.013774,0.013774,441,1456,13
FAC20250520016675,Business,Portuguese,Image,North America,22,0,user_239805,0.000093,0.004443,0.004443,191,587,11
FAC20250520016697,Gaming,English,Image,North America,304,0,user_209388,0.000178,0.012856,0.012856,437,1422,13
FAC20250520016705,Food,English,Text,Europe,946,0,user_319019,0.000186,0.013593,0.013593,459,1493,3
FAC20250520016709,Sports,English,Text,Asia,62,0,user_476879,0.000166,0.009853,0.009853,397,1291,5
FAC20250520016727,Entertainment,English,Text,Asia,7302,1,user_271290,0.000174,0.023223,0.023223,454,1493,6
FAC20250520016731,Food,English,Text,Asia,9171,0,user_251886,0.000166,0.011186,0.011186,403,1313,3
FAC20250520016746,Gaming,English,Text,Asia,7285,0,user_133038,0.000164,0.011615,0.011614,399,1324,13
FAC20250520016759,Education,French,Link,Europe,509,1,user_125145,0.000068,0.002867,0.002867,120,367,2
FAC20250520016766,Finance,English,Poll,North America,194,0,user_363973,0.000131,0.008646,0.008646,303,937,10
FAC20250521016789,Finance,Spanish,Image,Europe,255,0,user_102682,0.000104,0.004276,0.004276,213,668,10
FAC20250521016805,Finance,Korean,Video,North America,726,0,user_462229,0.000078,0.002881,0.002881,146,447,10
FAC20250521016824,Education,Arabic,Text,Oceania,3196,0,user_475145,0.000096,0.006709,0.006709,208,647,2
FAC20250521016825,AI/ML,English,Text,Asia,22192,1,user_319674,0.000162,0.015543,0.015543,405,1318,12
FAC20250521016834,Food,Portuguese,Text,North America,227,0,user_125376,0.000112,0.005044,0.005044,239,749,3
FAC20250521016842,Sports,English,Text,North America,196,0,user_43326,0.000179,0.01145,0.01145,434,1424,5
FAC20250521016855,Climate,English,Text,Africa,496,0,user_206133,0.000192,0.013895,0.013895,473,1548,0
FAC20250521016882,Science,English,Image,North America,2766,0,user_485893,0.000172,0.009599,0.009599,405,1312,14
FAC20250521016884,Science,French,Video,Asia,827,0,user_121653,0.000092,0.002369,0.002369,173,533,14
FAC20250521016894,Technology,English,Image,Asia,3514,1,user_395360,0.000175,0.02048,0.02048,453,1485,1
FAC20250521016901,Climate,English,Text,Asia,7927,1,user_215542,0.000177,0.010406,0.010406,421,1376,0
FAC20250521016921,Gaming,English,Text,North America,2,0,user_406508,0.000142,0.009423,0.009423,338,1120,13
FAC20250521016923,AI/ML,English,Video,North America,84,0,user_321412,0.000155,0.014677,0.014677,380,1212,12
FAC20250521016965,Gaming,Spanish,Image,North America,53,0,user_360524,0.0001,0.004195,0.004195,204,643,13
FAC20250521016979,Education,Spanish,Text,South America,2238,0,user_363451,0.000116,0.007323,0.007323,256,800,2
FAC20250521017007,Entertainment,German,Video,North America,2762,1,user_386290,0.000082,0.006337,0.006337,167,517,6
FAC20250521017014,Education,English,Text,North America,3630,1,user_487984,0.000185,0.018132,0.018132,473,1538,2
FAC20250521017046,Finance,English,Image,Asia,75535,1,user_102194,0.000146,0.009152,0.009152,344,1111,10
FAC20250521017055,Climate,Japanese,Text,North America,470,0,user_67734,0.000108,0.004663,0.004663,228,706,0
FAC20250521017064,Politics,English,Image,Europe,1641,1,user_205632,0.000183,0.013113,0.013113,449,1451,4
FAC20250521017076,Business,English,Poll,Europe,488,0,user_124426,0.000136,0.01024,0.01024,322,993,11
FAC20250521017091,Travel,English,Poll,Oceania,2161,1,user_398058,0.000131,0.011993,0.011993,316,987,8
FAC20250521017103,AI/ML,English,Image,North America,107,0,user_332521,0.000181,0.01762,0.01762,459,1494,12
FAC20250521017118,Health,French,Text,Europe,1449,0,user_499221,0.000108,0.008772,0.008772,243,748,7
FAC20250521017151,Science,English,Link,North America,11050,1,user_229380,0.000134,0.006565,0.006565,300,936,14
FAC20250521017157,Fashion,Spanish,Link,North America,159,0,user_240123,0.000077,0.002185,0.002185,137,427,9
FAC20250521017167,Gaming,Spanish,Video,Europe,1915,0,user_323253,0.000092,0.002922,0.002922,175,544,13
FAC20250521017173,AI/ML,English,Link,Asia,1916,0,user_92740,0.000153,0.014474,0.014474,373,1169,12
FAC20250521017174,Food,English,Text,North America,296,1,user_434156,0.000189,0.014167,0.014167,468,1525,3
FAC20250521017204,Finance,Portuguese,Image,North America,161,0,user_411367,0.000103,0.004227,0.004227,212,660,10
FAC20250521017218,Fashion,French,Text,Unknown,1575,0,user_321709,0.000104,0.005342,0.005342,222,685,9
FAC20250521017223,Technology,French,Video,North America,59,0,user_210424,0.000084,0.005664,0.005664,171,533,1
FAC20250521017225,Education,Spanish,Image,Europe,4,0,user_369548,0.000093,0.005744,0.005744,197,616,2
FAC20250521017278,Travel,Spanish,Video,South America,325,0,user_107482,0.00009,0.00434,0.00434,180,566,8
FAC20250521017301,Entertainment,English,Video,North America,748,0,user_40437,0.00017,0.022068,0.022068,437,1397,6
FAC20250521017327,Fashion,German,Text,North America,9924,1,user_125387,0.000098,0.00498,0.00498,207,630,9
FAC20250521017329,Science,English,Link,Europe,424,0,user_67935,0.000139,0.006976,0.006976,313,986,14
FAC20250521017347,Health,English,Image,South America,106,0,user_176712,0.000185,0.019216,0.019216,474,1512,7
FAC20250521017353,Sports,English,Image,South America,16827,1,user_51622,0.000154,0.008599,0.008599,361,1168,5
FAC20250521017355,Climate,Chinese,Link,Asia,361,0,user_160691,0.000055,0.001437,0.001437,84,260,0
FAC20250521017412,Sports,English,Video,Europe,7981,1,user_55135,0.000158,0.008737,0.008737,367,1171,5
FAC20250521017423,Climate,English,Text,Europe,123,0,user_300818,0.000173,0.010796,0.010796,416,1364,0
FAC20250521017435,Health,English,Text,North America,1149,0,user_78444,0.000188,0.020859,0.020859,489,1602,7
FAC20250521017446,Finance,English,Image,Unknown,2318,0,user_50477,0.000174,0.01213,0.01213,423,1358,10
FAC20250521017448,Sports,Hindi,Link,Europe,138,0,user_31304,0.000059,0.001091,0.001091,89,273,5
FAC20250521017457,Science,English,Video,Unknown,3407,0,user_90727,0.000163,0.008656,0.008656,379,1216,14
FAC20250521017462,Education,English,Video,North America,1241,0,user_493916,0.000172,0.015862,0.015862,430,1381,2
FAC20250521017476,Science,English,Image,North America,1959,0,user_2197,0.000181,0.010711,0.010711,431,1390,14
FAC20250521017478,Politics,German,Text,North America,1901,0,user_37519,0.000098,0.005045,0.005045,207,646,4
FAC20250521017480,Science,Hindi,Text,Europe,206,0,user_354866,0.000095,0.003318,0.003318,189,582,14
FAC20250521017481,Gaming,English,Text,Europe,150,0,user_150145,0.000178,0.01321,0.01321,438,1438,13
FAC20250521017501,Finance,Japanese,Text,North America,211,0,user_346598,0.0001,0.005034,0.005034,211,654,10
FAC20250521017507,Gaming,Hindi,Text,North America,265,0,user_174583,0.000099,0.0053,0.0053,211,648,13
FAC20250521017525,Science,English,Video,North America,5186,1,user_466040,0.000157,0.008136,0.008136,363,1166,14
FAC20250521017540,Sports,English,Link,North America,1606,1,user_321324,0.000143,0.007762,0.007762,326,1026,5
FAC20250521017563,Entertainment,Spanish,Image,Asia,155,0,user_67084,0.000117,0.009741,0.009741,263,819,6
FAC20250521017601,Climate,English,Link,North America,513,0,user_274868,0.000139,0.007797,0.007797,316,1003,0
FAC20250521017609,Science,English,Image,Europe,12275,1,user_299146,0.000157,0.008029,0.008029,365,1175,14
FAC20250521017636,Science,English,Image,Europe,203,0,user_387882,0.000175,0.009951,0.009951,415,1333,14
FAC20250521017665,Entertainment,English,Text,Asia,5445,1,user_41991,0.000177,0.023728,0.023729,464,1529,6
FAC20250521017669,Entertainment,English,Image,Asia,9576,1,user_427552,0.000174,0.022347,0.022347,450,1450,6
FAC20250521017753,Finance,English,Video,North America,250,0,user_183459,0.00016,0.011073,0.011073,384,1229,10
FAC20250521017757,Health,English,Text,North America,71931,1,user_302462,0.000154,0.016544,0.016543,389,1272,7
FAC20250521017769,Food,English,Text,Europe,50012,1,user_308019,0.000147,0.009014,0.009014,348,1143,3
FAC20250521017779,Food,Spanish,Poll,Asia,13901,0,user_168471,0.000062,0.001207,0.001207,98,299,3
FAC20250521017823,Gaming,English,Video,Europe,93,0,user_275703,0.000151,0.00971,0.00971,352,1111,13
FAC20250521017843,Sports,English,Video,Europe,27,0,user_178130,0.000146,0.007581,0.007581,333,1057,5
FAC20250521017853,Finance,English,Text,Africa,9316,1,user_44913,0.000163,0.011367,0.011367,395,1300,10
FAC20250521017855,Food,English,Text,North America,3525,1,user_111837,0.00018,0.01301,0.01301,442,1434,3
FAC20250521017858,Politics,English,Text,Europe,16729,0,user_226501,0.000156,0.010778,0.010778,378,1242,4
FAC20250521017878,Education,Arabic,Text,Europe,46,0,user_317219,0.00009,0.006027,0.006027,191,585,2
FAC20250521017899,Technology,Japanese,Video,Europe,977,0,user_481895,0.000087,0.006306,0.006306,182,562,1
FAC20250521017910,Science,Hindi,Text,South America,645,0,user_378730,0.000098,0.003488,0.003488,198,609,14
FAC20250521017919,Entertainment,Portuguese,Image,North America,3106,0,user_152254,0.000106,0.00961,0.009611,239,754,6
FAC20250521017932,Food,Portuguese,Image,Asia,2761,0,user_266057,0.000111,0.004773,0.004773,235,731,3
FAC20250521017933,Finance,English,Image,Asia,292,0,user_94106,0.000181,0.01285,0.01285,443,1429,10
FAC20250521017972,Travel,German,Video,Europe,138,0,user_449403,0.000079,0.003556,0.003556,147,451,8
FAC20250521017984,AI/ML,English,Text,North America,123,0,user_100258,0.000175,0.016751,0.016751,439,1426,12
FAC20250521017994,Travel,English,Poll,Asia,5160,1,user_430300,0.000134,0.011991,0.011991,321,986,8
FAC20250521018004,Fashion,Spanish,Text,Asia,3432,1,user_371763,0.000112,0.005561,0.005561,243,777,9
FAC20250521018030,Education,French,Video,North America,1157,0,user_402796,0.000088,0.004601,0.0046,177,556,2
FAC20250521018032,Sports,French,Video,South America,819,0,user_255609,0.000087,0.002365,0.002365,162,499,5
FAC20250521018084,Business,Portuguese,Text,North America,241,0,user_75658,0.000113,0.00619,0.00619,248,770,11
FAC20250521018087,Technology,French,Video,Asia,165,0,user_278748,0.000086,0.005946,0.005946,178,547,1
FAC20250521018129,Fashion,Chinese,Video,Asia,93,0,user_268049,0.000069,0.00233,0.00233,122,375,9
FAC20250521018183,Finance,Spanish,Text,Asia,4427,0,user_411584,0.000107,0.005256,0.005256,227,702,10
FAC20250522018201,Finance,Spanish,Image,North America,407,0,user_313900,0.000104,0.00416,0.00416,212,667,10
FAC20250522018220,Science,English,Text,Asia,185,0,user_80011,0.000183,0.011074,0.011074,440,1421,14
FAC20250522018237,Business,English,Link,Asia,2442,0,user_353768,0.000142,0.01084,0.01084,340,1069,11
FAC20250522018241,Sports,Hindi,Video,North America,53,0,user_299868,0.000076,0.00191,0.00191,134,412,5
FAC20250522018256,Education,English,Text,Europe,248,0,user_344767,0.000189,0.018369,0.018369,483,1569,2
FAC20250522018295,Education,Arabic,Video,Asia,229,0,user_296759,0.000084,0.004657,0.004657,169,518,2
FAC20250522018319,Technology,Portuguese,Image,Europe,1892,1,user_37145,0.00011,0.008785,0.008785,246,762,1
FAC20250522018357,Politics,English,Image,Europe,115,0,user_298264,0.00018,0.012403,0.012403,437,1396,4
FAC20250522018361,Politics,English,Video,North America,333,0,user_390620,0.000158,0.010901,0.010901,380,1233,4
FAC20250522018429,Sports,Arabic,Video,North America,7446,0,user_95685,0.000079,0.002101,0.002101,142,439,5
FAC20250522018433,Climate,Spanish,Video,Europe,561,0,user_13389,0.0001,0.00285,0.00285,190,598,0
FAC20250522018453,Business,English,Poll,Europe,22664,1,user_86163,0.000126,0.00974,0.00974,297,909,11
FAC20250522018503,Health,English,Text,Asia,74,0,user_9505,0.000174,0.018453,0.018453,445,1453,7
FAC20250523018532,Politics,English,Poll,North America,7589,0,user_415960,0.000124,0.008482,0.008482,288,882,4
FAC20250523018612,Finance,German,Video,Europe,1701,0,user_260784,0.000071,0.002401,0.002401,126,385,10
FAC20250523018613,Entertainment,English,Text,Oceania,145,0,user_287690,0.000183,0.024583,0.024583,482,1577,6
FAC20250523018622,Science,English,Text,North America,2372,0,user_223140,0.000183,0.011314,0.011314,439,1426,14
FAC20250523018630,Politics,English,Text,North America,4824,0,user_460767,0.000173,0.012632,0.012631,425,1392,4
FAC20250524018719,Entertainment,English,Text,North America,354,0,user_182086,0.000193,0.02659,0.02659,513,1685,6
FAC20250524018732,Climate,Spanish,Poll,Asia,114620,1,user_157768,0.000055,0.000837,0.000837,79,242,0
FAC20250524018741,Business,English,Text,North America,6915,1,user_207500,0.000173,0.01311,0.01311,427,1399,11
FAC20250524018769,Entertainment,English,Video,North America,4006,0,user_311537,0.00016,0.021041,0.021041,408,1310,6
FAC20250524018773,Finance,English,Video,Asia,3840,0,user_386999,0.000151,0.010408,0.010408,359,1154,10
FAC20250524018854,Gaming,English,Text,Europe,420,0,user_222911,0.000188,0.015471,0.015471,470,1549,13
FAC20250524018865,Entertainment,Portuguese,Text,Oceania,41369,1,user_488844,0.0001,0.010812,0.010813,229,708,6
FAC20250524018891,Business,English,Link,North America,42488,1,user_373185,0.000128,0.009763,0.009763,301,933,11
FAC20250524018928,Travel,English,Text,Europe,62,0,user_376627,0.000172,0.015135,0.015135,431,1410,8
FAC20250524018947,Education,English,Image,Europe,467,0,user_425559,0.000176,0.016567,0.016567,445,1455,2
FAC20250524018987,Fashion,English,Text,Unknown,131,0,user_485944,0.000176,0.012947,0.012947,436,1428,9
FAC20250524019019,Food,French,Poll,Europe,5363,0,user_228476,0.000054,0.001068,0.001068,77,234,3
FAC20250524019031,Sports,English,Text,Europe,726,1,user_133993,0.000186,0.012182,0.012182,451,1468,5
FAC20250524019040,Finance,English,Video,Asia,787,0,user_471439,0.00016,0.011028,0.011028,384,1238,10
FAC20250524019065,Politics,German,Image,Asia,38,0,user_259939,0.000082,0.003193,0.003193,158,488,4
FAC20250524019076,Gaming,French,Text,North America,13106,1,user_68329,0.000104,0.005208,0.005208,221,678,13
FAC20250524019099,AI/ML,English,Video,North America,587,0,user_261815,0.000172,0.016573,0.016573,431,1380,12
FAC20250524019100,Travel,Spanish,Text,Europe,11,0,user_464496,0.0001,0.00638,0.00638,216,666,8
FAC20250524019103,Politics,Spanish,Text,Asia,238,0,user_494947,0.000111,0.005467,0.005467,239,749,4
FAC20250524019143,Business,English,Image,Europe,361,0,user_179392,0.000174,0.01383,0.01383,433,1412,11
FAC20250524019167,Travel,Chinese,Poll,Europe,13,0,user_70250,0.000035,0.000695,0.000695,34,106,8
FAC20250524019183,Education,Spanish,Image,North America,238,0,user_326300,0.000111,0.007083,0.007083,245,774,2
FAC20250524019222,Politics,English,Image,North America,651,0,user_387170,0.000179,0.012399,0.012399,434,1395,4
FAC20250524019224,Technology,English,Link,North America,98,0,user_354853,0.000144,0.017224,0.017224,360,1128,1
FAC20250524019271,Food,English,Image,Europe,105,0,user_335404,0.000174,0.011884,0.011884,425,1389,3
FAC20250524019305,Business,English,Image,Asia,20,0,user_139267,0.000154,0.011335,0.011335,373,1215,11
FAC20250524019313,Fashion,English,Text,Europe,927,0,user_11928,0.000189,0.014851,0.014851,473,1540,9
FAC20250524019350,Education,French,Text,North America,9175,0,user_398713,0.000096,0.006276,0.006276,204,626,2
FAC20250524019380,Travel,Korean,Text,Asia,724,0,user_168162,0.000103,0.006773,0.006773,224,692,8
FAC20250524019390,Gaming,French,Image,Asia,7440,0,user_275073,0.000101,0.004341,0.004341,209,646,13
FAC20250524019405,Gaming,English,Link,Asia,668,0,user_492782,0.000141,0.009647,0.009647,330,1037,13
FAC20250524019412,Business,English,Video,Europe,269,0,user_143821,0.00016,0.012399,0.012399,390,1242,11
FAC20250524019440,AI/ML,Spanish,Image,Oceania,3512,0,user_393509,0.000113,0.007458,0.007458,250,784,12
FAC20250524019464,Fashion,English,Image,North America,172,0,user_86058,0.000172,0.012654,0.012654,422,1380,9
FAC20250524019490,Climate,English,Video,North America,3130,1,user_274063,0.000165,0.009751,0.009751,386,1221,0
FAC20250524019520,Travel,English,Video,Europe,377,0,user_346415,0.000164,0.013999,0.013999,401,1287,8
FAC20250524019564,Entertainment,English,Image,Oceania,56,0,user_392842,0.000175,0.022653,0.022654,454,1465,6
FAC20250524019592,AI/ML,English,Image,Asia,5405,0,user_128079,0.000174,0.016787,0.016787,439,1444,12
FAC20250524019607,Science,English,Text,North America,137,0,user_436792,0.000175,0.01011,0.01011,417,1352,14
FAC20250524019612,Food,English,Text,North America,2291,0,user_182405,0.000182,0.013367,0.013367,449,1460,3
FAC20250524019637,Travel,Korean,Text,North America,29933,1,user_326133,0.000096,0.006297,0.006297,206,627,8
FAC20250524019691,Health,Arabic,Poll,North America,442,0,user_411311,0.000048,0.002163,0.002163,70,215,7
FAC20250524019695,Fashion,Korean,Text,Oceania,1615,0,user_442574,0.000099,0.005189,0.005189,211,648,9
FAC20250524019700,Science,Spanish,Image,North America,306,0,user_162148,0.000111,0.003339,0.003339,224,694,14
FAC20250524019730,Science,Hindi,Video,Europe,1497,0,user_421863,0.000082,0.002187,0.002187,151,466,14
FAC20250524019732,Politics,English,Image,Europe,257,0,user_122316,0.000176,0.012476,0.012476,430,1387,4
FAC20250524019777,AI/ML,English,Image,Europe,2371,0,user_177079,0.000174,0.017237,0.017237,442,1457,12
FAC20250524019781,Climate,Portuguese,Text,North America,3580,0,user_314043,0.000109,0.004601,0.004601,228,717,0
FAC20250524019834,AI/ML,English,Link,Europe,7,0,user_367227,0.000135,0.01315,0.01315,324,1000,12
FAC20250524019840,Climate,English,Text,Asia,7281,0,user_390432,0.000175,0.010406,0.010406,417,1362,0
FAC20250524019841,Travel,Spanish,Link,Asia,1510,0,user_226022,0.000075,0.003161,0.003161,138,426,8
FAC20250524019849,Travel,Spanish,Link,North America,239,0,user_350498,0.000074,0.002918,0.002918,134,411,8
FAC20250524019869,Technology,English,Video,North America,67,0,user_53517,0.000157,0.018209,0.018209,398,1284,1
FAC20250524019903,Business,English,Text,North America,2102,0,user_313773,0.000185,0.015449,0.015449,466,1527,11
FAC20250525019944,Education,English,Text,North America,1333,0,user_315363,0.000191,0.018575,0.018575,488,1585,2
FAC20250525019946,Sports,English,Text,Europe,677,1,user_250968,0.000186,0.012251,0.012251,451,1468,5
FAC20250525019992,Climate,Spanish,Text,Asia,1357,0,user_271872,0.000124,0.005277,0.005277,266,838,0
FAC20250525019997,Technology,English,Text,Asia,85,0,user_239563,0.000173,0.020217,0.020217,447,1457,1
FAC20250525020011,Finance,English,Video,Africa,659,0,user_37820,0.000165,0.011706,0.011706,399,1280,10
FAC20250525020024,Gaming,English,Image,Europe,1470,0,user_144877,0.00018,0.013342,0.013342,442,1442,13
FAC20250525020034,Health,English,Text,Asia,136,1,user_316621,0.000177,0.018999,0.018999,455,1497,7
FAC20250525020099,Education,English,Text,North America,741,0,user_233707,0.000195,0.018844,0.018844,498,1617,2
FAC20250525020108,Politics,Portuguese,Video,North America,768,0,user_312365,0.000096,0.003412,0.003412,188,593,4
FAC20250525020122,Sports,English,Image,Europe,2207,0,user_133016,0.000173,0.010829,0.010829,414,1336,5
FAC20250525020133,Climate,Spanish,Text,Asia,1284,0,user_291698,0.000123,0.005198,0.005198,263,831,0
FAC20250525020153,Food,English,Video,Asia,1797,1,user_105734,0.000158,0.010314,0.010314,374,1187,3
FAC20250525020229,Politics,Portuguese,Image,Europe,1196,0,user_163192,0.000111,0.004287,0.004287,229,710,4
FAC20250525020269,Climate,Spanish,Image,Europe,2544,0,user_269044,0.000105,0.003428,0.003428,208,643,0
FAC20250525020297,Finance,English,Video,Asia,121,0,user_135372,0.000148,0.009781,0.00978,350,1124,10
FAC20250525020299,Gaming,English,Text,North America,48,0,user_490562,0.000162,0.011398,0.011398,394,1299,13
FAC20250525020409,Food,Arabic,Video,Asia,106,0,user_281532,0.000068,0.002144,0.002144,118,357,3
FAC20250525020438,Health,Spanish,Text,Europe,441,0,user_71155,0.000116,0.008958,0.008958,263,828,7
FAC20250525020445,Travel,English,Image,Africa,971,0,user_351875,0.000182,0.017114,0.017114,462,1496,8
FAC20250525020452,Business,English,Video,Asia,8271,0,user_191140,0.000153,0.011537,0.011537,368,1168,11
FAC20250525020457,Business,Spanish,Poll,South America,179,0,user_430980,0.000059,0.001713,0.001713,94,290,11
FAC20250525020471,Sports,Spanish,Text,North America,401,0,user_181086,0.000116,0.004512,0.004512,244,772,5
FAC20250525020484,Sports,English,Text,Europe,49,0,user_367133,0.000163,0.009454,0.009454,386,1250,5
FAC20250525020509,Entertainment,Japanese,Image,Asia,8176,1,user_58379,0.000098,0.008662,0.008662,216,668,6
FAC20250525020510,Gaming,English,Poll,North America,420,0,user_261711,0.000133,0.009007,0.009007,309,962,13
FAC20250525020516,Technology,Spanish,Image,Asia,11700,1,user_450064,0.000108,0.008233,0.008233,240,750,1
FAC20250525020523,AI/ML,English,Video,Asia,990,0,user_326425,0.000166,0.015727,0.015727,412,1326,12
FAC20250525020533,Food,English,Image,North America,3796,1,user_147440,0.000176,0.012109,0.012109,429,1391,3
FAC20250525020536,Entertainment,Korean,Image,Asia,9033,1,user_43407,0.000093,0.008547,0.008547,204,622,6
FAC20250525020546,AI/ML,English,Text,Europe,479,0,user_40470,0.000196,0.020332,0.020332,504,1629,12
FAC20250525020556,Entertainment,Portuguese,Image,Europe,667,0,user_57497,0.00011,0.009769,0.009769,249,784,6
FAC20250525020637,Education,English,Image,South America,98,0,user_450484,0.000175,0.016522,0.016522,442,1430,2
FAC20250525020642,Entertainment,English,Video,Europe,864,0,user_426854,0.000167,0.021803,0.021803,429,1382,6
FAC20250525020696,Education,Japanese,Video,North America,132,0,user_450474,0.000081,0.004128,0.004128,159,482,2
FAC20250525020703,Science,German,Video,Europe,483,0,user_368979,0.000085,0.002288,0.002288,157,489,14
FAC20250525020742,Business,English,Link,South America,115,0,user_435624,0.000139,0.010495,0.010495,330,1037,11
FAC20250525020755,Sports,French,Text,North America,9354,1,user_225414,0.000099,0.00392,0.00392,204,624,5
FAC20250525020758,Gaming,English,Image,Europe,10655,0,user_457183,0.000162,0.010726,0.010726,389,1264,13
FAC20250525020773,Education,Portuguese,Poll,North America,6834,1,user_274207,0.000057,0.001962,0.001962,93,284,2
FAC20250525020816,Technology,English,Text,Asia,233,0,user_286522,0.000186,0.021969,0.021969,484,1567,1
FAC20250525020832,Sports,English,Text,Asia,63,0,user_134220,0.000166,0.009801,0.009801,396,1289,5
FAC20250525020862,Business,Portuguese,Image,Asia,901,0,user_54489,0.000105,0.005213,0.005213,222,692,11
FAC20250525020907,Health,English,Text,Africa,46,0,user_249351,0.000168,0.017801,0.017801,427,1399,7
FAC20250525020908,Sports,English,Text,North America,1820,0,user_153494,0.000183,0.01225,0.01225,446,1458,5
FAC20250525020917,Sports,English,Image,North America,3547,0,user_411868,0.000172,0.010367,0.010367,409,1317,5
FAC20250525020945,Fashion,English,Text,Africa,749,0,user_469163,0.000189,0.014924,0.014924,474,1536,9
FAC20250525020951,Education,Spanish,Image,Europe,378,0,user_80844,0.000108,0.006774,0.006774,236,744,2
FAC20250525020956,Entertainment,Portuguese,Video,South America,7778,0,user_144721,0.000088,0.006319,0.006319,181,555,6
FAC20250525020964,Business,English,Image,Asia,320,0,user_398568,0.000174,0.013951,0.013951,434,1415,11
FAC20250525020993,Technology,Portuguese,Video,Asia,1046,0,user_468618,0.000095,0.006727,0.006727,200,626,1
FAC20250525021001,AI/ML,Portuguese,Image,North America,7714,0,user_93471,0.0001,0.006895,0.006895,217,677,12
FAC20250525021024,Gaming,Spanish,Text,Europe,771,0,user_163159,0.00012,0.00609,0.00609,264,828,13
FAC20250525021051,Education,Hindi,Link,Europe,4245,0,user_233600,0.000055,0.002245,0.002245,87,266,2
FAC20250525021066,Gaming,Arabic,Poll,South America,49,0,user_25892,0.00004,0.000711,0.000711,46,139,13
FAC20250525021077,Climate,French,Image,North America,366,0,user_327885,0.000095,0.00313,0.00313,185,570,0
FAC20250525021088,Politics,Spanish,Text,North America,5014,0,user_336305,0.000105,0.005031,0.005031,223,701,4
FAC20250525021100,Education,French,Text,Africa,1454,1,user_307820,0.000103,0.006846,0.006845,224,703,2
FAC20250525021107,AI/ML,English,Text,Asia,45,0,user_306627,0.000164,0.01589,0.01589,410,1334,12
FAC20250525021122,Health,English,Image,North America,1738,1,user_151945,0.000189,0.01977,0.019769,485,1559,7
FAC20250525021145,Politics,Arabic,Text,North America,2151,0,user_182854,0.000097,0.005003,0.005003,205,637,4
FAC20250525021154,Sports,English,Text,North America,333,0,user_103305,0.000187,0.013182,0.013182,457,1489,5
FAC20250525021161,Travel,English,Text,Asia,586,0,user_356959,0.000191,0.018041,0.018041,488,1598,8
FAC20250525021169,Education,Hindi,Video,Europe,54,0,user_243192,0.000076,0.003786,0.003786,145,443,2
FAC20250525021180,Fashion,English,Image,North America,1804,0,user_260218,0.000178,0.013551,0.013551,440,1440,9
FAC20250525021225,Business,English,Image,South America,14201,1,user_214990,0.000157,0.011674,0.011674,384,1259,11
FAC20250525021252,AI/ML,English,Image,North America,6818,1,user_488673,0.000168,0.01614,0.01614,422,1393,12
FAC20250525021253,Gaming,Portuguese,Image,North America,776,0,user_261084,0.00011,0.004722,0.004722,229,708,13
FAC20250525021291,Politics,English,Video,North America,766,0,user_420786,0.000162,0.011193,0.011193,391,1266,4
FAC20250525021306,Business,English,Text,Europe,3858,1,user_21644,0.000185,0.015111,0.015111,465,1513,11
FAC20250525021319,Fashion,Spanish,Text,Asia,4122,0,user_418293,0.000113,0.005484,0.005484,244,780,9
FAC20250525021322,Gaming,English,Video,North America,8543,1,user_478036,0.000157,0.010385,0.010385,371,1170,13
FAC20250525021325,Travel,Spanish,Video,South America,383,0,user_167218,0.000089,0.004212,0.004212,176,552,8
FAC20250525021355,Climate,German,Video,Europe,711,1,user_233768,0.000081,0.002175,0.002175,145,443,0
FAC20250525021401,Finance,English,Poll,Africa,222,0,user_12208,0.00013,0.008597,0.008596,300,931,10
FAC20250525021404,Business,English,Text,Europe,3276,1,user_23678,0.000186,0.015069,0.015068,466,1525,11
FAC20250525021405,Travel,Arabic,Image,South America,51,0,user_231587,0.000085,0.004791,0.004791,173,527,8
FAC20250525021413,Finance,Japanese,Image,Oceania,618,0,user_211888,0.000099,0.004131,0.004131,200,617,10
FAC20250525021421,AI/ML,English,Image,North America,10135,0,user_77658,0.000165,0.015819,0.015819,414,1364,12
FAC20250525021430,Travel,English,Text,Europe,1697,1,user_457831,0.000184,0.017214,0.017214,469,1537,8
FAC20250525021434,Travel,Japanese,Video,Asia,1097,1,user_237363,0.000079,0.003559,0.003559,148,460,8
FAC20250525021451,Entertainment,English,Poll,Asia,18,0,user_275787,0.000127,0.018595,0.018595,319,971,6
FAC20250525021487,Entertainment,English,Text,Europe,383,0,user_248061,0.00019,0.0264,0.026401,506,1664,6
FAC20250525021506,Gaming,Portuguese,Image,North America,1366,0,user_167138,0.000105,0.00454,0.00454,218,679,13
FAC20250525021508,Climate,Japanese,Link,Asia,24,0,user_449440,0.000055,0.001139,0.001139,82,251,0
FAC20250525021532,Science,Spanish,Image,Europe,8918,0,user_134371,0.000103,0.002882,0.002882,203,633,14
FAC20250525021555,Entertainment,Japanese,Text,Asia,3006,1,user_314188,0.000111,0.011822,0.011822,257,795,6
FAC20250526021573,Business,Spanish,Video,Europe,176,0,user_217269,0.000085,0.003148,0.003148,161,503,11
FAC20250526021593,Health,English,Image,Asia,57,0,user_390362,0.000174,0.017722,0.017722,441,1419,7
FAC20250526021598,Science,Spanish,Poll,North America,41422,1,user_249006,0.000054,0.000697,0.000697,78,240,14
FAC20250526021599,Politics,English,Text,Europe,189,0,user_171242,0.000177,0.013176,0.013176,438,1428,4
FAC20250526021601,Travel,English,Image,North America,1770,0,user_208366,0.000176,0.01603,0.01603,444,1449,8
FAC20250526021629,Entertainment,English,Text,South America,2487,0,user_204628,0.000186,0.025042,0.025043,490,1618,6
FAC20250526021635,Health,English,Video,Asia,152,0,user_62606,0.000156,0.016408,0.016408,390,1261,7
FAC20250526021659,Sports,English,Image,Asia,363,0,user_119984,0.000174,0.010767,0.010767,417,1358,5
FAC20250526021660,Health,English,Text,Europe,319,0,user_216686,0.000193,0.021415,0.021415,503,1645,7
FAC20250526021667,Education,English,Image,North America,19032,0,user_133382,0.00016,0.014868,0.014867,400,1294,2
FAC20250526021679,Health,English,Link,Africa,349,0,user_458903,0.000145,0.015531,0.015531,358,1133,7
FAC20250526021692,Finance,Spanish,Link,Oceania,1348,0,user_383579,0.000071,0.001977,0.001977,121,372,10
FAC20250526021709,Travel,Japanese,Video,North America,919,0,user_401814,0.000077,0.003297,0.003297,142,438,8
FAC20250526021725,Health,English,Video,Asia,16422,1,user_278122,0.000144,0.015501,0.015501,357,1152,7
FAC20250526021779,Climate,English,Link,North America,110,0,user_320455,0.000136,0.007925,0.007925,312,992,0
FAC20250526021807,Finance,English,Text,Europe,545,0,user_110445,0.000177,0.013891,0.013891,440,1445,10
FAC20250526021813,Travel,Chinese,Video,North America,13,0,user_86118,0.000067,0.002654,0.002654,115,351,8
FAC20250526021842,Education,Japanese,Video,North America,97,0,user_142687,0.000079,0.003993,0.003993,153,473,2
FAC20250526021845,Fashion,English,Image,North America,955,0,user_420748,0.000177,0.014002,0.014002,441,1439,9
FAC20250526021853,Politics,Arabic,Text,North America,247,0,user_421450,0.000097,0.004992,0.004992,206,637,4
FAC20250527021889,Climate,English,Text,Europe,12360,1,user_126357,0.000167,0.009707,0.009707,394,1289,0
FAC20250527021900,Finance,English,Link,Europe,1312,0,user_315949,0.00014,0.009298,0.009298,327,1031,10
FAC20250527021939,Climate,Spanish,Text,Africa,166,0,user_174211,0.000112,0.004674,0.004674,235,738,0
FAC20250527021950,Education,English,Video,Asia,4,0,user_24866,0.000145,0.013273,0.013273,353,1125,2
FAC20250527021959,Entertainment,English,Text,Asia,229,0,user_219269,0.000185,0.025059,0.02506,489,1604,6
FAC20250527022022,Technology,English,Text,North America,257,0,user_104849,0.000188,0.02246,0.02246,492,1597,1
FAC20250527022032,Politics,French,Image,Asia,1011,0,user_289985,0.000103,0.004169,0.004169,211,653,4
FAC20250527022086,Politics,English,Text,Europe,1460,0,user_393594,0.000179,0.013558,0.013558,443,1460,4
FAC20250527022092,Science,English,Video,North America,943,0,user_322916,0.000162,0.008481,0.008481,375,1208,14
FAC20250527022100,Education,English,Image,Asia,336,0,user_499983,0.000181,0.017155,0.017155,458,1489,2
FAC20250527022111,Politics,English,Link,North America,3864,0,user_438976,0.00014,0.009229,0.009229,325,1008,4
FAC20250527022125,Technology,Korean,Image,Europe,82,0,user_348986,0.00009,0.00779,0.00779,198,610,1
FAC20250527022132,Education,English,Image,Europe,458,0,user_142123,0.000176,0.016608,0.016608,444,1453,2
FAC20250527022142,Sports,English,Image,North America,1819,0,user_200320,0.000181,0.011497,0.011497,436,1414,5
FAC20250527022143,Business,Chinese,Video,North America,204,0,user_380324,0.000071,0.002757,0.002757,127,389,11
FAC20250527022162,Food,English,Text,Asia,643,0,user_304849,0.000186,0.013814,0.013814,460,1498,3
FAC20250529022193,Travel,English,Text,Asia,3550,0,user_279436,0.000182,0.017168,0.017168,465,1521,8
FAC20250529022216,Sports,Spanish,Text,Asia,4786,0,user_13041,0.000114,0.00434,0.00434,238,748,5
FAC20250529022236,Finance,English,Video,Africa,365,0,user_165738,0.000159,0.010911,0.010911,381,1223,10
FAC20250529022243,AI/ML,English,Text,North America,65,0,user_118729,0.000171,0.016622,0.016622,432,1397,12
FAC20250529022251,Food,Portuguese,Link,Europe,330,0,user_426611,0.000073,0.001797,0.001797,124,384,3
FAC20250529022260,Fashion,Spanish,Text,North America,280,0,user_20157,0.00012,0.005998,0.005998,263,829,9
FAC20250529022289,Business,English,Video,North America,31403,1,user_299268,0.00014,0.01022,0.01022,332,1050,11
FAC20250529022291,Business,Japanese,Text,Africa,1922,0,user_307229,0.000103,0.005807,0.005807,222,688,11
FAC20250529022297,Science,English,Link,Asia,8574,0,user_180111,0.000134,0.006609,0.006609,300,940,14
FAC20250529022320,Gaming,Spanish,Text,North America,82,0,user_376514,0.000109,0.0054,0.0054,234,732,13
FAC20250529022345,Education,English,Image,Asia,4117,0,user_335038,0.000173,0.016635,0.016635,438,1430,2
FAC20250529022355,Science,Japanese,Text,North America,19,0,user_217435,0.000087,0.003044,0.003044,171,521,14
FAC20250529022362,Science,Spanish,Video,North America,11844,1,user_440822,0.000091,0.002207,0.002207,170,532,14
FAC20250529022369,Business,Korean,Text,Europe,97,0,user_113277,0.000096,0.005583,0.005583,206,629,11
FAC20250529022374,Education,English,Video,Europe,45827,1,user_249844,0.000148,0.01352,0.01352,362,1155,2
FAC20250529022389,Gaming,English,Image,South America,1,0,user_92918,0.000145,0.00927,0.00927,343,1111,13
FAC20250529022401,Food,Portuguese,Link,North America,223,0,user_270199,0.000075,0.001928,0.001928,130,402,3
FAC20250529022402,Food,English,Text,North America,578,0,user_217652,0.000185,0.013826,0.013826,457,1487,3
FAC20250529022412,Climate,English,Link,North America,2546,0,user_468149,0.00014,0.008212,0.008212,321,1009,0
FAC20250529022423,Science,French,Image,Europe,69,0,user_18042,0.000092,0.002731,0.002731,178,547,14
FAC20250530022466,Politics,English,Text,Asia,2772,1,user_220116,0.000175,0.013183,0.013183,432,1424,4
FAC20250530022468,Sports,Hindi,Image,Europe,34628,1,user_368907,0.000085,0.002863,0.002863,163,498,5
FAC20250530022495,Entertainment,English,Text,Unknown,712,0,user_244136,0.00019,0.025373,0.025374,500,1641,6
FAC20250530022498,AI/ML,Spanish,Text,Europe,8584,1,user_198336,0.000106,0.006893,0.006893,229,709,12
FAC20250530022514,AI/ML,English,Text,North America,928,0,user_94630,0.000187,0.018865,0.018865,479,1562,12
FAC20250530022516,Fashion,Spanish,Link,Europe,3325,0,user_481091,0.000077,0.002052,0.002052,135,422,9
FAC20250530022535,Food,Portuguese,Image,North America,11778,0,user_305632,0.0001,0.004134,0.004134,207,647,3
FAC20250530022574,Fashion,Spanish,Image,Asia,522,0,user_317127,0.000118,0.005499,0.005499,254,798,9
FAC20250530022627,Entertainment,German,Text,North America,1487,0,user_319184,0.000107,0.011706,0.011706,248,765,6
FAC20250530022636,Climate,English,Image,Asia,1638,0,user_180252,0.000177,0.011566,0.011566,425,1367,0
FAC20250530022656,Politics,English,Text,Africa,588,0,user_312802,0.000183,0.014269,0.014269,455,1488,4
FAC20250530022677,Gaming,English,Image,North America,1194,1,user_485136,0.000176,0.013169,0.013169,432,1404,13
FAC20250530022690,AI/ML,French,Text,Europe,2219,0,user_314334,0.0001,0.006815,0.006814,214,668,12
FAC20250530022692,Fashion,English,Link,Asia,102,0,user_311531,0.00014,0.009635,0.009635,328,1020,9
FAC20250530022704,Technology,English,Poll,Asia,1510,0,user_346278,0.000137,0.016883,0.016883,343,1067,1
FAC20250530022723,Business,English,Text,Africa,253,0,user_120838,0.000188,0.01546,0.01546,473,1547,11
FAC20250530022748,Food,English,Video,Africa,1475,0,user_119823,0.000162,0.010817,0.010817,387,1228,3
FAC20250530022764,Technology,English,Text,North America,1707,0,user_287953,0.000187,0.022104,0.022104,486,1579,1
FAC20250530022769,Travel,Japanese,Image,Asia,33,0,user_111967,0.000083,0.004702,0.004701,168,515,8
FAC20250530022779,Finance,Spanish,Text,North America,6349,0,user_7631,0.000105,0.005144,0.005144,222,684,10
FAC20250530022784,Sports,German,Text,North America,231,0,user_474280,0.000102,0.004192,0.004192,210,655,5
FAC20250530022796,Gaming,Spanish,Link,North America,13955,1,user_61314,0.00007,0.001727,0.001727,119,363,13
FAC20250530022842,AI/ML,English,Image,Europe,567,0,user_289664,0.000174,0.016915,0.016914,440,1455,12
FAC20250530022851,Finance,English,Video,Europe,213,0,user_161887,0.000156,0.010615,0.010615,372,1193,10
FAC20250530022856,Politics,Portuguese,Image,Europe,6305,1,user_266577,0.000104,0.003814,0.003814,209,649,4
FAC20250530022883,Gaming,English,Image,Europe,1565,0,user_44327,0.000182,0.013365,0.013365,448,1456,13
FAC20250530022915,Finance,Korean,Text,Asia,1553,0,user_291660,0.000094,0.004886,0.004886,197,603,10
FAC20250530022925,Gaming,French,Image,North America,356,0,user_10995,0.000103,0.004474,0.004474,213,668,13
FAC20250530022954,Education,French,Link,South America,985,0,user_310230,0.000066,0.002855,0.002855,115,356,2
FAC20250530022960,Health,Spanish,Text,North America,20,0,user_266078,0.000102,0.008168,0.008168,228,712,7
FAC20250530022978,Gaming,Spanish,Text,Europe,9455,0,user_147282,0.000109,0.005496,0.005496,235,741,13
FAC20250530022979,Business,Spanish,Text,Unknown,36,0,user_404299,0.000102,0.005608,0.005608,220,684,11
FAC20250530023018,Travel,Japanese,Image,Europe,144,0,user_81265,0.000092,0.005407,0.005407,190,581,8
FAC20250530023035,Entertainment,English,Poll,Oceania,3120,1,user_295328,0.000136,0.019302,0.019302,343,1067,6
FAC20250530023069,Climate,Spanish,Text,Europe,47,0,user_454464,0.000111,0.004565,0.004565,232,722,0
FAC20250530023072,Entertainment,English,Image,North America,730,0,user_138117,0.00019,0.024395,0.024396,495,1598,6
FAC20250530023087,Entertainment,English,Image,South America,2498,0,user_425813,0.00018,0.023335,0.023335,468,1523,6
FAC20250530023118,Gaming,Korean,Image,North America,16897,1,user_207593,0.000089,0.00381,0.00381,177,544,13
FAC20250530023133,AI/ML,Spanish,Image,North America,385,0,user_387800,0.000114,0.007578,0.007578,251,790,12
FAC20250530023142,AI/ML,English,Video,North America,952,1,user_11899,0.000165,0.015606,0.015605,408,1314,12
FAC20250530023154,Sports,English,Video,Europe,10064,1,user_80078,0.000158,0.008568,0.008568,366,1157,5
FAC20250530023158,AI/ML,Korean,Link,Asia,40,0,user_65374,0.000052,0.001733,0.001733,75,227,12
FAC20250530023181,Gaming,Arabic,Text,North America,435,0,user_5194,0.000102,0.005318,0.005318,216,665,13
FAC20250530023189,Education,English,Text,North America,1,0,user_229526,0.000151,0.013998,0.013998,374,1212,2
FAC20250530023196,Politics,Portuguese,Video,Asia,955,0,user_227136,0.000096,0.003434,0.003434,188,594,4
FAC20250530023201,Sports,English,Image,Asia,205,0,user_241364,0.000175,0.010689,0.010689,419,1369,5
FAC20250530023204,Gaming,English,Text,South America,156,0,user_250943,0.000178,0.013304,0.013304,440,1446,13
FAC20250530023301,Entertainment,English,Text,North America,3885,1,user_191239,0.000184,0.024864,0.024865,485,1596,6
FAC20250530023305,Education,Japanese,Text,Asia,93,0,user_153677,0.000093,0.006364,0.006364,199,611,2
FAC20250530023326,Climate,English,Text,Asia,3459,0,user_276067,0.000183,0.012439,0.012439,447,1461,0
FAC20250530023334,Entertainment,English,Video,Europe,196,0,user_437111,0.000164,0.021238,0.021238,418,1330,6
FAC20250530023335,Climate,English,Video,Europe,461,0,user_186862,0.000166,0.009703,0.009703,388,1237,0
FAC20250530023348,Business,English,Video,North America,2212,1,user_148142,0.000159,0.01199,0.01199,385,1225,11
FAC20250530023352,AI/ML,English,Link,Europe,665,0,user_493582,0.000151,0.014443,0.014443,368,1154,12
FAC20250530023356,Finance,English,Image,Europe,24,0,user_192014,0.000155,0.010039,0.010039,369,1190,10
FAC20250530023373,Finance,English,Image,North America,132,0,user_394142,0.000178,0.012628,0.012628,436,1406,10
FAC20250530023396,AI/ML,English,Image,Asia,587,0,user_476858,0.000175,0.017021,0.01702,442,1463,12
FAC20250530023408,Entertainment,English,Video,Unknown,12340,1,user_6599,0.000153,0.020253,0.020253,387,1234,6
FAC20250530023427,Science,English,Video,Oceania,603,0,user_288955,0.00017,0.009426,0.009426,398,1273,14
FAC20250530023451,Entertainment,Portuguese,Image,Europe,482,0,user_390176,0.000106,0.009919,0.009919,240,753,6
FAC20250530023452,Gaming,Portuguese,Video,North America,549,0,user_333650,0.000083,0.002452,0.002452,149,464,13
FAC20250530023458,Fashion,Spanish,Image,South America,137,0,user_5154,0.00011,0.004993,0.004993,235,743,9
FAC20250530023459,Finance,English,Link,Unknown,7433,1,user_448872,0.000132,0.008855,0.008855,307,966,10
FAC20250530023502,Travel,German,Image,Asia,7726,1,user_291021,0.000086,0.004974,0.004974,176,538,8
FAC20250530023598,Science,German,Text,Asia,808,0,user_3822,0.000103,0.003674,0.003674,209,647,14
FAC20250530023602,Climate,English,Link,Asia,871,0,user_319085,0.000138,0.008106,0.008106,317,1008,0
FAC20250530023624,Gaming,Spanish,Image,Asia,205,0,user_100095,0.000114,0.004858,0.004858,241,759,13
FAC20250530023638,Health,French,Video,North America,37,0,user_317194,0.000075,0.004363,0.004363,145,445,7
FAC20250530023654,AI/ML,Korean,Video,Asia,289,0,user_186358,0.000075,0.004134,0.004134,143,441,12
FAC20250530023690,Science,Japanese,Image,Africa,557,0,user_301318,0.000094,0.002952,0.002952,185,568,14
FAC20250530023702,Fashion,Chinese,Video,North America,259,0,user_375216,0.000071,0.002434,0.002434,126,386,9
FAC20250530023741,Travel,Chinese,Video,Europe,225,1,user_69173,0.000075,0.003341,0.003341,137,419,8
FAC20250530023745,AI/ML,Chinese,Link,North America,7578,0,user_117857,0.000053,0.002025,0.002025,79,241,12
FAC20250530023781,Travel,Portuguese,Link,North America,765,0,user_497750,0.000074,0.002662,0.002662,133,409,8
FAC20250530023788,Entertainment,Hindi,Video,Asia,5847,0,user_229737,0.000074,0.005441,0.005441,146,445,6
FAC20250530023800,Health,Spanish,Video,North America,269,0,user_38239,0.000095,0.00582,0.00582,198,616,7
FAC20250530023801,Climate,English,Text,Asia,17287,0,user_464961,0.000164,0.009595,0.009595,388,1268,0
FAC20250530023838,Entertainment,English,Image,North America,29,0,user_225457,0.000166,0.021766,0.021767,427,1370,6
FAC20250530023847,Gaming,English,Text,Europe,17563,0,user_309026,0.000158,0.010903,0.010903,382,1264,13
FAC20250530023859,Travel,English,Poll,Europe,600,0,user_379582,0.000136,0.012177,0.012177,328,1020,8
FAC20250531023885,Finance,Chinese,Text,Oceania,2717,0,user_448859,0.000092,0.004746,0.004746,190,580,10
FAC20250531023888,AI/ML,Portuguese,Image,Europe,2380,0,user_248789,0.000107,0.007378,0.007378,234,727,12
FAC20250531023900,Food,English,Text,North America,9481,0,user_384889,0.000165,0.011049,0.011049,401,1308,3
FAC20250531023914,Sports,Spanish,Link,Europe,2689,0,user_8880,0.000077,0.00151,0.00151,131,405,5
FAC20250531023971,Sports,English,Link,Europe,360,0,user_123058,0.00014,0.00766,0.00766,319,1007,5
FAC20250601024002,Climate,English,Text,Asia,3701,1,user_254612,0.000184,0.01241,0.01241,448,1462,0
FAC20250601024010,AI/ML,English,Video,Europe,647,0,user_288250,0.000172,0.016574,0.016574,431,1379,12
FAC20250601024018,Science,English,Text,Europe,2130,0,user_265751,0.000184,0.011476,0.011476,442,1436,14
FAC20250601024037,Gaming,Korean,Link,North America,7559,0,user_259352,0.000056,0.001528,0.001528,87,263,13
FAC20250601024052,Business,Spanish,Text,Asia,32887,1,user_63256,0.000102,0.005572,0.005572,220,685,11
FAC20250601024056,Health,Spanish,Text,North America,2557,1,user_462480,0.000113,0.008978,0.008978,258,813,7
FAC20250601024069,Entertainment,English,Image,Asia,8,0,user_285310,0.000156,0.020874,0.020875,400,1283,6
FAC20250601024082,Gaming,Spanish,Text,North America,1133,0,user_30841,0.000118,0.005982,0.005982,258,805,13
FAC20250601024124,Entertainment,English,Text,North America,52,0,user_261339,0.000172,0.023046,0.023047,448,1477,6
FAC20250601024144,Education,Arabic,Text,North America,4675,0,user_453956,0.000092,0.006391,0.006391,197,610,2
FAC20250601024164,Education,English,Text,Africa,366,0,user_38570,0.000195,0.019894,0.019894,502,1624,2
FAC20250601024180,Fashion,Arabic,Text,Europe,3980,0,user_452749,0.000102,0.005173,0.005173,216,671,9
FAC20250601024226,Business,English,Text,Asia,955,0,user_157638,0.000186,0.015349,0.015349,468,1530,11
FAC20250601024246,AI/ML,English,Image,Asia,37,0,user_251108,0.00016,0.0153,0.0153,399,1312,12
FAC20250601024264,Education,English,Video,Europe,424,0,user_362539,0.000171,0.015479,0.015479,424,1364,2
FAC20250601024272,Science,English,Image,Asia,110,0,user_101602,0.000174,0.009809,0.009809,411,1319,14
FAC20250601024338,Business,Spanish,Text,Europe,2057,0,user_475526,0.000113,0.006235,0.006235,248,780,11
FAC20250601024352,Health,French,Video,Europe,26848,1,user_294233,0.000072,0.004166,0.004166,137,424,7
FAC20250601024356,Health,Arabic,Image,North America,10179,0,user_269425,0.000094,0.006589,0.006589,202,617,7
FAC20250601024384,Entertainment,English,Image,Europe,1049,0,user_405699,0.000188,0.024942,0.024943,495,1602,6
FAC20250601024407,Technology,English,Text,North America,930,0,user_499117,0.000193,0.022743,0.022743,503,1630,1
FAC20250601024446,Technology,Korean,Image,Africa,109,0,user_310338,0.000094,0.007831,0.007831,205,628,1
FAC20250601024500,Sports,English,Image,Europe,827,0,user_354053,0.000178,0.01151,0.01151,429,1385,5
FAC20250601024514,Entertainment,English,Text,South America,19997,1,user_158295,0.000166,0.022512,0.022513,432,1416,6
FAC20250601024527,Climate,German,Video,Europe,53,0,user_99843,0.000076,0.001904,0.001904,132,403,0
FAC20250601024537,Entertainment,English,Image,Asia,86,0,user_80921,0.00018,0.023371,0.023372,470,1507,6
FAC20250601024584,Technology,English,Text,Europe,2556,0,user_321309,0.000187,0.022239,0.022239,487,1585,1
FAC20250601024599,Sports,French,Image,Europe,108174,1,user_189793,0.000084,0.002903,0.002903,163,499,5
FAC20250601024600,Technology,English,Link,Asia,846,0,user_210455,0.000148,0.017651,0.017651,373,1176,1
FAC20250601024605,Fashion,Spanish,Image,North America,1670,0,user_405624,0.000119,0.005493,0.005493,257,801,9
FAC20250601024615,Business,Portuguese,Video,Africa,21,0,user_93107,0.00007,0.002353,0.002353,123,378,11
FAC20250601024620,Entertainment,English,Text,North America,171,0,user_341829,0.000187,0.024931,0.024932,492,1609,6
FAC20250601024633,Sports,English,Text,South America,1656,0,user_462508,0.000183,0.012037,0.012036,445,1453,5
FAC20250601024646,Business,English,Image,South America,31,0,user_154405,0.000155,0.011653,0.011653,379,1235,11
FAC20250601024654,Technology,Portuguese,Text,South America,7,0,user_207816,0.000091,0.00751,0.00751,197,602,1
FAC20250601024688,Politics,English,Text,North America,658,0,user_383948,0.000183,0.014205,0.014205,455,1486,4
FAC20250601024689,Fashion,English,Poll,Europe,1047,0,user_362922,0.000131,0.009413,0.009413,309,959,9
FAC20250601024691,Travel,Portuguese,Image,Europe,37364,1,user_407614,0.000089,0.004909,0.004909,184,572,8
FAC20250601024702,Entertainment,English,Link,North America,8284,0,user_287191,0.000136,0.019211,0.019212,343,1073,6
FAC20250601024731,Education,Portuguese,Image,Europe,210,0,user_162443,0.000108,0.006772,0.006772,234,724,2
FAC20250601024732,Technology,Arabic,Video,Europe,54,0,user_403522,0.000076,0.005314,0.005314,152,471,1
FAC20250601024775,Sports,English,Video,Asia,644,0,user_305021,0.000172,0.010206,0.010206,406,1295,5
FAC20250601024779,Politics,English,Video,North America,145,0,user_282291,0.00015,0.010023,0.010023,357,1151,4
FAC20250601024843,Technology,English,Image,North America,3797,1,user_198161,0.000177,0.020765,0.020765,459,1505,1
FAC20250601024867,Technology,English,Text,Asia,2091,0,user_160173,0.000186,0.022222,0.022222,484,1576,1
FAC20250601024871,Politics,German,Image,South America,423,0,user_177199,0.000092,0.003605,0.003605,182,565,4
FAC20250601024873,Health,French,Text,South America,11635,0,user_234292,0.000099,0.007913,0.007913,220,686,7
FAC20250601024910,Education,English,Text,Asia,8,0,user_178667,0.000152,0.014038,0.014038,376,1219,2
FAC20250602024918,Politics,English,Video,Asia,135,0,user_65513,0.00015,0.010004,0.010004,357,1152,4
FAC20250602024953,Education,Japanese,Text,Europe,262,0,user_451586,0.000097,0.006665,0.006665,210,654,2
FAC20250603024968,Entertainment,English,Image,Asia,10131,1,user_401746,0.000173,0.022286,0.022287,447,1440,6
FAC20250603024971,Climate,Hindi,Text,North America,65,0,user_83565,0.000099,0.004283,0.004283,204,622,0
FAC20250603025029,Travel,Arabic,Video,Asia,8614,1,user_266008,0.000075,0.003128,0.003128,137,416,8
FAC20250603025041,Entertainment,English,Poll,Asia,2055,0,user_261418,0.000137,0.019292,0.019292,345,1074,6
FAC20250603025045,Technology,English,Text,Europe,443,0,user_118146,0.000196,0.024007,0.024007,514,1663,1
FAC20250603025047,Education,English,Text,Unknown,2062,0,user_234805,0.000192,0.018897,0.018897,492,1591,2
FAC20250603025067,Climate,English,Text,Asia,680,0,user_230956,0.000188,0.012743,0.012743,458,1494,0
FAC20250603025082,Climate,English,Link,North America,939,0,user_238409,0.000139,0.008157,0.008157,319,1015,0
FAC20250603025095,Education,English,Image,North America,2322,1,user_97265,0.00018,0.016981,0.016981,454,1476,2
FAC20250603025096,AI/ML,Japanese,Image,North America,172,0,user_271330,0.000098,0.006946,0.006946,213,656,12
FAC20250603025151,Climate,Korean,Text,Europe,52018,1,user_373801,0.000095,0.00419,0.00419,197,598,0
FAC20250603025172,Climate,French,Text,Asia,7616,0,user_214938,0.000111,0.004524,0.004524,231,713,0
FAC20250603025239,Entertainment,Spanish,Text,North America,147,0,user_24662,0.000119,0.012073,0.012074,277,863,6
FAC20250603025267,Politics,French,Video,Europe,1005,0,user_217729,0.000087,0.003321,0.003321,171,535,4
FAC20250603025274,Fashion,Portuguese,Video,Asia,10133,0,user_231951,0.000077,0.002307,0.002307,138,434,9
FAC20250603025288,Science,French,Image,North America,329,0,user_385390,0.000096,0.002998,0.002998,189,584,14
FAC20250603025310,Fashion,English,Image,Asia,1070,0,user_144386,0.000176,0.014036,0.014036,438,1432,9
FAC20250603025321,Technology,English,Text,Unknown,1225,0,user_20836,0.000192,0.02271,0.02271,502,1626,1
FAC20250603025339,Science,Portuguese,Image,Asia,11,0,user_491872,0.000089,0.002506,0.002506,170,519,14
FAC20250603025351,Education,German,Image,North America,131,0,user_19213,0.000091,0.005737,0.005737,191,587,2
FAC20250603025364,Business,Spanish,Image,Asia,9956,0,user_192415,0.000099,0.00486,0.00486,209,648,11
FAC20250603025377,Health,Korean,Image,Asia,533,0,user_70293,0.000096,0.006952,0.006952,207,638,7
FAC20250603025391,AI/ML,English,Text,North America,108,0,user_340947,0.00017,0.016371,0.016371,427,1386,12
FAC20250604025455,AI/ML,English,Image,North America,48,0,user_472899,0.000162,0.015644,0.015643,407,1341,12
FAC20250605025511,Gaming,English,Text,Asia,8451,1,user_356437,0.000164,0.011716,0.011716,401,1328,13
FAC20250605025532,Finance,Portuguese,Image,South America,5606,1,user_475265,0.000094,0.003637,0.003637,188,590,10
FAC20250605025544,Education,English,Image,North America,204,0,user_428691,0.000179,0.017054,0.017053,453,1478,2
FAC20250605025554,Education,English,Image,North America,66,0,user_286417,0.000169,0.015583,0.015583,422,1367,2
FAC20250605025558,Business,English,Text,North America,1056,0,user_150321,0.000188,0.015703,0.015703,476,1551,11
FAC20250605025579,Education,Korean,Image,Europe,745,0,user_59815,0.000097,0.006345,0.006344,209,651,2
FAC20250605025613,AI/ML,Japanese,Image,Europe,18340,0,user_31288,0.000093,0.006535,0.006535,199,610,12
FAC20250605025615,Technology,Portuguese,Image,North America,2543,0,user_306600,0.00011,0.008854,0.008854,247,770,1
FAC20250605025617,Health,Portuguese,Text,Europe,1903,0,user_432151,0.000108,0.008575,0.008575,241,744,7
FAC20250605025630,Health,English,Text,Europe,3336,0,user_196873,0.000188,0.02051,0.020509,488,1601,7
FAC20250605025642,Technology,Arabic,Image,North America,2001,1,user_374140,0.000096,0.008173,0.008173,211,652,1
FAC20250605025644,Entertainment,English,Link,Europe,115,0,user_227593,0.000139,0.019451,0.019452,352,1100,6
FAC20250605025664,Science,English,Text,Unknown,84,0,user_277294,0.00017,0.009292,0.009292,400,1298,14
FAC20250605025667,AI/ML,Portuguese,Video,North America,445,0,user_147951,0.000088,0.004611,0.004611,174,539,12
FAC20250605025705,Health,English,Video,Africa,354,0,user_460017,0.000166,0.017354,0.017354,416,1340,7
FAC20250605025723,Technology,English,Video,Asia,15105,0,user_395003,0.000151,0.017743,0.017743,380,1225,1
FAC20250605025731,Food,English,Text,Europe,2819,0,user_331316,0.00018,0.012812,0.012812,441,1434,3
FAC20250605025732,Food,German,Image,Unknown,216,0,user_129167,0.0001,0.004342,0.004342,207,637,3
FAC20250605025733,Gaming,Portuguese,Video,Asia,17,0,user_311366,0.000074,0.001813,0.001813,123,379,13
FAC20250605025738,Technology,English,Image,Oceania,1123,0,user_84556,0.000188,0.02211,0.02211,489,1589,1
FAC20250605025750,Technology,English,Text,North America,45,0,user_208584,0.000165,0.019316,0.019316,422,1371,1
FAC20250605025762,Technology,English,Text,Europe,2875,0,user_160759,0.000185,0.021894,0.021894,481,1567,1
FAC20250605025797,Climate,Korean,Image,Europe,1074,0,user_158953,0.000093,0.003348,0.003348,183,558,0
FAC20250605025801,Science,German,Text,Asia,974,0,user_154650,0.000102,0.00356,0.00356,206,638,14
FAC20250605025848,AI/ML,English,Video,North America,6693,0,user_494071,0.000158,0.015073,0.015073,390,1254,12
FAC20250605025851,Fashion,Chinese,Text,Asia,167,0,user_128995,0.0001,0.005257,0.005257,214,659,9
FAC20250605025969,Technology,English,Image,Europe,280,0,user_110427,0.000186,0.021633,0.021633,483,1567,1
FAC20250605025993,Food,English,Image,Europe,1348,1,user_105334,0.000181,0.012793,0.012793,443,1446,3
FAC20250605026037,AI/ML,English,Text,Oceania,851,0,user_489858,0.000188,0.018848,0.018848,481,1574,12
FAC20250605026050,Technology,English,Link,South America,3414,0,user_387659,0.000145,0.017337,0.017337,364,1153,1
FAC20250605026077,Business,Spanish,Text,Africa,341,0,user_394153,0.000112,0.006146,0.006146,245,765,11
FAC20250605026078,Sports,Portuguese,Text,North America,555,0,user_303275,0.000106,0.004244,0.004244,221,695,5
FAC20250605026087,Science,English,Text,Asia,15026,0,user_110354,0.000158,0.008148,0.008148,368,1192,14
FAC20250605026157,Fashion,Arabic,Text,Europe,3041,1,user_241839,0.000102,0.005224,0.005224,217,670,9
FAC20250605026159,Science,German,Video,Europe,47,0,user_92857,0.000079,0.001948,0.001948,141,433,14
FAC20250605026173,Climate,English,Text,North America,1268,0,user_190177,0.000184,0.012542,0.012542,450,1482,0
FAC20250605026174,AI/ML,German,Poll,North America,298,0,user_461506,0.000054,0.002028,0.002028,82,249,12
FAC20250605026178,Finance,German,Text,Africa,724,0,user_270107,0.000095,0.004949,0.004949,200,628,10
FAC20250605026181,Politics,German,Text,North America,412,0,user_371116,0.000099,0.004989,0.004989,208,636,4
FAC20250605026196,Science,English,Video,Asia,292,0,user_164229,0.000164,0.008874,0.008874,383,1223,14
FAC20250605026206,Sports,English,Image,Europe,14442,1,user_446436,0.000156,0.008675,0.008675,365,1180,5
FAC20250605026208,Food,French,Image,Europe,272,0,user_355119,0.000109,0.004652,0.004652,228,711,3
FAC20250605026225,Education,Spanish,Text,North America,6977,1,user_194654,0.000108,0.006834,0.006834,235,731,2
FAC20250605026231,Travel,English,Text,Asia,377,0,user_212631,0.000191,0.018932,0.018932,492,1615,8
FAC20250605026247,Gaming,English,Text,North America,433,0,user_394355,0.000188,0.015671,0.015671,472,1549,13
FAC20250605026262,Science,Chinese,Image,Europe,4349,0,user_353399,0.000087,0.002714,0.002714,167,513,14
FAC20250605026264,Politics,Spanish,Video,North America,88,0,user_49260,0.00009,0.003143,0.003143,175,544,4
FAC20250605026309,Finance,English,Video,North America,8830,1,user_215039,0.000152,0.010154,0.010154,361,1150,10
FAC20250605026311,Food,French,Link,North America,33,0,user_9395,0.00006,0.001229,0.001229,92,280,3
FAC20250605026316,Education,French,Text,North America,1754,0,user_457662,0.000101,0.00663,0.00663,218,683,2
FAC20250605026319,Fashion,Spanish,Image,North America,3786,1,user_291082,0.000114,0.005293,0.005293,244,766,9
FAC20250605026399,Climate,English,Poll,Asia,13,0,user_467697,0.000122,0.00702,0.00702,273,836,0
FAC20250605026438,Food,Spanish,Text,North America,391,0,user_97700,0.000114,0.005154,0.005154,245,765,3
FAC20250605026448,Travel,English,Video,North America,405,0,user_192574,0.000162,0.013815,0.013815,397,1274,8
FAC20250605026464,Business,German,Image,North America,65,0,user_483343,0.000091,0.004449,0.004449,187,572,11
FAC20250605026465,Politics,English,Text,Asia,928,0,user_122311,0.000186,0.014066,0.014066,461,1511,4
FAC20250605026485,Education,English,Text,Oceania,1951,0,user_329848,0.000193,0.018871,0.018871,494,1599,2
FAC20250605026487,Science,English,Image,North America,78,0,user_150251,0.000168,0.009029,0.009029,393,1267,14
FAC20250605026488,Science,German,Text,North America,1965,1,user_184002,0.000102,0.003549,0.003549,207,641,14
FAC20250605026500,Science,English,Video,Asia,28955,1,user_125811,0.000143,0.006742,0.006742,324,1038,14
FAC20250605026503,Health,Arabic,Image,Asia,55,0,user_111653,0.000094,0.006396,0.006396,200,611,7
FAC20250605026507,Food,French,Image,North America,341,0,user_161197,0.000103,0.004442,0.004441,215,670,3
FAC20250605026509,Health,English,Poll,Europe,356,0,user_21513,0.000139,0.014993,0.014992,339,1056,7
FAC20250605026521,Gaming,English,Video,Unknown,14,0,user_193084,0.00014,0.008858,0.008858,322,1011,13
FAC20250605026525,Fashion,English,Image,Europe,232,0,user_140569,0.000174,0.013138,0.013138,430,1401,9
FAC20250605026530,Finance,English,Text,North America,731,0,user_337925,0.000177,0.013394,0.013394,437,1445,10
FAC20250605026545,Fashion,Portuguese,Image,Asia,2453,0,user_199157,0.000106,0.004941,0.004941,223,693,9
FAC20250605026633,Politics,Spanish,Video,Unknown,4442,0,user_141939,0.000089,0.003212,0.003212,173,537,4
FAC20250605026667,Technology,English,Link,North America,893,0,user_399008,0.000149,0.017595,0.017595,373,1178,1
FAC20250606026677,Health,French,Link,Europe,29588,1,user_54872,0.000057,0.002481,0.002481,94,285,7
FAC20250606026686,Travel,English,Text,Asia,437,1,user_296107,0.000193,0.019107,0.019107,496,1621,8
FAC20250606026715,Finance,Portuguese,Image,South America,243,0,user_197768,0.000099,0.004149,0.004149,203,633,10
FAC20250606026726,Science,Spanish,Image,Europe,5256,1,user_348896,0.000107,0.003114,0.003114,214,673,14
FAC20250606026744,Entertainment,English,Image,Asia,791,0,user_37115,0.000193,0.024933,0.024934,506,1635,6
FAC20250606026870,Technology,English,Text,Europe,2061,0,user_332547,0.000188,0.022463,0.022463,490,1595,1
FAC20250606026875,Science,Portuguese,Text,North America,2860,0,user_276374,0.000107,0.003676,0.003676,219,686,14
FAC20250606026878,Travel,English,Link,Europe,1112,0,user_232948,0.000146,0.012657,0.012657,352,1116,8
FAC20250606026880,Fashion,Spanish,Text,North America,3455,0,user_481095,0.000113,0.005564,0.005564,244,779,9
FAC20250606026915,Travel,French,Text,Europe,354,0,user_134199,0.000104,0.007084,0.007084,230,716,8
FAC20250606026932,Fashion,Chinese,Text,Europe,128,0,user_402549,0.000098,0.005145,0.005145,207,636,9
FAC20250606026939,Food,English,Poll,North America,1829,0,user_238085,0.000132,0.008554,0.008554,306,952,3
FAC20250606026957,Politics,Hindi,Image,Africa,401974,1,user_289263,0.000081,0.00305,0.00305,153,464,4
FAC20250606027024,Education,English,Text,Europe,343,0,user_127048,0.000196,0.019934,0.019933,505,1633,2
FAC20250606027044,Entertainment,Spanish,Video,North America,4995,1,user_240325,0.000095,0.007033,0.007033,201,631,6
FAC20250606027048,Business,English,Image,Africa,168,0,user_14062,0.000175,0.013649,0.013649,434,1422,11
FAC20250606027059,AI/ML,English,Text,Europe,17963,1,user_325069,0.000164,0.015776,0.015775,411,1332,12
FAC20250606027070,Food,English,Video,North America,1603,0,user_324829,0.00016,0.010463,0.010463,379,1205,3
FAC20250606027085,Politics,English,Text,Europe,578,0,user_146905,0.000182,0.014277,0.014277,454,1487,4
FAC20250606027100,Science,English,Image,Asia,1336,0,user_432017,0.000179,0.010883,0.010883,427,1374,14
FAC20250606027105,Gaming,English,Image,Europe,3127,1,user_77308,0.000169,0.012102,0.012102,412,1332,13
FAC20250606027112,Politics,English,Image,Europe,2420,1,user_231885,0.000172,0.011845,0.011845,416,1349,4
FAC20250606027125,Technology,German,Text,Europe,179,0,user_334878,0.000091,0.007906,0.007906,199,609,1
FAC20250606027133,Sports,Hindi,Image,Asia,1101,0,user_3860,0.000089,0.003112,0.003112,174,536,5
FAC20250606027148,Science,English,Text,Europe,17057,1,user_457578,0.00016,0.008417,0.008417,375,1214,14
FAC20250606027184,Entertainment,English,Image,Europe,3502,0,user_71219,0.000181,0.023516,0.023516,471,1521,6
FAC20250606027232,Sports,German,Text,North America,227,0,user_115238,0.000102,0.004192,0.004192,210,654,5
FAC20250606027261,Travel,English,Link,Asia,38,0,user_166172,0.000137,0.011948,0.011947,329,1030,8
FAC20250607027273,Business,English,Video,South America,3505,0,user_77969,0.000156,0.011906,0.011906,377,1208,11
FAC20250607027275,Finance,Arabic,Text,Asia,169,0,user_83232,0.000091,0.004811,0.004811,190,599,10
FAC20250607027292,Fashion,German,Image,North America,539,1,user_54713,0.000098,0.004893,0.004893,206,636,9
FAC20250607027310,Science,Japanese,Text,Europe,201,0,user_441822,0.000095,0.003412,0.003412,192,595,14
FAC20250607027335,Finance,English,Text,Europe,1065,0,user_267562,0.000184,0.014012,0.014012,456,1496,10
FAC20250607027356,Finance,English,Text,North America,139,0,user_418348,0.000169,0.012344,0.012344,415,1372,10
FAC20250607027391,Climate,English,Link,North America,799,0,user_231883,0.000138,0.008261,0.008261,318,1011,0
FAC20250607027404,Technology,English,Video,North America,307,0,user_264200,0.000168,0.019342,0.019342,428,1379,1
FAC20250607027407,Travel,English,Image,North America,98,0,user_474027,0.000173,0.01526,0.01526,432,1392,8
FAC20250607027435,Entertainment,English,Video,Asia,1164,0,user_80892,0.000171,0.022149,0.022149,439,1406,6
FAC20250607027471,Food,English,Image,Europe,60,0,user_405960,0.000164,0.010601,0.010601,395,1287,3
FAC20250607027515,Education,German,Link,Oceania,0,0,user_385967,0.000048,0.001359,0.001359,67,203,2
FAC20250607027539,Sports,English,Image,South America,620,0,user_73074,0.000172,0.010354,0.010354,410,1331,5
FAC20250607027596,Fashion,Portuguese,Text,North America,250,0,user_15204,0.000117,0.005717,0.005717,254,785,9
FAC20250607027618,Gaming,English,Poll,Europe,2590,0,user_469587,0.00013,0.00901,0.00901,302,925,13
FAC20250607027652,AI/ML,Spanish,Text,Africa,345,0,user_120818,0.000115,0.007398,0.007397,251,781,12
FAC20250607027658,AI/ML,English,Video,Asia,687,0,user_59234,0.000171,0.016381,0.01638,426,1364,12
FAC20250607027687,Climate,Korean,Text,North America,775,0,user_264657,0.000104,0.004616,0.004616,219,677,0
FAC20250607027703,Politics,Japanese,Text,North America,81,0,user_329225,0.0001,0.004936,0.004936,209,636,4
FAC20250607027710,Politics,French,Link,Europe,54,0,user_380608,0.000059,0.001364,0.001364,90,276,4
FAC20250607027720,AI/ML,Spanish,Image,Europe,249,0,user_2454,0.000116,0.007713,0.007713,257,804,12
FAC20250607027744,AI/ML,Spanish,Text,Asia,975,0,user_289720,0.000113,0.007411,0.007411,248,781,12
FAC20250607027771,Fashion,English,Image,Asia,66,0,user_495123,0.000159,0.011299,0.011299,386,1267,9
FAC20250607027780,Food,Spanish,Image,Unknown,402,0,user_33323,0.00011,0.004602,0.004602,233,735,3
FAC20250607027787,Health,English,Image,Asia,3740,0,user_174728,0.000185,0.019102,0.019102,471,1521,7
FAC20250607027792,Politics,French,Text,South America,143,0,user_190191,0.000098,0.004911,0.004911,207,635,4
FAC20250607027796,Fashion,English,Text,Europe,5496,0,user_462322,0.000176,0.012735,0.012735,434,1416,9
FAC20250607027819,Business,Japanese,Video,North America,57567,1,user_339846,0.000062,0.002001,0.002001,101,308,11
FAC20250607027826,Education,English,Text,South America,263,0,user_405121,0.000191,0.018729,0.018729,489,1587,2
FAC20250607027827,Gaming,Spanish,Video,North America,70,0,user_19593,0.000087,0.00248,0.00248,160,494,13
FAC20250607027829,Food,English,Text,Europe,259,0,user_410043,0.000187,0.013685,0.013685,463,1508,3
FAC20250607027887,Food,English,Video,North America,2331,1,user_9908,0.000158,0.010183,0.010183,374,1179,3
FAC20250607027890,Education,English,Video,North America,871,0,user_443596,0.00017,0.015561,0.015561,423,1367,2
FAC20250607027892,Entertainment,English,Image,Asia,1309,0,user_174688,0.000185,0.024313,0.024314,484,1573,6
FAC20250607027902,Science,French,Poll,Europe,470,0,user_399096,0.000052,0.00102,0.00102,75,228,14
FAC20250607027912,AI/ML,Spanish,Text,North America,207,0,user_408354,0.00011,0.007171,0.007171,239,743,12
FAC20250607027919,Sports,Spanish,Image,North America,386,0,user_269230,0.000112,0.00389,0.00389,229,722,5
FAC20250607027927,Travel,English,Image,North America,216,0,user_5602,0.000174,0.015581,0.015581,437,1418,8
FAC20250607027950,Health,Portuguese,Video,Europe,33664,1,user_67857,0.000077,0.00417,0.00417,148,452,7
FAC20250607027990,Food,English,Link,North America,278,0,user_256659,0.000145,0.009058,0.009058,338,1067,3
FAC20250607027991,Travel,English,Link,Oceania,113,0,user_85045,0.000143,0.012443,0.012443,345,1086,8
FAC20250607028039,Health,Korean,Image,Europe,16,0,user_473016,0.000085,0.005858,0.005858,178,548,7
FAC20250607028044,Climate,English,Text,North America,1965,0,user_135132,0.000189,0.012921,0.012921,461,1504,0
FAC20250607028071,Technology,Spanish,Link,Europe,3452,1,user_436589,0.000082,0.004747,0.004747,162,503,1
FAC20250607028073,Technology,French,Text,Unknown,116,0,user_493928,0.000099,0.008178,0.008178,217,676,1
FAC20250607028080,Science,English,Video,North America,891,0,user_362266,0.000163,0.008641,0.008641,378,1213,14
FAC20250607028104,Entertainment,English,Image,Asia,29,0,user_331327,0.000166,0.021766,0.021767,427,1370,6
FAC20250607028106,Health,English,Image,North America,127,0,user_416624,0.000187,0.019185,0.019185,477,1531,7
FAC20250607028127,Entertainment,English,Video,North America,250,0,user_459795,0.000169,0.021939,0.021939,434,1380,6
FAC20250607028149,Science,English,Video,Africa,569,0,user_126712,0.000169,0.009318,0.009318,396,1269,14
FAC20250607028177,AI/ML,Portuguese,Poll,North America,151,0,user_219816,0.00006,0.001964,0.001964,94,289,12
FAC20250607028198,Politics,English,Link,North America,3808,1,user_52398,0.00014,0.009249,0.009249,326,1011,4
FAC20250607028210,Business,Chinese,Poll,North America,23,0,user_50319,0.000036,0.000554,0.000554,36,108,11
FAC20250607028212,Climate,German,Link,North America,118,0,user_255298,0.000059,0.001387,0.001387,91,276,0
FAC20250607028216,Politics,Portuguese,Link,North America,10,0,user_294326,0.000057,0.00099,0.00099,83,260,4
FAC20250607028230,Fashion,English,Image,Asia,332,0,user_61265,0.000173,0.013037,0.013037,427,1396,9
FAC20250607028237,Gaming,Korean,Text,Asia,714,0,user_6141,0.000103,0.005394,0.005394,219,674,13
FAC20250607028242,Gaming,French,Video,North America,633,0,user_249739,0.000083,0.002551,0.002551,150,468,13
FAC20250607028252,Business,Spanish,Poll,Europe,5821,0,user_228723,0.000056,0.001392,0.001392,84,259,11
FAC20250607028270,Science,Arabic,Image,Unknown,333,0,user_76848,0.000091,0.002919,0.002919,178,543,14
FAC20250607028339,Business,English,Text,North America,146,0,user_301501,0.000182,0.014432,0.014432,456,1491,11
FAC20250607028365,Entertainment,English,Text,North America,531,0,user_334029,0.000191,0.02612,0.026121,507,1658,6
FAC20250607028382,Food,French,Text,Europe,607,0,user_331977,0.000107,0.004838,0.004838,226,704,3
FAC20250607028388,Technology,English,Image,North America,22,0,user_37701,0.000162,0.018779,0.018779,412,1333,1
FAC20250607028390,Climate,English,Image,Asia,173,0,user_391916,0.000173,0.010909,0.010909,414,1322,0
FAC20250607028418,Education,Hindi,Video,North America,898,0,user_384373,0.000084,0.004745,0.004745,169,522,2
FAC20250607028438,Business,German,Link,South America,3151,1,user_14965,0.000058,0.001978,0.001978,93,286,11
FAC20250607028452,Science,Spanish,Video,Oceania,208,0,user_267992,0.000098,0.002393,0.002393,187,587,14
FAC20250607028458,Fashion,Arabic,Image,North America,5684,0,user_363594,0.000091,0.004398,0.004398,187,581,9
FAC20250607028484,Science,English,Link,Oceania,498,0,user_338446,0.000141,0.006937,0.006937,317,999,14
FAC20250607028506,Gaming,Portuguese,Poll,North America,17,0,user_13129,0.000046,0.000698,0.000698,58,178,13
FAC20250607028507,Gaming,Japanese,Image,North America,21,0,user_179887,0.000092,0.003746,0.003746,183,558,13
FAC20250607028511,Health,English,Text,Asia,184265,1,user_297796,0.000152,0.016332,0.016332,383,1254,7
FAC20250607028515,Politics,English,Link,Europe,141,0,user_257896,0.000139,0.009234,0.009234,324,1004,4
FAC20250607028522,Health,English,Text,Europe,80,0,user_272117,0.000173,0.018558,0.018557,444,1452,7
FAC20250607028524,Politics,English,Video,North America,1228,0,user_85729,0.00016,0.010996,0.010996,385,1246,4
FAC20250607028571,Education,French,Video,Europe,328,0,user_420280,0.000088,0.004715,0.004714,177,546,2
FAC20250607028620,Climate,Arabic,Video,Europe,69,0,user_444677,0.000075,0.001831,0.001831,129,394,0
FAC20250607028627,Entertainment,Chinese,Video,North America,1598,0,user_69312,0.000079,0.006113,0.006113,159,492,6
FAC20250607028647,Finance,Spanish,Image,North America,8176,1,user_309905,0.000097,0.003736,0.003736,195,610,10
FAC20250607028656,Sports,Hindi,Video,Asia,1,0,user_476242,0.000072,0.001718,0.001718,123,375,5
FAC20250607028661,Food,English,Text,North America,4606,0,user_73549,0.000179,0.012632,0.012632,438,1421,3
FAC20250607028663,Entertainment,English,Text,Europe,1345,0,user_223232,0.00019,0.025566,0.025567,503,1653,6
FAC20250607028723,Education,English,Text,North America,276,0,user_25863,0.000191,0.018779,0.018779,490,1592,2
FAC20250607028737,Education,English,Text,Asia,1270,0,user_163244,0.000189,0.018415,0.018415,483,1567,2
FAC20250607028748,Politics,Arabic,Image,Asia,238,0,user_482245,0.000087,0.003504,0.003504,171,539,4
FAC20250607028774,Sports,Japanese,Video,North America,1323,0,user_201465,0.000086,0.0023,0.0023,159,488,5
FAC20250608028829,Food,English,Link,Asia,63,0,user_7258,0.000137,0.008652,0.008652,317,988,3
FAC20250608028854,Entertainment,Chinese,Text,North America,6833,1,user_461372,0.000099,0.010861,0.010862,227,696,6
FAC20250608028857,Politics,Spanish,Poll,North America,7408,1,user_270474,0.000054,0.001039,0.001039,78,239,4
FAC20250608028861,Travel,English,Image,North America,105635,1,user_388115,0.000146,0.012648,0.012648,357,1157,8
FAC20250608028863,Food,Arabic,Image,Europe,16797,1,user_357676,0.000089,0.003796,0.003796,179,542,3
FAC20250608028873,Business,Japanese,Video,North America,3781,0,user_19752,0.00007,0.002632,0.002632,125,388,11
FAC20250608028898,Food,English,Text,North America,102,0,user_222789,0.000167,0.011173,0.011173,404,1328,3
FAC20250608028920,Travel,French,Text,Asia,58,0,user_118698,0.000096,0.006342,0.006342,207,639,8
FAC20250608028939,Fashion,Korean,Link,North America,1412,1,user_409877,0.000055,0.001446,0.001446,82,250,9
FAC20250608028941,Finance,English,Text,Africa,303,0,user_354227,0.000183,0.014407,0.014407,456,1487,10
FAC20250608028952,Technology,English,Link,Europe,94,0,user_382106,0.000143,0.017212,0.017212,359,1124,1
FAC20250608028972,Business,English,Video,Africa,3962,1,user_95631,0.000151,0.011582,0.011581,364,1161,11
FAC20250608028983,Science,Spanish,Text,North America,6101,0,user_103857,0.000113,0.003775,0.003775,232,721,14
FAC20250608028985,Gaming,English,Image,Africa,29,0,user_103870,0.000156,0.010428,0.010428,375,1216,13
FAC20250609029046,Politics,English,Image,North America,216,0,user_456388,0.000176,0.012313,0.012313,428,1381,4
FAC20250609029047,Politics,English,Text,Europe,52,0,user_72610,0.000164,0.011308,0.011308,398,1312,4
FAC20250609029048,Fashion,English,Image,Europe,4527,1,user_72326,0.000169,0.012522,0.012522,415,1358,9
FAC20250609029055,AI/ML,Japanese,Video,North America,423,0,user_81161,0.000082,0.004368,0.004368,160,490,12
FAC20250609029057,AI/ML,English,Video,Asia,11192,1,user_292434,0.000153,0.014518,0.014517,375,1200,12
FAC20250609029098,Food,Spanish,Text,Europe,2646,1,user_476580,0.000116,0.005139,0.005139,248,783,3
FAC20250609029202,Health,English,Text,North America,30,0,user_242348,0.000167,0.017508,0.017508,425,1386,7
FAC20250609029209,Food,English,Poll,Asia,33,0,user_154241,0.000123,0.007925,0.007925,282,865,3
FAC20250609029213,Business,Spanish,Text,North America,1467,0,user_402790,0.000113,0.006064,0.006064,246,772,11
FAC20250609029217,Business,German,Text,Africa,19,0,user_136899,0.000095,0.005217,0.005217,200,607,11
FAC20250609029222,Education,Arabic,Video,North America,256,0,user_12337,0.000083,0.004559,0.004559,167,516,2
FAC20250609029235,Travel,English,Video,North America,1197,1,user_60719,0.000165,0.014155,0.014154,405,1300,8
FAC20250609029259,Travel,French,Video,Europe,78,0,user_437916,0.000078,0.00329,0.00329,146,447,8
FAC20250609029287,Politics,English,Text,Europe,1232,0,user_99302,0.000182,0.013991,0.013991,453,1484,4
FAC20250609029330,Business,Hindi,Text,Asia,1492,0,user_174087,0.000095,0.005383,0.005383,202,624,11
FAC20250609029346,Gaming,English,Text,Europe,317,0,user_463651,0.000188,0.015206,0.015206,471,1544,13
FAC20250609029360,AI/ML,English,Poll,North America,2934,1,user_446267,0.000143,0.013724,0.013723,344,1059,12
FAC20250609029370,Gaming,English,Text,North America,8018,1,user_45228,0.000164,0.011621,0.011621,400,1326,13
FAC20250609029429,Gaming,English,Image,North America,42,0,user_322793,0.000161,0.01067,0.01067,387,1251,13
FAC20250609029451,Travel,English,Text,Unknown,171,0,user_33454,0.000185,0.01687,0.01687,470,1532,8
FAC20250609029461,Health,Spanish,Image,Oceania,1122,0,user_34419,0.000112,0.007623,0.007623,247,777,7
FAC20250609029462,Business,English,Poll,Unknown,4882,0,user_154127,0.000133,0.010019,0.010019,312,961,11
FAC20250609029474,Technology,Portuguese,Text,Europe,521,0,user_178070,0.00011,0.008851,0.008851,245,759,1
FAC20250609029479,Gaming,Korean,Text,South America,247,0,user_132971,0.000102,0.005418,0.005418,219,676,13
FAC20250609029483,Climate,English,Text,North America,1806,0,user_74448,0.000188,0.012855,0.012854,460,1503,0
FAC20250609029490,Technology,English,Video,Europe,474,0,user_158016,0.000172,0.019665,0.019665,440,1420,1
FAC20250609029512,Fashion,English,Video,Unknown,53,0,user_119728,0.000146,0.010017,0.010017,344,1093,9
FAC20250610029536,Travel,Spanish,Image,Asia,17702,1,user_352358,0.000095,0.005155,0.005155,197,606,8
FAC20250610029569,AI/ML,English,Video,South America,816,0,user_126907,0.000168,0.015969,0.015969,417,1343,12
FAC20250610029580,Finance,English,Image,Europe,817,0,user_468974,0.000184,0.013315,0.013315,450,1459,10
FAC20250610029606,Health,English,Image,North America,612,0,user_342777,0.000184,0.019152,0.019152,471,1518,7
FAC20250610029677,Entertainment,English,Link,Asia,27,0,user_394171,0.000129,0.018738,0.018739,324,1009,6
FAC20250610029682,Politics,English,Image,North America,910,0,user_286204,0.000188,0.013863,0.013863,461,1481,4
FAC20250610029711,Gaming,Spanish,Link,Asia,2948,0,user_221231,0.000075,0.001971,0.001971,130,395,13
FAC20250610029736,Fashion,French,Text,Asia,370,0,user_346253,0.000103,0.005303,0.005303,220,680,9
FAC20250610029740,Health,French,Text,North America,13641,0,user_47023,0.000098,0.007899,0.007899,216,670,7
FAC20250610029792,Business,Portuguese,Text,Asia,43,0,user_441400,0.000101,0.005519,0.005519,217,672,11
FAC20250610029800,Technology,English,Image,Europe,1278,0,user_313797,0.000191,0.022305,0.022305,496,1607,1
FAC20250612029856,Food,English,Text,Europe,2919,0,user_277974,0.00018,0.012952,0.012952,442,1438,3
FAC20250612029859,Fashion,Portuguese,Image,Europe,1254,0,user_215255,0.000106,0.004838,0.004838,222,692,9
FAC20250612029873,Sports,English,Image,Asia,97,0,user_113453,0.000172,0.010336,0.010336,410,1323,5
FAC20250612029915,Travel,Spanish,Image,North America,865,0,user_236344,0.000104,0.005723,0.005723,222,691,8
FAC20250613029932,Fashion,Spanish,Text,Europe,112,0,user_300222,0.000114,0.005564,0.005564,247,785,9
FAC20250613029944,Technology,English,Video,North America,273,0,user_83504,0.000171,0.019662,0.019662,437,1406,1
FAC20250613029955,Politics,Korean,Text,Asia,496,0,user_484827,0.0001,0.005008,0.005008,210,645,4
FAC20250613029971,Business,English,Video,South America,529,0,user_269778,0.000165,0.012865,0.012865,405,1282,11
FAC20250613030009,Business,English,Text,Asia,568,0,user_228608,0.000189,0.015914,0.015914,479,1564,11
FAC20250613030017,Sports,Portuguese,Video,Asia,1690,0,user_432775,0.000096,0.002631,0.002631,184,578,5
FAC20250613030023,Education,English,Link,North America,237,0,user_157894,0.00015,0.01398,0.01398,366,1149,2
FAC20250613030024,Sports,English,Video,Asia,449,0,user_149670,0.000169,0.009597,0.009597,396,1262,5
FAC20250613030031,Technology,Spanish,Image,Europe,133,0,user_297955,0.000112,0.008562,0.008562,251,789,1
FAC20250613030039,Entertainment,English,Text,Asia,58,0,user_437667,0.000171,0.023011,0.023011,447,1477,6
FAC20250613030074,Travel,English,Text,Asia,130,0,user_205982,0.000176,0.015664,0.015664,443,1455,8
FAC20250613030077,Food,Spanish,Image,North America,6755,0,user_182931,0.000105,0.004318,0.004318,220,691,3
FAC20250613030089,Health,English,Image,Asia,278,0,user_424730,0.000192,0.019953,0.019952,494,1593,7
FAC20250613030128,Fashion,English,Image,Europe,2,0,user_424930,0.000141,0.009647,0.009647,336,1100,9
FAC20250613030129,Travel,Arabic,Text,North America,661,0,user_138289,0.000102,0.006923,0.006923,225,697,8
FAC20250613030162,AI/ML,English,Image,Asia,6804,0,user_79287,0.000168,0.016167,0.016167,423,1396,12
FAC20250613030176,Health,French,Video,North America,286,0,user_380689,0.000082,0.005156,0.005156,165,513,7
FAC20250613030213,Health,English,Text,Europe,323,0,user_213146,0.000193,0.021388,0.021387,502,1640,7
FAC20250613030233,Health,French,Video,North America,3873,1,user_114332,0.000081,0.004985,0.004985,161,500,7
FAC20250613030241,Entertainment,English,Image,Asia,323,0,user_113510,0.000184,0.023994,0.023995,482,1558,6
FAC20250613030245,Business,German,Link,Asia,5417,1,user_423783,0.000052,0.001463,0.001463,77,238,11
FAC20250613030250,Finance,English,Text,Europe,138,0,user_118129,0.000169,0.012344,0.012344,415,1374,10
FAC20250613030264,Technology,Chinese,Text,North America,106,0,user_108211,0.00009,0.007825,0.007825,196,605,1
FAC20250613030271,Entertainment,English,Text,Asia,2516,0,user_260727,0.000185,0.025021,0.025021,489,1617,6
FAC20250613030273,Fashion,English,Text,Europe,506,0,user_132219,0.000195,0.015899,0.015899,491,1599,9
FAC20250613030293,Food,Portuguese,Video,Europe,139,0,user_308389,0.000084,0.002655,0.002655,157,483,3
FAC20250613030304,Technology,English,Text,North America,277,0,user_97959,0.000188,0.022629,0.022629,493,1598,1
FAC20250613030325,Travel,English,Video,Europe,620,0,user_440810,0.000175,0.015148,0.015148,433,1377,8
FAC20250613030335,Finance,English,Text,Europe,136,0,user_352936,0.000167,0.012007,0.012007,408,1354,10
FAC20250613030377,AI/ML,Portuguese,Text,Europe,4149,0,user_40568,0.000101,0.006591,0.006591,216,663,12
FAC20250613030442,Climate,English,Video,South America,46,0,user_209197,0.000151,0.008121,0.008121,344,1089,0
FAC20250613030444,Food,English,Text,North America,1661,0,user_229469,0.000184,0.013392,0.013392,454,1478,3
FAC20250613030472,Travel,English,Image,Europe,223,0,user_157034,0.000176,0.015734,0.015734,441,1428,8
FAC20250613030479,Fashion,English,Poll,Europe,5950,0,user_7048,0.000127,0.009063,0.009063,299,923,9
FAC20250613030511,Entertainment,English,Image,Europe,3707,0,user_198662,0.000183,0.023762,0.023762,477,1541,6
FAC20250613030516,Climate,English,Text,South America,6628,0,user_207518,0.000173,0.010399,0.010399,413,1351,0
FAC20250613030552,Finance,English,Text,Oceania,453,0,user_151052,0.000185,0.015351,0.015351,463,1521,10
FAC20250613030628,Finance,English,Text,North America,425,0,user_13574,0.000185,0.015344,0.015344,464,1521,10
FAC20250613030644,Business,English,Video,Asia,137,0,user_114480,0.00015,0.011207,0.011207,360,1150,11
FAC20250613030702,Business,German,Text,Asia,430,0,user_232264,0.0001,0.005605,0.005605,214,658,11
FAC20250613030712,Technology,English,Image,Europe,1197,0,user_409984,0.000189,0.022095,0.022095,491,1590,1
FAC20250613030756,Food,Spanish,Image,Europe,36,0,user_100731,0.000106,0.004361,0.004361,221,692,3
FAC20250613030759,Entertainment,English,Image,Europe,519,0,user_343906,0.000179,0.023278,0.023279,465,1510,6
FAC20250613030812,Science,Portuguese,Link,Europe,977,0,user_253923,0.000071,0.001453,0.001453,119,367,14
FAC20250613030829,Business,English,Text,Europe,135,0,user_85413,0.000178,0.013929,0.013929,445,1457,11
FAC20250613030831,Business,English,Text,Europe,53,0,user_48977,0.000171,0.01306,0.01306,423,1382,11
FAC20250613030844,Food,English,Video,Asia,44,0,user_21926,0.000141,0.008788,0.008788,328,1038,3
FAC20250613030848,Fashion,Spanish,Video,North America,499,0,user_350204,0.000102,0.003564,0.003564,202,626,9
FAC20250613030852,Technology,Spanish,Text,North America,313,0,user_80696,0.000116,0.0093,0.0093,263,825,1
FAC20250613030868,Technology,Spanish,Text,Asia,111278,1,user_96942,0.0001,0.008025,0.008025,220,683,1
FAC20250613030901,Business,English,Image,North America,2587,0,user_373381,0.000169,0.01326,0.013259,418,1376,11
FAC20250613030958,Climate,French,Image,Asia,864,0,user_242379,0.000098,0.003318,0.003318,192,594,0
FAC20250613031005,Health,English,Text,Asia,322,0,user_452807,0.000193,0.02142,0.02142,503,1643,7
FAC20250613031011,Food,French,Text,South America,133,0,user_93426,0.000106,0.004937,0.004937,224,692,3
FAC20250613031013,Food,English,Image,Europe,27,0,user_90896,0.000158,0.010027,0.010027,378,1228,3
FAC20250613031032,Politics,English,Text,North America,2679,1,user_192804,0.000175,0.013255,0.013255,433,1431,4
FAC20250613031034,Education,English,Link,North America,676,0,user_165511,0.00015,0.013962,0.013962,366,1147,2
FAC20250613031119,Food,Portuguese,Video,Europe,274,0,user_444668,0.000085,0.002696,0.002696,159,497,3
FAC20250613031151,AI/ML,English,Image,North America,47,0,user_255482,0.000163,0.015718,0.015717,409,1345,12
FAC20250613031155,Finance,Japanese,Image,Europe,1530,1,user_319217,0.000097,0.003853,0.003853,194,601,10
FAC20250613031162,Health,English,Image,Asia,2244,1,user_222521,0.000185,0.019437,0.019437,475,1523,7
FAC20250614031236,Entertainment,English,Text,Oceania,68,0,user_31805,0.000175,0.023317,0.023318,457,1505,6
FAC20250614031243,Climate,English,Text,Europe,6051,1,user_286309,0.000177,0.010763,0.010763,424,1380,0
FAC20250614031244,Politics,English,Text,Asia,7159,0,user_114624,0.000167,0.011581,0.011581,407,1329,4
FAC20250614031274,Business,English,Image,Oceania,2385,1,user_139300,0.00017,0.013455,0.013455,422,1383,11
FAC20250614031331,Entertainment,English,Poll,Europe,476,0,user_326289,0.000136,0.019253,0.019253,342,1065,6
FAC20250614031332,Health,English,Text,Unknown,619,0,user_263494,0.000192,0.021345,0.021344,501,1631,7
FAC20250614031364,Politics,English,Text,Asia,393,0,user_319051,0.000188,0.015307,0.015307,470,1530,4
FAC20250614031377,Travel,Korean,Link,Europe,145,0,user_19003,0.000065,0.002582,0.002582,110,336,8
FAC20250614031379,Science,English,Video,Asia,945,0,user_233284,0.000162,0.008481,0.008481,375,1208,14
FAC20250614031385,Health,Spanish,Video,Europe,921,0,user_69490,0.000095,0.005807,0.005807,199,614,7
FAC20250615031486,Climate,English,Image,Asia,16,0,user_77686,0.000147,0.008092,0.008092,339,1087,0
FAC20250615031508,Education,Portuguese,Image,Asia,622,0,user_489048,0.000111,0.00671,0.00671,241,750,2
FAC20250615031515,Health,Chinese,Poll,Africa,440,0,user_392526,0.00005,0.002219,0.002219,73,222,7
FAC20250615031535,Politics,English,Text,Europe,3245,1,user_125245,0.000176,0.013426,0.013426,437,1438,4
FAC20250615031578,Politics,English,Text,Asia,202,0,user_356459,0.000177,0.013065,0.013065,437,1430,4
FAC20250615031624,Education,Chinese,Text,Europe,7110,1,user_11989,0.000089,0.006135,0.006135,188,578,2
FAC20250615031638,Business,English,Text,Europe,858,0,user_476667,0.000187,0.015443,0.015442,472,1542,11
FAC20250615031645,Science,Spanish,Poll,North America,913,0,user_255240,0.000069,0.001261,0.001261,113,342,14
FAC20250615031672,Finance,Japanese,Image,North America,553,0,user_488014,0.000095,0.003934,0.003934,191,590,10
FAC20250615031692,Gaming,English,Text,Europe,3321,0,user_267076,0.000179,0.013906,0.013905,445,1454,13
FAC20250615031704,Climate,English,Image,North America,349,0,user_79400,0.000173,0.01106,0.01106,414,1332,0
FAC20250615031718,Food,French,Link,Asia,4858,0,user_36194,0.000063,0.001426,0.001426,99,305,3
FAC20250615031722,Sports,English,Text,North America,1036,0,user_131372,0.000187,0.012521,0.012521,456,1471,5
FAC20250615031740,Science,English,Video,North America,251,0,user_286318,0.000165,0.008935,0.008934,385,1231,14
FAC20250615031757,Finance,Portuguese,Text,Asia,9,0,user_298910,0.000091,0.004542,0.004542,187,573,10
FAC20250615031803,Technology,English,Video,North America,8022,1,user_392793,0.000163,0.0188,0.0188,415,1325,1
FAC20250615031804,Food,Hindi,Video,Europe,551,0,user_166453,0.00007,0.002073,0.002073,121,372,3
FAC20250615031844,Education,English,Text,Asia,104235,1,user_480199,0.000154,0.014174,0.014174,382,1237,2
FAC20250615031849,Gaming,English,Text,South America,58,0,user_247505,0.000166,0.011647,0.011647,403,1325,13
FAC20250615031868,Science,English,Poll,Asia,312,0,user_407892,0.000126,0.00654,0.00654,284,875,14
FAC20250615031884,Entertainment,Spanish,Video,Europe,137,0,user_487893,0.000092,0.00673,0.00673,193,611,6
FAC20250615031894,AI/ML,Portuguese,Text,Asia,114,0,user_414143,0.0001,0.006387,0.006387,212,654,12
FAC20250615031895,Sports,Chinese,Poll,Asia,362,0,user_371296,0.000046,0.001105,0.001105,62,188,5
FAC20250615031923,Finance,Japanese,Video,North America,3107,1,user_321388,0.000071,0.002226,0.002226,125,388,10
FAC20250615031933,Education,French,Video,Africa,90,0,user_269226,0.000083,0.004089,0.004089,163,507,2
FAC20250615031988,Gaming,English,Link,Asia,303,1,user_54702,0.000141,0.00956,0.00956,331,1045,13
FAC20250615032000,Education,English,Image,Asia,875,0,user_165543,0.000187,0.018215,0.018215,477,1556,2
FAC20250615032001,Technology,Spanish,Text,Europe,1520,0,user_115758,0.000118,0.00933,0.00933,267,843,1
FAC20250615032012,Climate,English,Link,Asia,992,0,user_162837,0.000139,0.008146,0.008146,319,1014,0
FAC20250616032023,Education,Korean,Link,Asia,53,0,user_89970,0.000051,0.001596,0.001596,74,227,2
FAC20250617032031,Technology,Spanish,Text,North America,893,0,user_32450,0.000121,0.009814,0.009814,276,865,1
FAC20250617032064,Technology,French,Image,Africa,641,0,user_363653,0.000105,0.008681,0.008681,234,731,1
FAC20250617032090,Travel,English,Image,Europe,13,0,user_341732,0.000151,0.012842,0.012842,368,1194,8
FAC20250617032093,Climate,Portuguese,Link,North America,4479,0,user_147138,0.00007,0.001549,0.001549,116,356,0
FAC20250617032181,Gaming,French,Video,North America,109,0,user_393772,0.000076,0.002037,0.002037,132,411,13
FAC20250617032186,AI/ML,Spanish,Link,Europe,4235,0,user_74787,0.000077,0.002826,0.002826,135,411,12
FAC20250617032228,Climate,English,Image,South America,255,0,user_290567,0.000174,0.011227,0.011227,417,1333,0
FAC20250617032244,Food,French,Text,North America,651,0,user_405326,0.000107,0.004832,0.004832,226,704,3
FAC20250617032253,Fashion,Portuguese,Video,Asia,1501,0,user_338205,0.000089,0.002994,0.002994,169,523,9
FAC20250617032258,Science,English,Text,North America,262,0,user_48429,0.000185,0.011855,0.011854,448,1444,14
FAC20250617032263,Climate,English,Video,Asia,540,0,user_95965,0.00017,0.010167,0.010167,399,1268,0
FAC20250617032269,Climate,English,Text,North America,969,0,user_31546,0.000183,0.012295,0.012295,445,1462,0
FAC20250617032279,Travel,French,Text,Europe,100,0,user_357117,0.000099,0.006591,0.006591,215,662,8
FAC20250617032283,Technology,Hindi,Image,Asia,3195,0,user_254904,0.000096,0.00828,0.00828,213,662,1
FAC20250617032303,Technology,English,Image,North America,17359,1,user_131718,0.000166,0.01913,0.01913,425,1378,1
FAC20250617032316,Finance,Portuguese,Video,Europe,1517,0,user_166468,0.000086,0.002859,0.002859,161,498,10
FAC20250617032323,Sports,Portuguese,Video,South America,516,0,user_200487,0.000092,0.002523,0.002523,174,545,5
FAC20250617032325,Entertainment,English,Image,Asia,556,0,user_80025,0.000179,0.023333,0.023334,467,1514,6
FAC20250617032369,Climate,Japanese,Image,Europe,6536,0,user_457803,0.000083,0.002734,0.002734,157,490,0
FAC20250617032371,Politics,English,Video,Europe,2878,0,user_282683,0.000156,0.010782,0.010782,375,1218,4
FAC20250617032385,Climate,English,Video,Asia,8729,0,user_246744,0.000163,0.008984,0.008984,376,1193,0
FAC20250617032401,Fashion,English,Image,Europe,2005,1,user_327571,0.000175,0.013465,0.013465,434,1422,9
FAC20250617032406,Climate,Hindi,Text,Unknown,88,0,user_30175,0.000098,0.004398,0.004398,205,626,0
FAC20250617032417,Entertainment,Spanish,Video,Asia,1705,0,user_15978,0.000099,0.007324,0.007325,211,668,6
FAC20250617032457,Politics,English,Video,Europe,64,0,user_390147,0.000149,0.009812,0.009812,351,1139,4
FAC20250617032464,Gaming,Arabic,Link,Africa,1833,0,user_273709,0.000059,0.001814,0.001814,94,286,13
FAC20250617032519,Food,English,Image,Europe,462,1,user_369627,0.000174,0.011838,0.011838,424,1371,3
FAC20250617032525,Business,Portuguese,Text,North America,208,0,user_239102,0.000114,0.006286,0.006286,251,779,11
FAC20250617032541,Education,Spanish,Text,North America,71141,1,user_306526,0.000099,0.006347,0.006347,214,658,2
FAC20250617032558,Health,Arabic,Video,North America,5570,1,user_236786,0.000069,0.004193,0.004193,130,399,7
FAC20250617032562,Entertainment,English,Text,North America,3697,1,user_130828,0.000187,0.025001,0.025001,491,1619,6
FAC20250617032574,Food,English,Text,Africa,8,0,user_415304,0.000146,0.008921,0.008921,344,1127,3
FAC20250617032581,Gaming,English,Text,South America,155,0,user_298554,0.000178,0.013283,0.013283,439,1443,13
FAC20250617032588,Health,English,Video,North America,431,0,user_221878,0.00016,0.016874,0.016874,401,1291,7
FAC20250617032604,Fashion,English,Text,Asia,865,0,user_306992,0.00019,0.015,0.015,478,1554,9
FAC20250617032652,Health,English,Image,North America,507,0,user_303562,0.000182,0.018771,0.018771,463,1497,7
FAC20250617032683,Technology,Spanish,Video,North America,1972,0,user_452517,0.000107,0.007386,0.007386,232,722,1
FAC20250617032718,Finance,French,Image,Asia,48,0,user_437007,0.000086,0.003286,0.003286,166,506,10
FAC20250617032726,Business,English,Video,North America,371,1,user_56071,0.000158,0.01212,0.01212,383,1219,11
FAC20250617032729,Entertainment,English,Text,Asia,1398,1,user_399937,0.00019,0.025527,0.025527,502,1649,6
FAC20250617032730,Fashion,Spanish,Video,Asia,68,0,user_73559,0.000091,0.002957,0.002957,175,542,9
FAC20250617032734,AI/ML,Spanish,Image,North America,1170,0,user_96068,0.000114,0.007684,0.007684,251,788,12
FAC20250617032735,Politics,Japanese,Text,Europe,893,0,user_33444,0.000102,0.005075,0.005075,215,667,4
FAC20250617032775,Business,English,Image,Europe,10,0,user_134867,0.000148,0.010831,0.010831,357,1164,11
FAC20250617032800,Food,English,Link,Africa,24883,1,user_481439,0.000134,0.008346,0.008346,307,956,3
FAC20250617032802,Politics,English,Text,North America,12957,1,user_400562,0.000157,0.010803,0.010803,379,1245,4
FAC20250617032804,Climate,Spanish,Text,North America,254,0,user_411658,0.00012,0.00505,0.00505,255,795,0
FAC20250617032805,Finance,Spanish,Text,North America,303,0,user_248433,0.00011,0.005413,0.005413,236,732,10
FAC20250617032814,Politics,Spanish,Text,Africa,2211,0,user_498435,0.000113,0.005555,0.005555,243,766,4
FAC20250617032830,Education,Portuguese,Link,Europe,35,0,user_304978,0.00006,0.001838,0.001837,95,291,2
FAC20250617032845,Fashion,English,Video,Africa,558,0,user_2955,0.000166,0.012037,0.012037,401,1279,9
FAC20250617032864,Fashion,English,Video,Europe,1483,0,user_13332,0.000164,0.011761,0.011761,395,1256,9
FAC20250617032880,Fashion,English,Text,Europe,26517,1,user_389652,0.000157,0.01089,0.01089,381,1248,9
FAC20250617032919,Technology,German,Image,Europe,1110,0,user_48820,0.000098,0.008255,0.008255,218,673,1
FAC20250617032922,Food,Spanish,Text,Europe,29414,1,user_388774,0.000107,0.004755,0.004755,227,709,3
FAC20250617032948,Business,English,Text,Asia,3050,0,user_406407,0.000182,0.014725,0.014725,455,1493,11
FAC20250617032953,AI/ML,English,Image,Asia,3910,1,user_167620,0.000176,0.017478,0.017477,446,1464,12
FAC20250617032954,Science,Spanish,Image,Europe,18,0,user_23096,0.000097,0.002651,0.002651,187,582,14
FAC20250617032962,Technology,English,Image,Asia,319,0,user_376961,0.000184,0.021461,0.021461,477,1546,1
FAC20250618033014,Health,English,Video,Africa,1551,1,user_446204,0.000166,0.01737,0.01737,418,1337,7
FAC20250618033019,Business,Japanese,Image,North America,98,0,user_48144,0.00009,0.004615,0.004615,185,570,11
FAC20250618033032,Sports,English,Video,Asia,3,0,user_78613,0.00014,0.007053,0.007053,315,997,5
FAC20250618033052,Finance,English,Video,Europe,431,0,user_456367,0.000158,0.010754,0.010754,377,1207,10
FAC20250618033057,Sports,German,Poll,North America,2561,0,user_441369,0.000045,0.000717,0.000717,56,172,5
FAC20250618033064,Business,French,Image,Asia,131,0,user_493452,0.000094,0.004783,0.004783,196,609,11
FAC20250618033066,Sports,Portuguese,Image,Europe,87,0,user_306017,0.000099,0.00336,0.00336,198,614,5
FAC20250618033081,Politics,English,Image,Asia,288,0,user_22025,0.00018,0.012712,0.012712,439,1417,4
FAC20250618033097,Business,Spanish,Text,Asia,5692,1,user_67299,0.000109,0.005958,0.005958,237,741,11
FAC20250618033099,Fashion,English,Image,Europe,419,0,user_97101,0.000175,0.01297,0.01297,431,1415,9
FAC20250618033116,Food,English,Image,Unknown,1087,0,user_362799,0.000183,0.013324,0.013324,450,1470,3
FAC20250618033123,Health,Portuguese,Poll,North America,1591,0,user_25539,0.000059,0.002362,0.002362,95,294,7
FAC20250618033156,Climate,English,Image,Asia,2375,1,user_235741,0.000169,0.0106,0.0106,401,1283,0
FAC20250618033167,Fashion,English,Text,Asia,1628,1,user_193633,0.000185,0.014151,0.014151,460,1499,9
FAC20250619033198,Entertainment,English,Poll,Europe,1470,1,user_81121,0.000138,0.019359,0.019359,347,1077,6
FAC20250619033211,Business,Hindi,Text,Europe,29,0,user_178726,0.00009,0.005192,0.005192,190,582,11
FAC20250619033277,AI/ML,English,Video,Asia,3601,1,user_219858,0.000163,0.015524,0.015524,405,1291,12
FAC20250619033289,Politics,Hindi,Image,Europe,9521,0,user_386560,0.000085,0.003264,0.003264,164,503,4
FAC20250619033293,Business,Spanish,Text,North America,859,0,user_19860,0.000115,0.006354,0.006354,253,791,11
FAC20250619033322,Science,French,Text,Europe,1351,0,user_7910,0.000103,0.003635,0.003635,209,652,14
FAC20250619033330,Sports,English,Video,North America,1811,1,user_30183,0.000165,0.009279,0.009279,385,1237,5
FAC20250619033356,Fashion,English,Image,North America,151,0,user_95753,0.000172,0.012724,0.012724,424,1389,9
FAC20250619033375,Travel,English,Image,South America,96,0,user_442262,0.000174,0.015337,0.015337,436,1404,8
FAC20250619033376,AI/ML,French,Link,Europe,2982,1,user_294960,0.000065,0.002536,0.002536,108,335,12
FAC20250619033383,Travel,Spanish,Text,Europe,76,0,user_361436,0.000106,0.006702,0.006702,232,727,8
FAC20250619033414,Food,English,Poll,Unknown,608,0,user_266970,0.000133,0.008485,0.008485,308,959,3
FAC20250619033439,Food,English,Video,Oceania,1189,0,user_257787,0.000158,0.010463,0.010463,376,1192,3
FAC20250619033466,Sports,Portuguese,Text,Europe,270,0,user_429639,0.000109,0.004426,0.004426,229,724,5
FAC20250619033471,AI/ML,English,Video,Europe,212,0,user_469834,0.000161,0.015523,0.015523,400,1286,12
FAC20250619033474,Politics,English,Image,Europe,2881,0,user_76362,0.00017,0.011792,0.011792,410,1327,4
FAC20250619033481,Food,English,Image,Asia,187,0,user_187491,0.000179,0.01225,0.01225,437,1422,3
FAC20250619033512,Gaming,Korean,Image,Europe,5805,0,user_396850,0.000091,0.003915,0.003915,182,558,13
FAC20250619033570,Sports,Portuguese,Poll,Europe,277,0,user_408699,0.00006,0.001463,0.001463,96,294,5
FAC20250619033602,Travel,English,Text,Europe,165,1,user_368093,0.000186,0.016827,0.016827,471,1537,8
FAC20250619033603,Finance,English,Text,North America,194,0,user_450955,0.000174,0.012917,0.012917,430,1418,10
FAC20250619033630,Sports,English,Image,South America,32,0,user_158922,0.000155,0.008527,0.008527,362,1171,5
FAC20250619033635,Food,English,Text,North America,1179,0,user_106623,0.000183,0.013521,0.013521,452,1475,3
FAC20250619033645,Politics,English,Text,Asia,34,0,user_96053,0.000157,0.010558,0.010558,379,1239,4
FAC20250619033694,Climate,Hindi,Video,North America,9,0,user_330972,0.000068,0.001612,0.001612,113,342,0
FAC20250619033729,Climate,Chinese,Video,North America,190,0,user_320274,0.000076,0.002023,0.002023,133,406,0
FAC20250619033748,Technology,English,Image,North America,1231,0,user_478756,0.000188,0.021972,0.021972,488,1583,1
FAC20250619033756,Gaming,English,Link,North America,481,0,user_228960,0.000141,0.009482,0.009482,331,1037,13
FAC20250619033791,Finance,English,Video,Asia,341,0,user_317134,0.000159,0.010852,0.010852,379,1211,10
FAC20250619033832,Sports,Spanish,Video,Europe,1157,0,user_23590,0.000097,0.002484,0.002484,183,565,5
FAC20250619033855,Fashion,English,Text,Asia,1634,0,user_406379,0.000185,0.014123,0.014122,460,1499,9
FAC20250619033872,Health,English,Image,Europe,25,0,user_320283,0.000167,0.0172,0.0172,422,1352,7
FAC20250619033879,AI/ML,Portuguese,Video,Asia,736,0,user_343613,0.000093,0.004805,0.004805,186,574,12
FAC20250619033892,Fashion,English,Image,South America,497,1,user_159824,0.000169,0.012345,0.012345,415,1371,9
FAC20250619033948,AI/ML,Portuguese,Video,South America,6479,1,user_44732,0.000082,0.004244,0.004244,159,495,12
FAC20250619033950,Entertainment,Spanish,Text,South America,35,0,user_423843,0.00011,0.011372,0.011372,255,793,6
FAC20250619033954,Climate,English,Poll,Asia,2058,0,user_75620,0.000132,0.007509,0.007509,298,927,0
FAC20250619034002,Technology,Japanese,Video,North America,235,0,user_357278,0.000085,0.006033,0.006033,176,540,1
FAC20250619034040,Health,Hindi,Video,Africa,278,0,user_178639,0.000079,0.004858,0.004858,156,479,7
FAC20250619034076,Climate,Spanish,Text,Africa,54,0,user_328185,0.000113,0.004675,0.004675,237,739,0
FAC20250619034112,Entertainment,Spanish,Image,Europe,49,0,user_369393,0.000107,0.009429,0.009429,241,756,6
FAC20250619034127,Food,Japanese,Text,Asia,87,0,user_369111,0.000098,0.004561,0.004561,203,628,3
FAC20250619034144,Entertainment,Korean,Link,North America,4483,1,user_116263,0.000054,0.003588,0.003588,91,279,6
FAC20250619034213,Entertainment,Japanese,Text,Europe,1823,0,user_168153,0.000111,0.011844,0.011845,258,796,6
FAC20250619034230,Science,English,Video,Europe,123,0,user_74247,0.000154,0.007819,0.007819,355,1143,14
FAC20250619034306,Technology,English,Image,Asia,2341,0,user_286283,0.00018,0.020918,0.020918,466,1525,1
FAC20250619034328,Finance,German,Image,Europe,7058,1,user_5294,0.000087,0.003466,0.003466,171,524,10
FAC20250619034329,Fashion,English,Text,Africa,1798,0,user_447279,0.000187,0.014617,0.014617,468,1527,9
FAC20250619034334,Business,English,Text,Asia,188,0,user_469257,0.000186,0.01486,0.01486,467,1526,11
FAC20250619034342,Finance,Spanish,Text,Europe,5074,0,user_360566,0.000108,0.005356,0.005356,231,713,10
FAC20250620034370,Science,Spanish,Image,North America,2513,0,user_148944,0.000115,0.003527,0.003527,233,727,14
FAC20250621034488,Education,Portuguese,Image,Asia,111,0,user_134608,0.000105,0.006223,0.006223,224,691,2
FAC20250621034497,Climate,English,Text,Asia,135,0,user_405639,0.000175,0.0111,0.0111,422,1383,0
FAC20250621034529,Education,French,Link,North America,69,0,user_299662,0.000057,0.001841,0.001841,89,274,2
FAC20250621034532,Politics,English,Poll,Europe,65802,1,user_157435,0.00012,0.008316,0.008316,278,843,4
FAC20250621034555,Gaming,English,Image,Asia,93,0,user_375502,0.000173,0.012036,0.012036,421,1358,13
FAC20250621034559,Climate,Spanish,Image,Asia,506,0,user_369796,0.00011,0.003773,0.003773,222,690,0
FAC20250621034561,Climate,Arabic,Text,Europe,1016,0,user_271574,0.000101,0.004451,0.004451,210,660,0
FAC20250621034565,Finance,English,Image,South America,48,0,user_318877,0.000162,0.010668,0.010668,388,1244,10
FAC20250621034579,Science,Hindi,Image,Africa,91622,1,user_241110,0.000084,0.002464,0.002464,158,477,14
FAC20250621034597,Technology,English,Poll,Europe,1224,0,user_413912,0.00014,0.01696,0.01696,350,1085,1
FAC20250621034611,Education,English,Text,Asia,1576,0,user_341992,0.000188,0.01836,0.018359,482,1564,2
FAC20250621034613,Science,English,Text,South America,105687,1,user_424784,0.000147,0.006989,0.006989,338,1102,14
FAC20250621034636,Education,French,Link,Asia,109,0,user_212213,0.000063,0.002347,0.002347,105,322,2
FAC20250621034664,Food,English,Video,North America,76,0,user_327214,0.000149,0.009413,0.009413,349,1108,3
FAC20250621034681,Gaming,English,Text,North America,424,0,user_15216,0.000188,0.015652,0.015652,473,1556,13
FAC20250621034682,Health,English,Text,North America,4166,1,user_140610,0.000188,0.020253,0.020253,485,1586,7
FAC20250621034692,AI/ML,English,Image,Africa,296,1,user_28230,0.000182,0.017983,0.017982,464,1524,12
FAC20250621034696,AI/ML,English,Link,North America,4362,0,user_20359,0.000149,0.014155,0.014155,360,1123,12
FAC20250623034716,Education,English,Text,Europe,2296,0,user_257044,0.000189,0.018427,0.018427,482,1562,2
FAC20250623034721,Education,English,Video,North America,360,0,user_193501,0.000172,0.015698,0.015698,428,1373,2
FAC20250623034755,Sports,German,Video,Asia,780,0,user_300532,0.000087,0.002337,0.002337,159,488,5
FAC20250623034767,Science,English,Poll,North America,300,0,user_74907,0.000126,0.00654,0.00654,285,877,14
FAC20250623034792,Business,Portuguese,Image,Africa,2243,0,user_44614,0.000106,0.005326,0.005326,227,701,11
FAC20250623034822,Travel,English,Image,Asia,6,0,user_143217,0.000146,0.012638,0.012637,358,1160,8
FAC20250623034826,AI/ML,English,Image,Asia,16,0,user_61769,0.000154,0.014903,0.014902,384,1260,12
FAC20250623034830,Education,English,Video,Asia,251,0,user_255765,0.000172,0.015733,0.015732,428,1376,2
FAC20250624034890,Gaming,English,Image,Asia,274,0,user_191962,0.00018,0.013009,0.013009,442,1432,13
FAC20250624034908,Sports,Portuguese,Video,North America,14,0,user_268382,0.000081,0.001973,0.001973,146,451,5
FAC20250624034917,Fashion,English,Link,Europe,4721,0,user_493239,0.000142,0.009744,0.009744,334,1038,9
FAC20250624034937,Climate,English,Image,Europe,5100,1,user_186210,0.000168,0.010178,0.010178,396,1267,0
FAC20250624034945,Food,English,Text,North America,148,0,user_173673,0.000178,0.01254,0.01254,437,1429,3
FAC20250624034982,Fashion,English,Text,Europe,98,0,user_405489,0.000169,0.012079,0.012079,415,1362,9
FAC20250624035001,Travel,English,Text,North America,8966,0,user_275258,0.000171,0.015185,0.015185,429,1404,8
FAC20250624035007,Science,English,Video,North America,182,0,user_130735,0.00016,0.008259,0.008259,371,1190,14
FAC20250624035044,Entertainment,English,Image,Europe,943,0,user_444037,0.000191,0.025,0.025001,501,1620,6
FAC20250624035059,Business,English,Image,Asia,193,0,user_207264,0.000175,0.013673,0.013673,433,1416,11
FAC20250624035066,AI/ML,French,Video,Europe,1366,0,user_491709,0.000086,0.004389,0.004389,168,515,12
FAC20250624035082,Sports,Spanish,Link,Europe,90,0,user_478484,0.000072,0.001515,0.001515,122,381,5
FAC20250624035083,Climate,Portuguese,Text,Asia,256,1,user_162014,0.000114,0.004832,0.004832,242,753,0
FAC20250624035110,Education,Portuguese,Link,North America,53,0,user_325402,0.000063,0.001988,0.001988,102,313,2
FAC20250624035135,Education,Portuguese,Text,Asia,512,0,user_95715,0.000112,0.00713,0.00713,245,763,2
FAC20250624035155,Education,English,Image,Africa,13276,1,user_88186,0.00016,0.014906,0.014906,400,1306,2
FAC20250624035157,Education,Korean,Image,North America,500,1,user_453824,0.000095,0.006224,0.006224,203,632,2
FAC20250624035187,Sports,English,Image,North America,252,0,user_244446,0.000176,0.010929,0.010929,422,1373,5
FAC20250624035227,Finance,English,Image,Europe,18449,1,user_302404,0.000158,0.010195,0.010195,377,1213,10
FAC20250624035231,Politics,Portuguese,Video,Asia,15,0,user_86727,0.000082,0.002684,0.002684,153,475,4
FAC20250624035232,Technology,Portuguese,Image,Oceania,1042,0,user_330135,0.000113,0.008781,0.008781,252,785,1
FAC20250624035246,Sports,Spanish,Video,Asia,1634,0,user_239662,0.000102,0.002768,0.002768,197,620,5
FAC20250624035277,Finance,English,Video,North America,20,0,user_448737,0.000139,0.00902,0.00902,324,1035,10
FAC20250624035283,Gaming,English,Image,Europe,1475,0,user_83348,0.000179,0.013306,0.013306,441,1438,13
FAC20250624035284,Food,English,Image,Oceania,1490,1,user_407821,0.000183,0.012967,0.012967,449,1464,3
FAC20250624035329,Climate,Spanish,Image,Africa,2287,0,user_59878,0.000103,0.003414,0.003414,204,631,0
FAC20250624035334,Food,English,Text,Unknown,42,0,user_69881,0.000161,0.010461,0.010461,388,1268,3
FAC20250624035349,Technology,Portuguese,Text,North America,149,0,user_22596,0.000101,0.00832,0.00832,222,689,1
FAC20250624035377,Sports,German,Text,North America,58,0,user_226577,0.000092,0.003653,0.003653,186,572,5
FAC20250624035381,Business,English,Text,Unknown,17720,0,user_195234,0.000163,0.012271,0.012271,402,1317,11
FAC20250624035383,Business,English,Image,Europe,227,0,user_407164,0.000176,0.013866,0.013866,437,1427,11
FAC20250624035395,Finance,German,Text,South America,2375,0,user_97252,0.000093,0.004856,0.004856,194,597,10
FAC20250624035396,Gaming,Korean,Video,North America,48360,1,user_307729,0.000065,0.00161,0.00161,104,316,13
FAC20250624035399,Finance,Spanish,Video,North America,85,0,user_100508,0.000081,0.002531,0.002531,150,464,10
FAC20250624035403,Fashion,Hindi,Text,Europe,1060,0,user_169717,0.000099,0.005318,0.005318,211,648,9
FAC20250624035416,Gaming,Hindi,Link,Europe,126,0,user_355382,0.000051,0.001184,0.001184,73,223,13
FAC20250624035434,Education,Spanish,Video,Europe,538,0,user_12435,0.000104,0.005303,0.005303,217,676,2
FAC20250625035472,Technology,Spanish,Text,Unknown,14216,0,user_56494,0.000107,0.008618,0.008618,239,748,1
FAC20250625035519,Politics,Arabic,Image,Europe,31208,1,user_13081,0.000082,0.003135,0.003135,158,488,4
FAC20250625035542,Entertainment,English,Text,North America,83,0,user_343381,0.000172,0.023157,0.023158,449,1476,6
FAC20250625035563,Business,English,Image,North America,10518,1,user_97205,0.000158,0.011817,0.011817,387,1265,11
FAC20250625035587,Technology,English,Image,Asia,10841,0,user_294822,0.000168,0.019432,0.019432,431,1394,1
FAC20250625035588,Politics,Arabic,Video,Asia,3244,1,user_495009,0.000081,0.003189,0.003189,157,482,4
FAC20250625035611,AI/ML,French,Text,Europe,426,0,user_432473,0.0001,0.006536,0.006536,212,663,12
FAC20250625035612,Politics,English,Text,Europe,847,0,user_23751,0.000187,0.014206,0.014206,464,1518,4
FAC20250625035630,Travel,German,Video,Europe,4467,1,user_490723,0.000076,0.00328,0.00328,141,430,8
FAC20250625035643,AI/ML,Spanish,Image,Asia,25,0,user_464689,0.000102,0.006725,0.006725,220,686,12
FAC20250625035664,Food,Spanish,Text,Europe,732,0,user_253895,0.00012,0.005329,0.005329,258,815,3
FAC20250625035684,Health,English,Video,Asia,3683,0,user_143587,0.000162,0.017066,0.017066,407,1311,7
FAC20250625035695,Gaming,Arabic,Video,Europe,913,0,user_269788,0.000074,0.002349,0.002349,129,395,13
FAC20250625035697,Food,French,Text,Europe,650,0,user_465841,0.000107,0.004832,0.004832,226,704,3
FAC20250625035711,Education,English,Text,South America,57,0,user_312760,0.000177,0.016327,0.016327,445,1436,2
FAC20250625035719,Climate,English,Text,North America,881,0,user_371758,0.000188,0.012919,0.012918,461,1507,0
FAC20250625035723,Gaming,English,Image,North America,7884,0,user_404920,0.000166,0.011105,0.011105,401,1306,13
FAC20250625035726,Food,English,Image,Africa,125,0,user_41080,0.000174,0.011882,0.011882,425,1395,3
FAC20250625035731,Sports,English,Image,Europe,419,0,user_308388,0.000173,0.010575,0.010575,414,1351,5
FAC20250625035741,Fashion,English,Link,Europe,225,0,user_180309,0.000143,0.00998,0.00998,337,1049,9
FAC20250625035762,Technology,Japanese,Image,Europe,129199,1,user_426551,0.000087,0.007202,0.007202,187,570,1
FAC20250625035787,Sports,Arabic,Text,Asia,1464,0,user_221671,0.000099,0.004018,0.004018,204,632,5
FAC20250625035827,Travel,English,Image,Europe,38,0,user_199000,0.000155,0.013392,0.013392,382,1248,8
FAC20250625035840,Fashion,French,Text,Asia,236,0,user_216325,0.0001,0.005263,0.005262,214,657,9
FAC20250625035876,Sports,French,Image,North America,102,0,user_142679,0.000092,0.003123,0.003123,181,561,5
FAC20250625035885,Food,English,Text,Asia,62,0,user_393345,0.000165,0.011067,0.011066,401,1312,3
FAC20250625035886,Fashion,Spanish,Image,North America,36,0,user_277521,0.000106,0.004782,0.004782,224,692,9
FAC20250625035951,Fashion,Arabic,Image,Africa,1517,0,user_223645,0.000094,0.004637,0.004637,196,608,9
FAC20250625035978,Fashion,Spanish,Text,North America,3119,0,user_216608,0.000113,0.005603,0.005603,245,779,9
FAC20250625035983,Business,English,Image,North America,2881,0,user_360176,0.000169,0.013324,0.013324,417,1374,11
FAC20250625035988,Science,Japanese,Image,North America,16876,1,user_98023,0.000084,0.002531,0.002531,161,491,14
FAC20250625035996,AI/ML,English,Image,North America,1105,0,user_334265,0.000185,0.018773,0.018773,473,1552,12
FAC20250625036004,Travel,German,Text,North America,117,0,user_391238,0.000097,0.006565,0.006565,210,644,8
FAC20250625036005,Travel,English,Text,South America,228,0,user_247106,0.000186,0.017038,0.017037,472,1538,8
FAC20250625036007,Business,English,Text,North America,5342,0,user_216189,0.000177,0.013628,0.013628,439,1434,11
FAC20250625036032,Gaming,French,Text,Europe,5575,0,user_300327,0.000103,0.005218,0.005218,219,673,13
FAC20250625036043,Politics,English,Text,North America,108,0,user_5533,0.000167,0.011621,0.011621,407,1329,4
FAC20250625036044,Entertainment,English,Image,Asia,2327,0,user_197065,0.00018,0.023426,0.023427,468,1522,6
FAC20250625036045,Politics,English,Video,Asia,189,0,user_428478,0.000155,0.010558,0.010558,371,1196,4
FAC20250625036050,Education,Portuguese,Text,Asia,378,0,user_119826,0.000106,0.006834,0.006834,229,715,2
FAC20250625036060,Food,Hindi,Text,North America,918,0,user_208690,0.000098,0.004551,0.004551,205,632,3
FAC20250625036091,Gaming,English,Image,Europe,23458,1,user_254130,0.000154,0.010146,0.010146,368,1199,13
FAC20250625036112,Finance,Korean,Video,Africa,167,0,user_22608,0.000076,0.002782,0.002782,140,426,10
FAC20250625036124,Technology,English,Image,Asia,8230,0,user_271665,0.000172,0.019751,0.019751,442,1426,1
FAC20250625036125,Education,Hindi,Video,Europe,864,0,user_127423,0.000084,0.004691,0.004691,169,521,2
FAC20250625036135,Travel,Japanese,Text,North America,2,0,user_290895,0.00009,0.006032,0.006032,190,572,8
FAC20250625036148,Health,English,Link,Europe,56,0,user_381209,0.000138,0.015178,0.015178,341,1071,7
FAC20250625036158,Finance,English,Image,Europe,111,0,user_31992,0.000173,0.011996,0.011996,421,1356,10
FAC20250625036185,Politics,French,Image,South America,411,0,user_299435,0.0001,0.003983,0.003983,204,631,4
FAC20250625036225,Food,French,Image,Europe,333,0,user_387604,0.000103,0.004442,0.004441,215,671,3
FAC20250625036226,Entertainment,Spanish,Text,Europe,2049,0,user_471706,0.000124,0.012488,0.012488,292,924,6
FAC20250625036241,Technology,English,Video,North America,5995,1,user_354168,0.000161,0.018664,0.018664,408,1311,1
FAC20250625036282,Science,Spanish,Image,Asia,196,0,user_73368,0.000113,0.003255,0.003255,227,709,14
FAC20250625036296,Business,French,Text,Asia,47,0,user_61672,0.000099,0.005514,0.005514,212,651,11
FAC20250625036297,Sports,Japanese,Image,North America,396,0,user_40451,0.000098,0.003586,0.003586,197,614,5
FAC20250625036300,Finance,Arabic,Image,Unknown,585,1,user_142304,0.000094,0.004062,0.004062,190,580,10
FAC20250625036305,Education,Hindi,Text,North America,48,0,user_443537,0.000088,0.00591,0.00591,184,562,2
FAC20250625036346,Fashion,Spanish,Video,Europe,11116,1,user_105099,0.000085,0.002681,0.002681,160,500,9
FAC20250626036379,Business,French,Image,North America,7743,0,user_170742,0.000093,0.004633,0.004633,192,592,11
FAC20250626036386,Education,Portuguese,Text,Europe,1070,0,user_377226,0.000112,0.007353,0.007353,247,770,2
FAC20250626036410,Technology,English,Text,North America,29,0,user_317123,0.000164,0.019147,0.019147,420,1357,1
FAC20250626036422,Gaming,Korean,Image,North America,196,0,user_78270,0.000095,0.004214,0.004214,193,597,13
FAC20250626036425,Science,English,Text,Asia,389,0,user_227301,0.000189,0.012932,0.012932,460,1485,14
FAC20250626036465,Climate,French,Video,Africa,1304,0,user_457487,0.000089,0.002517,0.002517,165,516,0
FAC20250626036468,Technology,English,Image,Europe,365,1,user_392653,0.000184,0.021417,0.021417,477,1544,1
FAC20250626036508,Fashion,Arabic,Image,Europe,534,0,user_473699,0.000097,0.00484,0.00484,203,632,9
FAC20250626036532,Food,Chinese,Video,Africa,1040,0,user_170020,0.000072,0.00236,0.00236,129,396,3
FAC20250627036613,Education,English,Text,North America,1120,0,user_182923,0.000194,0.019039,0.019039,499,1616,2
FAC20250627036625,Health,German,Image,South America,345,0,user_185914,0.0001,0.007201,0.007201,216,667,7
FAC20250627036650,Politics,Arabic,Image,Europe,45,0,user_107697,0.000086,0.003356,0.003356,169,525,4
FAC20250627036712,Entertainment,Spanish,Video,North America,1694,0,user_238709,0.000099,0.007324,0.007325,211,667,6
FAC20250627036730,Finance,English,Video,Asia,148,0,user_298410,0.000152,0.010099,0.010099,361,1160,10
FAC20250627036764,Travel,English,Video,North America,102,0,user_353680,0.000157,0.013147,0.013147,380,1210,8
FAC20250627036792,Business,Portuguese,Text,North America,2036,0,user_24406,0.000107,0.005939,0.005939,232,729,11
FAC20250627036795,Travel,Portuguese,Link,North America,682,0,user_247089,0.000076,0.003011,0.003011,140,431,8
FAC20250627036813,Entertainment,Spanish,Text,Asia,885,0,user_138720,0.000128,0.013116,0.013116,303,956,6
FAC20250627036817,AI/ML,English,Image,North America,1855,0,user_489193,0.000182,0.018002,0.018002,464,1529,12
FAC20250627036820,Fashion,English,Text,North America,59816,0,user_227798,0.000152,0.010273,0.010273,365,1193,9
FAC20250627036824,Science,English,Video,Europe,223,0,user_273332,0.000162,0.008533,0.008533,376,1200,14
FAC20250627036830,Science,Japanese,Text,North America,2781,0,user_147596,0.000099,0.003569,0.003569,201,629,14
FAC20250627036831,Entertainment,Japanese,Image,Oceania,814,0,user_235717,0.000102,0.009438,0.009438,228,713,6
FAC20250627036869,Finance,English,Image,Europe,287,0,user_245433,0.000181,0.012818,0.012818,442,1425,10
FAC20250628036886,Education,English,Text,Asia,131,0,user_55158,0.00018,0.016926,0.016926,456,1467,2
FAC20250629036921,Technology,Portuguese,Poll,North America,131,0,user_158968,0.000057,0.002369,0.002369,92,285,1
FAC20250629036948,Education,English,Link,Europe,28,0,user_498848,0.000134,0.012836,0.012836,324,1011,2
FAC20250629036965,Health,English,Image,Asia,135,0,user_58580,0.000189,0.019516,0.019516,485,1559,7
FAC20250629036976,Fashion,English,Text,Asia,3290,0,user_386305,0.000185,0.014475,0.014475,463,1506,9
FAC20250629036979,Travel,English,Image,North America,1161,0,user_346113,0.000178,0.016502,0.016502,448,1459,8
FAC20250629036983,Gaming,Arabic,Image,North America,1261,1,user_402500,0.000095,0.004167,0.004167,192,594,13
FAC20250629036984,Politics,Portuguese,Video,Europe,77,0,user_315993,0.000089,0.003057,0.003057,171,533,4
FAC20250629036995,Fashion,English,Video,Europe,9289,1,user_374426,0.000152,0.010559,0.010559,362,1147,9
FAC20250629037013,Travel,Hindi,Video,Oceania,174,0,user_319597,0.000074,0.003273,0.003272,136,416,8
FAC20250629037044,Fashion,English,Link,North America,2183,0,user_24841,0.000145,0.010123,0.010123,343,1067,9
FAC20250629037047,Entertainment,Spanish,Text,North America,428,0,user_433199,0.000124,0.012565,0.012565,294,925,6
FAC20250629037065,Food,English,Video,Europe,352,0,user_225109,0.000159,0.010534,0.010534,378,1193,3
FAC20250629037106,Politics,English,Image,North America,52,0,user_121696,0.000163,0.010579,0.010579,390,1261,4
FAC20250629037116,Climate,English,Text,Asia,191,0,user_435136,0.000183,0.012052,0.012052,444,1448,0
FAC20250629037172,Politics,English,Video,North America,1199,0,user_353327,0.000159,0.01092,0.01092,383,1241,4
FAC20250629037179,Health,English,Link,North America,485,0,user_210025,0.000144,0.015476,0.015476,356,1122,7
FAC20250629037181,Education,English,Text,Africa,200,0,user_454313,0.000185,0.017774,0.017774,471,1528,2
FAC20250629037203,Gaming,French,Video,Africa,56,0,user_312192,0.000077,0.002099,0.002099,134,416,13
FAC20250629037213,Climate,English,Link,Oceania,85,0,user_295546,0.000135,0.007723,0.007723,308,967,0
FAC20250629037235,AI/ML,French,Text,Asia,3118,0,user_369567,0.000098,0.006554,0.006554,210,656,12
FAC20250629037276,Entertainment,English,Image,North America,122,0,user_59527,0.000185,0.02389,0.023891,484,1555,6
FAC20250629037304,Fashion,English,Poll,Asia,55,0,user_384989,0.000123,0.008867,0.008867,287,885,9
FAC20250629037356,Finance,English,Video,Asia,8525,1,user_89936,0.000152,0.010216,0.010216,362,1153,10
FAC20250629037360,Gaming,English,Text,North America,4459,0,user_301943,0.000176,0.013346,0.013346,435,1423,13
FAC20250629037387,Finance,Portuguese,Poll,North America,36,0,user_340695,0.000047,0.000838,0.000838,62,188,10
FAC20250629037413,Education,French,Text,Asia,2194,0,user_245676,0.000103,0.006679,0.006679,223,693,2
FAC20250630037443,Education,Portuguese,Video,North America,1939,0,user_446393,0.000096,0.004896,0.004896,196,608,2
FAC20250630037472,Food,Spanish,Text,Asia,7263,0,user_71415,0.000107,0.004749,0.004749,225,700,3
FAC20250630037477,AI/ML,English,Link,Europe,6091,1,user_125910,0.000142,0.013636,0.013636,343,1076,12
FAC20250630037535,Technology,English,Video,Europe,99,0,user_197015,0.000161,0.018257,0.018257,406,1308,1
FAC20250630037542,AI/ML,Chinese,Text,Europe,26024,1,user_286252,0.000084,0.005848,0.005848,173,525,12
FAC20250630037543,Politics,English,Text,Europe,2926,0,user_178497,0.000175,0.013284,0.013284,433,1421,4
FAC20250630037555,Education,English,Text,Asia,1653,0,user_101647,0.000189,0.018337,0.018337,482,1563,2
FAC20250630037566,Finance,English,Video,Asia,106,0,user_458442,0.000146,0.009624,0.009624,344,1101,10
FAC20250630037572,Education,Japanese,Image,Asia,433,1,user_267762,0.000099,0.006508,0.006508,213,658,2
FAC20250630037608,Gaming,German,Text,North America,2972,0,user_280880,0.000096,0.005046,0.005046,202,619,13
FAC20250630037632,Technology,Spanish,Link,Europe,1151,0,user_185869,0.00008,0.004688,0.004688,158,494,1
FAC20250630037679,Gaming,German,Image,Europe,406,0,user_294037,0.000097,0.00436,0.00436,200,620,13
FAC20250630037690,Gaming,Arabic,Image,Asia,20932,0,user_301314,0.000088,0.003802,0.003802,175,536,13
FAC20250630037701,Business,English,Link,Asia,287,0,user_53377,0.000141,0.010758,0.010758,338,1060,11
FAC20250630037710,Food,English,Link,North America,100,0,user_80738,0.000138,0.008705,0.008705,320,1005,3
FAC20250630037711,Entertainment,English,Text,Asia,424,0,user_159320,0.000192,0.026647,0.026647,512,1683,6
FAC20250630037712,Sports,Portuguese,Text,North America,5420,0,user_336280,0.000108,0.004294,0.004294,225,707,5
FAC20250630037832,Finance,English,Link,North America,235,0,user_151493,0.000141,0.009548,0.009548,331,1048,10
FAC20250630037852,Climate,English,Image,Oceania,132,0,user_234125,0.000174,0.011171,0.011171,416,1331,0
FAC20250630037854,Fashion,English,Text,North America,43,0,user_106103,0.000161,0.011457,0.011457,394,1288,9
FAC20250630037868,Travel,English,Text,North America,2240,0,user_318395,0.000183,0.017299,0.017299,466,1531,8
FAC20250630037873,AI/ML,English,Video,Europe,1040,0,user_386930,0.000167,0.015771,0.015771,414,1331,12
FAC20250630037877,Science,English,Image,South America,142,0,user_469258,0.000171,0.009933,0.009933,407,1311,14
FAC20250630037902,AI/ML,English,Image,Europe,30,0,user_330666,0.000161,0.015524,0.015524,402,1318,12
FAC20250630037918,Fashion,English,Image,North America,9838,0,user_437093,0.000163,0.01137,0.01137,396,1289,9
FAC20250630037925,Business,English,Text,Europe,116,0,user_84637,0.000174,0.013435,0.013435,432,1420,11
FAC20250630037926,Health,Spanish,Text,North America,31017,1,user_158964,0.000104,0.008022,0.008022,232,724,7
FAC20250630037929,Business,English,Video,North America,2891,1,user_209158,0.000159,0.012135,0.012135,385,1232,11
FAC20250630037930,Health,English,Video,Europe,482,0,user_329768,0.000165,0.017394,0.017394,415,1331,7
FAC20250630037967,Politics,Spanish,Text,Oceania,3202,1,user_135444,0.000111,0.00553,0.00553,239,749,4
FAC20250630037989,Technology,English,Text,Oceania,172,0,user_297596,0.000187,0.021959,0.021959,486,1571,1
FAC20250630038035,Education,English,Image,Asia,1219,1,user_210310,0.000182,0.017725,0.017725,463,1504,2
FAC20250630038072,Business,Spanish,Text,Europe,1902,1,user_471751,0.000113,0.006133,0.006133,246,775,11
FAC20250630038116,Sports,Spanish,Text,Europe,31,0,user_64153,0.000103,0.003869,0.003869,211,660,5
FAC20250630038129,Politics,Korean,Image,North America,27,0,user_190796,0.000083,0.00318,0.00318,160,492,4
FAC20250630038131,Travel,Korean,Poll,Asia,1665,0,user_137232,0.00005,0.00187,0.00187,74,224,8
FAC20250630038141,Science,English,Text,North America,146,0,user_248404,0.000176,0.010412,0.010412,421,1363,14
FAC20250630038147,Health,English,Image,Asia,3421,1,user_277928,0.000183,0.018916,0.018916,466,1506,7
FAC20250630038172,Gaming,English,Text,Asia,53,0,user_234717,0.000165,0.01168,0.01168,403,1325,13
FAC20250630038180,Sports,Spanish,Link,Europe,1909,1,user_353890,0.000079,0.001812,0.001812,137,426,5
FAC20250630038195,Travel,English,Text,Asia,9263,1,user_366425,0.000171,0.015179,0.015179,429,1405,8
FAC20250630038208,Education,English,Image,North America,639,0,user_37727,0.000178,0.016826,0.016825,450,1474,2
FAC20250630038217,Fashion,Spanish,Text,Asia,2200,0,user_113301,0.000118,0.005804,0.005804,256,808,9
FAC20250630038224,Fashion,English,Video,Europe,65,0,user_172847,0.000148,0.010242,0.010242,350,1114,9
FAC20250630038308,Gaming,Chinese,Text,North America,14450,0,user_78509,0.000091,0.004901,0.004901,191,580,13
FAC20250630038312,Travel,Arabic,Video,North America,290,0,user_255007,0.00008,0.003701,0.003701,153,469,8
FAC20250630038315,Fashion,Spanish,Image,Europe,96,0,user_335143,0.00011,0.005027,0.005027,234,731,9
FAC20250630038332,AI/ML,English,Text,Oceania,374,0,user_228912,0.000195,0.020431,0.020431,501,1621,12
FAC20250630038363,Climate,French,Video,Europe,1125,0,user_464675,0.000091,0.002696,0.002696,171,529,0
FAC20250630038380,AI/ML,Spanish,Image,Europe,863,0,user_309350,0.000114,0.007889,0.007889,254,804,12
FAC20250630038407,Climate,Portuguese,Video,Asia,315,0,user_45006,0.000089,0.002359,0.002359,162,502,0
FAC20250630038410,Finance,Japanese,Image,Europe,7647,0,user_182244,0.000092,0.003535,0.003535,181,561,10
FAC20250630038430,Science,French,Image,North America,979,0,user_497124,0.000098,0.003016,0.003016,194,601,14
FAC20250630038444,Business,English,Text,Asia,1562,0,user_43548,0.000185,0.01526,0.01526,466,1517,11
FAC20250630038445,AI/ML,Chinese,Text,South America,243,0,user_319265,0.00009,0.006445,0.006445,190,582,12
FAC20250630038479,Climate,English,Poll,Europe,1722,0,user_449036,0.000132,0.007613,0.007613,299,933,0
FAC20250630038485,Education,English,Link,Europe,773,0,user_344781,0.00015,0.014037,0.014037,366,1154,2
FAC20250630038504,Travel,English,Text,Asia,1155,0,user_445491,0.000188,0.017583,0.017583,479,1570,8
FAC20250630038509,Fashion,English,Image,Asia,81,0,user_496353,0.000167,0.012167,0.012167,409,1343,9
FAC20250630038511,Science,English,Text,Asia,1091,0,user_396494,0.000187,0.01183,0.01183,453,1459,14
FAC20250630038583,Gaming,French,Text,Asia,4044,0,user_492055,0.000102,0.005145,0.005145,215,663,13
FAC20250630038616,Finance,French,Video,Asia,3400,1,user_498466,0.000072,0.002239,0.002239,126,389,10
FAC20250630038648,Travel,English,Image,Asia,2240,0,user_83589,0.000171,0.01561,0.01561,430,1405,8
FAC20250630038657,Politics,Korean,Image,North America,103,0,user_355946,0.000086,0.003283,0.003283,166,514,4
FAC20250630038658,Education,English,Image,Asia,6,0,user_257001,0.00015,0.013911,0.013911,370,1205,2
FAC20250630038685,Finance,English,Text,Asia,197,0,user_90712,0.000174,0.012907,0.012907,430,1418,10
FAC20250630038735,Food,Spanish,Image,Europe,10,0,user_64277,0.000101,0.004195,0.004195,210,656,3
FAC20250630038763,Food,English,Image,North America,260,0,user_196035,0.000181,0.012445,0.012445,443,1448,3
FAC20250630038770,Politics,Hindi,Text,Asia,19909,1,user_50847,0.000089,0.004529,0.004529,183,558,4
FAC20250630038786,Travel,French,Text,North America,59,0,user_340184,0.000096,0.006327,0.006327,206,637,8
FAC20250630038800,Climate,English,Text,North America,1936,0,user_434313,0.00019,0.013053,0.013053,465,1514,0
FAC20250630038824,Climate,English,Text,Asia,31560,1,user_476261,0.000156,0.008761,0.008761,367,1206,0
FAC20250630038833,Business,English,Video,North America,2425,0,user_424635,0.000156,0.011841,0.011841,377,1204,11
FAC20250630038878,Climate,English,Video,North America,1979,0,user_395036,0.000162,0.009206,0.009206,376,1197,0
FAC20250701038955,Sports,English,Image,Europe,2485,0,user_29807,0.000169,0.010155,0.010155,401,1293,5
FAC20250701038971,Gaming,English,Image,South America,77,0,user_146969,0.000168,0.01148,0.01148,406,1312,13
FAC20250701038991,Fashion,Portuguese,Link,Europe,497,0,user_206248,0.000073,0.002138,0.002138,127,398,9
FAC20250701039001,Finance,Spanish,Image,North America,3539,1,user_183531,0.000102,0.003943,0.003943,206,644,10
FAC20250701039011,Politics,Spanish,Text,South America,291,0,user_411483,0.000112,0.00561,0.00561,243,764,4
FAC20250701039035,Travel,English,Text,Europe,121,0,user_489391,0.000174,0.015394,0.015394,436,1434,8
FAC20250701039038,AI/ML,Japanese,Text,North America,452,0,user_468531,0.000097,0.006524,0.006524,206,639,12
FAC20250701039052,Finance,English,Image,Oceania,6172,0,user_32482,0.000166,0.011011,0.011011,400,1290,10
FAC20250701039062,Food,Chinese,Text,Europe,3538,0,user_72575,0.000093,0.004376,0.004376,193,593,3
FAC20250701039063,Entertainment,English,Text,South America,409,0,user_90929,0.000191,0.02647,0.02647,507,1664,6
FAC20250701039079,Politics,Hindi,Poll,Asia,219,0,user_439310,0.000046,0.001117,0.001117,61,184,4
FAC20250701039109,AI/ML,Portuguese,Poll,North America,130,0,user_235265,0.00006,0.001866,0.001866,92,284,12
FAC20250701039117,Entertainment,English,Image,North America,2505,0,user_97801,0.00018,0.023337,0.023337,468,1523,6
FAC20250701039118,Gaming,Japanese,Image,North America,2155,0,user_489672,0.000098,0.004245,0.004245,201,618,13
FAC20250701039126,Sports,Arabic,Text,North America,9136,1,user_209462,0.000093,0.003768,0.003768,190,582,5
FAC20250701039133,Finance,English,Link,Europe,2162,0,user_413881,0.000139,0.009529,0.009529,327,1031,10
FAC20250701039160,AI/ML,Chinese,Link,South America,2784,0,user_234144,0.000055,0.002183,0.002183,85,261,12
FAC20250701039165,Finance,English,Text,South America,28,0,user_142946,0.000155,0.010317,0.010317,373,1228,10
FAC20250701039190,Health,English,Text,Africa,158,0,user_387096,0.000184,0.019755,0.019755,474,1557,7
FAC20250701039195,Politics,English,Text,Asia,1562,0,user_485491,0.000178,0.01345,0.01345,440,1449,4
FAC20250701039196,Politics,Japanese,Image,Europe,370,0,user_145298,0.000095,0.003861,0.003861,191,591,4
FAC20250701039203,Education,English,Image,Asia,667,0,user_253340,0.000177,0.016696,0.016696,447,1463,2
FAC20250701039240,Health,English,Image,North America,2696,0,user_221592,0.000183,0.019001,0.019001,468,1505,7
FAC20250701039275,Business,Hindi,Poll,Asia,828,0,user_125803,0.000047,0.001547,0.001547,66,200,11
FAC20250701039276,Technology,English,Video,Asia,16341,1,user_70223,0.000151,0.017725,0.017725,380,1226,1
FAC20250701039297,Food,English,Text,Asia,11,0,user_236335,0.000146,0.008928,0.008928,345,1129,3
FAC20250701039329,Science,German,Link,North America,751,0,user_303307,0.000066,0.001363,0.001363,107,330,14
FAC20250701039401,Travel,English,Image,North America,230,0,user_222882,0.000177,0.015817,0.015817,444,1440,8
FAC20250701039408,Technology,English,Video,North America,3257,0,user_449402,0.000169,0.01932,0.01932,431,1397,1
FAC20250701039413,Science,English,Link,Europe,53134,1,user_416341,0.000127,0.006244,0.006244,283,881,14
FAC20250701039417,Science,English,Link,Unknown,68179,1,user_82295,0.000127,0.006218,0.006218,283,878,14
FAC20250701039426,Climate,English,Text,Unknown,288,0,user_68282,0.000187,0.013041,0.013041,457,1487,0
FAC20250701039427,AI/ML,German,Text,Europe,891,1,user_384288,0.000097,0.006781,0.006781,209,651,12
FAC20250701039431,Climate,English,Text,Asia,279,0,user_77414,0.000187,0.013032,0.013032,458,1487,0
FAC20250701039452,Food,Spanish,Text,Asia,8783,0,user_258656,0.000108,0.004833,0.004833,229,712,3
FAC20250701039479,Health,Spanish,Text,Europe,14328,1,user_208383,0.000105,0.008297,0.008297,236,741,7
FAC20250701039493,Fashion,English,Video,Asia,6109,1,user_375624,0.000154,0.010794,0.010794,368,1167,9
FAC20250701039505,Travel,Korean,Text,Asia,12040,0,user_180869,0.000096,0.006262,0.006262,205,628,8
FAC20250701039525,Science,English,Text,North America,1242,0,user_314286,0.000183,0.011494,0.011494,442,1429,14
FAC20250701039535,Business,Spanish,Video,Europe,1418,1,user_97277,0.000082,0.002968,0.002968,153,471,11
FAC20250701039539,Business,German,Text,North America,465,0,user_86266,0.000102,0.005738,0.005738,220,678,11
FAC20250702039568,Technology,English,Video,North America,740,0,user_418076,0.000169,0.019541,0.019541,432,1399,1
FAC20250702039571,Finance,Portuguese,Text,Asia,2381,0,user_214138,0.0001,0.005,0.005,210,650,10
FAC20250702039587,Travel,English,Text,Asia,125,1,user_151169,0.000175,0.015582,0.015582,440,1446,8
FAC20250703039591,Entertainment,Chinese,Video,Unknown,23951,0,user_28127,0.000069,0.004795,0.004795,130,396,6
FAC20250703039618,Science,English,Image,South America,9998,0,user_56192,0.000159,0.008108,0.008108,370,1198,14
FAC20250704039652,Sports,English,Video,Europe,37972,1,user_93351,0.000143,0.007384,0.007384,325,1030,5
FAC20250704039663,Travel,English,Link,North America,159,0,user_494511,0.000147,0.012708,0.012708,355,1118,8
FAC20250704039679,Travel,Japanese,Video,Europe,1036,0,user_275399,0.000076,0.003336,0.003336,140,435,8
FAC20250704039680,Food,German,Video,Asia,218,0,user_409160,0.000073,0.002228,0.002228,128,391,3
FAC20250704039695,Health,Spanish,Image,Asia,77,0,user_308375,0.000106,0.007033,0.007033,231,722,7
FAC20250704039700,Sports,Portuguese,Text,North America,327,0,user_177947,0.000107,0.00427,0.00427,224,706,5
FAC20250704039706,Education,Spanish,Text,Asia,4858,1,user_276339,0.000109,0.007108,0.007108,240,747,2
FAC20250704039717,Climate,English,Video,Europe,95,0,user_450683,0.000153,0.008362,0.008362,352,1116,0
FAC20250704039721,Travel,Portuguese,Text,Unknown,550,0,user_40538,0.000112,0.007294,0.007294,248,775,8
FAC20250704039725,Education,English,Text,Asia,418,1,user_92224,0.000196,0.019868,0.019868,503,1627,2
FAC20250705039766,Health,Korean,Link,Asia,4047,1,user_103286,0.000061,0.003244,0.003244,106,321,7
FAC20250705039775,Food,Spanish,Image,Asia,171,0,user_172263,0.000115,0.00479,0.004789,245,773,3
FAC20250705039787,Gaming,English,Text,Europe,160,0,user_281337,0.000179,0.013331,0.013331,442,1452,13
FAC20250705039798,Technology,German,Text,Asia,10202,1,user_15664,0.000086,0.007481,0.007481,186,566,1
FAC20250705039809,Fashion,English,Image,Asia,3162,1,user_190203,0.000165,0.012263,0.012263,404,1322,9
FAC20250705039841,Business,English,Image,North America,41416,0,user_21524,0.000148,0.010786,0.010786,358,1170,11
FAC20250705039847,Climate,French,Text,Asia,212,0,user_375624,0.000109,0.004672,0.004672,229,707,0
FAC20250705039850,Finance,English,Text,Europe,896,1,user_47462,0.000183,0.013953,0.013952,453,1496,10
FAC20250705039851,Sports,Spanish,Link,North America,11815,1,user_81413,0.000069,0.001295,0.001295,112,345,5
FAC20250705039872,Science,English,Image,North America,15,0,user_340164,0.000148,0.007128,0.007128,338,1090,14
FAC20250705039874,Technology,Spanish,Video,North America,3120,0,user_72942,0.000105,0.00728,0.00728,229,719,1
FAC20250705039940,Fashion,French,Image,North America,939,0,user_280936,0.000096,0.004601,0.004601,202,626,9
FAC20250705039950,Fashion,English,Image,Europe,1177,0,user_211660,0.000172,0.013628,0.013628,427,1394,9
FAC20250705039965,AI/ML,English,Link,Asia,38,0,user_449118,0.00014,0.013472,0.013472,336,1044,12
FAC20250705039975,Food,English,Image,Oceania,21,0,user_38510,0.000155,0.009724,0.009724,370,1205,3
FAC20250705039993,Science,Spanish,Text,Europe,670,0,user_177308,0.000122,0.004116,0.004116,255,795,14
FAC20250705040051,Business,English,Text,Asia,848,0,user_250675,0.000188,0.0155,0.0155,473,1547,11
FAC20250705040077,Science,English,Text,North America,25,0,user_84538,0.000159,0.007927,0.007927,369,1192,14
FAC20250705040080,Entertainment,English,Link,North America,1949,1,user_429973,0.000146,0.020033,0.020033,370,1165,6
FAC20250705040187,Entertainment,English,Video,Unknown,16649,1,user_137063,0.000149,0.019908,0.019909,377,1199,6
FAC20250705040194,Business,English,Link,North America,219,0,user_299428,0.000144,0.010884,0.010884,343,1079,11
FAC20250705040204,Fashion,Arabic,Image,North America,953,0,user_141691,0.000094,0.004499,0.004498,195,610,9
FAC20250705040214,Technology,Japanese,Text,Asia,107,0,user_19223,0.000096,0.008078,0.008078,211,648,1
FAC20250705040251,Gaming,English,Video,Asia,41,0,user_70621,0.000148,0.009411,0.009411,343,1078,13
FAC20250705040258,Gaming,Korean,Video,Asia,4283,0,user_254651,0.00007,0.001931,0.001931,118,362,13
FAC20250705040272,Entertainment,English,Text,Europe,33,0,user_169330,0.000162,0.022044,0.022044,420,1385,6
FAC20250705040287,Fashion,German,Image,North America,203,0,user_43626,0.000091,0.004479,0.004479,189,582,9
FAC20250705040305,Entertainment,English,Image,Europe,86,0,user_498098,0.00018,0.023371,0.023372,470,1507,6
FAC20250705040338,Fashion,Spanish,Image,North America,150,0,user_106832,0.000112,0.005042,0.005042,238,752,9
FAC20250705040339,Science,Korean,Image,Europe,616,0,user_496548,0.000094,0.002898,0.002898,183,561,14
FAC20250705040363,Technology,English,Text,Europe,744,0,user_338255,0.000191,0.022562,0.022562,498,1615,1
FAC20250705040370,Technology,English,Text,North America,6315,0,user_324790,0.000175,0.020397,0.020397,451,1459,1
FAC20250705040373,Technology,Spanish,Image,Asia,567,0,user_416823,0.000122,0.009639,0.009639,279,879,1
FAC20250705040396,AI/ML,English,Text,Asia,231,0,user_209653,0.000184,0.018358,0.018358,468,1517,12
FAC20250705040406,Entertainment,English,Video,Europe,388,0,user_468788,0.000167,0.021709,0.021709,427,1367,6
FAC20250705040407,Sports,English,Video,Europe,44,0,user_155463,0.000148,0.007739,0.007739,337,1071,5
FAC20250705040426,Food,Portuguese,Image,Africa,54,0,user_224964,0.000099,0.00418,0.00418,205,637,3
FAC20250705040434,Travel,French,Image,Europe,59983,1,user_210746,0.000081,0.004619,0.004619,164,499,8
FAC20250705040450,Fashion,English,Link,Asia,1356,0,user_61154,0.000144,0.009866,0.009866,338,1051,9
FAC20250705040461,Politics,Arabic,Text,Asia,713,0,user_316350,0.0001,0.005007,0.005007,211,652,4
FAC20250705040475,Business,Korean,Video,Europe,59,0,user_480200,0.000063,0.002308,0.002308,109,329,11
FAC20250705040488,Gaming,Hindi,Image,North America,1211,0,user_370777,0.000092,0.004078,0.004078,186,574,13
FAC20250705040518,Climate,English,Image,Europe,25,0,user_124417,0.000152,0.008652,0.008652,352,1130,0
FAC20250705040545,Business,Spanish,Image,Asia,474,0,user_451245,0.000107,0.00537,0.00537,230,718,11
FAC20250705040550,Sports,Spanish,Video,North America,200,0,user_264096,0.000103,0.002779,0.002779,200,628,5
FAC20250705040615,Technology,English,Video,Asia,353,0,user_112176,0.000168,0.019432,0.019432,430,1381,1
FAC20250705040623,Finance,Chinese,Image,North America,174,0,user_70051,0.00009,0.003758,0.003758,181,555,10
FAC20250705040641,Technology,English,Image,Europe,16280,1,user_447946,0.000166,0.019176,0.019176,426,1384,1
FAC20250705040709,Politics,English,Text,Europe,51,0,user_59676,0.000163,0.011148,0.011148,394,1296,4
FAC20250705040741,Business,French,Link,North America,21,0,user_416318,0.000053,0.001295,0.001295,78,237,11
FAC20250705040763,Food,Japanese,Link,South America,1649,0,user_439357,0.000062,0.001587,0.001586,98,300,3
FAC20250705040863,AI/ML,English,Link,Europe,82662,0,user_477615,0.000136,0.013255,0.013255,327,1009,12
FAC20250705040891,Politics,English,Video,Europe,30,0,user_379548,0.000142,0.009183,0.009183,333,1070,4
FAC20250705040894,Technology,English,Video,North America,102,0,user_172229,0.000161,0.01834,0.01834,407,1312,1
FAC20250705040932,Travel,English,Text,Asia,161,0,user_485665,0.000185,0.01675,0.016749,469,1533,8
FAC20250705040941,Food,English,Image,North America,1300,0,user_407455,0.000181,0.012883,0.012883,443,1446,3
FAC20250705040954,Gaming,Portuguese,Video,Oceania,1875,0,user_406403,0.000085,0.002597,0.002597,154,481,13
FAC20250705040958,Travel,English,Image,Asia,267,0,user_157192,0.000176,0.015731,0.01573,442,1440,8
FAC20250705040959,Finance,English,Text,Asia,901,1,user_180684,0.000183,0.013953,0.013952,453,1495,10
FAC20250705040962,Health,French,Video,North America,717,0,user_11109,0.000081,0.004915,0.004915,161,498,7
FAC20250705040967,Education,Portuguese,Poll,Europe,1892,0,user_154211,0.000064,0.002593,0.002593,111,340,2
FAC20250705040973,Technology,English,Poll,North America,255,0,user_340246,0.000137,0.016799,0.016799,343,1065,1
FAC20250705040978,Fashion,English,Image,South America,367,0,user_114509,0.000174,0.013066,0.013066,429,1402,9
FAC20250705040984,Education,English,Video,Unknown,314,0,user_358508,0.000171,0.015672,0.015672,426,1368,2
FAC20250705040987,Business,English,Link,South America,39,0,user_360493,0.000131,0.009973,0.009973,311,964,11
FAC20250705040999,Health,English,Text,North America,749,0,user_148667,0.000192,0.020997,0.020997,498,1621,7
FAC20250705041001,Gaming,English,Text,Europe,1375,0,user_489166,0.000179,0.014073,0.014073,447,1479,13
FAC20250705041026,Business,English,Text,Europe,200410,1,user_460545,0.00015,0.010984,0.010984,365,1195,11
FAC20250705041036,AI/ML,English,Text,North America,1832,0,user_292556,0.000188,0.018954,0.018954,482,1566,12
FAC20250705041041,Gaming,English,Video,North America,498,0,user_388782,0.000169,0.011585,0.011585,403,1270,13
FAC20250705041044,Fashion,German,Video,Europe,460,0,user_58737,0.000077,0.002758,0.002758,142,435,9
FAC20250705041050,Food,Portuguese,Text,Europe,1216,0,user_250723,0.00011,0.005088,0.005088,235,735,3
FAC20250705041052,Entertainment,English,Image,Unknown,86,0,user_381459,0.00018,0.023371,0.023372,470,1507,6
FAC20250705041053,Technology,English,Image,North America,793,0,user_89817,0.000188,0.021956,0.021956,490,1594,1
FAC20250705041062,Education,English,Text,Europe,196,0,user_24174,0.000185,0.017725,0.017725,471,1528,2
FAC20250705041075,Gaming,English,Text,North America,4949,0,user_143774,0.000174,0.01286,0.01286,429,1405,13
FAC20250705041110,Politics,English,Image,South America,9152,0,user_79397,0.000163,0.01063,0.01063,391,1254,4
FAC20250705041133,Finance,English,Text,North America,153,0,user_353028,0.000174,0.012971,0.012971,430,1422,10
FAC20250705041162,Travel,English,Link,Asia,2347,0,user_378841,0.000145,0.012772,0.012771,351,1108,8
FAC20250705041185,Technology,English,Link,Asia,43299,1,user_152614,0.000134,0.016484,0.016484,333,1031,1
FAC20250705041254,Food,English,Image,Europe,160,0,user_331352,0.000174,0.011785,0.011785,424,1389,3
FAC20250705041296,Fashion,English,Text,Asia,199,0,user_450949,0.000182,0.013814,0.013814,453,1476,9
FAC20250705041303,Gaming,English,Video,Europe,686,0,user_326418,0.000169,0.011759,0.011759,404,1276,13
FAC20250705041308,Fashion,French,Video,Europe,1753,0,user_322048,0.000075,0.002721,0.002721,138,427,9
FAC20250705041345,Food,English,Image,Africa,33,0,user_142779,0.000157,0.0098,0.009799,374,1220,3
FAC20250705041357,Education,English,Image,North America,89,0,user_357003,0.000175,0.016388,0.016388,441,1425,2
FAC20250705041358,Climate,French,Text,North America,10658,0,user_465249,0.000113,0.004661,0.004661,238,733,0
FAC20250705041362,Fashion,English,Video,Asia,556,0,user_129305,0.000166,0.012052,0.012052,402,1282,9
FAC20250705041387,AI/ML,English,Poll,Asia,85,0,user_70487,0.000138,0.013338,0.013338,330,1009,12
FAC20250705041424,Education,English,Video,North America,2,0,user_97191,0.000144,0.013225,0.013225,350,1115,2
FAC20250705041426,Fashion,English,Text,Asia,1061,0,user_72262,0.000189,0.014986,0.014986,476,1551,9
FAC20250705041428,Fashion,English,Image,Asia,1783,0,user_457024,0.000176,0.013382,0.013382,436,1429,9
FAC20250705041429,Education,Japanese,Image,South America,65,0,user_479344,0.000093,0.005811,0.005811,196,595,2
FAC20250705041432,Fashion,English,Poll,North America,88,0,user_111718,0.000126,0.00903,0.00903,296,918,9
FAC20250705041435,Travel,English,Text,Unknown,2381,0,user_250643,0.000181,0.017052,0.017052,460,1509,8
FAC20250705041463,Science,Hindi,Image,Oceania,87,0,user_353686,0.000089,0.002614,0.002614,169,514,14
FAC20250705041466,Fashion,English,Video,Asia,38,0,user_261618,0.000142,0.009697,0.009697,335,1061,9
FAC20250705041470,Finance,Chinese,Image,Asia,32702,0,user_442545,0.000081,0.003155,0.003155,156,476,10
FAC20250705041477,Politics,French,Video,North America,49,0,user_472153,0.000082,0.002938,0.002938,156,475,4
FAC20250705041478,Technology,English,Image,Asia,1606,0,user_24384,0.000192,0.022312,0.022312,500,1615,1
FAC20250706041509,Education,German,Poll,Asia,2377,0,user_155222,0.000057,0.002235,0.002235,92,282,2
FAC20250706041541,Technology,English,Image,North America,9,0,user_318467,0.000155,0.018213,0.018213,393,1274,1
FAC20250706041573,Business,Hindi,Video,Africa,342,0,user_196133,0.00007,0.002734,0.002734,125,378,11
FAC20250706041607,Travel,English,Text,Africa,36,0,user_180258,0.000168,0.014526,0.014525,418,1369,8
FAC20250706041612,Education,English,Video,Asia,1717,1,user_68621,0.000172,0.015527,0.015527,427,1368,2
FAC20250706041616,Food,French,Image,North America,341,0,user_93741,0.000103,0.004442,0.004441,215,670,3
FAC20250706041617,Gaming,English,Video,Europe,1149,0,user_7838,0.000164,0.011136,0.011136,390,1231,13
FAC20250706041627,Health,English,Image,North America,221,0,user_367521,0.000187,0.019264,0.019264,478,1545,7
FAC20250706041642,Travel,English,Text,Europe,4165,0,user_476970,0.000185,0.01719,0.017189,471,1540,8
FAC20250706041653,AI/ML,French,Video,Asia,139,0,user_40295,0.00008,0.004116,0.004116,154,476,12
FAC20250706041661,Travel,English,Image,North America,346,0,user_72767,0.000177,0.015831,0.015831,445,1452,8
FAC20250706041669,Finance,English,Text,Europe,1268,0,user_72423,0.00018,0.013618,0.013618,445,1458,10
FAC20250706041671,Entertainment,English,Video,Asia,889,0,user_408358,0.000168,0.021841,0.021842,430,1387,6
FAC20250706041713,Fashion,English,Video,North America,8228,0,user_40497,0.000154,0.010746,0.010745,367,1162,9
FAC20250706041747,Education,French,Image,Europe,7128,0,user_107864,0.000099,0.006085,0.006085,211,642,2
FAC20250706041750,Travel,Portuguese,Image,Asia,496,0,user_238395,0.000101,0.005972,0.005972,216,676,8
FAC20250706041760,Science,English,Text,North America,1347,0,user_266205,0.000184,0.011498,0.011498,445,1439,14
FAC20250706041780,Technology,English,Text,Europe,2299,0,user_418702,0.000186,0.022228,0.022228,485,1579,1
FAC20250706041823,Health,English,Text,Europe,31,0,user_454568,0.000165,0.01731,0.017309,419,1369,7
FAC20250706041844,Education,English,Video,South America,1951,0,user_290183,0.000169,0.015211,0.015211,419,1347,2
FAC20250706041868,Education,Arabic,Text,Asia,1252,0,user_339966,0.000096,0.006534,0.006534,206,641,2
FAC20250706041871,Fashion,Spanish,Text,Asia,1213,0,user_21686,0.000117,0.005763,0.005763,255,807,9
FAC20250706041897,Finance,English,Video,North America,37,0,user_386130,0.000141,0.009096,0.009096,328,1046,10
FAC20250706041899,Technology,Spanish,Text,North America,234,0,user_41643,0.000117,0.009203,0.009203,264,828,1
FAC20250706041900,Entertainment,English,Text,North America,499,0,user_197556,0.000192,0.026465,0.026465,511,1676,6
FAC20250706041915,Technology,French,Image,Asia,475,0,user_416483,0.000107,0.008762,0.008762,240,742,1
FAC20250706041922,Sports,English,Video,North America,629,0,user_395984,0.000172,0.010235,0.010235,407,1298,5
FAC20250706041937,Travel,English,Text,Asia,484,0,user_135452,0.000192,0.018716,0.018716,493,1613,8
FAC20250706041967,Sports,Portuguese,Text,Europe,114,0,user_68220,0.000105,0.004042,0.004042,217,677,5
FAC20250706041968,Fashion,Hindi,Video,North America,411,0,user_146204,0.000073,0.002716,0.002716,132,405,9
FAC20250706041979,Gaming,English,Image,Europe,788,0,user_81838,0.000183,0.013465,0.013465,449,1455,13
FAC20250706041986,Travel,Portuguese,Image,Asia,20085,1,user_204682,0.00009,0.004978,0.004978,186,576,8
FAC20250706042044,Gaming,Spanish,Text,North America,254,0,user_254656,0.000119,0.006033,0.006033,261,819,13
FAC20250706042100,Entertainment,English,Text,Europe,9963,1,user_397385,0.00017,0.022818,0.022819,442,1457,6
FAC20250706042108,Finance,English,Text,Europe,762,1,user_42319,0.000179,0.013659,0.013659,442,1458,10
FAC20250706042181,Travel,Spanish,Link,Asia,271,0,user_265855,0.000076,0.003179,0.003179,140,432,8
FAC20250706042224,Education,English,Image,Unknown,721,1,user_267924,0.00018,0.016916,0.016916,454,1488,2
FAC20250706042243,Travel,English,Text,North America,8572,0,user_301951,0.000171,0.01518,0.01518,429,1404,8
FAC20250706042270,Entertainment,English,Poll,North America,1606,0,user_475108,0.000137,0.019314,0.019314,345,1068,6
FAC20250706042300,Business,English,Text,Asia,2050,0,user_278648,0.000187,0.01581,0.01581,474,1552,11
FAC20250706042302,Travel,English,Image,Europe,389,0,user_451788,0.000173,0.015472,0.015472,434,1420,8
FAC20250706042316,Food,French,Image,Asia,643,0,user_278368,0.000106,0.004606,0.004606,222,688,3
FAC20250706042330,Gaming,Arabic,Text,North America,23,0,user_147755,0.00009,0.004739,0.004739,186,563,13
FAC20250706042335,Climate,Portuguese,Text,Europe,5448,0,user_411905,0.000112,0.004549,0.004549,234,727,0
FAC20250706042457,Food,Spanish,Text,Europe,11285,1,user_392887,0.000111,0.004896,0.004896,235,731,3
FAC20250706042470,Fashion,French,Image,Europe,444,0,user_205289,0.000101,0.005061,0.005061,214,661,9
FAC20250706042475,Entertainment,Chinese,Video,North America,495,0,user_424103,0.000079,0.006328,0.006328,161,495,6
FAC20250706042484,Climate,English,Text,Europe,427,0,user_16080,0.000191,0.014238,0.014238,472,1543,0
FAC20250706042545,Education,Chinese,Text,Europe,19620,1,user_266039,0.000084,0.00584,0.00584,177,537,2
FAC20250706042549,Entertainment,Portuguese,Video,Africa,154,0,user_278283,0.000089,0.006322,0.006322,182,562,6
FAC20250706042564,Science,English,Text,Europe,1101,0,user_94177,0.000188,0.011943,0.011943,456,1469,14
FAC20250707042616,Science,Portuguese,Video,North America,1449,0,user_490703,0.000095,0.002432,0.002432,180,558,14
FAC20250707042634,Climate,English,Text,North America,113,0,user_161113,0.00017,0.010438,0.010438,408,1345,0
FAC20250707042653,Education,English,Image,North America,6773,0,user_274119,0.00017,0.015698,0.015698,426,1383,2
FAC20250707042671,Health,German,Image,Asia,4555,0,user_327312,0.000098,0.006696,0.006696,209,645,7
FAC20250707042680,Politics,English,Video,Asia,3328,1,user_164375,0.000156,0.010853,0.010853,375,1219,4
FAC20250707042711,Business,English,Text,Europe,489,0,user_354388,0.000194,0.016794,0.016794,493,1605,11
FAC20250707042729,Health,Portuguese,Image,North America,8356,0,user_261298,0.000101,0.006789,0.006789,217,679,7
FAC20250707042743,Entertainment,English,Text,Asia,1220,0,user_96121,0.000188,0.025436,0.025437,497,1637,6
FAC20250707042753,Health,English,Video,North America,599,0,user_440124,0.000169,0.018055,0.018055,429,1371,7
FAC20250707042760,Entertainment,Portuguese,Image,North America,99,0,user_248478,0.000101,0.009029,0.00903,224,703,6
FAC20250707042788,Gaming,Japanese,Link,South America,169,0,user_444573,0.000063,0.001768,0.001768,103,315,13
FAC20250707042840,Sports,English,Image,Asia,3752,0,user_469210,0.000174,0.010595,0.010595,415,1337,5
FAC20250707042851,Health,English,Image,North America,9,0,user_91344,0.000159,0.016285,0.016285,397,1274,7
FAC20250708042901,Travel,Portuguese,Text,North America,1676,0,user_400768,0.00011,0.007243,0.007243,244,760,8
FAC20250708042916,Politics,English,Image,North America,339,0,user_421571,0.000178,0.012495,0.012495,435,1404,4
FAC20250708042921,Food,French,Image,North America,8855,1,user_407485,0.000098,0.004144,0.004144,202,623,3
FAC20250708042930,AI/ML,English,Text,Asia,5927,0,user_1674,0.000174,0.016715,0.016715,438,1425,12
FAC20250708042933,Sports,Spanish,Image,Europe,411,0,user_178188,0.000112,0.003896,0.003896,231,730,5
FAC20250708042939,Science,Korean,Poll,North America,91,0,user_436080,0.000043,0.000717,0.000717,55,166,14
FAC20250708042952,Travel,French,Text,Europe,799,0,user_25563,0.000104,0.006886,0.006886,229,709,8
FAC20250708042956,Business,English,Text,North America,15519,0,user_17930,0.000163,0.012193,0.012192,400,1317,11
FAC20250708042988,Health,English,Text,Oceania,439,0,user_396344,0.000195,0.02219,0.02219,508,1653,7
FAC20250708043038,Travel,English,Text,Asia,364,0,user_388353,0.000193,0.018919,0.018919,496,1624,8
FAC20250708043062,Finance,Chinese,Text,North America,1132,0,user_233804,0.000097,0.004918,0.004918,203,624,10
FAC20250708043063,AI/ML,English,Text,Asia,711,0,user_454341,0.000186,0.018581,0.018581,475,1544,12
FAC20250708043071,Entertainment,English,Image,Asia,715,0,user_251704,0.000188,0.024089,0.02409,489,1581,6
FAC20250708043114,Fashion,English,Text,Asia,1490,0,user_453619,0.000186,0.014481,0.014481,465,1512,9
FAC20250709043124,Education,German,Link,North America,3054,1,user_365932,0.000062,0.002604,0.002604,104,319,2
FAC20250709043131,AI/ML,English,Video,North America,56704,1,user_228111,0.000143,0.013741,0.013741,349,1113,12
FAC20250709043150,Gaming,German,Image,North America,59453,1,user_306697,0.000084,0.003569,0.003569,166,505,13
FAC20250709043202,Gaming,English,Link,Asia,266,0,user_212975,0.000141,0.009689,0.009689,332,1049,13
FAC20250709043205,AI/ML,English,Image,North America,70,0,user_300330,0.000166,0.016196,0.016196,418,1371,12
FAC20250709043211,Health,English,Image,North America,15209,0,user_439956,0.000171,0.017359,0.017358,432,1393,7
FAC20250709043215,Food,Korean,Poll,South America,1537,0,user_333457,0.00005,0.001232,0.001232,71,219,3
FAC20250709043244,Travel,Portuguese,Image,North America,6330,1,user_492059,0.000095,0.005239,0.005239,197,616,8
FAC20250709043262,Business,English,Image,Asia,948,0,user_25643,0.000179,0.014872,0.014872,449,1460,11
FAC20250709043301,Education,German,Image,Asia,131,0,user_363540,0.000091,0.005737,0.005737,191,587,2
FAC20250709043310,Climate,English,Text,Europe,698,0,user_126272,0.000188,0.012648,0.012647,457,1489,0
FAC20250709043349,AI/ML,English,Image,North America,1042,0,user_357256,0.000187,0.018891,0.018891,477,1569,12
FAC20250709043362,Finance,English,Image,North America,794,0,user_199443,0.000184,0.013292,0.013292,450,1458,10
FAC20250710043433,Entertainment,English,Image,Europe,303,0,user_142134,0.000185,0.02408,0.02408,484,1562,6
FAC20250710043443,Food,German,Text,Asia,5259,0,user_190783,0.000095,0.004325,0.004325,193,594,3
FAC20250710043449,Fashion,Portuguese,Link,North America,195,0,user_105999,0.000071,0.001846,0.001846,119,372,9
FAC20250710043461,Sports,Arabic,Text,Europe,225,0,user_407969,0.000101,0.004187,0.004187,210,653,5
FAC20250710043468,Gaming,Japanese,Text,Asia,2843,1,user_448479,0.0001,0.005137,0.005137,212,654,13
FAC20250710043502,Politics,Portuguese,Image,North America,7,0,user_323562,0.000095,0.003339,0.003339,185,568,4
FAC20250710043511,Politics,English,Video,South America,770,0,user_331213,0.000162,0.011182,0.011182,390,1263,4
FAC20250710043561,Finance,Spanish,Image,North America,157,0,user_123616,0.000105,0.004252,0.004252,217,681,10
FAC20250710043577,Technology,English,Image,South America,4553,1,user_50829,0.000175,0.020374,0.020374,451,1478,1
FAC20250710043619,Food,Hindi,Text,Europe,3643,0,user_201771,0.000095,0.004346,0.004346,196,603,3
FAC20250710043661,AI/ML,English,Text,Europe,266,0,user_247810,0.000188,0.019109,0.019109,482,1566,12
FAC20250710043662,Finance,Spanish,Text,Asia,1093,0,user_310174,0.000115,0.005576,0.005576,247,773,10
FAC20250710043678,Entertainment,Korean,Image,Africa,2067,0,user_344787,0.000097,0.009298,0.009298,216,663,6
FAC20250710043709,Education,Spanish,Text,North America,6272,1,user_379768,0.000108,0.006868,0.006867,235,734,2
FAC20250710043754,Sports,Arabic,Video,Europe,21276,1,user_451123,0.000073,0.001805,0.001805,128,390,5
FAC20250710043773,Food,Hindi,Link,North America,4741,1,user_1980,0.000059,0.001332,0.001332,91,277,3
FAC20250710043796,Health,Japanese,Image,Europe,124,0,user_429467,0.000097,0.006514,0.006514,205,633,7
FAC20250710043932,Gaming,French,Link,Asia,275,0,user_305958,0.000069,0.001972,0.001972,116,358,13
FAC20250710043949,Fashion,English,Text,North America,3982,1,user_374188,0.000183,0.014091,0.014091,455,1483,9
FAC20250710043974,Sports,English,Text,Europe,62,0,user_461881,0.000166,0.009853,0.009853,397,1291,5
FAC20250710043992,Food,English,Text,Europe,68,0,user_235511,0.000168,0.011239,0.011239,408,1336,3
FAC20250710044017,Food,English,Link,Asia,33912,1,user_381999,0.000131,0.008146,0.008146,300,933,3
FAC20250710044025,Climate,Portuguese,Text,Europe,1255,0,user_20187,0.000113,0.004894,0.004894,240,759,0
FAC20250710044031,Business,Portuguese,Text,Europe,1111,1,user_417588,0.000108,0.005949,0.005949,234,732,11
FAC20250711044115,Science,Portuguese,Link,Asia,533,0,user_159993,0.000071,0.001415,0.001415,118,364,14
FAC20250711044235,Science,English,Image,Europe,8784,1,user_266857,0.000159,0.008055,0.008055,368,1191,14
FAC20250711044250,Climate,Portuguese,Video,Asia,2202,0,user_105122,0.000088,0.002319,0.002319,161,497,0
FAC20250711044262,Politics,English,Text,Asia,171,0,user_498290,0.000178,0.01321,0.01321,440,1437,4
FAC20250711044271,Technology,English,Image,Asia,9,0,user_190014,0.000155,0.018213,0.018213,393,1274,1
FAC20250711044305,Travel,English,Video,North America,3191,1,user_2526,0.000168,0.014496,0.014496,415,1312,8
FAC20250711044350,Food,English,Text,Europe,11032,1,user_81419,0.000164,0.010712,0.010712,395,1290,3
FAC20250711044426,Technology,English,Text,Unknown,16056,1,user_234161,0.000166,0.01946,0.01946,427,1384,1
FAC20250711044440,Health,Portuguese,Poll,Europe,362,0,user_5059,0.000061,0.00266,0.00266,101,316,7
FAC20250711044447,Education,Portuguese,Video,North America,1496,0,user_98231,0.000096,0.004805,0.004805,195,607,2
FAC20250711044457,Sports,English,Link,Europe,13,0,user_88361,0.000128,0.006952,0.006952,288,893,5
FAC20250711044464,Finance,English,Poll,Asia,2126,0,user_403827,0.000131,0.008812,0.008812,305,940,10
FAC20250711044508,Sports,English,Video,Africa,506,0,user_472055,0.000169,0.009833,0.009833,396,1265,5
FAC20250711044555,Technology,Spanish,Poll,Europe,8646,1,user_344334,0.000064,0.002627,0.002627,110,337,1
FAC20250711044573,Education,English,Link,Unknown,67,0,user_284676,0.000141,0.013331,0.013331,342,1059,2
FAC20250711044582,Business,English,Text,Asia,2199,0,user_198813,0.000185,0.015428,0.015428,466,1527,11
FAC20250711044586,Entertainment,English,Text,North America,132,0,user_40975,0.000181,0.02416,0.024161,474,1554,6
FAC20250711044608,Food,Spanish,Text,Europe,35794,1,user_322406,0.000105,0.004643,0.004643,221,688,3
FAC20250711044628,Food,English,Text,North America,73,0,user_310769,0.000168,0.011158,0.011158,407,1332,3
FAC20250711044637,Science,English,Video,Asia,405,0,user_261434,0.000158,0.008277,0.008277,366,1179,14
FAC20250711044653,Travel,English,Image,Europe,281,0,user_431682,0.000179,0.015897,0.015896,448,1461,8
FAC20250711044700,Fashion,Arabic,Image,North America,427,0,user_187468,0.000096,0.004815,0.004815,201,624,9
FAC20250711044725,Health,Portuguese,Image,Asia,180,0,user_383494,0.000109,0.007349,0.007349,238,747,7
FAC20250711044734,AI/ML,Arabic,Image,North America,634,0,user_383630,0.0001,0.007174,0.007173,218,672,12
FAC20250711044746,Politics,Japanese,Text,Europe,1587,0,user_293321,0.0001,0.005037,0.005037,211,659,4
FAC20250712044756,Business,Hindi,Text,North America,2498,0,user_358337,0.000101,0.005875,0.005875,219,678,11
FAC20250712044772,Science,Arabic,Text,Asia,5629,0,user_312800,0.000096,0.003451,0.003451,194,594,14
FAC20250712044778,Sports,Hindi,Image,North America,2809,0,user_28646,0.000092,0.003081,0.003081,179,548,5
FAC20250712044800,Politics,English,Video,Asia,146,0,user_403056,0.000151,0.010086,0.010085,359,1156,4
FAC20250712044813,Health,English,Link,Oceania,3413,0,user_486234,0.000145,0.01559,0.015589,360,1138,7
FAC20250712044824,Science,Japanese,Text,North America,198,0,user_493103,0.000095,0.003396,0.003396,192,595,14
FAC20250712044861,Sports,Portuguese,Video,Europe,4779,0,user_326170,0.000091,0.0025,0.0025,172,536,5
FAC20250712044882,Entertainment,English,Text,Asia,100,0,user_31057,0.000172,0.023239,0.023239,451,1486,6
FAC20250712044904,Finance,Japanese,Video,Africa,16,0,user_323221,0.000067,0.001958,0.001958,113,346,10
FAC20250712044932,Science,Hindi,Text,North America,216,0,user_61608,0.000094,0.003293,0.003293,188,579,14
FAC20250712044933,Science,English,Video,North America,1360,0,user_211867,0.000165,0.008763,0.008763,383,1229,14
FAC20250712044969,Sports,Portuguese,Link,Europe,146,0,user_103961,0.00007,0.001351,0.001351,115,352,5
FAC20250712044994,Sports,Portuguese,Image,Europe,9875,1,user_385200,0.000098,0.003273,0.003273,196,606,5
FAC20250712045033,Fashion,English,Text,North America,56,0,user_377150,0.00017,0.012232,0.012232,417,1361,9
FAC20250712045036,Education,Portuguese,Text,Asia,2817,0,user_368009,0.000107,0.006915,0.006915,232,723,2
FAC20250712045056,Finance,English,Link,North America,4056,0,user_236942,0.000137,0.009315,0.009315,322,1015,10
FAC20250712045064,Travel,English,Text,Europe,2337,0,user_71809,0.000181,0.017036,0.017035,460,1509,8
FAC20250712045074,AI/ML,English,Text,North America,704,0,user_132893,0.000186,0.018647,0.018647,475,1544,12
FAC20250712045076,Business,French,Text,North America,62,0,user_230716,0.000102,0.005607,0.005607,218,669,11
FAC20250712045118,Entertainment,English,Image,North America,1090,0,user_325814,0.000186,0.024737,0.024738,489,1586,6
FAC20250712045130,Science,Japanese,Image,Asia,26,0,user_368256,0.000083,0.002466,0.002466,157,479,14
FAC20250712045131,Education,English,Text,South America,171,0,user_162492,0.000187,0.017932,0.017932,477,1535,2
FAC20250712045147,Sports,English,Poll,Asia,68,0,user_284536,0.000122,0.006947,0.006947,276,853,5
FAC20250712045195,Travel,English,Image,Oceania,363,0,user_249993,0.000175,0.015668,0.015668,438,1431,8
FAC20250713045226,Technology,English,Text,North America,3870,1,user_88237,0.000187,0.022201,0.022201,487,1583,1
FAC20250713045235,Entertainment,Japanese,Link,North America,150,0,user_432369,0.000057,0.003442,0.003442,96,294,6
FAC20250713045262,AI/ML,English,Image,Europe,36713,1,user_108625,0.000157,0.014949,0.014949,391,1283,12
FAC20250713045271,Fashion,English,Video,Africa,685,0,user_342815,0.000165,0.012073,0.012073,400,1262,9
FAC20250713045303,Finance,English,Text,Europe,494,0,user_375082,0.000182,0.01466,0.01466,453,1489,10
FAC20250713045304,Business,Portuguese,Text,Asia,142,0,user_458204,0.000111,0.006156,0.006156,244,758,11
FAC20250713045324,Entertainment,Spanish,Image,Africa,1273,0,user_60648,0.000114,0.009998,0.009999,259,824,6
FAC20250713045332,Travel,English,Text,North America,975,1,user_262043,0.000186,0.01724,0.01724,474,1549,8
FAC20250713045340,Health,English,Image,Asia,19936,1,user_445137,0.000168,0.016991,0.01699,422,1365,7
FAC20250713045343,Food,Portuguese,Poll,Asia,12765,1,user_248495,0.000054,0.000984,0.000984,78,239,3
FAC20250713045344,Travel,English,Image,Europe,3180,1,user_204711,0.000167,0.01506,0.01506,417,1354,8
FAC20250713045354,Sports,Korean,Video,Europe,5475,0,user_474776,0.000082,0.002293,0.002293,149,465,5
FAC20250713045367,AI/ML,English,Image,North America,1961,0,user_113139,0.000182,0.018067,0.018066,464,1529,12
FAC20250713045372,Science,Portuguese,Link,North America,1696,1,user_313782,0.000069,0.001463,0.001463,114,352,14
FAC20250713045411,Health,Japanese,Video,Asia,24130,1,user_18537,0.000071,0.004119,0.004119,133,409,7
FAC20250713045436,Finance,German,Video,Asia,29739,1,user_315020,0.000066,0.00209,0.00209,114,346,10
FAC20250713045437,Entertainment,English,Text,North America,2595,0,user_344838,0.000184,0.024813,0.024814,485,1603,6
FAC20250713045456,Climate,English,Image,Europe,1723,0,user_463674,0.000174,0.01134,0.01134,418,1345,0
FAC20250713045475,Education,English,Image,Asia,28,0,user_265838,0.000159,0.014757,0.014757,395,1290,2
FAC20250713045509,Food,English,Image,North America,702,0,user_243030,0.000179,0.012123,0.012123,436,1422,3
FAC20250713045519,Health,English,Text,Asia,930,0,user_274628,0.000192,0.020978,0.020978,498,1626,7
FAC20250713045520,Climate,English,Text,Asia,194,0,user_375879,0.000182,0.011976,0.011976,442,1443,0
FAC20250714045530,Gaming,Portuguese,Text,Europe,137,0,user_318530,0.000108,0.005374,0.005374,229,710,13
FAC20250714045557,Sports,German,Image,North America,439,0,user_356094,0.000096,0.003359,0.003359,191,593,5
FAC20250714045558,Science,English,Image,Asia,141,0,user_194947,0.000172,0.009966,0.009966,408,1314,14
FAC20250714045732,Climate,English,Poll,Asia,5443,0,user_21971,0.000132,0.007412,0.007412,299,923,0
FAC20250714045738,AI/ML,English,Image,Asia,973,0,user_450028,0.000187,0.01886,0.01886,477,1568,12
FAC20250714045739,Business,English,Text,South America,970,0,user_10016,0.000185,0.015156,0.015155,464,1516,11
FAC20250714045745,Food,Korean,Link,Asia,3113,0,user_316521,0.000059,0.001433,0.001433,91,275,3
FAC20250714045752,Health,French,Image,North America,722,0,user_9865,0.000104,0.007113,0.007113,226,695,7
FAC20250714045762,Sports,Spanish,Image,Asia,3025,0,user_59136,0.000113,0.003719,0.003719,230,711,5
FAC20250714045785,Politics,Spanish,Image,Europe,786,0,user_216226,0.000113,0.004517,0.004517,236,728,4
FAC20250714045799,Gaming,English,Text,Asia,470,0,user_438560,0.000187,0.01555,0.01555,470,1544,13
FAC20250714045810,Science,Spanish,Image,North America,1713,1,user_240601,0.000113,0.003434,0.003434,229,718,14
FAC20250714045819,Entertainment,Japanese,Poll,North America,283,0,user_235988,0.000051,0.002859,0.002859,80,243,6
FAC20250714045837,Fashion,Portuguese,Video,North America,595,0,user_495770,0.000087,0.002927,0.002927,165,516,9
FAC20250714045842,Science,English,Text,Africa,795,0,user_309930,0.000188,0.011653,0.011653,453,1470,14
FAC20250714045876,Finance,Japanese,Poll,South America,1016,1,user_2416,0.000054,0.001428,0.001428,80,247,10
FAC20250714045881,Sports,English,Image,Europe,4697,0,user_255495,0.00017,0.010166,0.010166,403,1309,5
FAC20250714045895,Politics,Spanish,Image,Asia,78,0,user_403664,0.000104,0.003922,0.003922,211,652,4
FAC20250714045912,Fashion,English,Text,Africa,40,0,user_46147,0.000162,0.01141,0.01141,396,1294,9
FAC20250714045915,Politics,English,Image,Unknown,92,0,user_353241,0.000175,0.01184,0.01184,422,1351,4
FAC20250714045942,Technology,English,Video,Europe,588,0,user_36668,0.000176,0.020048,0.020048,450,1454,1
FAC20250714045948,Business,French,Text,North America,1163,0,user_315778,0.000104,0.005807,0.005807,224,696,11
FAC20250714045961,Technology,English,Image,North America,106,0,user_183642,0.000185,0.021283,0.021283,479,1552,1
FAC20250714046010,Education,German,Video,Africa,2504,1,user_26609,0.000085,0.004542,0.004541,169,524,2
FAC20250714046017,Finance,French,Image,Europe,219,0,user_448577,0.000096,0.003937,0.003937,193,597,10
FAC20250714046021,Fashion,English,Image,Asia,58,0,user_270418,0.000157,0.011106,0.011106,380,1246,9
FAC20250714046051,Science,Japanese,Text,Asia,4051,0,user_347098,0.000096,0.003389,0.003389,193,596,14
FAC20250714046091,Sports,Portuguese,Text,Asia,232,0,user_47743,0.000111,0.0045,0.0045,234,739,5
FAC20250715046126,Education,English,Poll,Europe,47015,1,user_138173,0.000128,0.012671,0.012671,311,956,2
FAC20250716046146,Entertainment,Portuguese,Video,South America,1769,0,user_83715,0.000097,0.007184,0.007185,206,634,6
FAC20250716046216,Gaming,Spanish,Image,North America,5,0,user_120170,0.000097,0.004016,0.004016,198,619,13
FAC20250716046239,Education,English,Video,North America,47,0,user_204839,0.000156,0.014086,0.014086,382,1220,2
FAC20250716046240,Entertainment,English,Poll,Asia,19439,1,user_51521,0.000129,0.01874,0.018741,324,988,6
FAC20250716046255,Sports,French,Image,Asia,23904,1,user_481105,0.000087,0.00292,0.00292,169,521,5
FAC20250716046264,Science,Spanish,Video,North America,2685,0,user_467788,0.0001,0.002647,0.002647,194,617,14
FAC20250716046282,Education,French,Text,North America,11520,1,user_39927,0.000098,0.006392,0.006392,210,647,2
FAC20250716046292,Fashion,Spanish,Text,North America,55,0,user_216072,0.000109,0.005332,0.005332,234,738,9
FAC20250716046312,Food,English,Text,Asia,70,0,user_105191,0.00017,0.011355,0.011355,412,1347,3
FAC20250716046342,Food,Portuguese,Link,Europe,5367,1,user_180459,0.000069,0.001548,0.001548,113,346,3
FAC20250716046379,Climate,Portuguese,Text,Asia,14771,1,user_252424,0.000104,0.004356,0.004356,216,671,0
FAC20250716046403,Entertainment,English,Video,Asia,208,0,user_493568,0.000166,0.02143,0.021431,423,1346,6
FAC20250716046430,Food,Japanese,Text,Asia,68,0,user_434976,0.000094,0.00447,0.00447,195,600,3
FAC20250716046436,Science,Japanese,Text,Europe,2250,0,user_251525,0.000099,0.003639,0.003639,201,624,14
FAC20250716046443,Education,English,Text,Europe,485,0,user_472467,0.0002,0.020039,0.020039,514,1656,2
FAC20250716046464,Education,Portuguese,Text,Asia,236,0,user_45487,0.00011,0.006996,0.006996,239,748,2
FAC20250716046473,Health,Spanish,Image,Europe,10,0,user_463500,0.000099,0.006465,0.006465,212,659,7
FAC20250716046485,Business,Spanish,Text,North America,55622,1,user_93518,0.000103,0.005505,0.005505,219,675,11
FAC20250716046501,Entertainment,Portuguese,Text,Europe,322,0,user_176278,0.000112,0.011909,0.01191,262,818,6
FAC20250716046520,Gaming,Arabic,Poll,North America,18,0,user_68815,0.000036,0.000441,0.000441,35,108,13
FAC20250716046538,Science,French,Text,North America,465,0,user_497540,0.000102,0.003593,0.003593,207,641,14
FAC20250716046550,Science,English,Text,Africa,6562,1,user_233572,0.00017,0.009266,0.009266,401,1297,14
FAC20250716046556,Fashion,Portuguese,Video,Unknown,912,0,user_375912,0.000089,0.003019,0.003019,169,524,9
FAC20250716046560,Fashion,English,Link,Asia,101,0,user_352598,0.00014,0.009635,0.009635,328,1023,9
FAC20250716046582,Gaming,French,Image,Europe,5,0,user_228521,0.000093,0.003808,0.003808,186,571,13
FAC20250716046641,Technology,Portuguese,Text,Europe,49,0,user_7841,0.000099,0.007975,0.007975,216,666,1
FAC20250716046646,Education,Spanish,Video,Asia,71,0,user_333230,0.000096,0.004539,0.004539,194,600,2
FAC20250716046676,Finance,Korean,Image,Asia,16851,0,user_389727,0.000083,0.003268,0.003268,161,490,10
FAC20250716046677,Entertainment,Spanish,Link,Europe,8841,1,user_33880,0.000073,0.004518,0.004518,140,428,6
FAC20250716046694,Science,English,Text,Asia,207,0,user_790,0.000182,0.011053,0.011052,438,1415,14
FAC20250716046707,Health,Chinese,Image,North America,10298,1,user_26190,0.000093,0.006576,0.006576,200,614,7
FAC20250716046727,Health,Spanish,Image,South America,37,0,user_5520,0.000104,0.006898,0.006898,226,705,7
FAC20250716046745,Business,English,Text,North America,313,0,user_172591,0.000189,0.016261,0.016261,479,1562,11
FAC20250716046751,Health,English,Image,Europe,146,1,user_474250,0.000187,0.019308,0.019308,479,1546,7
FAC20250716046773,AI/ML,English,Text,Europe,4325,1,user_155634,0.000184,0.018399,0.018399,468,1512,12
FAC20250716046793,Food,Hindi,Image,Europe,580,0,user_93373,0.000101,0.004496,0.004496,211,648,3
FAC20250716046794,AI/ML,Spanish,Video,Europe,501,0,user_395654,0.000096,0.005028,0.005028,195,609,12
FAC20250716046796,Science,Spanish,Text,North America,1521,0,user_17866,0.000122,0.00419,0.00419,255,793,14
FAC20250716046836,Fashion,Chinese,Link,North America,5404,0,user_2594,0.000056,0.00138,0.00138,84,256,9
FAC20250716046845,Education,English,Link,North America,652,1,user_83365,0.000147,0.013783,0.013783,358,1126,2
FAC20250716046853,Business,English,Video,North America,208,0,user_20919,0.000157,0.011925,0.011924,380,1215,11
FAC20250716046882,Sports,English,Text,North America,558,0,user_249516,0.000184,0.012627,0.012627,449,1461,5
FAC20250716046884,Finance,French,Text,Asia,136,0,user_345122,0.000099,0.005049,0.005049,208,644,10
FAC20250716046911,Food,Korean,Text,Europe,1421,0,user_481826,0.000098,0.00471,0.00471,206,633,3
FAC20250716046922,Climate,English,Link,North America,5024,1,user_166729,0.000137,0.00784,0.00784,311,976,0
FAC20250716046947,Education,English,Image,Unknown,478,0,user_345862,0.000175,0.016367,0.016367,440,1439,2
FAC20250717046971,Climate,French,Link,North America,1692,0,user_385146,0.00007,0.001829,0.001829,119,361,0
FAC20250717047021,AI/ML,English,Image,Africa,427,0,user_432188,0.000183,0.017789,0.017789,464,1521,12
FAC20250717047023,Politics,Portuguese,Image,South America,213,0,user_136178,0.000107,0.004014,0.004014,216,674,4
FAC20250717047029,Entertainment,Korean,Image,North America,608,0,user_451050,0.000097,0.009001,0.009001,214,661,6
FAC20250717047065,Business,English,Text,North America,794,0,user_287172,0.000187,0.015334,0.015334,471,1539,11
FAC20250717047078,Fashion,English,Video,Oceania,363,0,user_39884,0.000162,0.011508,0.011508,391,1240,9
FAC20250717047084,Entertainment,English,Text,Europe,96,0,user_406281,0.000171,0.023039,0.023039,447,1472,6
FAC20250717047091,Politics,English,Text,North America,953,0,user_434377,0.000186,0.013951,0.013951,460,1507,4
FAC20250717047101,Entertainment,Spanish,Image,North America,1384,0,user_154240,0.000118,0.010261,0.010262,270,858,6
FAC20250717047127,Travel,English,Link,South America,69,0,user_95934,0.000142,0.012361,0.012361,342,1068,8
FAC20250718047166,Science,Spanish,Text,South America,92,0,user_50272,0.000115,0.00375,0.00375,236,732,14
FAC20250718047184,Science,Spanish,Text,Europe,85,0,user_336492,0.000113,0.003636,0.003636,229,710,14
FAC20250718047188,Finance,English,Text,Europe,609,0,user_97808,0.000179,0.014016,0.014016,445,1464,10
FAC20250718047208,Food,English,Text,Europe,252,0,user_93810,0.000187,0.013559,0.013559,461,1502,3
FAC20250718047226,Travel,English,Link,Asia,682,0,user_74552,0.000149,0.01297,0.01297,361,1139,8
FAC20250718047238,Politics,English,Text,Europe,1521,0,user_406389,0.000181,0.013793,0.013793,448,1475,4
FAC20250718047249,Travel,Portuguese,Text,South America,1036,0,user_188681,0.000114,0.007348,0.007348,254,788,8
FAC20250718047292,AI/ML,Arabic,Text,Unknown,33,0,user_331436,0.000084,0.005862,0.005862,174,530,12
FAC20250718047305,Politics,Japanese,Video,North America,910,0,user_268441,0.000085,0.003203,0.003203,164,510,4
FAC20250718047329,Finance,English,Text,Asia,295,0,user_241130,0.000184,0.01443,0.01443,458,1495,10
FAC20250718047331,Science,Chinese,Video,North America,10053,1,user_490317,0.000078,0.002052,0.002052,141,432,14
FAC20250719047422,Travel,English,Text,Europe,71,0,user_112439,0.000176,0.015469,0.015469,442,1443,8
FAC20250719047434,Sports,English,Link,Asia,3915,1,user_76169,0.000142,0.00774,0.00774,322,1007,5
FAC20250719047470,Technology,English,Image,North America,81679,0,user_326412,0.000154,0.01817,0.01817,391,1267,1
FAC20250719047482,Climate,English,Video,Europe,1122,0,user_449073,0.000166,0.009694,0.009694,387,1239,0
FAC20250719047487,Entertainment,English,Text,Europe,2235,0,user_444931,0.000187,0.025287,0.025287,494,1630,6
FAC20250719047495,Finance,Arabic,Image,Europe,269,0,user_456875,0.000092,0.003839,0.003839,184,567,10
FAC20250719047545,Politics,Arabic,Video,Asia,2185,0,user_103810,0.000082,0.003129,0.003129,157,483,4
FAC20250719047563,Science,Arabic,Text,North America,778,0,user_482982,0.000098,0.00359,0.00359,199,612,14
FAC20250719047600,Food,Spanish,Image,Asia,377,0,user_66481,0.000112,0.004666,0.004666,236,745,3
FAC20250719047643,Business,English,Text,North America,1220,0,user_410972,0.000186,0.015568,0.015568,470,1529,11
FAC20250719047656,Climate,English,Text,Africa,169,0,user_209872,0.000183,0.012004,0.012004,446,1450,0
FAC20250719047657,Finance,English,Text,North America,63,0,user_487952,0.000164,0.011437,0.011437,399,1306,10
FAC20250719047675,Travel,English,Video,North America,2630,0,user_190532,0.000165,0.014265,0.014265,406,1294,8
FAC20250719047701,Travel,English,Text,Asia,1087,0,user_429382,0.000191,0.017783,0.017782,486,1590,8
FAC20250719047739,Gaming,English,Image,Oceania,164,0,user_330558,0.000176,0.012403,0.012403,429,1394,13
FAC20250719047756,Technology,French,Text,North America,2158,0,user_63291,0.000101,0.008529,0.008529,225,704,1
FAC20250719047759,Sports,English,Video,Asia,6498,1,user_161931,0.000154,0.008602,0.008602,357,1147,5
FAC20250719047774,Politics,English,Link,Unknown,58,0,user_13407,0.000135,0.008994,0.008994,313,975,4
FAC20250719047809,Education,English,Text,North America,484,0,user_479474,0.000199,0.019997,0.019997,513,1653,2
FAC20250719047811,Gaming,French,Text,Europe,159,0,user_171651,0.000107,0.005331,0.005331,227,703,13
FAC20250720047826,Education,English,Link,Asia,193,0,user_150015,0.00015,0.014027,0.014027,366,1145,2
FAC20250720047859,Education,Korean,Text,Unknown,361,0,user_253643,0.000095,0.006491,0.006491,204,630,2
FAC20250720047877,Sports,German,Image,Asia,144,0,user_189614,0.000092,0.00317,0.00317,181,556,5
FAC20250720047881,Health,Spanish,Image,North America,587,0,user_498391,0.000115,0.007749,0.007749,255,799,7
FAC20250720047886,Travel,Portuguese,Video,Europe,5921,0,user_419102,0.000086,0.003556,0.003556,164,506,8
FAC20250720047898,Climate,English,Video,Asia,2829,0,user_261401,0.000163,0.009648,0.009648,382,1209,0
FAC20250720047945,Science,Japanese,Text,Europe,30,0,user_244794,0.000087,0.003077,0.003077,172,531,14
FAC20250720047970,Education,English,Text,Oceania,14394,1,user_487894,0.000166,0.015371,0.015371,415,1344,2
FAC20250720047985,Climate,Spanish,Video,North America,594,0,user_490523,0.000098,0.002741,0.002741,186,586,0
FAC20250720047993,Science,English,Link,North America,4057,0,user_460833,0.00014,0.007115,0.007115,318,998,14
FAC20250720048011,Fashion,Portuguese,Link,Europe,162,0,user_281778,0.000072,0.001951,0.001951,123,383,9
FAC20250720048012,Climate,Portuguese,Text,Africa,210,0,user_196731,0.000114,0.004841,0.004841,241,750,0
FAC20250720048016,Gaming,Spanish,Image,Europe,71187,1,user_133245,0.000094,0.003881,0.003881,190,595,13
FAC20250720048038,Technology,English,Image,North America,3603,1,user_20660,0.000175,0.020452,0.020452,452,1483,1
FAC20250720048053,Technology,English,Image,Europe,229,0,user_367566,0.000186,0.021437,0.021437,481,1559,1
FAC20250720048109,Gaming,English,Video,Europe,1877,0,user_147869,0.000163,0.010958,0.010958,387,1229,13
FAC20250720048162,Sports,English,Video,North America,1912,0,user_386550,0.000162,0.009148,0.009148,378,1215,5
FAC20250720048173,Gaming,Arabic,Text,Asia,1056,0,user_269219,0.000098,0.005267,0.005267,207,637,13
FAC20250720048182,Education,English,Image,North America,54,0,user_270754,0.000168,0.015545,0.015545,421,1364,2
FAC20250720048190,Climate,English,Text,Europe,28651,1,user_140335,0.000158,0.009001,0.009,372,1220,0
FAC20250720048214,Education,English,Image,Unknown,369,1,user_383730,0.000179,0.01708,0.017079,454,1478,2
FAC20250720048262,Health,English,Link,North America,1685,1,user_108003,0.000145,0.015629,0.015629,360,1131,7
FAC20250720048276,Business,English,Image,Asia,4867,1,user_330532,0.000171,0.013131,0.013131,422,1373,11
FAC20250720048279,Entertainment,German,Image,South America,113,0,user_483329,0.000093,0.008442,0.008442,204,629,6
FAC20250720048305,Finance,English,Image,Asia,33,0,user_4495,0.000157,0.010012,0.010012,373,1202,10
FAC20250721048337,Finance,English,Video,Africa,823,0,user_419960,0.00016,0.010925,0.010925,381,1230,10
FAC20250721048340,AI/ML,Spanish,Image,Asia,412,0,user_111945,0.000114,0.007502,0.007502,252,794,12
FAC20250721048341,Entertainment,Chinese,Video,North America,59,0,user_388316,0.000075,0.005549,0.005549,149,459,6
FAC20250721048349,Travel,Arabic,Image,Europe,1269,0,user_445121,0.000093,0.00553,0.00553,195,598,8
FAC20250721048358,Entertainment,French,Text,Europe,558,0,user_153345,0.000108,0.011577,0.011577,251,770,6
FAC20250721048365,Travel,Spanish,Image,North America,334,0,user_224673,0.00011,0.006205,0.006205,237,740,8
FAC20250721048396,Sports,English,Text,North America,1912,0,user_263317,0.000184,0.012285,0.012284,447,1456,5
FAC20250721048408,Fashion,English,Text,Asia,31892,1,user_40637,0.000154,0.01054,0.01054,373,1225,9
FAC20250721048429,Business,Portuguese,Text,Asia,966,0,user_439345,0.000109,0.006116,0.006116,238,747,11
FAC20250721048431,Science,English,Image,Europe,2405,0,user_279391,0.000172,0.009611,0.009611,406,1312,14
FAC20250721048442,Gaming,English,Image,Asia,762,0,user_481572,0.000181,0.013124,0.013124,443,1438,13
FAC20250721048444,Technology,Spanish,Link,North America,1012,0,user_274041,0.00008,0.004727,0.004727,158,493,1
FAC20250721048516,Fashion,Hindi,Text,Europe,79,0,user_201427,0.000096,0.004972,0.004972,203,621,9
FAC20250721048553,Business,Portuguese,Text,Europe,259,0,user_255667,0.000114,0.006275,0.006275,250,780,11
FAC20250721048573,Finance,English,Link,Europe,14440,0,user_173407,0.000128,0.008576,0.008576,296,924,10
FAC20250721048579,Travel,Portuguese,Image,Europe,2115,1,user_175424,0.000102,0.006069,0.006069,219,683,8
FAC20250721048582,Food,English,Text,Europe,238,0,user_117438,0.000182,0.012997,0.012997,447,1461,3
FAC20250721048592,Education,Portuguese,Text,South America,48,0,user_92870,0.000099,0.006249,0.006249,211,653,2
FAC20250721048610,Technology,Portuguese,Video,North America,57,0,user_422330,0.000085,0.005724,0.005724,173,540,1
FAC20250721048623,Entertainment,English,Image,North America,108,0,user_158736,0.000184,0.023688,0.023689,479,1538,6
FAC20250721048624,Sports,English,Video,Asia,244,0,user_464947,0.000166,0.009486,0.009486,389,1248,5
FAC20250721048629,Entertainment,Spanish,Poll,Europe,753,0,user_459162,0.000074,0.004328,0.004329,139,426,6
FAC20250721048637,Science,English,Video,Asia,10431,1,user_278385,0.000152,0.007644,0.007644,349,1125,14
FAC20250721048651,Sports,Spanish,Poll,South America,3969,0,user_440181,0.000063,0.001183,0.001183,100,303,5
FAC20250721048695,Gaming,English,Text,North America,34,0,user_458467,0.000157,0.010706,0.010706,379,1251,13
FAC20250721048746,Climate,French,Image,Asia,8168,0,user_404478,0.000092,0.002938,0.002938,177,559,0
FAC20250721048756,Education,Hindi,Image,North America,1752,0,user_317909,0.000092,0.006032,0.006032,196,603,2
FAC20250721048765,Health,Hindi,Text,North America,2476,0,user_25171,0.000096,0.008151,0.008151,214,660,7
FAC20250721048799,Sports,Spanish,Video,North America,302,0,user_80314,0.000102,0.002872,0.002872,196,609,5
FAC20250722048815,Science,English,Text,Europe,60,0,user_286103,0.000169,0.009123,0.009123,399,1291,14
FAC20250722048838,AI/ML,Spanish,Video,Asia,547,0,user_168758,0.000096,0.004842,0.004842,194,604,12
FAC20250722048887,Technology,English,Text,South America,14,0,user_254695,0.000152,0.018074,0.018074,386,1254,1
FAC20250722048941,Fashion,English,Video,Europe,212,0,user_148746,0.000156,0.011094,0.011094,374,1192,9
FAC20250722049036,Fashion,English,Image,North America,13585,1,user_357731,0.000157,0.010866,0.010866,380,1241,9
FAC20250722049066,AI/ML,English,Video,North America,318,0,user_278052,0.000163,0.015608,0.015608,404,1296,12
FAC20250723049099,Entertainment,English,Text,Asia,50,0,user_56848,0.000169,0.022772,0.022772,440,1454,6
FAC20250723049159,Business,Hindi,Poll,Europe,69281,1,user_2185,0.000035,0.000485,0.000485,33,101,11
FAC20250724049204,Education,English,Video,North America,100,0,user_377132,0.000159,0.014332,0.014332,391,1256,2
FAC20250724049217,Science,English,Image,Asia,5421,0,user_135222,0.000168,0.009169,0.009169,395,1283,14
FAC20250724049230,Technology,French,Video,Europe,38,0,user_16871,0.00008,0.005321,0.005321,160,491,1
FAC20250724049256,Sports,English,Link,North America,438,0,user_165240,0.000141,0.007654,0.007654,321,1008,5
FAC20250724049266,Entertainment,Japanese,Video,Asia,2929,0,user_434422,0.000084,0.006569,0.006569,173,534,6
FAC20250724049274,Entertainment,Portuguese,Text,North America,9923,1,user_153593,0.000108,0.011351,0.011352,250,779,6
FAC20250724049296,Science,English,Video,North America,157,0,user_66133,0.000156,0.008056,0.008056,360,1158,14
FAC20250724049298,Sports,Arabic,Text,Europe,113,0,user_89504,0.000095,0.003742,0.003742,191,587,5
FAC20250724049324,Climate,Portuguese,Text,North America,3486,0,user_175355,0.00011,0.004685,0.004685,232,729,0
FAC20250724049328,Health,Spanish,Video,Africa,152261,1,user_14810,0.000081,0.004619,0.004619,161,490,7
FAC20250724049335,Politics,English,Image,Asia,240,0,user_128643,0.000177,0.012427,0.012427,431,1389,4
FAC20250724049340,Science,English,Image,South America,120,0,user_362882,0.000172,0.009812,0.009812,408,1313,14
FAC20250724049342,Technology,Portuguese,Image,Oceania,2748,1,user_434166,0.00011,0.008884,0.008884,248,774,1
FAC20250724049383,Sports,German,Text,Europe,2556,1,user_257660,0.000097,0.003843,0.003843,196,605,5
FAC20250724049387,Climate,English,Video,Europe,392,0,user_357890,0.000163,0.00935,0.00935,378,1200,0
FAC20250724049397,Business,Portuguese,Text,Europe,232,0,user_298548,0.000114,0.006242,0.006242,250,776,11
FAC20250724049463,Science,English,Poll,Oceania,4743,1,user_223004,0.000126,0.006467,0.006467,284,876,14
FAC20250724049467,Sports,Portuguese,Text,Asia,1012,0,user_72715,0.00011,0.004388,0.004388,231,719,5
FAC20250724049475,Education,English,Poll,Asia,5889,0,user_422903,0.000136,0.013068,0.013068,331,1024,2
FAC20250724049482,Politics,Spanish,Image,Asia,246,0,user_241396,0.000108,0.004226,0.004226,222,696,4
FAC20250724049496,Health,Chinese,Text,Oceania,331,0,user_488593,0.0001,0.008252,0.008252,223,693,7
FAC20250724049507,Technology,English,Text,Asia,94,0,user_17100,0.000173,0.01999,0.01999,444,1446,1
FAC20250724049513,Entertainment,English,Text,Europe,121,0,user_350820,0.000176,0.023591,0.023591,460,1511,6
FAC20250724049533,Business,English,Image,North America,221,0,user_39454,0.000176,0.013777,0.013777,437,1429,11
FAC20250724049564,Business,English,Video,Asia,5454,1,user_179990,0.000155,0.011689,0.011689,373,1181,11
FAC20250724049573,Finance,English,Text,South America,1373,0,user_184825,0.000181,0.013801,0.013801,448,1465,10
FAC20250724049579,Gaming,Japanese,Text,Asia,206,0,user_444466,0.000101,0.005319,0.005319,216,675,13
FAC20250724049628,Technology,English,Link,North America,571,0,user_321165,0.00015,0.017694,0.017694,376,1186,1
FAC20250724049669,Gaming,English,Video,South America,504,0,user_288198,0.000168,0.011563,0.011563,401,1265,13
FAC20250724049683,Climate,Portuguese,Poll,Europe,416,0,user_388297,0.000065,0.001457,0.001457,104,315,0
FAC20250724049738,Politics,English,Text,North America,50267,0,user_69367,0.000145,0.009441,0.009441,346,1141,4
FAC20250724049745,Climate,English,Poll,North America,128,0,user_383048,0.000126,0.007292,0.007292,284,882,0
FAC20250724049748,Travel,English,Text,Europe,1120,0,user_373633,0.000193,0.018041,0.018041,492,1608,8
FAC20250724049762,Education,German,Image,North America,13986,0,user_70835,0.000088,0.005584,0.005584,184,566,2
FAC20250724049768,Politics,Korean,Image,Unknown,79,0,user_403632,0.000088,0.003432,0.003432,172,531,4
FAC20250724049771,Politics,Korean,Text,Asia,1054,0,user_240276,0.0001,0.00504,0.00504,212,661,4
FAC20250724049784,Business,English,Text,Asia,310,1,user_473279,0.000189,0.016249,0.016249,479,1561,11
FAC20250724049785,Fashion,Portuguese,Image,North America,2206,1,user_422867,0.000106,0.004989,0.004989,224,698,9
FAC20250724049803,Politics,English,Video,Europe,879,0,user_291785,0.00016,0.010957,0.010957,384,1248,4
FAC20250724049831,Food,Arabic,Image,Europe,2,0,user_89552,0.000086,0.003739,0.003739,174,524,3
FAC20250724049840,Climate,English,Link,Europe,767,0,user_444429,0.000139,0.008196,0.008196,318,1009,0
FAC20250725049876,Gaming,English,Link,North America,1899,0,user_71114,0.000143,0.009704,0.009704,336,1054,13
FAC20250725049877,AI/ML,Spanish,Image,Europe,25352,0,user_304947,0.000102,0.006851,0.006851,222,694,12
FAC20250725049958,Climate,Spanish,Text,North America,116,0,user_199882,0.000118,0.004958,0.004958,251,780,0
FAC20250725049959,Travel,Chinese,Image,Europe,798,0,user_476180,0.000089,0.005195,0.005195,183,559,8
FAC20250725049976,Climate,English,Text,Unknown,2022,0,user_434266,0.000188,0.013029,0.013029,460,1500,0
FAC20250725050011,Entertainment,English,Text,North America,59,0,user_495914,0.000172,0.023066,0.023067,450,1486,6
FAC20250725050031,Health,English,Text,North America,1049,0,user_159873,0.000192,0.02111,0.02111,499,1631,7
FAC20250725050042,Health,English,Link,South America,64,0,user_96288,0.000138,0.015178,0.015178,342,1076,7
FAC20250725050082,Gaming,English,Link,Asia,157,0,user_34901,0.000141,0.009509,0.009509,330,1034,13
FAC20250725050084,Education,English,Image,Europe,445,0,user_117465,0.000178,0.016812,0.016812,451,1476,2
FAC20250725050116,Education,English,Image,North America,1564,0,user_330958,0.000186,0.017928,0.017927,473,1536,2
FAC20250725050180,Sports,English,Text,Asia,21,0,user_386014,0.000154,0.008376,0.008376,361,1174,5
FAC20250725050185,Education,German,Image,Europe,669,0,user_316701,0.000097,0.006183,0.006183,206,644,2
FAC20250725050186,Travel,Spanish,Link,Asia,68,0,user_257331,0.000068,0.002355,0.002355,118,366,8
FAC20250725050193,Finance,Portuguese,Text,North America,811,0,user_489975,0.000106,0.005401,0.005401,226,713,10
FAC20250725050215,Science,English,Video,Europe,48325,1,user_357182,0.000142,0.006655,0.006655,319,1020,14
FAC20250725050219,AI/ML,English,Text,North America,31,0,user_300630,0.000162,0.015452,0.015452,404,1311,12
FAC20250725050252,Travel,Portuguese,Video,North America,282,0,user_262991,0.00009,0.004159,0.004159,178,554,8
FAC20250726050311,Sports,French,Text,Asia,37,0,user_63773,0.000096,0.00372,0.00372,193,590,5
FAC20250726050333,Business,Chinese,Text,Oceania,2180,0,user_490850,0.000097,0.005687,0.005687,209,646,11
FAC20250726050391,Technology,English,Image,North America,2082,1,user_164094,0.000186,0.021568,0.021568,482,1569,1
FAC20250727050428,Finance,English,Image,Europe,99,0,user_404646,0.000172,0.011992,0.011992,419,1344,10
FAC20250727050429,Business,English,Video,Asia,115,0,user_235031,0.000148,0.010948,0.010948,354,1132,11
FAC20250727050436,AI/ML,English,Video,Asia,3678,1,user_437911,0.000164,0.015602,0.015602,406,1293,12
FAC20250727050470,Entertainment,English,Image,Asia,358,0,user_47107,0.000184,0.023911,0.023911,481,1561,6
FAC20250727050486,Education,English,Text,South America,3559,0,user_117634,0.000186,0.018088,0.018088,473,1537,2
FAC20250727050489,Technology,English,Text,North America,131,0,user_124880,0.000178,0.020831,0.020831,461,1494,1
FAC20250727050500,Science,Arabic,Video,North America,1,0,user_176966,0.000071,0.001761,0.001761,124,374,14
FAC20250727050530,Business,Japanese,Text,North America,26288,1,user_494328,0.000095,0.005332,0.005332,201,614,11
FAC20250727050548,Travel,English,Text,North America,73,0,user_87525,0.000174,0.015274,0.015274,437,1428,8
FAC20250727050579,Travel,French,Image,Asia,764,0,user_242075,0.000093,0.005383,0.005383,195,603,8
FAC20250727050604,Education,English,Image,Asia,4014,0,user_440521,0.000173,0.016582,0.016582,436,1423,2
FAC20250727050609,Fashion,Spanish,Text,Europe,1166,0,user_152345,0.000118,0.00584,0.00584,257,812,9
FAC20250728050615,Sports,English,Image,Africa,97,0,user_285475,0.000172,0.010336,0.010336,410,1323,5
FAC20250728050618,Technology,English,Video,Oceania,153,0,user_187258,0.000164,0.018712,0.018712,415,1332,1
FAC20250728050641,Food,English,Text,North America,250,0,user_313089,0.000186,0.013471,0.013471,459,1498,3
FAC20250728050670,Science,Portuguese,Image,North America,110,0,user_315866,0.000098,0.002867,0.002867,192,592,14
FAC20250728050674,Entertainment,English,Text,Europe,3098,1,user_473785,0.000185,0.024827,0.024827,486,1601,6
FAC20250728050686,Climate,Korean,Image,Asia,6842,1,user_149242,0.000085,0.002772,0.002772,161,494,0
FAC20250728050725,Food,French,Text,Asia,93,0,user_115948,0.000102,0.004669,0.004669,213,660,3
FAC20250728050727,Climate,English,Text,Europe,44,0,user_480205,0.000164,0.009705,0.009705,389,1275,0
FAC20250728050757,Gaming,English,Image,Europe,193,0,user_396769,0.000177,0.012583,0.012583,432,1408,13
FAC20250728050822,Education,German,Video,North America,2134,0,user_131151,0.000084,0.004367,0.004367,166,517,2
FAC20250729050836,Entertainment,German,Image,Asia,53,0,user_219713,0.000096,0.008666,0.008666,211,648,6
FAC20250729050844,Fashion,English,Link,Europe,4274,0,user_323766,0.000145,0.00984,0.00984,340,1055,9
FAC20250729050857,AI/ML,English,Text,North America,862,1,user_233709,0.000189,0.018906,0.018906,483,1578,12
FAC20250729050875,Entertainment,English,Text,North America,760,0,user_196510,0.000193,0.025858,0.025859,511,1676,6
FAC20250729050877,Finance,English,Text,North America,702,0,user_304834,0.000176,0.01335,0.01335,434,1430,10
FAC20250729050918,Health,English,Text,North America,4112,1,user_19594,0.000187,0.020257,0.020257,484,1584,7
FAC20250729050931,Food,English,Text,Europe,67,0,user_21549,0.000167,0.011075,0.011075,404,1323,3
FAC20250729050934,Science,English,Text,Asia,1782,1,user_167372,0.000184,0.011359,0.011359,444,1438,14
FAC20250729050951,Education,Arabic,Link,Asia,3821,0,user_446338,0.000057,0.002451,0.002451,93,285,2
FAC20250729051005,Climate,German,Video,North America,116,0,user_66442,0.000079,0.002158,0.002158,141,432,0
FAC20250729051024,Gaming,English,Text,North America,159,0,user_41570,0.000177,0.0132,0.0132,438,1440,13
FAC20250729051026,Technology,English,Text,Africa,1393,0,user_58950,0.000187,0.022303,0.022303,489,1589,1
FAC20250729051030,Technology,Portuguese,Link,Europe,260,0,user_78662,0.000072,0.003841,0.003841,133,404,1
FAC20250729051043,Food,English,Image,Europe,1979,0,user_1128,0.000182,0.01274,0.01274,445,1448,3
FAC20250729051059,Finance,English,Image,Asia,16949,0,user_166399,0.000161,0.010392,0.010392,384,1234,10
FAC20250729051117,Education,Korean,Image,North America,841,0,user_27812,0.000096,0.006223,0.006223,206,638,2
FAC20250729051119,Business,English,Image,Asia,462,0,user_11186,0.000171,0.013405,0.013405,424,1390,11
FAC20250729051132,Business,English,Image,Europe,123,0,user_198500,0.000173,0.013625,0.013625,430,1408,11
FAC20250729051139,Food,English,Image,North America,55,0,user_113396,0.000163,0.010554,0.010554,393,1282,3
FAC20250729051144,Finance,English,Link,North America,1678,1,user_308835,0.000138,0.009318,0.009318,323,1016,10
FAC20250729051151,Sports,English,Video,North America,890,0,user_286282,0.000166,0.009438,0.009438,387,1234,5
FAC20250729051155,Science,English,Image,Asia,656,0,user_349834,0.000175,0.009947,0.009947,415,1341,14
FAC20250729051184,Health,English,Text,Asia,4523,0,user_158460,0.000185,0.019877,0.019877,477,1559,7
FAC20250729051185,Science,Hindi,Video,Europe,2179,1,user_261539,0.000082,0.002231,0.002231,151,473,14
FAC20250729051206,Entertainment,English,Link,North America,756,1,user_138621,0.000146,0.020073,0.020074,371,1166,6
FAC20250729051217,Sports,English,Image,Asia,238,0,user_205256,0.000175,0.010814,0.010814,420,1370,5
FAC20250729051257,Food,English,Link,Africa,507,0,user_43693,0.000141,0.008735,0.008735,325,1009,3
FAC20250729051288,Climate,Spanish,Video,Asia,181,0,user_206233,0.000094,0.002434,0.002434,174,543,0
FAC20250729051299,Food,English,Text,North America,512,0,user_233338,0.000189,0.014661,0.014661,469,1514,3
FAC20250729051313,Food,French,Image,North America,815,0,user_24936,0.000106,0.004553,0.004553,221,689,3
FAC20250729051362,Finance,English,Text,Europe,110,0,user_76156,0.000162,0.011488,0.011488,394,1303,10
FAC20250729051382,Politics,English,Image,Unknown,1575,0,user_384695,0.000183,0.013209,0.013208,448,1446,4
FAC20250729051386,AI/ML,English,Text,North America,1187,0,user_214333,0.000187,0.018916,0.018916,477,1549,12
FAC20250729051440,Business,English,Text,North America,1735,0,user_79141,0.000186,0.01529,0.01529,468,1527,11
FAC20250729051472,Entertainment,English,Image,Asia,4737,0,user_400658,0.000183,0.02367,0.02367,477,1537,6
FAC20250729051479,Sports,English,Text,Europe,30,0,user_37520,0.000159,0.00894,0.00894,376,1226,5
FAC20250729051485,Gaming,Portuguese,Link,Europe,238,0,user_407393,0.000069,0.001976,0.001976,116,360,13
FAC20250729051523,Technology,English,Image,Europe,82,0,user_212862,0.000177,0.020445,0.020445,457,1489,1
FAC20250729051532,Gaming,Spanish,Image,Africa,96,0,user_189711,0.000103,0.004274,0.004274,212,667,13
FAC20250729051550,Business,English,Text,Oceania,324,0,user_134950,0.000188,0.016202,0.016202,476,1551,11
FAC20250729051555,Gaming,German,Image,Europe,513,1,user_144761,0.000097,0.004415,0.004415,201,619,13
FAC20250729051566,Food,Spanish,Text,Asia,580,0,user_281009,0.000118,0.005188,0.005188,253,798,3
FAC20250729051575,Politics,Japanese,Video,Asia,289,0,user_243845,0.000082,0.003218,0.003218,159,489,4
FAC20250729051581,Fashion,Spanish,Text,Europe,265,0,user_182365,0.000119,0.005906,0.005906,259,816,9
FAC20250729051608,Entertainment,English,Image,Europe,3142,0,user_437199,0.000179,0.023197,0.023198,463,1501,6
FAC20250729051620,Education,English,Image,Europe,849,0,user_194626,0.000185,0.01799,0.01799,471,1535,2
FAC20250731051674,Food,Japanese,Link,Europe,298,0,user_384520,0.000063,0.001673,0.001673,101,312,3
FAC20250731051683,Technology,English,Video,North America,1541,1,user_352718,0.000172,0.019526,0.019526,439,1412,1
FAC20250731051694,Sports,Arabic,Video,Asia,124,0,user_15761,0.000079,0.001932,0.001932,140,430,5
FAC20250731051747,Travel,English,Image,Asia,1485,1,user_449480,0.00018,0.016472,0.016472,453,1477,8
FAC20250731051761,Gaming,French,Image,Asia,446,0,user_485104,0.000105,0.004606,0.004606,218,681,13
FAC20250731051827,AI/ML,English,Video,Oceania,2568,0,user_29291,0.000166,0.015814,0.015814,413,1321,12
FAC20250731051843,Education,English,Video,North America,2565,0,user_337202,0.00017,0.015526,0.015526,423,1360,2
FAC20250731051850,Education,English,Video,Asia,225,0,user_341944,0.000169,0.015362,0.015362,419,1348,2
FAC20250731051910,Food,Chinese,Image,Europe,11120,0,user_126366,0.000091,0.003979,0.003978,186,572,3
FAC20250731051944,Science,French,Video,North America,1154,0,user_458839,0.000087,0.002209,0.002209,161,499,14
FAC20250731051980,Education,French,Text,North America,59,0,user_218848,0.000098,0.006276,0.006276,208,643,2
FAC20250731051986,Sports,Spanish,Text,North America,907,0,user_124011,0.000119,0.004538,0.004538,250,782,5
FAC20250731051994,Climate,English,Image,Asia,66,0,user_50381,0.000161,0.009368,0.009368,377,1205,0
FAC20250731052032,Food,Portuguese,Text,Asia,890,0,user_465249,0.000113,0.005176,0.005176,241,753,3
FAC20250731052058,Fashion,Korean,Video,North America,1495,1,user_334212,0.000068,0.002482,0.002482,120,371,9
FAC20250731052078,Education,German,Video,Europe,286,0,user_143973,0.000088,0.004659,0.004659,176,543,2
FAC20250731052115,Health,Japanese,Image,Asia,428,1,user_307262,0.000102,0.007164,0.007163,219,673,7
FAC20250731052124,Fashion,Chinese,Text,North America,4377,0,user_235038,0.000096,0.004951,0.004951,202,626,9
FAC20250801052165,Entertainment,Portuguese,Text,North America,1784,0,user_22726,0.000113,0.011975,0.011975,264,827,6
FAC20250801052221,Climate,French,Link,North America,863,0,user_210817,0.000069,0.001789,0.001789,116,358,0
FAC20250801052230,Business,Arabic,Text,North America,703,0,user_234601,0.0001,0.005667,0.005667,214,663,11
FAC20250801052232,Entertainment,Portuguese,Image,North America,2251,0,user_174115,0.00011,0.010053,0.010053,249,783,6
FAC20250801052244,Travel,Portuguese,Text,Europe,3637,1,user_71004,0.000107,0.006977,0.006977,236,736,8
FAC20250803052339,Food,English,Video,Africa,4808,0,user_234488,0.000152,0.009822,0.009822,357,1123,3
FAC20250803052375,Food,Arabic,Image,Asia,1477,1,user_114498,0.000098,0.00429,0.00429,203,628,3
FAC20250803052421,Travel,English,Image,North America,2,0,user_107120,0.000144,0.012443,0.012443,351,1139,8
FAC20250804052444,Fashion,Spanish,Text,Europe,140,0,user_124482,0.000114,0.005678,0.005678,247,790,9
FAC20250804052472,Politics,Portuguese,Video,Asia,979,0,user_377295,0.000095,0.003453,0.003453,188,594,4
FAC20250804052473,Politics,English,Image,Asia,2732,1,user_166686,0.000171,0.01186,0.01186,414,1342,4
FAC20250804052494,Travel,English,Image,Asia,3837,1,user_439769,0.000171,0.015469,0.015468,429,1394,8
FAC20250804052510,Climate,Portuguese,Video,Unknown,6738,1,user_70825,0.000086,0.00218,0.00218,157,488,0
FAC20250804052518,Finance,Hindi,Video,Asia,9139,0,user_201800,0.000068,0.002182,0.002182,118,363,10
FAC20250804052527,Entertainment,French,Image,South America,1469,0,user_171156,0.000101,0.009258,0.009258,226,706,6
FAC20250804052529,Sports,English,Text,Africa,255,0,user_21966,0.000182,0.01225,0.01225,444,1455,5
FAC20250804052536,Entertainment,English,Image,North America,22,0,user_183647,0.000163,0.021488,0.021489,420,1348,6
FAC20250804052587,Technology,English,Video,Oceania,1024,0,user_371983,0.000168,0.019318,0.019318,428,1391,1
FAC20250804052592,Fashion,English,Image,Asia,284,0,user_157323,0.000174,0.013165,0.013165,430,1406,9
FAC20250804052607,Education,English,Text,Asia,424,1,user_289256,0.000197,0.019979,0.019979,506,1638,2
FAC20250804052628,AI/ML,English,Text,Asia,103,0,user_120138,0.00017,0.016372,0.016372,427,1389,12
FAC20250804052641,Politics,English,Video,North America,71,0,user_16551,0.000148,0.00984,0.00984,351,1137,4
FAC20250804052649,Business,Arabic,Image,Europe,274,0,user_498523,0.000094,0.004863,0.004863,197,602,11
FAC20250804052696,Travel,English,Image,North America,2207,0,user_356471,0.000172,0.015687,0.015687,432,1412,8
FAC20250804052715,Fashion,English,Text,Africa,5123,0,user_447996,0.000176,0.012892,0.012892,435,1423,9
FAC20250804052722,Climate,Portuguese,Text,North America,7882,1,user_306966,0.000115,0.004708,0.004708,242,752,0
FAC20250804052738,Health,English,Text,Asia,150,0,user_171721,0.000183,0.019732,0.019732,472,1551,7
FAC20250804052756,Science,Japanese,Video,Asia,80,0,user_206339,0.000085,0.002203,0.002203,157,476,14
FAC20250804052777,Technology,Portuguese,Video,North America,2917,0,user_389242,0.000095,0.006593,0.006593,200,623,1
FAC20250804052782,Politics,Portuguese,Link,Asia,5508,1,user_421301,0.000067,0.001542,0.001542,109,343,4
FAC20250804052791,Education,English,Video,North America,225,0,user_292114,0.000169,0.015362,0.015362,419,1348,2
FAC20250804052795,Travel,English,Image,Asia,777,0,user_422643,0.000181,0.016616,0.016616,458,1483,8
FAC20250804052801,Health,French,Image,North America,503,1,user_325061,0.000105,0.007369,0.007369,230,706,7
FAC20250804052827,Travel,English,Video,Europe,316,0,user_93718,0.000166,0.01424,0.01424,407,1307,8
FAC20250804052842,Sports,English,Text,North America,322,0,user_284069,0.000186,0.013035,0.013035,455,1483,5
FAC20250804052852,Food,English,Text,Europe,296,0,user_449493,0.000189,0.014167,0.014167,468,1525,3
FAC20250804052855,Climate,Spanish,Text,Oceania,14,0,user_464347,0.000105,0.004309,0.004309,217,673,0
FAC20250804052883,Technology,English,Image,Asia,2,0,user_306093,0.000152,0.017979,0.017979,385,1248,1
FAC20250804052901,Sports,English,Video,North America,20,0,user_84735,0.000145,0.007582,0.007582,331,1050,5
FAC20250804052925,Science,English,Image,Europe,28,0,user_230094,0.000155,0.007774,0.007774,357,1151,14
FAC20250804052955,Education,English,Text,Europe,3513,1,user_127885,0.000184,0.017965,0.017965,470,1530,2
FAC20250804052972,Science,English,Video,Europe,515,0,user_81178,0.000166,0.009093,0.009093,388,1244,14
FAC20250804052977,Food,English,Link,Europe,34,0,user_54016,0.000133,0.008287,0.008287,306,950,3
FAC20250804053013,AI/ML,Arabic,Text,Europe,60,0,user_350246,0.000088,0.006201,0.006201,185,565,12
FAC20250804053072,Food,Korean,Text,Asia,577,0,user_488579,0.000098,0.004557,0.004557,204,630,3
FAC20250804053077,Politics,Korean,Text,North America,43,0,user_24416,0.000092,0.004652,0.004652,191,585,4
FAC20250804053080,Business,Japanese,Text,Asia,1606,0,user_403592,0.0001,0.005518,0.005518,212,656,11
FAC20250804053089,Education,Korean,Image,Europe,64,0,user_341055,0.000091,0.00568,0.00568,190,579,2
FAC20250804053091,Climate,Japanese,Text,North America,1298,0,user_71375,0.000107,0.00469,0.00469,226,703,0
FAC20250804053124,Politics,English,Image,Asia,798,0,user_336301,0.000187,0.013431,0.013431,458,1473,4
FAC20250804053153,Business,French,Image,North America,91,0,user_424731,0.000093,0.004649,0.004649,193,598,11
FAC20250804053155,Travel,Japanese,Video,North America,1632,0,user_482986,0.000078,0.003662,0.003662,146,446,8
FAC20250804053160,Food,English,Image,Europe,12935,0,user_251707,0.000161,0.010058,0.010058,385,1253,3
FAC20250804053172,Education,English,Text,Asia,124,0,user_396691,0.000178,0.016759,0.016758,450,1450,2
FAC20250804053193,Health,English,Image,Europe,845,0,user_264841,0.000191,0.020292,0.020292,491,1579,7
FAC20250804053222,Finance,English,Image,Europe,21,0,user_228499,0.000154,0.009851,0.009851,366,1180,10
FAC20250804053241,Education,English,Text,Oceania,10642,0,user_102386,0.000168,0.015841,0.015841,423,1375,2
FAC20250805053266,Education,Hindi,Video,North America,39,0,user_235702,0.000074,0.003646,0.003646,140,425,2
FAC20250805053291,Politics,English,Video,North America,153,0,user_433943,0.000151,0.010119,0.010119,360,1161,4
FAC20250805053298,Travel,English,Link,South America,8830,0,user_77224,0.000139,0.012145,0.012145,334,1047,8
FAC20250805053328,Business,Spanish,Image,Asia,3185,1,user_90870,0.00011,0.005631,0.005631,237,736,11
FAC20250805053373,Entertainment,English,Video,North America,72,0,user_315884,0.000157,0.020667,0.020668,400,1279,6
FAC20250805053422,Health,Portuguese,Text,North America,121,0,user_64356,0.000108,0.008481,0.008481,242,743,7
FAC20250805053434,Sports,English,Video,North America,146,0,user_389290,0.00016,0.00861,0.00861,369,1171,5
FAC20250805053473,Gaming,English,Image,Europe,2168,0,user_17127,0.00018,0.013009,0.013009,440,1422,13
FAC20250805053478,Education,English,Text,North America,36415,0,user_187846,0.000156,0.014356,0.014355,387,1254,2
FAC20250805053482,AI/ML,English,Text,South America,127,0,user_223227,0.000176,0.016867,0.016867,441,1433,12
FAC20250805053486,AI/ML,Spanish,Text,Europe,3222,0,user_191915,0.000112,0.007099,0.007099,244,760,12
FAC20250805053491,Finance,English,Link,North America,2540,1,user_379597,0.000141,0.009494,0.009494,330,1032,10
FAC20250805053496,Finance,English,Image,Europe,3460,0,user_242260,0.000172,0.011902,0.011902,415,1331,10
FAC20250805053497,Technology,Japanese,Image,Asia,85,0,user_90070,0.000094,0.007943,0.007943,207,643,1
FAC20250805053527,Travel,English,Poll,Europe,1596,0,user_221986,0.000132,0.012024,0.012024,317,990,8
FAC20250805053540,Science,Spanish,Image,Unknown,39,0,user_321908,0.000101,0.002762,0.002762,197,612,14
FAC20250805053543,Gaming,English,Link,Asia,1071,0,user_491885,0.000139,0.009509,0.009509,326,1026,13
FAC20250805053547,Politics,Portuguese,Video,Asia,34684,1,user_328086,0.000084,0.002685,0.002685,157,486,4
FAC20250805053570,Health,Japanese,Link,Asia,957,0,user_364152,0.000064,0.00337,0.00337,114,347,7
FAC20250805053659,Travel,English,Text,Asia,141,0,user_389762,0.00018,0.016059,0.016059,452,1487,8
FAC20250805053671,Gaming,Spanish,Text,South America,23956,1,user_160956,0.000105,0.005276,0.005276,226,703,13
FAC20250805053685,Entertainment,English,Text,North America,395,1,user_20963,0.00019,0.026444,0.026445,506,1661,6
FAC20250805053692,Sports,English,Image,Asia,17772,1,user_68707,0.000153,0.008421,0.008421,357,1156,5
FAC20250805053718,Science,English,Text,Unknown,11884,0,user_7143,0.00016,0.008508,0.008508,375,1216,14
FAC20250805053721,AI/ML,Portuguese,Image,Europe,660,0,user_105695,0.00011,0.007482,0.007482,242,754,12
FAC20250805053786,AI/ML,Japanese,Image,North America,3139,1,user_160453,0.000099,0.007073,0.007073,214,660,12
FAC20250805053795,Entertainment,Spanish,Text,North America,112,0,user_448608,0.00012,0.012,0.012,280,873,6
FAC20250805053816,Technology,English,Text,Europe,89,0,user_376834,0.000174,0.020198,0.020198,449,1462,1
FAC20250805053834,Entertainment,English,Video,Asia,1842,0,user_422993,0.000168,0.021594,0.021595,429,1376,6
FAC20250805053864,Business,English,Video,Asia,2576,0,user_191701,0.000158,0.012033,0.012033,383,1225,11
FAC20250805053878,Technology,English,Image,North America,6978,0,user_10341,0.000171,0.019713,0.019713,440,1423,1
FAC20250805053912,Health,Spanish,Image,Asia,341,0,user_104992,0.000118,0.008035,0.008035,262,820,7
FAC20250805053914,Entertainment,Portuguese,Text,North America,944,0,user_336402,0.000117,0.01252,0.012521,277,867,6
FAC20250805053925,Politics,English,Image,South America,5480,0,user_142507,0.000176,0.011852,0.011852,426,1368,4
FAC20250805053932,Fashion,English,Text,North America,490,0,user_293774,0.000195,0.015971,0.015971,492,1601,9
FAC20250805053933,Fashion,English,Video,North America,207,0,user_477778,0.000157,0.0111,0.0111,375,1194,9
FAC20250805053950,Technology,Korean,Text,North America,4553,0,user_283753,0.000093,0.008456,0.008456,206,630,1
FAC20250805053951,Gaming,English,Link,North America,621,0,user_342937,0.000141,0.009546,0.009546,330,1039,13
FAC20250805053955,Education,Spanish,Text,Asia,2138,0,user_46597,0.000117,0.007428,0.007428,260,812,2
FAC20250805053981,Climate,Hindi,Text,Asia,520,0,user_329541,0.000105,0.004608,0.004608,220,682,0
FAC20250805053987,Entertainment,German,Link,Unknown,157,0,user_203182,0.000054,0.003304,0.003304,90,276,6
FAC20250805053990,Sports,Portuguese,Image,Asia,15,0,user_271709,0.000092,0.003069,0.003069,182,560,5
FAC20250805054024,Health,English,Text,North America,285,0,user_497827,0.000194,0.021222,0.021222,503,1646,7
FAC20250806054049,Climate,English,Image,North America,54,0,user_153104,0.000159,0.009234,0.009234,373,1197,0
FAC20250806054066,Health,Japanese,Text,Europe,2603,0,user_304528,0.000104,0.008455,0.008455,233,719,7
FAC20250806054067,Climate,Portuguese,Image,North America,17966,1,user_156983,0.00009,0.002828,0.002828,171,525,0
FAC20250806054097,Politics,Spanish,Poll,Asia,781,0,user_259105,0.000066,0.001717,0.001717,109,330,4
FAC20250806054117,Science,English,Text,Asia,34,0,user_213794,0.00016,0.008105,0.008105,373,1210,14
FAC20250806054121,Politics,Portuguese,Text,North America,23,0,user_448707,0.000103,0.004776,0.004775,215,657,4
FAC20250806054125,Education,Spanish,Video,Asia,725,0,user_498159,0.000104,0.005366,0.005365,217,683,2
FAC20250806054149,Entertainment,English,Text,North America,24557,1,user_174243,0.000162,0.022061,0.022061,420,1377,6
FAC20250806054229,Entertainment,English,Video,Europe,1642,0,user_429039,0.000172,0.021944,0.021944,441,1406,6
FAC20250806054234,Fashion,Arabic,Text,North America,16254,0,user_233795,0.000095,0.00485,0.00485,199,610,9
FAC20250806054244,Fashion,Spanish,Video,Europe,70,0,user_66199,0.000091,0.002996,0.002996,175,541,9
FAC20250806054246,AI/ML,Arabic,Text,Europe,10609,1,user_442549,0.000086,0.00609,0.00609,180,554,12
FAC20250806054264,Politics,Spanish,Text,Africa,16047,0,user_134270,0.000098,0.004793,0.004793,206,644,4
FAC20250806054272,Technology,English,Image,North America,58154,1,user_365466,0.000153,0.018029,0.018029,388,1259,1
FAC20250806054289,Business,English,Image,North America,236,0,user_30000,0.000176,0.013851,0.013851,437,1425,11
FAC20250806054301,Education,English,Image,North America,88,0,user_463860,0.000175,0.016322,0.016322,440,1421,2
FAC20250806054339,Travel,Hindi,Link,North America,12329,0,user_15633,0.000056,0.001802,0.001802,87,265,8
FAC20250806054345,Health,English,Video,Europe,23661,0,user_296621,0.000142,0.015209,0.015209,352,1135,7
FAC20250806054360,Climate,English,Image,Asia,418,0,user_62882,0.000173,0.010892,0.010892,413,1330,0
FAC20250806054365,Entertainment,English,Poll,Asia,1016,0,user_462114,0.000136,0.019332,0.019333,343,1066,6
FAC20250806054385,Fashion,Spanish,Video,Europe,108,0,user_85360,0.000092,0.003078,0.003078,178,552,9
FAC20250806054400,Entertainment,Portuguese,Image,Asia,1335,1,user_166042,0.000105,0.009571,0.009571,237,754,6
FAC20250806054416,AI/ML,English,Image,North America,194,0,user_139027,0.000178,0.017522,0.017521,452,1479,12
FAC20250806054439,Health,English,Text,North America,143,0,user_395827,0.000179,0.01935,0.01935,461,1515,7
FAC20250806054440,Sports,English,Video,Asia,7644,0,user_63003,0.000158,0.008805,0.008805,367,1172,5
FAC20250806054470,Technology,Portuguese,Video,Europe,37,0,user_455118,0.00008,0.005288,0.005288,161,495,1
FAC20250806054471,Climate,English,Text,North America,158,0,user_106222,0.000182,0.011897,0.011897,442,1444,0
FAC20250806054490,Sports,Spanish,Text,Europe,1674,0,user_162303,0.000121,0.004766,0.004766,257,809,5
FAC20250806054520,Technology,Spanish,Text,Asia,5368,0,user_281765,0.000111,0.009034,0.009034,251,787,1
FAC20250806054524,Fashion,Portuguese,Text,Asia,170,0,user_415298,0.000115,0.005676,0.005676,249,773,9
FAC20250806054541,Technology,Spanish,Video,North America,1527,0,user_426420,0.000104,0.007116,0.007116,224,703,1
FAC20250806054546,AI/ML,English,Video,Asia,4759,0,user_34145,0.000156,0.01505,0.01505,386,1236,12
FAC20250806054548,Health,English,Link,North America,179,0,user_278382,0.000144,0.015648,0.015648,357,1139,7
FAC20250806054560,Education,English,Text,North America,163,0,user_197236,0.000188,0.017868,0.017868,479,1541,2
FAC20250806054562,Travel,English,Video,Asia,391,0,user_297919,0.000162,0.013864,0.013863,396,1271,8
FAC20250806054620,Travel,Spanish,Video,Asia,1059,0,user_363891,0.000088,0.003933,0.003933,173,544,8
FAC20250806054659,Business,Portuguese,Text,Europe,581,0,user_470383,0.000109,0.006011,0.006011,237,747,11
FAC20250806054668,Health,English,Video,Asia,126,0,user_462975,0.000153,0.016168,0.016168,382,1230,7
FAC20250806054671,Business,Spanish,Image,North America,4297,0,user_349491,0.000105,0.005164,0.005164,223,690,11
FAC20250806054683,Travel,Arabic,Text,Asia,10560,1,user_127440,0.000095,0.006301,0.006301,204,629,8
FAC20250806054729,AI/ML,Portuguese,Video,Asia,10,0,user_243464,0.000074,0.003563,0.003563,138,423,12
FAC20250806054814,Gaming,Japanese,Text,North America,87,0,user_3997,0.000099,0.005166,0.005166,211,651,13
FAC20250806054827,Fashion,Portuguese,Image,Africa,134,0,user_281079,0.000107,0.00482,0.00482,226,711,9
FAC20250807054846,AI/ML,English,Link,Europe,177,0,user_63292,0.00015,0.014329,0.014329,365,1142,12
FAC20250807054860,Gaming,Japanese,Video,North America,78,0,user_232409,0.000074,0.002037,0.002037,128,392,13
FAC20250807054867,Entertainment,Japanese,Image,Europe,390,0,user_450356,0.000099,0.009354,0.009354,220,687,6
FAC20250807054909,Health,Korean,Image,North America,62,0,user_200609,0.00009,0.00625,0.00625,190,588,7
FAC20250807054919,Politics,Arabic,Image,Asia,44,0,user_39680,0.000085,0.00334,0.00334,167,519,4
FAC20250807054928,Politics,Portuguese,Text,Asia,302,0,user_120185,0.000114,0.005399,0.005399,244,757,4
FAC20250807054943,Technology,French,Video,Unknown,91,0,user_164673,0.00009,0.006148,0.006148,187,574,1
FAC20250807054994,Health,Portuguese,Link,Europe,8282,0,user_385390,0.000066,0.003135,0.003134,116,355,7
FAC20250807054995,Food,Spanish,Text,North America,120,0,user_153763,0.000115,0.005255,0.005255,248,777,3
FAC20250807055065,Entertainment,German,Text,Europe,3072,0,user_119679,0.000106,0.011513,0.011514,245,758,6
FAC20250807055068,Politics,Portuguese,Image,Asia,147,0,user_426886,0.000105,0.003892,0.003892,212,653,4
FAC20250807055120,Gaming,Korean,Link,Europe,279,0,user_471678,0.000059,0.001734,0.001734,94,291,13
FAC20250807055137,AI/ML,French,Image,Europe,1987,1,user_118334,0.000102,0.00705,0.007049,222,696,12
FAC20250807055175,Finance,Spanish,Link,Oceania,4585,0,user_287192,0.000068,0.001888,0.001888,115,353,10
FAC20250807055182,Gaming,English,Poll,North America,8308,0,user_83820,0.000127,0.008679,0.008679,294,907,13
FAC20250807055229,AI/ML,English,Image,Asia,4628,0,user_402754,0.000176,0.017298,0.017298,445,1459,12
FAC20250807055254,Food,English,Text,Europe,108,0,user_15638,0.000165,0.011034,0.011034,400,1318,3
FAC20250807055263,Sports,Chinese,Text,North America,1526,0,user_405857,0.000097,0.004023,0.004023,199,613,5
FAC20250807055287,AI/ML,English,Poll,North America,1565,0,user_422388,0.00014,0.013568,0.013568,337,1046,12
FAC20250808055309,Gaming,English,Image,Europe,487,0,user_195671,0.000172,0.012028,0.012028,419,1362,13
FAC20250809055324,Business,English,Text,North America,1522,1,user_31460,0.000187,0.015554,0.015553,472,1535,11
FAC20250809055348,Entertainment,English,Video,Unknown,5118,1,user_184445,0.000162,0.021089,0.02109,412,1316,6
FAC20250809055358,Gaming,Chinese,Video,Europe,8,0,user_232195,0.00006,0.001527,0.001527,94,283,13
FAC20250809055388,Food,English,Image,Europe,84,0,user_460135,0.000172,0.01133,0.01133,417,1361,3
FAC20250809055394,Food,English,Image,Asia,46,0,user_366063,0.000162,0.010393,0.010393,391,1276,3
FAC20250809055416,Fashion,Spanish,Image,South America,379,0,user_431349,0.000116,0.005334,0.005334,249,778,9
FAC20250809055471,Fashion,Portuguese,Video,North America,296,0,user_146006,0.000086,0.002981,0.002981,163,508,9
FAC20250809055541,Health,Portuguese,Image,Asia,1908,0,user_351090,0.000101,0.006728,0.006728,217,684,7
FAC20250809055544,Food,English,Image,Europe,5171,1,user_116531,0.000173,0.011462,0.011462,420,1362,3
FAC20250809055672,Entertainment,English,Video,North America,4197,0,user_406303,0.000161,0.021034,0.021035,410,1317,6
FAC20250809055724,Finance,Portuguese,Video,North America,1580,0,user_346551,0.000085,0.00275,0.00275,158,488,10
FAC20250809055743,AI/ML,French,Text,Europe,2228,0,user_403931,0.0001,0.006815,0.006815,215,671,12
FAC20250809055755,Science,English,Image,Asia,25273,1,user_346564,0.000152,0.007477,0.007477,349,1122,14
FAC20250809055770,Education,Portuguese,Image,Asia,1609,0,user_138619,0.000106,0.0065,0.0065,228,707,2
FAC20250809055778,Health,English,Text,North America,72,0,user_106724,0.000175,0.018625,0.018625,450,1469,7
FAC20250809055798,AI/ML,English,Image,North America,6681,1,user_307710,0.000168,0.016113,0.016113,422,1396,12
FAC20250809055806,Health,English,Link,Asia,2444,0,user_338530,0.000145,0.015785,0.015785,361,1131,7
FAC20250809055822,Entertainment,Spanish,Text,Oceania,949,0,user_278216,0.000125,0.012866,0.012867,297,934,6
FAC20250809055909,Entertainment,English,Text,South America,432,0,user_257245,0.000192,0.026596,0.026596,510,1677,6
FAC20250809055955,Finance,English,Text,North America,5966,0,user_289747,0.000168,0.011834,0.011834,409,1341,10
FAC20250809055960,Sports,Spanish,Link,Asia,7,0,user_291486,0.000065,0.00113,0.00113,102,313,5
FAC20250809055961,Health,Hindi,Link,North America,3095,0,user_190095,0.000056,0.002994,0.002994,96,293,7
FAC20250809055979,Politics,Korean,Image,Asia,11892,1,user_182069,0.000084,0.003287,0.003287,164,503,4
FAC20250809056003,Entertainment,English,Text,Europe,3682,1,user_334515,0.000185,0.024931,0.024932,488,1609,6
FAC20250809056018,Gaming,German,Video,Europe,99,0,user_171023,0.000069,0.001837,0.001837,115,352,13
FAC20250809056036,Finance,English,Image,North America,123,0,user_45608,0.000176,0.012222,0.012222,429,1383,10
FAC20250809056064,Fashion,English,Text,Unknown,555,0,user_62932,0.000188,0.014873,0.014873,470,1533,9
FAC20250809056080,Sports,English,Poll,Oceania,11,0,user_227854,0.000118,0.006783,0.006783,266,808,5
FAC20250809056113,Business,English,Video,North America,79,0,user_161825,0.000149,0.011016,0.011016,357,1132,11
FAC20250809056133,Travel,English,Link,North America,1482,0,user_957,0.000144,0.012578,0.012578,348,1108,8
FAC20250809056134,Health,English,Text,Africa,267,0,user_2566,0.000191,0.020918,0.020917,496,1629,7
FAC20250809056146,Business,Korean,Image,Asia,732,0,user_340665,0.000093,0.004816,0.004816,193,593,11
FAC20250809056156,Education,English,Image,North America,767,0,user_121959,0.000183,0.017503,0.017503,464,1520,2
FAC20250809056181,Gaming,Portuguese,Text,North America,441,0,user_271853,0.00011,0.005552,0.005552,235,734,13
FAC20250809056189,Politics,English,Video,North America,581,0,user_478721,0.000164,0.011601,0.011601,398,1286,4
FAC20250809056197,Food,Spanish,Text,Europe,2488,0,user_485468,0.000114,0.005128,0.005128,243,766,3
FAC20250809056210,Finance,English,Link,North America,2223,0,user_467034,0.00014,0.009529,0.009529,328,1030,10
FAC20250809056231,Food,Korean,Image,Europe,135,0,user_441890,0.000096,0.004198,0.004198,198,613,3
FAC20250809056251,Technology,Spanish,Video,Asia,6959,1,user_488503,0.000098,0.006361,0.006361,207,643,1
FAC20250809056283,Science,English,Image,Europe,208,0,user_232973,0.000177,0.010157,0.010157,420,1347,14
FAC20250809056420,Finance,Arabic,Text,Europe,4512,1,user_72260,0.000095,0.004948,0.004948,199,611,10
FAC20250809056431,Technology,English,Video,Asia,4825,1,user_206636,0.000158,0.018506,0.018506,402,1304,1
FAC20250809056453,Politics,Portuguese,Video,Unknown,3845,1,user_128535,0.000089,0.003015,0.003015,171,535,4
FAC20250809056496,Climate,English,Text,North America,34,0,user_322738,0.000161,0.009343,0.009343,382,1248,0
FAC20250809056503,Finance,French,Poll,Asia,1079,1,user_98391,0.000054,0.001386,0.001386,79,242,10
FAC20250809056504,Politics,English,Text,Asia,323,1,user_229600,0.000183,0.014574,0.014574,456,1489,4
FAC20250809056507,Science,English,Text,Asia,470,1,user_2417,0.000192,0.013041,0.01304,467,1506,14
FAC20250809056543,Sports,Japanese,Image,Africa,729,0,user_260701,0.000098,0.003451,0.003451,197,612,5
FAC20250809056554,Climate,Spanish,Poll,North America,13942,0,user_474791,0.000061,0.001019,0.001019,92,280,0
FAC20250809056576,Education,English,Poll,North America,709,0,user_60952,0.00014,0.013321,0.013321,343,1076,2
FAC20250809056583,Finance,English,Text,Asia,226,0,user_186608,0.000175,0.013039,0.013039,431,1421,10
FAC20250809056589,Science,English,Image,North America,1373,0,user_180190,0.000177,0.010514,0.010513,421,1356,14
FAC20250809056601,Technology,English,Text,Europe,4842,0,user_107743,0.00018,0.021255,0.021255,468,1521,1
FAC20250810056605,Technology,Korean,Link,Europe,6889,0,user_428058,0.000051,0.002559,0.002559,81,243,1
FAC20250810056610,Fashion,English,Text,Asia,407,0,user_444080,0.000191,0.015868,0.015868,481,1566,9
FAC20250810056639,AI/ML,Spanish,Image,North America,276,1,user_441166,0.000115,0.007772,0.007772,255,799,12
FAC20250810056643,Fashion,English,Image,Asia,151,0,user_53821,0.000172,0.012724,0.012724,424,1389,9
FAC20250810056651,Travel,English,Text,North America,18,0,user_399362,0.000155,0.013371,0.013371,383,1256,8
FAC20250810056657,Technology,English,Image,Asia,899,0,user_363105,0.000191,0.022499,0.022499,498,1619,1
FAC20250810056659,Education,Portuguese,Video,Europe,171,0,user_125395,0.000091,0.00453,0.00453,181,558,2
FAC20250810056667,Entertainment,Portuguese,Text,Europe,1028,0,user_438832,0.000115,0.012341,0.012341,271,846,6
FAC20250810056685,Politics,English,Video,Asia,2648,1,user_21284,0.000159,0.010992,0.010992,382,1244,4
FAC20250810056696,Gaming,English,Text,Asia,562618,1,user_322449,0.000142,0.009402,0.009402,337,1117,13
FAC20250810056698,Fashion,Korean,Video,South America,181,0,user_151817,0.00007,0.002417,0.002417,124,381,9
FAC20250810056705,Business,English,Link,Europe,175,0,user_483848,0.000143,0.010785,0.010785,341,1072,11
FAC20250810056715,Education,English,Image,Unknown,711,0,user_326485,0.000179,0.016782,0.016782,451,1480,2
FAC20250810056744,Health,English,Video,Asia,1556,0,user_313645,0.000166,0.017328,0.017327,417,1335,7
FAC20250812056811,Business,English,Video,South America,90,0,user_335201,0.000147,0.010823,0.010823,351,1117,11
FAC20250813056850,Climate,Spanish,Image,North America,6,0,user_327027,0.00009,0.002697,0.002697,170,524,0
FAC20250813056863,Travel,English,Image,Asia,26,0,user_66806,0.000154,0.013439,0.013439,380,1236,8
FAC20250813056887,Politics,Chinese,Image,Europe,913,0,user_360469,0.000092,0.003819,0.003819,184,562,4
FAC20250813056916,Climate,Portuguese,Text,North America,100,0,user_312187,0.00011,0.004664,0.004664,232,721,0
FAC20250813056930,AI/ML,English,Link,North America,1532,0,user_261376,0.000148,0.014103,0.014103,358,1126,12
FAC20250813056931,Technology,Japanese,Video,Asia,1001,1,user_23169,0.000088,0.006389,0.006389,183,565,1
FAC20250813056936,Sports,English,Image,Europe,276,0,user_362805,0.000178,0.011236,0.011236,429,1396,5
FAC20250813056977,Entertainment,Spanish,Poll,Unknown,1603,0,user_211440,0.00007,0.004125,0.004125,129,400,6
FAC20250813056985,Travel,English,Image,North America,490,0,user_156346,0.000169,0.015082,0.015082,422,1382,8
FAC20250813057018,Entertainment,Portuguese,Image,Africa,639,0,user_407837,0.000109,0.009736,0.009736,246,774,6
FAC20250813057037,Food,Portuguese,Image,Asia,584,0,user_130655,0.000113,0.004891,0.004891,241,746,3
FAC20250813057038,Food,Spanish,Image,North America,1647,0,user_77595,0.000117,0.004892,0.004892,248,784,3
FAC20250813057093,Business,English,Video,Europe,780,0,user_6213,0.000159,0.012328,0.012328,387,1235,11
FAC20250813057099,AI/ML,English,Image,North America,1776,0,user_274783,0.000181,0.017911,0.017911,461,1518,12
FAC20250813057104,Food,English,Video,Europe,1134,0,user_137035,0.000158,0.01045,0.01045,376,1196,3
FAC20250813057180,AI/ML,English,Image,Europe,73,0,user_283249,0.000166,0.016127,0.016126,417,1367,12
FAC20250813057189,Climate,Spanish,Image,Asia,799,0,user_118171,0.000106,0.003632,0.003632,213,659,0
FAC20250813057233,Education,English,Poll,North America,3819,0,user_135292,0.000133,0.012999,0.012999,323,1014,2
FAC20250813057296,Travel,Chinese,Video,Asia,175,0,user_357768,0.000073,0.003217,0.003217,133,409,8
FAC20250813057320,Climate,Arabic,Text,Oceania,1475,0,user_257740,0.000104,0.00473,0.00473,220,685,0
FAC20250813057349,Politics,English,Link,Asia,1147,0,user_370600,0.000144,0.009432,0.009432,337,1050,4
FAC20250813057355,Fashion,English,Image,Asia,258,0,user_276332,0.000174,0.013141,0.013141,430,1403,9
FAC20250813057368,Finance,Chinese,Video,Asia,79,0,user_302182,0.000066,0.002116,0.002116,114,349,10
FAC20250813057383,Health,English,Video,Asia,379,0,user_40960,0.000162,0.016952,0.016952,405,1308,7
FAC20250813057442,Technology,English,Text,Europe,1769,0,user_32753,0.000187,0.022142,0.022142,486,1580,1
FAC20250813057474,AI/ML,English,Text,Europe,2076,1,user_47824,0.000186,0.018975,0.018975,475,1545,12
FAC20250813057478,Sports,English,Image,North America,708,0,user_252253,0.000174,0.01051,0.01051,415,1349,5
FAC20250813057485,Technology,English,Image,Europe,565,0,user_170915,0.000181,0.020667,0.020667,466,1526,1
FAC20250813057507,Travel,German,Text,Asia,192,0,user_249406,0.0001,0.006701,0.006701,217,666,8
FAC20250813057515,Business,English,Video,Europe,3474,0,user_199151,0.000156,0.011949,0.011948,378,1211,11
FAC20250813057517,Fashion,English,Image,Asia,1584,0,user_245869,0.000178,0.013702,0.013702,441,1440,9
FAC20250813057540,Sports,English,Image,Europe,77,0,user_109097,0.000163,0.009534,0.009534,385,1255,5
FAC20250813057551,Climate,Arabic,Poll,North America,4,0,user_475457,0.000041,0.000505,0.000505,46,138,0
FAC20250813057614,Climate,English,Text,North America,19700,1,user_101530,0.000162,0.009475,0.009475,384,1257,0
FAC20250813057620,Health,French,Image,Europe,5134,0,user_4314,0.0001,0.00685,0.00685,215,660,7
FAC20250813057648,Health,English,Text,Europe,171,0,user_124097,0.000184,0.019919,0.019918,477,1568,7
FAC20250813057665,Health,English,Text,Asia,684,0,user_277219,0.000187,0.020612,0.020611,486,1589,7
FAC20250813057670,Entertainment,English,Video,Europe,1002,0,user_222749,0.000166,0.02175,0.02175,427,1373,6
FAC20250813057715,Technology,English,Video,Asia,705,0,user_448627,0.00017,0.019647,0.019647,434,1407,1
FAC20250813057718,Gaming,Japanese,Poll,Asia,382,0,user_329911,0.000052,0.001365,0.001365,75,230,13
FAC20250813057727,Health,German,Text,North America,2527,0,user_91722,0.000101,0.00832,0.00832,224,687,7
FAC20250813057732,Climate,English,Text,Europe,545,0,user_480130,0.000186,0.012951,0.012951,455,1491,0
FAC20250813057734,Science,Chinese,Image,Unknown,6137,1,user_353487,0.000083,0.002545,0.002545,158,489,14
FAC20250813057748,Travel,English,Text,Europe,1252,1,user_497112,0.000186,0.017234,0.017234,472,1550,8
FAC20250813057788,Travel,English,Image,South America,32426,1,user_446260,0.000152,0.013049,0.013049,373,1211,8
FAC20250813057791,Travel,English,Text,Oceania,329,0,user_145727,0.000191,0.018321,0.01832,489,1605,8
FAC20250813057819,Sports,German,Image,Asia,855,0,user_170934,0.000093,0.003229,0.003229,184,574,5
FAC20250813057848,Health,English,Text,North America,1009,0,user_222796,0.000191,0.020967,0.020967,497,1627,7
FAC20250813057855,Entertainment,English,Image,Asia,355,0,user_15159,0.000184,0.023891,0.023891,481,1561,6
FAC20250814057887,Sports,Chinese,Image,Africa,127,0,user_151243,0.000087,0.003017,0.003017,170,516,5
FAC20250814057895,Fashion,English,Text,Asia,366,0,user_80452,0.000194,0.016093,0.016093,489,1583,9
FAC20250814057913,Entertainment,Chinese,Text,Asia,198,0,user_134787,0.0001,0.010954,0.010954,230,705,6
FAC20250814057956,Climate,German,Image,North America,52,0,user_434225,0.000083,0.00262,0.00262,154,473,0
FAC20250814057965,Sports,Portuguese,Video,North America,2334,0,user_19387,0.000089,0.002371,0.002371,166,514,5
FAC20250814057966,Travel,English,Video,North America,1190,0,user_412661,0.000165,0.014196,0.014196,406,1304,8
FAC20250814057972,Politics,English,Text,Europe,4014,0,user_123331,0.000177,0.0135,0.0135,438,1428,4
FAC20250814057999,Technology,Japanese,Video,Asia,604,1,user_363280,0.000088,0.006415,0.006415,184,574,1
FAC20250814058049,AI/ML,English,Poll,Europe,9,0,user_381357,0.000134,0.013155,0.013155,321,974,12
FAC20250814058062,Food,Chinese,Image,Asia,101,0,user_77844,0.000092,0.004088,0.004088,189,586,3
FAC20250814058096,Science,Spanish,Image,North America,7068,0,user_19141,0.000103,0.002878,0.002878,202,637,14
FAC20250814058114,Health,Spanish,Video,North America,819,0,user_32339,0.000093,0.005605,0.005605,193,597,7
FAC20250814058125,Finance,French,Video,Asia,4059,1,user_104116,0.000075,0.002512,0.002512,136,416,10
FAC20250814058159,Entertainment,Portuguese,Image,Africa,235,0,user_27684,0.000105,0.009491,0.009491,236,736,6
FAC20250815058166,Education,Spanish,Text,North America,4530,0,user_380985,0.000109,0.007112,0.007112,240,748,2
FAC20250815058187,Climate,English,Poll,North America,758,1,user_59781,0.00013,0.007503,0.007503,295,923,0
FAC20250815058196,Sports,Portuguese,Text,Oceania,3255,1,user_60102,0.000106,0.004087,0.004087,219,687,5
FAC20250815058228,Politics,English,Video,Asia,1532,1,user_461357,0.000165,0.011272,0.011272,397,1285,4
FAC20250815058230,Science,English,Link,North America,2248,0,user_21512,0.000143,0.007386,0.007386,325,1029,14
FAC20250815058240,Science,Portuguese,Image,Europe,769,1,user_488713,0.000108,0.003253,0.003253,216,669,14
FAC20250815058245,Science,Spanish,Video,North America,174,0,user_93435,0.0001,0.002546,0.002546,192,602,14
FAC20250815058254,Fashion,Portuguese,Text,Asia,35,0,user_383518,0.000106,0.005053,0.005053,223,686,9
FAC20250815058292,Gaming,English,Image,Asia,18174,1,user_95935,0.000156,0.010387,0.010387,375,1222,13
FAC20250815058335,Food,English,Text,North America,1152,1,user_405194,0.000184,0.013591,0.013591,454,1483,3
FAC20250815058339,Sports,Arabic,Link,Europe,31,0,user_456164,0.000053,0.000923,0.000923,75,228,5
FAC20250815058351,Health,Korean,Image,Asia,1442,0,user_461108,0.000093,0.006506,0.006506,198,614,7
FAC20250815058366,AI/ML,Spanish,Image,North America,2050,1,user_229248,0.000113,0.007473,0.007473,248,785,12
FAC20250815058379,Climate,French,Image,Unknown,216,0,user_411535,0.000092,0.002881,0.002881,176,544,0
FAC20250815058385,Fashion,German,Poll,Europe,230,0,user_451698,0.000045,0.001184,0.001184,60,183,9
FAC20250815058414,Science,Spanish,Video,North America,122,0,user_328447,0.000097,0.002527,0.002527,185,578,14
FAC20250815058424,Health,English,Text,North America,4014,0,user_304688,0.000186,0.020112,0.020112,479,1569,7
FAC20250815058425,Business,English,Image,Europe,23336,1,user_200362,0.000154,0.011368,0.011368,374,1224,11
FAC20250815058442,Sports,English,Image,North America,808,0,user_270549,0.00018,0.011645,0.011645,434,1401,5
FAC20250815058446,Health,English,Poll,Asia,330,0,user_76938,0.00014,0.015041,0.01504,342,1063,7
FAC20250815058459,AI/ML,English,Text,Europe,95,0,user_102124,0.00017,0.016366,0.016366,427,1385,12
FAC20250815058470,AI/ML,English,Text,Asia,2644,0,user_137189,0.000182,0.018275,0.018275,464,1506,12
FAC20250815058484,Technology,English,Text,North America,1618,0,user_205736,0.000187,0.022101,0.022101,488,1582,1
FAC20250815058516,Education,English,Image,Asia,37619,0,user_388741,0.000155,0.014307,0.014307,384,1249,2
FAC20250815058522,Education,English,Video,Africa,77,0,user_106405,0.000159,0.014436,0.014436,393,1258,2
FAC20250815058536,Gaming,English,Video,South America,720,0,user_310628,0.000166,0.011511,0.011511,396,1254,13
FAC20250815058542,Gaming,Spanish,Text,North America,165632,1,user_139901,0.000101,0.005047,0.005047,214,663,13
FAC20250815058543,Education,English,Video,Asia,3307,1,user_33717,0.000168,0.015504,0.015504,419,1354,2
FAC20250815058555,Technology,Japanese,Image,Asia,73,0,user_213155,0.000093,0.007745,0.007745,203,633,1
FAC20250815058590,Technology,English,Text,North America,108,0,user_140764,0.000173,0.020095,0.020095,446,1450,1
FAC20250815058596,Politics,English,Text,North America,306,0,user_306417,0.000185,0.014626,0.014626,462,1508,4
FAC20250815058652,Fashion,Japanese,Text,Asia,3646,0,user_117265,0.000101,0.005195,0.005195,215,669,9
FAC20250815058662,Entertainment,Portuguese,Text,Asia,167,0,user_380344,0.00011,0.011556,0.011556,255,794,6
FAC20250815058672,Climate,English,Text,Europe,1094,0,user_19431,0.000185,0.012666,0.012666,452,1489,0
FAC20250815058674,Travel,English,Image,North America,1194,1,user_89604,0.000176,0.016315,0.016315,444,1450,8
FAC20250815058698,Health,English,Image,North America,911,0,user_125665,0.000191,0.020496,0.020496,493,1588,7
FAC20250815058741,Entertainment,English,Text,Europe,470,0,user_277998,0.000192,0.026476,0.026477,511,1680,6
FAC20250815058750,Education,English,Video,South America,91,0,user_193880,0.000157,0.014171,0.014171,386,1238,2
FAC20250815058764,AI/ML,English,Text,Asia,156,0,user_70773,0.000185,0.018102,0.018102,469,1518,12
FAC20250815058767,Technology,English,Image,North America,1009,0,user_5426,0.000189,0.02225,0.02225,492,1598,1
FAC20250815058783,Entertainment,Arabic,Link,North America,788,0,user_83287,0.000061,0.004036,0.004036,107,327,6
FAC20250815058790,Health,English,Text,North America,549,0,user_270643,0.000189,0.020982,0.020982,490,1599,7
FAC20250815058816,AI/ML,English,Image,Asia,7004,0,user_178183,0.000166,0.01599,0.01599,418,1381,12
FAC20250815058832,Business,English,Text,North America,14075,1,user_266896,0.000162,0.012095,0.012095,399,1311,11
FAC20250815058850,AI/ML,Portuguese,Image,Europe,1111,0,user_275063,0.000112,0.007641,0.007641,248,768,12
FAC20250815058864,Education,Chinese,Text,Asia,1518,0,user_350915,0.000094,0.006596,0.006596,202,627,2
FAC20250815058915,Business,French,Link,Europe,271,0,user_281676,0.00006,0.002019,0.002019,99,306,11
FAC20250815058925,Gaming,Portuguese,Video,Asia,667,1,user_330365,0.000082,0.002489,0.002489,147,459,13
FAC20250815058973,Science,Portuguese,Video,North America,144,0,user_260103,0.000089,0.002326,0.002326,166,513,14
FAC20250815058975,Fashion,Spanish,Image,Europe,2751,0,user_477643,0.000114,0.005223,0.005223,244,765,9
FAC20250815059011,Politics,English,Text,Asia,1795,1,user_487668,0.000179,0.013679,0.013679,444,1466,4
FAC20250815059017,Finance,English,Video,Asia,1015,0,user_44704,0.000161,0.010856,0.010856,383,1228,10
FAC20250815059023,Entertainment,Portuguese,Text,North America,431,0,user_421214,0.000111,0.011921,0.011922,261,824,6
FAC20250815059041,Technology,Japanese,Image,North America,70870,1,user_446506,0.000087,0.00714,0.00714,186,569,1
FAC20250815059065,Sports,English,Image,Asia,357,0,user_206243,0.000175,0.010772,0.010772,418,1360,5
FAC20250815059075,Science,French,Video,Europe,13,0,user_245240,0.000078,0.00189,0.00189,140,424,14
FAC20250815059079,Technology,Portuguese,Text,Africa,423,0,user_162130,0.000104,0.008489,0.008489,230,717,1
FAC20250815059089,Sports,English,Link,Europe,129,0,user_282255,0.000138,0.007616,0.007616,314,976,5
FAC20250815059139,Sports,English,Text,Asia,35,0,user_222517,0.000159,0.008865,0.008865,374,1217,5
FAC20250815059140,Politics,English,Image,North America,302,0,user_330575,0.000179,0.012698,0.012698,437,1408,4
FAC20250815059158,Travel,French,Video,Europe,15,0,user_377902,0.000072,0.002869,0.002869,129,393,8
FAC20250815059162,Finance,English,Text,Unknown,2007,0,user_232049,0.000182,0.014154,0.014154,452,1476,10
FAC20250815059171,Travel,English,Link,Europe,440,1,user_376135,0.000143,0.012472,0.012472,346,1096,8
FAC20250815059219,Health,Japanese,Text,Europe,609,0,user_137232,0.000102,0.008207,0.008207,227,702,7
FAC20250815059236,Travel,English,Text,North America,6090,1,user_242690,0.000176,0.015513,0.015513,442,1442,8
FAC20250815059253,Gaming,Japanese,Text,Europe,426,0,user_67219,0.000104,0.005442,0.005442,223,697,13
FAC20250815059265,Health,Chinese,Image,North America,3908,1,user_89369,0.000094,0.006735,0.006735,202,626,7
FAC20250815059271,Travel,Spanish,Image,North America,492,1,user_474363,0.000106,0.006122,0.006122,229,712,8
FAC20250815059278,Entertainment,Portuguese,Text,North America,854,0,user_307417,0.000117,0.012564,0.012565,276,866,6
FAC20250816059337,Politics,English,Text,Europe,76,0,user_279887,0.000168,0.011777,0.011777,411,1349,4
FAC20250816059424,Politics,English,Text,Europe,15,0,user_108832,0.000147,0.00962,0.00962,350,1152,4
FAC20250816059431,Politics,French,Text,North America,1243,0,user_467579,0.000103,0.005208,0.005208,221,688,4
FAC20250816059445,Travel,English,Video,Africa,384,0,user_41004,0.000163,0.013984,0.013984,400,1282,8
FAC20250816059455,Fashion,Spanish,Text,Europe,2372,0,user_238110,0.000117,0.005762,0.005762,254,802,9
FAC20250816059620,Health,Chinese,Text,Asia,164,0,user_251187,0.000099,0.008348,0.008347,221,681,7
FAC20250816059632,Travel,Spanish,Text,Europe,25,0,user_252179,0.000101,0.00652,0.00652,220,682,8
FAC20250816059641,Politics,French,Image,Asia,1672,0,user_426632,0.000099,0.004104,0.004104,202,628,4
FAC20250816059654,Fashion,English,Text,North America,599,0,user_260934,0.000191,0.015208,0.015208,479,1557,9
FAC20250816059659,Finance,English,Text,Asia,238,0,user_333397,0.000176,0.013281,0.013281,436,1435,10
FAC20250816059660,Gaming,English,Video,Asia,4734,1,user_148230,0.000155,0.010366,0.010366,364,1144,13
FAC20250816059673,Sports,Korean,Video,North America,21,0,user_314058,0.000073,0.001783,0.001783,127,388,5
FAC20250816059684,Sports,English,Video,North America,6052,0,user_183533,0.000154,0.008609,0.008609,357,1149,5
FAC20250816059714,AI/ML,English,Image,North America,302,0,user_177290,0.000181,0.017864,0.017864,460,1513,12
FAC20250816059730,Gaming,English,Text,North America,724,0,user_284309,0.000179,0.013847,0.013847,445,1471,13
FAC20250816059763,Finance,English,Image,Europe,428,0,user_7709,0.000178,0.01231,0.01231,433,1396,10
FAC20250816059787,Fashion,English,Text,Oceania,87,0,user_337889,0.000172,0.0124,0.0124,424,1387,9
FAC20250816059807,Technology,Spanish,Link,Europe,3417,1,user_129889,0.000083,0.004816,0.004816,164,509,1
FAC20250816059827,Business,English,Video,Europe,101,0,user_88971,0.000148,0.010988,0.010988,354,1128,11
FAC20250816059849,Food,Spanish,Link,Asia,16,0,user_74383,0.000069,0.001432,0.001432,113,344,3
FAC20250816059872,Sports,English,Image,North America,830,0,user_22728,0.000179,0.011546,0.011546,430,1389,5
FAC20250816059906,Finance,Chinese,Video,North America,2439,0,user_247676,0.000069,0.002252,0.002252,120,368,10
FAC20250816059932,Sports,English,Video,Asia,5801,1,user_368987,0.000156,0.008721,0.008721,362,1166,5
FAC20250816059936,Politics,Portuguese,Video,Oceania,99,0,user_221878,0.000089,0.003031,0.003031,170,530,4
FAC20250816059965,Gaming,English,Image,Asia,252,0,user_249736,0.000179,0.012797,0.012797,437,1422,13
FAC20250816059995,Health,English,Video,Europe,2287,0,user_138160,0.000162,0.017041,0.017041,407,1299,7
FAC20250816060032,Climate,French,Video,Africa,1086,0,user_215920,0.000091,0.002713,0.002713,171,528,0
FAC20250816060059,Fashion,English,Text,Europe,3470,0,user_29244,0.000183,0.014256,0.014256,457,1491,9
FAC20250816060062,Entertainment,French,Text,Africa,3,0,user_167457,0.000093,0.010355,0.010355,212,644,6
FAC20250816060067,Sports,English,Image,Europe,282,0,user_266617,0.000177,0.011056,0.011056,426,1385,5
FAC20250817060096,Education,Spanish,Video,Asia,14,0,user_228857,0.000088,0.004322,0.004322,176,541,2
FAC20250817060136,AI/ML,Arabic,Video,Europe,834,0,user_371961,0.000081,0.004636,0.004636,160,491,12
FAC20250817060165,Science,English,Poll,North America,567,0,user_431045,0.000129,0.006627,0.006627,292,904,14
FAC20250817060171,Fashion,Arabic,Poll,Asia,30,0,user_130098,0.000042,0.000855,0.000855,53,160,9
FAC20250817060176,Science,English,Text,North America,3059,0,user_134355,0.000179,0.010905,0.010905,429,1396,14
FAC20250817060204,Fashion,Japanese,Image,Asia,22,0,user_443078,0.000086,0.004127,0.004127,175,532,9
FAC20250817060210,Business,French,Link,North America,5782,1,user_218072,0.000057,0.001665,0.001665,90,277,11
FAC20250817060219,Climate,English,Link,Europe,349,0,user_103082,0.000135,0.007849,0.007849,309,982,0
FAC20250817060226,Finance,English,Text,Europe,3768,0,user_126412,0.000178,0.013551,0.013551,440,1441,10
FAC20250817060245,Climate,Portuguese,Image,Europe,4814,0,user_130798,0.000095,0.003005,0.003004,184,570,0
FAC20250817060257,Health,English,Text,Asia,10,0,user_386327,0.000153,0.016294,0.016293,385,1262,7
FAC20250817060323,Sports,French,Link,North America,98,0,user_292590,0.00006,0.001184,0.001184,93,287,5
FAC20250817060343,Entertainment,English,Text,Asia,3627,0,user_191116,0.000185,0.024874,0.024874,487,1604,6
FAC20250817060349,Fashion,Arabic,Poll,Asia,1563,0,user_189295,0.000053,0.00152,0.00152,79,240,9
FAC20250817060352,Politics,English,Text,Africa,2865,0,user_303740,0.000175,0.013263,0.013263,433,1423,4
FAC20250817060372,Entertainment,English,Text,North America,5,0,user_115540,0.00015,0.021031,0.021031,388,1280,6
FAC20250817060375,Travel,French,Image,North America,175,0,user_59770,0.00009,0.005234,0.005234,187,576,8
FAC20250817060385,Gaming,French,Image,North America,2293,0,user_398378,0.0001,0.004253,0.004253,205,631,13
FAC20250817060395,Travel,Korean,Video,Unknown,88,0,user_77633,0.000073,0.003105,0.003105,134,412,8
FAC20250817060439,Technology,English,Link,Unknown,82590,1,user_458365,0.000132,0.016418,0.016418,329,1018,1
FAC20250817060470,Finance,English,Text,Africa,723,0,user_309848,0.000177,0.0134,0.0134,437,1444,10
FAC20250817060474,Travel,English,Text,Asia,1144,0,user_174834,0.000189,0.017716,0.017716,483,1581,8
FAC20250817060479,Gaming,English,Link,Europe,1225,0,user_446552,0.000139,0.009451,0.009451,326,1029,13
FAC20250817060550,Technology,Spanish,Video,North America,60,0,user_246870,0.000101,0.006573,0.006573,216,675,1
FAC20250817060613,Technology,Spanish,Text,Asia,525,0,user_187636,0.000119,0.00938,0.00938,270,854,1
FAC20250817060636,Technology,English,Link,Europe,103,0,user_91772,0.000144,0.017246,0.017246,361,1130,1
FAC20250817060641,Sports,English,Video,North America,27270,0,user_199007,0.000145,0.007437,0.007437,330,1045,5
FAC20250817060649,Travel,Spanish,Text,Asia,464,0,user_176956,0.000115,0.007526,0.007526,257,802,8
FAC20250817060659,Entertainment,Chinese,Text,North America,2003,0,user_214078,0.000104,0.011366,0.011366,239,737,6
FAC20250817060701,Education,English,Image,Asia,101,0,user_339418,0.000178,0.016812,0.016812,450,1457,2
FAC20250817060705,Politics,English,Poll,Unknown,23298,1,user_190573,0.000121,0.008399,0.008399,281,860,4
FAC20250817060708,Science,English,Text,Asia,340,1,user_332645,0.00019,0.012874,0.012874,463,1497,14
FAC20250817060726,Sports,English,Video,Africa,6558,1,user_133452,0.000155,0.008633,0.008633,358,1150,5
FAC20250817060730,Travel,English,Image,Europe,232,0,user_386919,0.000177,0.015832,0.015832,445,1443,8
FAC20250817060755,Education,Portuguese,Image,Europe,174,0,user_464588,0.000104,0.006295,0.006295,222,684,2
FAC20250817060788,Travel,English,Image,Asia,95,0,user_252942,0.000174,0.015236,0.015236,435,1400,8
FAC20250817060843,Climate,English,Text,Africa,165,1,user_136563,0.000184,0.012089,0.012089,447,1456,0
FAC20250817060885,Politics,Portuguese,Link,Europe,165,0,user_23001,0.000066,0.001512,0.001512,106,335,4
FAC20250817060901,Gaming,English,Video,Europe,99,0,user_431306,0.000152,0.009763,0.009763,355,1115,13
FAC20250817060943,Science,German,Image,Asia,48,0,user_180726,0.000087,0.00256,0.00256,165,506,14
FAC20250817060946,Entertainment,English,Text,North America,11216,0,user_90953,0.000166,0.022532,0.022532,432,1427,6
FAC20250817060965,Entertainment,English,Link,Asia,11403,0,user_203591,0.000134,0.019068,0.019069,338,1057,6
FAC20250817060976,Climate,Portuguese,Video,Europe,16947,1,user_393930,0.000081,0.001982,0.001982,143,441,0
FAC20250817060990,Gaming,German,Video,Asia,37,0,user_198270,0.000066,0.001737,0.001737,108,329,13
FAC20250817061034,Technology,Portuguese,Text,Unknown,187,0,user_442712,0.000104,0.008497,0.008497,230,710,1
FAC20250817061048,Entertainment,Portuguese,Image,Asia,762,0,user_117805,0.000111,0.009781,0.009781,251,791,6
FAC20250817061068,Education,Portuguese,Video,North America,1241,0,user_211494,0.000092,0.004744,0.004744,186,581,2
FAC20250817061081,Business,English,Image,Asia,1792,1,user_166422,0.000182,0.014571,0.01457,455,1473,11
FAC20250817061088,Food,English,Text,Europe,3163,0,user_74045,0.000179,0.012862,0.012862,438,1425,3
FAC20250817061095,Travel,English,Text,Africa,286,0,user_339150,0.000192,0.017868,0.017868,489,1597,8
FAC20250817061131,Business,English,Link,Asia,10542,1,user_181361,0.000133,0.010179,0.010179,316,985,11
FAC20250817061152,Travel,Portuguese,Video,Asia,90,0,user_377076,0.000084,0.003519,0.003519,161,500,8
FAC20250817061164,Technology,English,Link,North America,459,0,user_73882,0.000146,0.01737,0.01737,367,1154,1
FAC20250817061196,Travel,English,Video,Oceania,131,0,user_40333,0.000157,0.013158,0.013157,381,1219,8
FAC20250817061200,Technology,English,Image,Asia,5256,0,user_458946,0.000174,0.020203,0.020203,450,1465,1
FAC20250817061205,Gaming,Hindi,Video,North America,239,0,user_499142,0.000076,0.002416,0.002416,135,413,13
FAC20250817061259,Education,Spanish,Text,Europe,734,0,user_274299,0.000123,0.00804,0.00804,277,859,2
FAC20250817061279,Science,English,Text,North America,3311,0,user_140494,0.000183,0.011303,0.011303,440,1428,14
FAC20250817061301,Health,English,Video,North America,219,0,user_148793,0.00016,0.016918,0.016918,402,1299,7
FAC20250817061347,Politics,Japanese,Image,Asia,2712836,1,user_374413,0.000082,0.003083,0.003083,156,474,4
FAC20250817061376,AI/ML,English,Image,Asia,1057,0,user_152810,0.000186,0.018895,0.018895,476,1568,12
FAC20250817061380,Entertainment,English,Poll,Europe,161,0,user_454192,0.000135,0.019034,0.019035,338,1038,6
FAC20250817061383,Climate,French,Text,North America,57,0,user_341738,0.000109,0.004546,0.004546,227,699,0
FAC20250818061464,Finance,German,Text,Asia,553,0,user_87895,0.000091,0.004708,0.004708,189,590,10
FAC20250818061508,Politics,English,Video,North America,616,0,user_160661,0.000166,0.011795,0.011795,402,1294,4
FAC20250818061511,Business,Spanish,Text,Asia,630,0,user_489971,0.000118,0.006482,0.006482,261,817,11
FAC20250818061527,Education,French,Image,North America,7,0,user_73939,0.000091,0.005602,0.005602,190,576,2
FAC20250818061633,Technology,English,Image,North America,2733,0,user_427541,0.000178,0.020764,0.020764,460,1509,1
FAC20250818061657,Travel,Spanish,Text,Asia,3300,0,user_454659,0.000108,0.006981,0.006981,238,746,8
FAC20250818061683,Education,English,Image,Europe,34366,1,user_311337,0.000155,0.014396,0.014396,386,1253,2
FAC20250819061743,Health,English,Link,North America,658,0,user_88077,0.000145,0.015709,0.015708,360,1131,7
FAC20250819061756,Fashion,English,Text,Europe,165,0,user_479820,0.000186,0.014024,0.014024,464,1511,9
FAC20250819061771,Finance,Portuguese,Video,Europe,788,0,user_343132,0.000089,0.003171,0.003171,171,531,10
FAC20250819061792,Climate,Japanese,Link,North America,9931,0,user_169377,0.000062,0.00129,0.00129,97,298,0
FAC20250819061811,Finance,Spanish,Text,North America,142,0,user_272022,0.000105,0.005221,0.005221,224,699,10
FAC20250819061830,Business,English,Video,Asia,761,0,user_9405,0.00016,0.012456,0.012456,390,1242,11
FAC20250819061834,Health,English,Image,North America,180,0,user_141681,0.000184,0.019025,0.019024,471,1530,7
FAC20250819061840,Climate,Korean,Text,North America,200,1,user_176318,0.000102,0.004482,0.004482,213,656,0
FAC20250819061843,Technology,English,Video,Europe,162,0,user_195145,0.000163,0.018663,0.018663,414,1328,1
FAC20250820061879,Finance,English,Image,Asia,4343,0,user_38641,0.000173,0.011993,0.011993,418,1348,10
FAC20250820061910,Gaming,Japanese,Text,Europe,38810,1,user_122833,0.000093,0.004838,0.004838,194,593,13
FAC20250821061963,Climate,English,Link,Asia,468,0,user_32811,0.000139,0.007949,0.007949,318,1009,0
FAC20250821061964,Politics,English,Video,Asia,2008,0,user_159725,0.000157,0.010492,0.010492,375,1217,4
FAC20250821061973,Travel,English,Text,North America,256,0,user_457849,0.00019,0.017595,0.017595,484,1579,8
FAC20250821062008,Food,English,Video,Europe,2163,1,user_68974,0.000158,0.010159,0.010159,373,1180,3
FAC20250821062030,Business,English,Text,North America,527,0,user_112387,0.00019,0.016261,0.016261,481,1568,11
FAC20250821062033,Gaming,English,Text,Oceania,23603,1,user_330142,0.000155,0.010715,0.010715,376,1244,13
FAC20250821062035,Sports,French,Video,Asia,81,0,user_223709,0.000084,0.002215,0.002215,154,471,5
FAC20250821062055,Finance,English,Poll,Africa,969,0,user_24136,0.000133,0.008879,0.008879,309,957,10
FAC20250821062156,Climate,English,Link,Africa,40,0,user_170757,0.000129,0.007352,0.007352,291,914,0
FAC20250821062165,Politics,English,Text,Oceania,10555,0,user_469545,0.000161,0.011188,0.011188,391,1279,4
FAC20250821062179,Travel,English,Link,North America,715,0,user_335345,0.000149,0.012979,0.012979,362,1140,8
FAC20250821062213,Politics,English,Text,Asia,246,0,user_243301,0.000181,0.013777,0.013777,450,1472,4
FAC20250821062239,Sports,English,Video,Europe,195,0,user_242844,0.000163,0.008993,0.008992,379,1216,5
FAC20250821062255,Entertainment,Portuguese,Image,North America,243,0,user_430982,0.000104,0.009408,0.009408,234,732,6
FAC20250821062264,Food,English,Video,South America,689,0,user_29502,0.000164,0.011077,0.011077,392,1240,3
FAC20250821062299,Technology,English,Text,Asia,5663,1,user_204192,0.000175,0.020508,0.020508,453,1472,1
FAC20250821062310,Technology,Japanese,Link,North America,61,0,user_377554,0.000057,0.002977,0.002977,97,296,1
FAC20250821062355,Fashion,German,Link,Europe,55,0,user_194004,0.000055,0.001243,0.001243,80,241,9
FAC20250821062360,Politics,French,Text,North America,3948,0,user_49412,0.000097,0.004857,0.004857,203,624,4
FAC20250821062368,Education,English,Video,Europe,234,0,user_147141,0.00017,0.015526,0.015526,422,1358,2
FAC20250821062375,Politics,Portuguese,Text,Asia,48,0,user_71102,0.000108,0.004975,0.004975,226,698,4
FAC20250821062398,Gaming,English,Image,North America,377,0,user_208141,0.000177,0.012631,0.012631,433,1410,13
FAC20250821062431,Science,German,Image,North America,3283,0,user_360143,0.000096,0.002908,0.002908,187,573,14
FAC20250821062444,Climate,Korean,Video,North America,560,0,user_72228,0.000082,0.002416,0.002416,150,468,0
FAC20250821062449,Politics,English,Text,North America,179,0,user_283356,0.000177,0.013086,0.013086,437,1427,4
FAC20250821062455,Technology,Japanese,Image,North America,2201,1,user_93791,0.000098,0.008246,0.008246,217,677,1
FAC20250821062492,Fashion,English,Link,Europe,588,0,user_83284,0.000142,0.009798,0.009798,334,1046,9
FAC20250821062531,Food,English,Text,Asia,395,0,user_161663,0.000189,0.015053,0.015053,472,1524,3
FAC20250821062536,Health,English,Poll,North America,4319,0,user_300006,0.000141,0.015085,0.015085,344,1060,7
FAC20250821062564,Food,English,Text,Asia,1260,0,user_437345,0.000184,0.013548,0.013548,455,1486,3
FAC20250821062646,Travel,English,Image,Europe,1667,0,user_249643,0.000178,0.016234,0.016234,448,1457,8
FAC20250821062718,Politics,Portuguese,Image,Asia,615,0,user_318259,0.000112,0.004254,0.004254,229,706,4
FAC20250821062737,Gaming,Spanish,Image,North America,514,0,user_307943,0.00011,0.004877,0.004877,233,734,13
FAC20250821062743,Business,English,Link,South America,237,0,user_260043,0.000143,0.010831,0.010831,342,1070,11
FAC20250821062752,Science,Spanish,Link,Asia,3230,0,user_362841,0.00008,0.001584,0.001584,139,431,14
FAC20250821062756,Entertainment,Arabic,Video,Europe,199,0,user_303973,0.000076,0.00548,0.00548,148,454,6
FAC20250821062765,Travel,English,Poll,Europe,44,0,user_86315,0.000128,0.011676,0.011676,307,943,8
FAC20250821062775,Science,English,Video,North America,94,0,user_351887,0.000153,0.007432,0.007432,349,1121,14
FAC20250821062824,Business,German,Image,Asia,593,0,user_323630,0.000097,0.005019,0.005019,204,629,11
FAC20250821062862,Fashion,English,Link,Asia,25652,1,user_179619,0.000133,0.009198,0.009198,309,957,9
FAC20250821062868,Business,Spanish,Image,Asia,23199,1,user_476207,0.000094,0.004615,0.004615,196,609,11
FAC20250821062883,Science,English,Link,Asia,852,0,user_369114,0.000143,0.007355,0.007355,326,1024,14
FAC20250821062910,Technology,Portuguese,Image,North America,15977,0,user_412324,0.000099,0.007815,0.007815,217,668,1
FAC20250821062958,Fashion,English,Poll,Asia,509,0,user_363569,0.000133,0.009364,0.009364,314,980,9
FAC20250821062965,Health,English,Text,North America,1,0,user_327275,0.00015,0.016164,0.016164,378,1239,7
FAC20250821062999,Science,German,Image,Europe,4355,0,user_232888,0.000093,0.002813,0.002813,180,553,14
FAC20250821063022,Fashion,English,Image,North America,156,0,user_17340,0.000173,0.012765,0.012765,426,1395,9
FAC20250821063068,AI/ML,English,Video,Asia,4045,0,user_153153,0.000159,0.015202,0.015202,392,1249,12
FAC20250821063078,Politics,English,Text,Europe,3767,0,user_496183,0.000179,0.013682,0.013682,444,1448,4
FAC20250821063092,Sports,English,Text,North America,36,0,user_52972,0.000161,0.009093,0.009093,379,1233,5
FAC20250821063138,Finance,Arabic,Text,Asia,239,0,user_275037,0.000094,0.00496,0.00496,198,614,10
FAC20250821063155,Sports,English,Image,North America,1,0,user_161541,0.000142,0.007363,0.007363,327,1060,5
FAC20250821063181,Food,English,Image,Europe,57,0,user_479478,0.000162,0.010454,0.010454,391,1277,3
FAC20250821063185,Climate,English,Image,South America,181,1,user_138604,0.000172,0.010876,0.010876,411,1315,0
FAC20250821063200,Politics,English,Text,North America,2217,0,user_345904,0.00018,0.013812,0.013812,445,1463,4
FAC20250821063206,Science,Hindi,Video,Europe,102,0,user_260335,0.000079,0.002092,0.002092,144,443,14
FAC20250821063209,Gaming,English,Text,Asia,104,0,user_35222,0.000166,0.011735,0.011735,404,1328,13
FAC20250821063239,Technology,English,Video,Asia,1736,0,user_321910,0.000171,0.019356,0.019356,436,1403,1
FAC20250821063261,Education,English,Video,Asia,26,0,user_178465,0.000149,0.013643,0.013643,365,1173,2
FAC20250821063268,Education,English,Image,Asia,35,0,user_79582,0.000159,0.014691,0.014691,395,1281,2
FAC20250821063281,Climate,English,Link,Europe,74,0,user_235491,0.000133,0.007556,0.007556,302,947,0
FAC20250821063289,Finance,Chinese,Video,Asia,4202,0,user_302603,0.00007,0.002472,0.002472,126,386,10
FAC20250821063299,Education,English,Text,Europe,527,0,user_43603,0.000196,0.019388,0.019387,502,1623,2
FAC20250821063306,Sports,Arabic,Image,Asia,1548,0,user_415278,0.000098,0.003482,0.003482,196,601,5
FAC20250821063330,Gaming,English,Image,North America,10103,1,user_28022,0.000163,0.010841,0.010841,393,1279,13
FAC20250821063357,Politics,German,Text,Europe,79,0,user_261923,0.000094,0.004829,0.004829,197,601,4
FAC20250821063396,Science,English,Video,North America,1387,0,user_26449,0.000166,0.008881,0.008881,387,1239,14
FAC20250821063402,Fashion,English,Text,Europe,96,0,user_89467,0.00017,0.01211,0.01211,416,1365,9
FAC20250822063448,Health,Hindi,Image,Europe,795,0,user_114123,0.000092,0.006511,0.006511,197,608,7
FAC20250822063508,Business,English,Image,Asia,1009,0,user_66223,0.000178,0.014792,0.014792,446,1447,11
FAC20250822063530,Gaming,English,Video,Europe,13207,1,user_282219,0.000147,0.009511,0.009511,343,1079,13
FAC20250822063588,Sports,French,Image,Asia,92,0,user_421873,0.000092,0.003174,0.003174,181,564,5
FAC20250822063601,Food,French,Video,Europe,5253,0,user_432024,0.000074,0.002025,0.002025,129,395,3
FAC20250822063643,Finance,English,Image,North America,198,0,user_267202,0.000178,0.012404,0.012404,433,1401,10
FAC20250822063672,Science,French,Link,Asia,352,0,user_159568,0.000067,0.001417,0.001417,109,334,14
FAC20250822063716,Education,English,Poll,Europe,25,0,user_86699,0.000127,0.012646,0.012645,309,957,2
FAC20250822063733,Climate,French,Text,Europe,13264,0,user_424967,0.000106,0.004411,0.004411,220,675,0
FAC20250822063740,Sports,English,Text,North America,113,0,user_217816,0.000169,0.010015,0.010015,403,1312,5
FAC20250822063746,Technology,English,Text,Europe,365,0,user_387954,0.000194,0.023983,0.023983,511,1648,1
FAC20250822063771,Travel,German,Image,Europe,350,0,user_390365,0.000093,0.005569,0.005568,194,597,8
FAC20250822063813,Travel,English,Link,Europe,7663,0,user_332479,0.000138,0.01209,0.01209,331,1042,8
FAC20250822063815,Entertainment,French,Text,Europe,5160,0,user_262473,0.000102,0.011406,0.011406,237,731,6
FAC20250822063837,Gaming,English,Text,North America,74,0,user_348840,0.000167,0.011817,0.011816,407,1337,13
FAC20250822063847,Gaming,English,Image,Unknown,6704,0,user_465250,0.000166,0.011237,0.011237,402,1305,13
FAC20250822063916,Entertainment,English,Video,Oceania,58,0,user_387171,0.000158,0.020737,0.020737,402,1282,6
FAC20250822063920,Food,English,Text,North America,90,1,user_47575,0.000168,0.011185,0.011185,407,1335,3
FAC20250822063936,Education,Chinese,Image,Europe,14988,1,user_317090,0.000083,0.005475,0.005475,173,530,2
FAC20250822063942,Health,Spanish,Text,North America,716,0,user_439397,0.000117,0.009014,0.009014,266,838,7
FAC20250822063950,Politics,German,Link,North America,56,0,user_5640,0.000054,0.001242,0.001242,79,243,4
FAC20250822063953,Politics,Portuguese,Video,Europe,854,0,user_202160,0.000095,0.003353,0.003353,186,588,4
FAC20250822063978,Gaming,English,Image,Oceania,202,0,user_172898,0.000176,0.012487,0.012487,430,1399,13
FAC20250822064008,Climate,English,Video,Asia,1682,0,user_128228,0.000164,0.009404,0.009404,381,1215,0
FAC20250822064011,Climate,Portuguese,Video,Europe,3114,0,user_126083,0.000084,0.002142,0.002142,151,476,0
FAC20250822064015,Politics,Spanish,Text,Europe,1739,1,user_80355,0.000114,0.005649,0.005649,246,781,4
FAC20250822064020,Finance,English,Image,South America,389,0,user_103615,0.000178,0.012269,0.012269,432,1390,10
FAC20250822064047,AI/ML,German,Text,Unknown,3725,1,user_192856,0.000092,0.006354,0.006354,195,598,12
FAC20250822064050,Science,English,Image,North America,143,0,user_293990,0.000172,0.009942,0.009942,408,1314,14
FAC20250822064059,Fashion,English,Image,Europe,118,0,user_83391,0.000172,0.012802,0.012802,426,1389,9
FAC20250822064062,Climate,Spanish,Text,Europe,505,0,user_40274,0.000121,0.005063,0.005063,257,813,0
FAC20250822064074,Politics,English,Text,North America,151,0,user_463368,0.000177,0.013212,0.013212,437,1424,4
FAC20250822064093,Science,Spanish,Link,North America,17996,1,user_162381,0.000072,0.001211,0.001211,118,362,14
FAC20250822064111,Travel,English,Video,Asia,42,0,user_406262,0.000152,0.012674,0.012674,367,1165,8
FAC20250822064127,Health,Hindi,Text,Europe,1417,0,user_479288,0.0001,0.008559,0.008559,225,687,7
FAC20250822064139,Technology,French,Text,Europe,118,0,user_481991,0.000097,0.00805,0.00805,213,661,1
FAC20250822064163,Health,English,Text,Asia,10790,1,user_50941,0.000169,0.017983,0.017982,431,1415,7
FAC20250822064187,Finance,English,Image,Unknown,772,0,user_450684,0.000183,0.013081,0.013081,447,1445,10
FAC20250822064206,AI/ML,English,Text,North America,967,0,user_40640,0.000186,0.018566,0.018566,474,1547,12
FAC20250822064217,Health,English,Poll,Africa,721,0,user_126665,0.000141,0.015135,0.015135,345,1063,7
FAC20250822064229,Fashion,English,Link,Europe,177,0,user_377453,0.000145,0.010062,0.010062,342,1066,9
FAC20250822064239,Finance,Arabic,Text,North America,391,0,user_168752,0.000093,0.004858,0.004858,195,605,10
FAC20250822064247,Business,English,Video,Asia,311,0,user_41860,0.000157,0.012227,0.012226,382,1216,11
FAC20250822064268,Technology,English,Link,Asia,25401,1,user_484281,0.000136,0.016731,0.016731,340,1055,1
FAC20250822064295,AI/ML,English,Image,Asia,59,0,user_393688,0.000163,0.015747,0.015747,409,1345,12
FAC20250822064305,Climate,English,Video,Europe,555,0,user_202728,0.000171,0.010311,0.010311,403,1282,0
FAC20250822064310,AI/ML,Spanish,Image,North America,693,0,user_406065,0.000114,0.007695,0.007695,253,799,12
FAC20250822064355,Climate,English,Image,North America,127,0,user_313525,0.000171,0.010796,0.010796,408,1306,0
FAC20250822064368,Education,Portuguese,Text,North America,262,0,user_463123,0.000111,0.007066,0.007066,242,756,2
FAC20250822064381,Entertainment,Spanish,Image,Europe,278,0,user_385799,0.000115,0.009892,0.009892,260,819,6
FAC20250823064384,Travel,English,Image,Asia,382,0,user_8894,0.000173,0.015506,0.015506,434,1420,8
FAC20250823064405,AI/ML,English,Image,North America,8073,0,user_254016,0.000167,0.015976,0.015976,420,1385,12
FAC20250823064478,Finance,English,Text,Asia,188,0,user_188757,0.000174,0.012948,0.012948,430,1419,10
FAC20250823064533,Business,English,Video,Asia,8179,0,user_104870,0.000153,0.011532,0.011532,368,1168,11
FAC20250823064567,Business,Arabic,Text,Asia,8054,0,user_312855,0.000097,0.005435,0.005435,205,628,11
FAC20250823064592,Science,English,Link,Asia,802,0,user_226041,0.000145,0.007488,0.007488,330,1041,14
FAC20250823064601,Sports,Japanese,Text,North America,6677,0,user_275145,0.000098,0.004022,0.004022,201,619,5
FAC20250825064644,Business,English,Text,North America,7569,1,user_386402,0.000172,0.013161,0.013161,426,1392,11
FAC20250825064646,Science,Portuguese,Poll,North America,63,0,user_369305,0.00005,0.000759,0.000759,70,211,14
FAC20250825064647,Technology,English,Image,Europe,186,0,user_200081,0.000184,0.02133,0.02133,477,1543,1
FAC20250825064673,Entertainment,French,Video,North America,3014,1,user_322026,0.000084,0.006645,0.006645,172,531,6
FAC20250825064703,Climate,English,Video,Asia,9197,0,user_292273,0.000163,0.008979,0.008979,377,1196,0
FAC20250825064711,Business,French,Text,North America,2922,0,user_445563,0.000107,0.006025,0.006025,234,727,11
FAC20250825064801,Fashion,English,Image,South America,331,0,user_240243,0.000173,0.01302,0.01302,427,1396,9
FAC20250825064824,Food,French,Image,Africa,158,0,user_285981,0.000101,0.004341,0.004341,210,659,3
FAC20250825064846,Health,English,Text,Asia,25874,1,user_340117,0.000165,0.017223,0.017223,417,1366,7
FAC20250825064861,Science,English,Image,Asia,859,0,user_428893,0.000182,0.011139,0.011139,436,1399,14
FAC20250825064874,Entertainment,English,Image,Asia,1098,0,user_293034,0.000186,0.024666,0.024666,488,1583,6
FAC20250825064886,Climate,English,Video,North America,1543,0,user_150047,0.000168,0.009773,0.009773,392,1246,0
FAC20250825064891,Gaming,Spanish,Image,North America,1741,1,user_55850,0.000112,0.004878,0.004878,237,751,13
FAC20250825064900,Business,English,Image,North America,9455,1,user_396940,0.000161,0.011998,0.011998,393,1288,11
FAC20250825064903,Health,Japanese,Link,Oceania,38,0,user_89458,0.000056,0.002508,0.002508,90,274,7
FAC20250825064932,Food,Chinese,Text,North America,978,0,user_138199,0.000097,0.00459,0.00459,203,630,3
FAC20250825064943,Science,German,Text,North America,852,0,user_182849,0.000101,0.00355,0.003549,204,632,14
FAC20250825064960,Education,Spanish,Image,Europe,822,0,user_153801,0.000109,0.006791,0.006791,239,763,2
FAC20250825065026,Fashion,English,Text,Asia,341,0,user_369530,0.000193,0.015963,0.015963,487,1579,9
FAC20250825065031,Business,English,Image,Asia,140,0,user_360141,0.000175,0.013877,0.013877,436,1426,11
FAC20250825065063,Health,English,Link,North America,152,0,user_10708,0.000144,0.015492,0.015492,356,1128,7
FAC20250825065066,Fashion,English,Text,North America,342,0,user_192294,0.000194,0.016014,0.016014,489,1585,9
FAC20250825065072,Health,English,Text,North America,213,0,user_204287,0.000185,0.020225,0.020225,480,1579,7
FAC20250825065088,Climate,Spanish,Video,Asia,97117,1,user_170564,0.000081,0.001907,0.001907,143,443,0
FAC20250825065094,Health,Hindi,Text,North America,1148,0,user_256619,0.000097,0.008333,0.008333,218,672,7
FAC20250825065107,Technology,English,Image,Asia,3397,0,user_206673,0.000175,0.020416,0.020416,451,1484,1
FAC20250826065180,Education,Spanish,Video,North America,2500,0,user_498115,0.000101,0.005155,0.005155,209,655,2
FAC20250826065192,Fashion,English,Text,Europe,1302,0,user_314676,0.000186,0.014544,0.014544,465,1514,9
FAC20250826065221,Technology,English,Image,North America,4477,0,user_343855,0.000175,0.020477,0.020477,453,1484,1
FAC20250826065307,Entertainment,Japanese,Text,North America,77,0,user_221898,0.000102,0.011022,0.011022,234,717,6
FAC20250826065309,Gaming,English,Video,Europe,3945,0,user_103167,0.000155,0.010458,0.010458,365,1146,13
FAC20250826065434,AI/ML,English,Text,Europe,7322,1,user_69987,0.000171,0.016545,0.016545,431,1404,12
FAC20250826065440,Finance,English,Image,Europe,106890,0,user_23118,0.000148,0.009299,0.009299,349,1121,10
FAC20250826065468,Fashion,English,Poll,Asia,348,0,user_333995,0.000131,0.00932,0.00932,308,957,9
FAC20250826065471,Fashion,Spanish,Link,Asia,17816,1,user_64732,0.000072,0.001663,0.001663,121,373,9
FAC20250826065480,Climate,English,Image,Europe,7615,1,user_65521,0.000163,0.009332,0.009332,381,1232,0
FAC20250826065493,AI/ML,Portuguese,Link,North America,389,0,user_10651,0.00007,0.002728,0.002728,120,371,12
FAC20250826065505,Health,English,Video,South America,7331,1,user_378580,0.000155,0.016428,0.016428,387,1244,7
FAC20250826065539,Gaming,French,Image,North America,1431,0,user_67001,0.000102,0.004453,0.004453,211,664,13
FAC20250826065574,Food,English,Text,North America,4632,0,user_6893,0.000178,0.012532,0.012532,436,1415,3
FAC20250826065587,Technology,Spanish,Link,Oceania,117,0,user_123120,0.000076,0.004034,0.004034,147,456,1
FAC20250826065592,Sports,English,Image,Europe,11968,1,user_196491,0.000157,0.008823,0.008823,369,1192,5
FAC20250826065609,Entertainment,Spanish,Image,Europe,61,0,user_252710,0.000111,0.009715,0.009716,250,782,6
FAC20250826065612,Travel,Portuguese,Text,Europe,149,0,user_85876,0.000111,0.007036,0.007036,243,758,8
FAC20250826065633,Climate,English,Video,Europe,28,0,user_429516,0.000147,0.007867,0.007867,334,1053,0
FAC20250826065642,Technology,English,Image,North America,82,0,user_151528,0.000177,0.020445,0.020445,457,1489,1
FAC20250826065644,Science,French,Image,Europe,4,0,user_29737,0.000083,0.002395,0.002395,156,477,14
FAC20250826065660,Fashion,English,Poll,Europe,6042,1,user_129399,0.000127,0.009057,0.009057,298,919,9
FAC20250826065690,Sports,English,Image,Asia,25296,1,user_182771,0.000153,0.008263,0.008263,356,1149,5
FAC20250826065718,Fashion,English,Image,South America,14598,0,user_275942,0.000158,0.011017,0.011017,384,1252,9
FAC20250826065772,Travel,English,Text,Africa,10797,0,user_279009,0.000168,0.014711,0.014711,419,1372,8
FAC20250826065789,Entertainment,English,Text,Africa,551,0,user_482941,0.000191,0.026023,0.026024,506,1651,6
FAC20250826065803,AI/ML,English,Video,Asia,1087,0,user_100696,0.000168,0.015881,0.015881,416,1335,12
FAC20250826065806,Entertainment,English,Text,Europe,2410,0,user_222298,0.000184,0.024951,0.024952,486,1603,6
FAC20250826065833,Climate,Spanish,Video,Asia,4797,1,user_1567,0.000091,0.002305,0.002305,167,518,0
FAC20250826065842,Education,English,Text,Africa,348,0,user_396478,0.000197,0.020139,0.020139,509,1645,2
FAC20250826065877,Entertainment,Korean,Text,Europe,217,0,user_132349,0.000099,0.010913,0.010913,226,693,6
FAC20250826065885,Science,English,Text,Asia,563,1,user_382200,0.000187,0.011992,0.011992,453,1465,14
FAC20250826065899,Food,Spanish,Link,North America,585,0,user_240689,0.000079,0.002133,0.002133,140,430,3
FAC20250827065937,Climate,Portuguese,Image,Asia,11262,1,user_141982,0.000094,0.002824,0.002824,180,560,0
FAC20250827065965,Climate,English,Text,Asia,902,0,user_423438,0.000188,0.012849,0.012849,460,1505,0
FAC20250827065975,Entertainment,English,Text,North America,3539,0,user_28288,0.000184,0.024832,0.024833,485,1596,6
FAC20250827065991,Technology,English,Video,Asia,16,0,user_433201,0.000148,0.017381,0.017381,371,1190,1
FAC20250827065999,Fashion,Portuguese,Image,Europe,582,1,user_264826,0.000108,0.005166,0.005166,230,721,9
FAC20250827066013,Science,Chinese,Text,South America,178,0,user_447186,0.000095,0.003431,0.003431,192,589,14
FAC20250827066014,Sports,Portuguese,Link,Europe,564,0,user_343606,0.000077,0.001713,0.001713,132,399,5
FAC20250827066016,Finance,English,Image,Europe,3349,1,user_134855,0.000173,0.011957,0.011957,417,1335,10
FAC20250827066025,Entertainment,English,Text,Asia,433,0,user_64522,0.000192,0.026596,0.026596,510,1677,6
FAC20250827066027,Business,Hindi,Image,North America,132,0,user_130987,0.00009,0.004689,0.004689,187,575,11
FAC20250827066030,Health,English,Text,North America,428,0,user_253524,0.000193,0.022049,0.022049,504,1640,7
FAC20250827066051,Health,English,Text,Asia,77,0,user_177616,0.000176,0.018703,0.018703,451,1472,7
FAC20250827066080,Technology,Spanish,Video,North America,709,0,user_210352,0.000106,0.007138,0.007138,229,720,1
FAC20250827066124,Finance,English,Text,South America,4132,0,user_436129,0.000177,0.013503,0.013503,439,1439,10
FAC20250827066141,Travel,Japanese,Text,Asia,98,0,user_424559,0.000099,0.006555,0.006555,214,649,8
FAC20250827066145,Gaming,English,Text,Asia,3624,0,user_200025,0.000177,0.013662,0.013662,439,1435,13
FAC20250827066177,Health,English,Image,Europe,8447,0,user_6302,0.000173,0.017653,0.017653,438,1417,7
FAC20250827066244,Food,Hindi,Video,Asia,78,0,user_277688,0.000068,0.002037,0.002037,118,360,3
FAC20250827066262,Sports,Spanish,Link,Asia,242,0,user_181334,0.000081,0.002045,0.002045,145,449,5
FAC20250827066309,Politics,Spanish,Image,North America,279,0,user_450632,0.000107,0.004316,0.004316,222,694,4
FAC20250827066373,Politics,Portuguese,Video,Europe,1478,0,user_181554,0.000098,0.003567,0.003567,194,606,4
FAC20250827066375,Entertainment,English,Text,Europe,36,0,user_168196,0.000165,0.022347,0.022348,429,1412,6
FAC20250827066380,Fashion,Spanish,Text,Europe,8874,1,user_4639,0.000111,0.005382,0.005382,239,754,9
FAC20250827066399,Fashion,Hindi,Video,North America,6,0,user_348095,0.000059,0.001749,0.001749,95,288,9
FAC20250827066418,Science,English,Image,Europe,6053,0,user_83356,0.000162,0.008703,0.008703,380,1232,14
FAC20250827066419,Education,English,Text,North America,13028,1,user_70062,0.000164,0.015425,0.015424,412,1339,2
FAC20250827066429,Fashion,English,Poll,Asia,464,0,user_320074,0.000131,0.009294,0.009294,309,963,9
FAC20250827066433,Finance,English,Image,Europe,1035,0,user_9923,0.000183,0.013575,0.013575,448,1448,10
FAC20250827066447,Fashion,English,Text,Europe,6289,0,user_404798,0.000174,0.012539,0.012539,428,1396,9
FAC20250827066457,AI/ML,English,Text,Asia,210,0,user_242534,0.000184,0.018359,0.018358,470,1525,12
FAC20250827066474,Gaming,English,Text,Asia,1511,0,user_334065,0.000182,0.014098,0.014098,452,1491,13
FAC20250827066486,AI/ML,Spanish,Text,North America,1935,1,user_374886,0.000115,0.007562,0.007562,254,792,12
FAC20250827066506,Science,French,Image,South America,1787,0,user_378625,0.000097,0.00301,0.00301,192,596,14
FAC20250827066552,AI/ML,English,Text,North America,9578,0,user_414888,0.000167,0.016298,0.016298,421,1374,12
FAC20250827066566,Food,English,Image,North America,1271,0,user_207920,0.00018,0.012793,0.012793,442,1441,3
FAC20250827066572,Politics,Portuguese,Link,North America,101,0,user_246849,0.000062,0.001306,0.001305,97,305,4
FAC20250827066620,Food,Portuguese,Text,North America,5382,0,user_359483,0.000105,0.004678,0.004678,221,687,3
FAC20250827066656,Gaming,English,Text,Europe,917,0,user_237363,0.000181,0.014171,0.014171,451,1487,13
FAC20250827066666,Gaming,Chinese,Image,North America,24374,0,user_31328,0.000082,0.003619,0.003619,162,496,13
FAC20250827066680,Climate,Korean,Text,Asia,3514,0,user_195389,0.0001,0.004402,0.004402,208,647,0
FAC20250828066731,Food,English,Text,Europe,2146,1,user_262940,0.000184,0.01358,0.01358,453,1474,3
FAC20250828066767,Entertainment,English,Text,North America,360,0,user_328286,0.000192,0.026575,0.026576,512,1682,6
FAC20250828066772,AI/ML,English,Text,North America,461,0,user_13852,0.000195,0.020325,0.020325,502,1621,12
FAC20250828066799,Technology,French,Image,North America,189,0,user_403441,0.000102,0.00813,0.00813,225,696,1
FAC20250828066817,Entertainment,English,Text,Asia,39,0,user_148259,0.000163,0.022227,0.022228,424,1394,6
FAC20250828066825,Politics,English,Text,Europe,25,0,user_226817,0.000156,0.010386,0.010386,376,1231,4
FAC20250828066837,Technology,Spanish,Text,North America,272,0,user_349439,0.000116,0.00932,0.00932,263,826,1
FAC20250828066897,Fashion,French,Text,North America,1535,0,user_321719,0.000104,0.005369,0.005369,224,691,9
FAC20250828066906,Finance,English,Text,Asia,159,0,user_484291,0.000173,0.012736,0.012736,426,1412,10
FAC20250828066911,Education,Japanese,Text,Asia,97,0,user_496032,0.000093,0.006346,0.006346,199,611,2
FAC20250828066921,Travel,English,Video,Asia,1124,0,user_262440,0.000166,0.014175,0.014175,406,1299,8
FAC20250828066928,Sports,Japanese,Text,South America,4058,1,user_146668,0.000098,0.003841,0.003841,200,619,5
FAC20250828067015,Science,Portuguese,Text,Africa,3544,0,user_234358,0.000107,0.003639,0.003639,217,675,14
FAC20250828067033,Travel,Korean,Image,Asia,30,0,user_56538,0.000085,0.004786,0.004786,173,531,8
FAC20250829067111,Health,French,Text,Africa,3169,0,user_85670,0.000104,0.008431,0.008431,232,725,7
FAC20250829067114,AI/ML,English,Image,North America,367,0,user_29944,0.000182,0.017774,0.017774,463,1523,12
FAC20250829067120,Entertainment,German,Image,Asia,641,0,user_231562,0.0001,0.009132,0.009132,221,687,6
FAC20250829067126,Education,English,Video,Asia,497,0,user_336148,0.000177,0.016084,0.016084,441,1415,2
FAC20250829067150,Food,Portuguese,Text,Africa,281,0,user_139327,0.000114,0.005234,0.005234,245,765,3
FAC20250829067174,Travel,English,Text,North America,24,0,user_465597,0.000159,0.013682,0.013682,393,1290,8
FAC20250829067182,Travel,English,Text,Asia,593,0,user_369793,0.000192,0.01814,0.01814,491,1607,8
FAC20250829067222,Fashion,English,Image,Europe,81,0,user_184713,0.000167,0.012167,0.012167,409,1343,9
FAC20250829067230,Sports,English,Image,North America,423,1,user_8805,0.000174,0.010713,0.010713,417,1357,5
FAC20250829067280,Food,Hindi,Image,North America,216,0,user_104284,0.000098,0.004315,0.004315,204,632,3
FAC20250829067288,Technology,Spanish,Image,North America,544,0,user_447244,0.000121,0.009586,0.009586,276,871,1
FAC20250830067299,Business,Japanese,Poll,North America,7548,0,user_381038,0.000044,0.000973,0.000973,55,167,11
FAC20250830067321,Education,English,Text,Europe,123,0,user_427269,0.000178,0.016695,0.016695,449,1447,2
FAC20250830067348,AI/ML,Japanese,Poll,Europe,11,0,user_376331,0.000046,0.000935,0.000935,58,175,12
FAC20250830067390,Health,English,Text,South America,3452,0,user_373449,0.000188,0.020485,0.020485,487,1596,7
FAC20250830067413,Education,Spanish,Text,Europe,3501,1,user_97360,0.000114,0.007396,0.007396,252,785,2
FAC20250830067428,Health,English,Video,Europe,473,0,user_434443,0.000164,0.017362,0.017362,414,1329,7
FAC20250830067441,Fashion,English,Text,North America,255,0,user_166900,0.000186,0.014649,0.014649,466,1516,9
FAC20250830067445,Gaming,Spanish,Text,Unknown,343,0,user_309697,0.00012,0.005984,0.005984,263,821,13
FAC20250830067457,Climate,French,Video,Oceania,7737,1,user_283380,0.000086,0.002078,0.002078,154,481,0
FAC20250830067458,Fashion,French,Text,South America,637,0,user_479079,0.000106,0.005457,0.005457,228,699,9
FAC20250830067478,Gaming,Spanish,Text,North America,2442,0,user_273374,0.000112,0.005659,0.005659,243,761,13
FAC20250830067488,Travel,Portuguese,Text,Europe,84,0,user_166378,0.000105,0.006764,0.006764,230,716,8
FAC20250831067505,Technology,Spanish,Image,South America,3061,0,user_334167,0.000119,0.009356,0.009356,272,859,1
FAC20250831067580,Food,English,Image,South America,240,0,user_182665,0.00018,0.01229,0.012289,440,1439,3
FAC20250831067603,Health,Spanish,Text,North America,154,0,user_179969,0.000111,0.008894,0.008894,251,795,7
FAC20250831067637,Climate,English,Text,Europe,4399,0,user_271835,0.000184,0.012147,0.012147,447,1456,0
FAC20250831067642,Food,English,Link,Europe,277,0,user_277029,0.000146,0.0091,0.0091,339,1070,3
FAC20250831067650,Fashion,English,Text,Africa,2105,1,user_41456,0.000184,0.014521,0.014521,459,1494,9
FAC20250831067652,AI/ML,French,Text,Europe,51,0,user_446445,0.000094,0.006407,0.006407,200,615,12
FAC20250831067665,Health,Japanese,Image,Asia,1715,1,user_128977,0.000097,0.006519,0.006519,206,644,7
FAC20250831067702,Travel,Portuguese,Text,Asia,76,0,user_499294,0.000103,0.006604,0.006604,225,702,8
FAC20250831067716,AI/ML,Spanish,Text,North America,711,0,user_279937,0.000115,0.007435,0.007435,253,792,12
FAC20250831067733,Climate,English,Image,Europe,20,0,user_102347,0.000149,0.008338,0.008338,344,1105,0
FAC20250831067740,Climate,French,Video,Europe,2083,0,user_28429,0.000086,0.002319,0.002319,157,484,0
FAC20250831067746,Technology,English,Video,Africa,2552,0,user_420332,0.000171,0.019386,0.019386,435,1404,1
FAC20250901067765,Education,English,Text,Europe,214,0,user_5098,0.000186,0.017873,0.017873,473,1536,2
FAC20250901067794,Finance,English,Video,Europe,18,0,user_323506,0.000137,0.008925,0.008925,320,1019,10
FAC20250901067802,Fashion,Chinese,Image,Europe,2011,0,user_72789,0.000093,0.004649,0.004649,194,596,9
FAC20250901067833,Fashion,English,Image,North America,39,0,user_235988,0.000154,0.010738,0.010738,372,1218,9
FAC20250901067839,AI/ML,English,Image,North America,1655,1,user_134099,0.000181,0.017993,0.017993,462,1522,12
FAC20250901067848,Entertainment,Spanish,Image,Europe,65,0,user_141640,0.000113,0.00982,0.009821,256,799,6
FAC20250901067875,Education,English,Text,Africa,363,0,user_271365,0.000195,0.019989,0.019988,504,1630,2
FAC20250902067941,Education,Spanish,Image,Asia,1298,1,user_123017,0.000112,0.006983,0.006983,246,774,2
FAC20250902067943,Technology,English,Poll,North America,1067,0,user_169725,0.000139,0.016942,0.016942,348,1085,1
FAC20250902067952,Sports,Portuguese,Text,North America,6174,1,user_384865,0.000105,0.004206,0.004206,218,683,5
FAC20250902067953,Education,Arabic,Video,Asia,477,1,user_118338,0.000085,0.004586,0.004586,170,520,2
FAC20250902067954,Entertainment,Spanish,Video,South America,856,0,user_309268,0.000101,0.007884,0.007884,218,688,6
FAC20250902067980,Entertainment,English,Link,Oceania,66,0,user_404858,0.000138,0.019378,0.019379,349,1089,6
FAC20250902067997,Travel,English,Video,North America,6629,0,user_346478,0.000163,0.013823,0.013822,398,1262,8
FAC20250902068002,Food,English,Video,Europe,10126,1,user_344892,0.000149,0.009536,0.009536,351,1107,3
FAC20250902068010,Entertainment,Spanish,Text,North America,61,0,user_27825,0.000115,0.011823,0.011823,268,845,6
FAC20250902068014,Travel,English,Video,Asia,130,0,user_308215,0.000157,0.013158,0.013157,381,1219,8
FAC20250902068022,Gaming,English,Video,North America,51,0,user_313765,0.000149,0.009666,0.009666,348,1096,13
FAC20250902068035,Business,Arabic,Text,Asia,6016,1,user_214915,0.000099,0.005536,0.005536,211,647,11
FAC20250902068050,Sports,Portuguese,Image,Asia,1429,0,user_472586,0.000107,0.003699,0.003699,218,675,5
FAC20250902068059,Fashion,French,Video,Asia,32,0,user_387520,0.000067,0.002145,0.002145,116,353,9
FAC20250902068070,Gaming,English,Image,Africa,1925,0,user_375485,0.000183,0.01334,0.01334,449,1452,13
FAC20250902068073,Gaming,English,Video,Europe,95,0,user_67750,0.000151,0.00971,0.00971,352,1111,13
FAC20250902068082,Climate,French,Poll,Oceania,4879,0,user_93918,0.000057,0.00101,0.00101,83,254,0
FAC20250902068095,Politics,English,Video,Asia,470,0,user_307575,0.000161,0.011091,0.011091,386,1247,4
FAC20250902068160,Travel,English,Video,Asia,166,0,user_20878,0.000159,0.013427,0.013427,388,1237,8
FAC20250902068161,Fashion,Japanese,Image,North America,133,0,user_459268,0.000092,0.004465,0.004465,191,594,9
FAC20250902068181,Health,English,Text,North America,212,0,user_106295,0.000185,0.020209,0.020209,480,1579,7
FAC20250902068212,Climate,English,Text,Europe,297,0,user_81447,0.000189,0.013328,0.013328,464,1509,0
FAC20250902068219,Politics,Spanish,Video,Europe,102,0,user_487947,0.000089,0.00312,0.00312,173,533,4
FAC20250902068265,Politics,English,Video,Asia,5764,0,user_399894,0.000154,0.010409,0.010409,368,1189,4
FAC20250902068277,AI/ML,English,Text,North America,2053,1,user_336145,0.000188,0.019199,0.019199,481,1563,12
FAC20250902068325,Travel,English,Image,Europe,1543,0,user_220594,0.000178,0.016363,0.016363,450,1466,8
FAC20250902068330,Climate,English,Image,North America,26812,1,user_239557,0.000149,0.008351,0.008351,346,1113,0
FAC20250902068383,Education,English,Poll,North America,121,0,user_214368,0.000135,0.012979,0.012978,327,1012,2
FAC20250902068398,Health,English,Text,North America,53,0,user_277586,0.000173,0.018344,0.018343,442,1447,7
FAC20250902068402,Climate,English,Video,Africa,1368,1,user_469715,0.000166,0.009694,0.009694,388,1235,0
FAC20250902068407,Gaming,English,Link,North America,203,0,user_13034,0.000142,0.009746,0.009746,334,1053,13
FAC20250902068415,Fashion,English,Text,Europe,280,0,user_7502,0.000188,0.014908,0.014908,470,1532,9
FAC20250902068438,Politics,German,Image,North America,867,0,user_1804,0.000096,0.003934,0.003934,194,597,4
FAC20250902068474,Business,Arabic,Text,Europe,3578,0,user_167620,0.000102,0.005813,0.005813,221,683,11
FAC20250902068479,Politics,English,Text,North America,9308,0,user_135203,0.000165,0.011611,0.011611,402,1312,4
FAC20250902068524,Gaming,English,Video,Europe,453,0,user_353737,0.000165,0.011083,0.011083,392,1240,13
FAC20250902068579,Health,Spanish,Text,North America,2894,0,user_283248,0.000113,0.008914,0.008914,257,813,7
FAC20250902068582,Entertainment,English,Image,North America,3464,1,user_385704,0.000181,0.023437,0.023437,469,1516,6
FAC20250902068586,Gaming,English,Text,North America,518,0,user_202233,0.000184,0.015027,0.015027,461,1517,13
FAC20250902068595,Climate,Japanese,Image,Europe,10172,1,user_352271,0.000086,0.002704,0.002704,161,508,0
FAC20250902068600,Entertainment,Spanish,Image,Asia,1856,0,user_413881,0.000122,0.010579,0.010579,279,875,6
FAC20250902068639,Climate,English,Text,Asia,519,0,user_43735,0.000192,0.013673,0.013673,470,1537,0
FAC20250902068654,Entertainment,French,Image,Asia,1129,0,user_284913,0.000099,0.009053,0.009053,220,692,6
FAC20250902068660,Entertainment,English,Text,Asia,721,0,user_322603,0.000192,0.025609,0.025609,506,1658,6
FAC20250902068670,Sports,Arabic,Link,South America,941,0,user_270610,0.000061,0.001252,0.001252,95,289,5
FAC20250902068682,Education,English,Image,North America,797,0,user_67852,0.000184,0.017722,0.017721,468,1530,2
FAC20250902068744,Sports,English,Video,Asia,189,0,user_157653,0.000162,0.008997,0.008997,378,1210,5
FAC20250902068750,Health,English,Video,North America,7810,0,user_453758,0.000154,0.016352,0.016352,386,1241,7
FAC20250902068760,Technology,German,Text,North America,1434,0,user_346969,0.000093,0.008153,0.008153,204,631,1
FAC20250902068772,Education,English,Image,North America,124,0,user_237840,0.000179,0.01702,0.01702,453,1466,2
FAC20250902068779,Education,Spanish,Image,North America,20,0,user_136171,0.000097,0.006034,0.006034,207,648,2
FAC20250902068805,Sports,English,Link,Asia,885,0,user_67452,0.000144,0.007964,0.007964,329,1030,5
FAC20250902068808,Business,English,Video,Asia,314,0,user_146333,0.000156,0.012109,0.012109,379,1207,11
FAC20250902068838,Travel,Hindi,Image,Europe,34,0,user_198958,0.000083,0.004747,0.004747,168,515,8
FAC20250902068879,Finance,Portuguese,Text,Asia,516,1,user_111896,0.000102,0.005142,0.005142,216,683,10
FAC20250902068896,Fashion,Portuguese,Link,North America,313,0,user_49499,0.000072,0.002065,0.002065,124,384,9
FAC20250902068902,Business,English,Video,North America,164,0,user_416196,0.00015,0.011203,0.011203,361,1157,11
FAC20250902068910,Technology,German,Image,Europe,2522,1,user_183460,0.000095,0.008229,0.008229,211,656,1
FAC20250902068947,Sports,English,Text,Asia,24,0,user_25643,0.000155,0.008487,0.008487,364,1186,5
FAC20250902068953,Education,Japanese,Link,Asia,6536,1,user_85542,0.000056,0.001971,0.001971,88,266,2
FAC20250902069002,Travel,English,Text,Europe,1442,0,user_39399,0.000184,0.017127,0.017127,468,1541,8
FAC20250902069015,Health,English,Link,Asia,22,0,user_34591,0.00013,0.014578,0.014578,319,996,7
FAC20250902069025,Travel,English,Text,Europe,2165,0,user_164212,0.000182,0.017181,0.017181,463,1523,8
FAC20250902069046,Politics,Spanish,Image,Africa,1366,0,user_185732,0.000114,0.004621,0.004621,238,739,4
FAC20250902069047,Gaming,Spanish,Image,North America,517,0,user_402637,0.00011,0.004862,0.004862,233,734,13
FAC20250902069052,Fashion,Spanish,Text,Europe,363,0,user_33921,0.000119,0.005776,0.005776,258,816,9
FAC20250902069059,Finance,Spanish,Video,North America,2872,0,user_199979,0.000084,0.002589,0.002589,155,481,10
FAC20250902069069,Entertainment,Japanese,Text,North America,5713,0,user_25609,0.000104,0.011334,0.011335,241,739,6
FAC20250902069071,AI/ML,English,Link,North America,257,0,user_135915,0.000152,0.014456,0.014456,370,1164,12
FAC20250902069087,Technology,Portuguese,Text,Unknown,1279,0,user_201849,0.000108,0.008785,0.008785,241,748,1
FAC20250902069124,Business,English,Image,North America,298,0,user_60600,0.000176,0.01416,0.01416,440,1433,11
FAC20250902069165,Travel,English,Image,Asia,29,0,user_217771,0.000155,0.013434,0.013434,381,1242,8
FAC20250902069211,Business,English,Image,Africa,57,0,user_484050,0.000162,0.012167,0.012167,397,1292,11
FAC20250902069218,AI/ML,Portuguese,Link,North America,210,0,user_163156,0.000071,0.002746,0.002746,121,369,12
FAC20250902069236,Education,English,Image,Africa,1049,0,user_270208,0.000186,0.018389,0.018389,476,1551,2
FAC20250902069250,Food,English,Image,Asia,1996,0,user_203810,0.000181,0.012586,0.012586,443,1442,3
FAC20250902069257,Politics,English,Image,Asia,6481,1,user_59248,0.000171,0.011197,0.011197,410,1317,4
FAC20250902069281,Travel,English,Video,Europe,1147,0,user_468693,0.000166,0.014172,0.014172,406,1299,8
FAC20250902069296,Entertainment,Spanish,Text,North America,5289,0,user_311987,0.00012,0.012227,0.012228,282,883,6
FAC20250902069298,Science,English,Text,North America,11571,1,user_274210,0.000162,0.008643,0.008643,379,1229,14
FAC20250902069309,AI/ML,Arabic,Text,North America,14328,0,user_397069,0.000083,0.005782,0.005782,173,529,12
FAC20250902069310,Travel,English,Link,North America,1930,0,user_140033,0.000146,0.01275,0.01275,354,1125,8
FAC20250902069344,Education,Arabic,Video,North America,842,0,user_435202,0.000087,0.00473,0.00473,175,540,2
FAC20250902069352,Politics,English,Text,Europe,65,0,user_330579,0.000167,0.01159,0.01159,407,1340,4
FAC20250902069369,Education,English,Video,North America,9523,0,user_102488,0.00016,0.014655,0.014655,397,1266,2
FAC20250903069421,Sports,Korean,Text,Europe,142,0,user_231660,0.000094,0.003701,0.003701,190,583,5
FAC20250903069470,Health,Portuguese,Image,North America,1857,0,user_393355,0.000101,0.006693,0.006692,216,682,7
FAC20250903069525,Travel,Spanish,Video,Europe,36,0,user_163070,0.000084,0.003484,0.003484,161,499,8
FAC20250903069570,AI/ML,Korean,Video,North America,9,0,user_289922,0.000066,0.003187,0.003187,116,352,12
FAC20250903069608,Food,Korean,Video,Asia,848,0,user_134346,0.000073,0.002262,0.002262,128,391,3
FAC20250903069648,Finance,Portuguese,Poll,Europe,1227,0,user_228419,0.000055,0.001303,0.001303,81,248,10
FAC20250903069655,Finance,English,Text,Europe,912,0,user_391775,0.000182,0.013855,0.013855,450,1484,10
FAC20250903069656,Politics,Japanese,Link,Oceania,17,0,user_298447,0.000049,0.000878,0.000878,66,200,4
FAC20250903069663,Health,French,Link,North America,58,0,user_150381,0.00006,0.002722,0.002722,101,309,7
FAC20250903069715,Finance,English,Text,North America,611,0,user_204386,0.000179,0.014016,0.014016,445,1465,10
FAC20250903069722,Gaming,English,Image,Asia,4,0,user_492546,0.000145,0.009298,0.009298,343,1116,13
FAC20250903069756,Politics,English,Text,North America,103,0,user_285599,0.000167,0.011649,0.011649,406,1326,4
FAC20250903069788,Climate,English,Poll,North America,2135,0,user_88493,0.000131,0.007503,0.007503,297,921,0
FAC20250903069805,Entertainment,Spanish,Image,North America,124,0,user_460288,0.000109,0.009481,0.009481,246,773,6
FAC20250903069813,Entertainment,Japanese,Text,North America,14735,1,user_409802,0.0001,0.010874,0.010874,229,696,6
FAC20250903069818,Politics,French,Text,North America,717,0,user_161310,0.000106,0.005191,0.005191,225,700,4
FAC20250903069853,Sports,English,Link,Asia,240,0,user_162889,0.000144,0.008052,0.008052,331,1049,5
FAC20250903069868,Fashion,English,Text,Unknown,1401,0,user_159308,0.000186,0.014504,0.014503,465,1513,9
FAC20250903069896,Food,English,Video,Asia,9,0,user_55647,0.000133,0.008173,0.008173,307,966,3
FAC20250903069912,Fashion,English,Image,North America,232,0,user_65783,0.000174,0.013138,0.013138,430,1401,9
FAC20250903069914,Climate,English,Image,North America,302,0,user_128976,0.000175,0.011267,0.011267,417,1335,0
FAC20250903069916,Politics,English,Text,Asia,205,0,user_191633,0.00018,0.013349,0.013349,444,1451,4
FAC20250903069963,Technology,English,Image,Europe,29,0,user_144080,0.000162,0.018978,0.018978,414,1340,1
FAC20250903069968,Fashion,English,Text,North America,364,0,user_9857,0.000194,0.016191,0.016191,491,1589,9
FAC20250903069989,Politics,English,Image,North America,520,0,user_478827,0.000175,0.011884,0.011883,424,1365,4
FAC20250903069991,Science,English,Video,Europe,549,0,user_63478,0.000168,0.009152,0.009152,392,1257,14
FAC20250903069992,AI/ML,English,Text,Oceania,2793,0,user_192148,0.000185,0.018419,0.018419,470,1522,12
FAC20250904070137,Science,Portuguese,Video,Europe,28,0,user_367944,0.000084,0.002038,0.002038,153,468,14
FAC20250904070191,Fashion,Portuguese,Text,Africa,5131,1,user_469262,0.000115,0.00547,0.00547,246,765,9
FAC20250904070204,Gaming,English,Poll,Unknown,1029,1,user_166791,0.000129,0.008982,0.008982,301,931,13
FAC20250904070225,Food,Spanish,Text,Asia,202,0,user_342068,0.000112,0.004947,0.004947,237,751,3
FAC20250904070282,Health,English,Poll,South America,99456,1,user_362087,0.00013,0.01444,0.01444,316,960,7
FAC20250904070283,Travel,Chinese,Video,North America,15,0,user_439184,0.000067,0.002659,0.002659,116,354,8
FAC20250904070292,Travel,English,Link,North America,161,0,user_376713,0.000147,0.012708,0.012708,355,1118,8
FAC20250904070298,Education,English,Text,Europe,1030,0,user_106019,0.000193,0.018673,0.018673,494,1604,2
FAC20250904070326,Food,English,Video,North America,300,1,user_245225,0.000159,0.010562,0.010561,379,1207,3
FAC20250904070336,AI/ML,English,Text,Asia,3,0,user_240418,0.000147,0.014144,0.014144,363,1182,12
FAC20250904070348,Food,English,Image,Europe,93,0,user_8079,0.000172,0.011446,0.011446,418,1365,3
FAC20250904070358,Finance,English,Text,Asia,770,1,user_260770,0.000179,0.013579,0.013579,442,1458,10
FAC20250904070370,Fashion,English,Text,Asia,86,0,user_345922,0.000171,0.012216,0.012216,419,1371,9
FAC20250904070381,Fashion,Spanish,Link,North America,768,0,user_247404,0.000078,0.002168,0.002168,139,424,9
FAC20250904070382,Travel,English,Text,North America,4738,0,user_17436,0.000182,0.016434,0.016434,460,1497,8
FAC20250904070392,AI/ML,English,Video,North America,20488,1,user_83691,0.000148,0.014087,0.014087,362,1156,12
FAC20250904070402,Entertainment,Chinese,Video,Europe,1000,0,user_343290,0.00008,0.006538,0.006538,164,509,6
FAC20250904070426,Education,French,Link,Asia,469,0,user_129896,0.000067,0.002722,0.002722,115,353,2
FAC20250904070444,Entertainment,English,Text,North America,419,0,user_35118,0.000191,0.026468,0.026468,508,1669,6
FAC20250904070475,Entertainment,English,Image,Asia,31555,1,user_342450,0.000165,0.021513,0.021514,423,1356,6
FAC20250904070480,Science,English,Poll,Europe,54,0,user_473952,0.000121,0.006164,0.006164,270,829,14
FAC20250904070529,Fashion,English,Text,North America,248,0,user_330267,0.000185,0.014486,0.014485,462,1505,9
FAC20250904070579,Technology,English,Link,South America,206,0,user_389700,0.00015,0.017794,0.017794,378,1182,1
FAC20250904070585,Technology,Chinese,Text,North America,94,0,user_56406,0.00009,0.007868,0.007868,196,604,1
FAC20250904070586,Business,Arabic,Image,North America,23,0,user_33324,0.000086,0.004194,0.004194,172,519,11
FAC20250904070592,Gaming,English,Image,Europe,322,0,user_178063,0.000178,0.012783,0.012783,436,1417,13
FAC20250905070605,Entertainment,Spanish,Image,North America,1124,0,user_138452,0.000113,0.009964,0.009965,257,817,6
FAC20250905070631,Politics,Arabic,Image,North America,1645,1,user_306754,0.000093,0.003946,0.003946,189,590,4
FAC20250905070642,Business,English,Image,Europe,1081,1,user_38914,0.000179,0.014995,0.014995,449,1453,11
FAC20250905070652,Climate,English,Video,Asia,67,0,user_27316,0.000154,0.008597,0.008597,355,1120,0
FAC20250905070677,AI/ML,French,Text,North America,720,0,user_259716,0.000104,0.006963,0.006963,226,706,12
FAC20250905070689,Technology,English,Text,North America,15,0,user_487453,0.000152,0.018109,0.018109,387,1257,1
FAC20250905070703,Food,English,Image,Unknown,21094,1,user_172673,0.000159,0.01002,0.01002,382,1244,3
FAC20250905070720,Gaming,Spanish,Image,North America,9186,0,user_342461,0.000102,0.004327,0.004327,212,669,13
FAC20250905070765,Sports,French,Video,North America,3367,0,user_382712,0.000085,0.002186,0.002186,155,476,5
FAC20250905070777,Gaming,English,Image,Europe,1230,0,user_227277,0.000175,0.013007,0.013007,430,1401,13
FAC20250905070781,Climate,English,Text,Europe,1309,0,user_160009,0.000186,0.012611,0.012611,455,1496,0
FAC20250905070814,Food,Korean,Image,North America,40,0,user_29520,0.000093,0.003988,0.003988,189,574,3
FAC20250905070835,Politics,Japanese,Video,Europe,360,0,user_387057,0.000082,0.003169,0.003169,157,484,4
FAC20250905070884,Technology,Spanish,Poll,North America,98,0,user_115896,0.000072,0.003509,0.003509,134,407,1
FAC20250905070900,Business,English,Text,Asia,12,0,user_341649,0.000153,0.011166,0.011166,372,1218,11
FAC20250905070911,Science,French,Image,Asia,1191,0,user_216065,0.000095,0.002927,0.002927,187,580,14
FAC20250905070926,Fashion,Portuguese,Image,Europe,704,1,user_195624,0.000105,0.004814,0.004814,221,693,9
FAC20250905070931,Technology,English,Image,Asia,13,0,user_242825,0.000157,0.018419,0.018419,399,1293,1
FAC20250905070942,Finance,English,Video,North America,276,1,user_404085,0.000159,0.011021,0.011021,381,1222,10
FAC20250905070946,Food,English,Text,North America,5203,0,user_218576,0.000172,0.011638,0.011638,417,1358,3
FAC20250905070981,Technology,English,Image,Asia,734,0,user_23582,0.000185,0.021518,0.021518,481,1568,1
FAC20250905070989,Entertainment,French,Video,Europe,8029,0,user_46148,0.000082,0.005816,0.005816,165,503,6
FAC20250905070993,Business,English,Text,South America,140,0,user_182594,0.000181,0.014324,0.014324,453,1482,11
FAC20250905071026,Finance,English,Video,South America,3056,0,user_394677,0.000158,0.010902,0.010902,377,1197,10
FAC20250905071063,Health,Spanish,Image,North America,4879,0,user_66180,0.000111,0.007388,0.007388,244,766,7
FAC20250905071088,Health,English,Text,Asia,1222,0,user_389795,0.000188,0.020828,0.020827,489,1606,7
FAC20250905071098,Health,Japanese,Video,North America,34,0,user_261428,0.000071,0.004045,0.004044,133,407,7
FAC20250905071107,Technology,English,Text,North America,1130,0,user_184345,0.000194,0.022864,0.022864,506,1638,1
FAC20250905071134,Entertainment,Spanish,Video,Africa,1736,1,user_457336,0.0001,0.007465,0.007465,214,676,6
FAC20250905071146,Gaming,French,Video,North America,42,0,user_148848,0.000075,0.002013,0.002013,129,400,13
FAC20250905071148,Politics,English,Video,Asia,3438,0,user_110716,0.000156,0.010801,0.010801,373,1211,4
FAC20250905071157,Business,English,Text,Asia,3210,0,user_485311,0.000183,0.014766,0.014766,458,1501,11
FAC20250905071186,Travel,English,Image,Asia,150,0,user_456209,0.000176,0.015677,0.015677,441,1436,8
FAC20250905071196,Entertainment,English,Video,Asia,2754,1,user_156766,0.000169,0.021858,0.021858,434,1391,6
FAC20250905071199,Travel,English,Text,Unknown,3339,0,user_112104,0.000184,0.017354,0.017354,469,1532,8
FAC20250905071225,Technology,English,Text,Europe,84,0,user_373524,0.000173,0.020217,0.020217,447,1455,1
FAC20250905071245,Politics,English,Image,Asia,230,0,user_279388,0.000178,0.01256,0.01256,434,1399,4
FAC20250905071253,Finance,English,Link,Europe,836,0,user_151359,0.000143,0.009617,0.009617,335,1064,10
FAC20250905071259,Technology,English,Link,Asia,47963,1,user_401288,0.000134,0.016522,0.016522,335,1038,1
FAC20250905071260,Technology,Korean,Image,Unknown,3533,0,user_82700,0.000093,0.008084,0.008084,205,636,1
FAC20250905071306,Finance,English,Image,North America,5307,0,user_2547,0.000169,0.011266,0.011266,406,1316,10
FAC20250905071324,AI/ML,English,Video,Europe,7159,1,user_36763,0.000161,0.015304,0.015304,398,1272,12
FAC20250905071332,Business,English,Link,Asia,2037,0,user_216230,0.000146,0.011027,0.011026,349,1090,11
FAC20250905071395,Politics,Spanish,Text,North America,6295,0,user_458833,0.000108,0.005176,0.005176,229,717,4
FAC20250905071411,AI/ML,English,Text,North America,143,0,user_278334,0.00018,0.017497,0.017497,454,1471,12
FAC20250905071423,Entertainment,English,Text,Unknown,1656,0,user_128021,0.000189,0.025374,0.025374,500,1641,6
FAC20250906071465,AI/ML,Spanish,Poll,Europe,23108,1,user_248417,0.000061,0.00183,0.00183,96,294,12
FAC20250906071469,Science,Portuguese,Image,North America,164,0,user_340245,0.000099,0.00296,0.00296,196,606,14
FAC20250906071512,Science,Spanish,Link,Asia,1948,1,user_25340,0.00008,0.001718,0.001718,140,436,14
FAC20250906071521,Politics,English,Poll,North America,21,0,user_51163,0.000123,0.008425,0.008425,283,862,4
FAC20250906071524,Gaming,English,Text,North America,11567,0,user_451362,0.00016,0.011325,0.011325,390,1290,13
FAC20250906071553,Sports,Korean,Text,North America,464,0,user_199178,0.000098,0.003901,0.003901,200,618,5
FAC20250906071564,Travel,Spanish,Text,Asia,1334,0,user_415753,0.000119,0.007663,0.007663,267,835,8
FAC20250906071577,Entertainment,English,Image,Asia,375,0,user_306852,0.000184,0.023894,0.023894,481,1560,6
FAC20250906071605,Food,English,Video,North America,1073,0,user_228034,0.00016,0.010554,0.010554,380,1208,3
FAC20250906071644,Fashion,English,Video,North America,2173,1,user_168354,0.000159,0.011087,0.011087,381,1210,9
FAC20250906071703,AI/ML,Portuguese,Image,Oceania,97,0,user_329451,0.000103,0.006899,0.006899,223,686,12
FAC20250906071763,Fashion,Spanish,Text,Oceania,136,0,user_438067,0.000115,0.005691,0.005691,250,798,9
FAC20250906071766,Finance,Arabic,Link,Oceania,34,0,user_163833,0.00005,0.001245,0.001245,72,217,10
FAC20250906071809,Gaming,Japanese,Video,Unknown,129,0,user_219124,0.000075,0.002171,0.002171,131,401,13
FAC20250906071815,Politics,Chinese,Text,North America,47168,0,user_427887,0.000084,0.00438,0.00438,172,521,4
FAC20250906071864,Education,Portuguese,Text,Europe,4973,0,user_307542,0.000104,0.006675,0.006675,225,699,2
FAC20250906071909,Entertainment,Japanese,Video,North America,233,0,user_428320,0.000081,0.005994,0.005994,164,503,6
FAC20250906071914,Politics,Portuguese,Video,North America,131,0,user_130360,0.00009,0.003044,0.003044,172,537,4
FAC20250906071927,Finance,English,Link,Asia,122,0,user_221691,0.000135,0.00914,0.00914,316,998,10
FAC20250906071960,Food,French,Image,Oceania,84,0,user_111865,0.000103,0.004348,0.004348,214,665,3
FAC20250906071966,Education,English,Text,Africa,2503,1,user_283997,0.000188,0.018371,0.018371,480,1557,2
FAC20250906071970,Gaming,Hindi,Image,North America,33,0,user_459115,0.000087,0.003721,0.003721,174,527,13
FAC20250906071998,Politics,English,Image,Europe,210,0,user_267885,0.000176,0.012295,0.012295,428,1382,4
FAC20250906072009,AI/ML,English,Image,North America,3165,0,user_181279,0.000173,0.017109,0.017109,438,1444,12
FAC20250906072026,Travel,Portuguese,Text,North America,624,0,user_448251,0.000112,0.007307,0.007307,249,780,8
FAC20250906072122,Fashion,English,Image,Europe,342,0,user_412328,0.000174,0.013096,0.013096,431,1409,9
FAC20250906072126,Science,Portuguese,Image,Asia,159,0,user_288026,0.000099,0.002951,0.002951,195,603,14
FAC20250906072138,Food,English,Image,Europe,492,0,user_208051,0.000174,0.011668,0.011668,422,1369,3
FAC20250906072198,Finance,Spanish,Image,South America,1611,0,user_247287,0.000106,0.004259,0.004259,219,684,10
FAC20250906072255,Climate,French,Text,Unknown,2626,0,user_325894,0.000113,0.004786,0.004786,238,730,0
FAC20250907072300,Business,English,Video,Europe,3753,1,user_140475,0.000153,0.011698,0.011698,370,1183,11
FAC20250907072319,Business,Portuguese,Video,Asia,144,0,user_229405,0.000079,0.002963,0.002963,147,460,11
FAC20250907072326,Politics,Japanese,Image,Africa,494,0,user_70232,0.000095,0.003779,0.003779,190,588,4
FAC20250907072331,Science,Spanish,Image,Europe,367,0,user_312757,0.000112,0.0034,0.0034,226,701,14
FAC20250907072380,Food,German,Poll,Africa,855,0,user_280088,0.000051,0.001243,0.001243,73,225,3
FAC20250907072413,Politics,English,Image,North America,15529,0,user_324159,0.000161,0.010441,0.010441,386,1237,4
FAC20250907072436,Health,English,Text,Europe,1920,0,user_54441,0.00019,0.020967,0.020967,493,1605,7
FAC20250907072515,AI/ML,English,Text,Africa,9,0,user_458353,0.000151,0.014321,0.014321,371,1206,12
FAC20250907072524,Science,German,Text,North America,1031,0,user_5516,0.0001,0.003457,0.003457,202,625,14
FAC20250907072557,Climate,Japanese,Text,Africa,176,0,user_75571,0.000105,0.0045,0.0045,219,672,0
FAC20250907072560,Gaming,English,Text,Asia,3384,1,user_493988,0.000179,0.013946,0.013946,445,1453,13
FAC20250907072561,Business,English,Video,North America,552,1,user_55157,0.000165,0.012794,0.012794,404,1281,11
FAC20250907072612,Food,English,Text,Oceania,3460,0,user_322714,0.000181,0.013237,0.013237,447,1449,3
FAC20250907072629,Entertainment,English,Text,Asia,402,1,user_245904,0.000191,0.02653,0.026531,508,1669,6
FAC20250907072647,Finance,English,Link,Africa,1544,0,user_155114,0.000137,0.009254,0.009254,321,1016,10
FAC20250907072663,Sports,English,Link,Europe,336,0,user_289154,0.000141,0.007676,0.007676,320,1011,5
FAC20250907072672,Travel,English,Text,Asia,313,0,user_329571,0.00019,0.018165,0.018165,487,1598,8
FAC20250907072724,Finance,French,Video,North America,438,0,user_375183,0.000079,0.002823,0.002823,146,448,10
FAC20250907072729,Climate,Spanish,Image,Europe,80,0,user_393072,0.0001,0.003121,0.003121,195,606,0
FAC20250907072738,Sports,English,Image,North America,5221,0,user_439700,0.000167,0.009766,0.009766,396,1289,5
FAC20250907072745,Education,English,Link,Asia,3412,0,user_154999,0.000143,0.013475,0.013475,347,1099,2
FAC20250907072818,Finance,English,Text,South America,81,0,user_470867,0.000166,0.011726,0.011726,405,1327,10
FAC20250907072830,Education,English,Image,Europe,3716,0,user_36210,0.000172,0.016521,0.016521,435,1424,2
FAC20250907072850,Finance,Spanish,Image,Europe,270,0,user_324023,0.000103,0.004232,0.004232,211,665,10
FAC20250907072856,Gaming,English,Text,North America,93,0,user_21890,0.000165,0.011674,0.011674,402,1327,13
FAC20250907072883,Health,English,Video,Asia,550,0,user_489889,0.000168,0.017735,0.017734,424,1357,7
FAC20250907072906,Travel,English,Image,Europe,46,0,user_468225,0.000161,0.013972,0.013972,398,1293,8
FAC20250907072910,Entertainment,Hindi,Text,Asia,461,0,user_149159,0.000098,0.011205,0.011205,227,703,6
FAC20250907072914,Health,English,Poll,Unknown,16254,1,user_465280,0.000132,0.014644,0.014644,323,996,7
FAC20250907072930,Fashion,Portuguese,Image,Europe,4747,0,user_296412,0.000105,0.004846,0.004846,220,683,9
FAC20250907072939,Science,English,Image,North America,6620,1,user_188392,0.000162,0.008501,0.008501,377,1220,14
FAC20250908072947,Gaming,English,Text,North America,897,0,user_84892,0.000182,0.014374,0.014374,455,1499,13
FAC20250908072971,Gaming,English,Poll,South America,16078,1,user_413358,0.000125,0.008633,0.008633,288,883,13
FAC20250908072983,Travel,English,Text,North America,14390,1,user_217680,0.000166,0.014341,0.014341,413,1347,8
FAC20250908072984,Fashion,English,Image,Asia,2045,0,user_408921,0.000174,0.013298,0.013298,431,1410,9
FAC20250909073037,Sports,Portuguese,Image,South America,172,0,user_288062,0.000105,0.003621,0.003621,213,663,5
FAC20250909073049,Sports,English,Text,North America,224,0,user_78652,0.00018,0.011655,0.011655,436,1432,5
FAC20250909073059,Technology,English,Link,Asia,4335,0,user_258451,0.000144,0.017315,0.017315,362,1147,1
FAC20250909073074,Travel,English,Poll,Europe,302,0,user_32096,0.000136,0.012134,0.012134,327,1015,8
FAC20250909073082,Sports,English,Text,North America,1083,1,user_394097,0.000186,0.012609,0.012609,456,1470,5
FAC20250909073124,Gaming,English,Text,Unknown,1697,0,user_100274,0.00018,0.013758,0.013758,445,1471,13
FAC20250909073155,Travel,Spanish,Image,Europe,5092,1,user_146588,0.000103,0.005481,0.005481,216,669,8
FAC20250909073174,Science,English,Video,North America,39,0,user_401175,0.000146,0.007021,0.007021,331,1062,14
FAC20250909073197,Technology,English,Text,Asia,3802,0,user_202250,0.000189,0.022392,0.022392,493,1600,1
FAC20250909073210,Health,Japanese,Video,Asia,576,0,user_253015,0.000079,0.004786,0.004786,155,477,7
FAC20250909073212,Gaming,English,Video,North America,219,0,user_90163,0.000163,0.010959,0.010959,386,1219,13
FAC20250909073237,Health,English,Poll,Europe,2972,0,user_85775,0.000139,0.01511,0.01511,341,1055,7
FAC20250909073239,Fashion,Spanish,Text,North America,25,0,user_100758,0.000105,0.005047,0.005047,222,698,9
FAC20250909073245,Sports,English,Link,North America,1061,0,user_56340,0.000141,0.007811,0.007811,321,1001,5
FAC20250910073268,AI/ML,German,Poll,North America,119,0,user_350081,0.00005,0.001449,0.001449,69,211,12
FAC20250910073288,Entertainment,Japanese,Image,Europe,335,0,user_132621,0.000097,0.009042,0.009042,214,669,6
FAC20250910073327,Food,Portuguese,Image,Europe,21356,1,user_357075,0.000098,0.004074,0.004074,202,625,3
FAC20250910073335,Education,English,Text,South America,57,0,user_342704,0.000177,0.016327,0.016327,445,1436,2
FAC20250910073359,Food,English,Video,Asia,3057,1,user_180465,0.00016,0.010568,0.010568,381,1202,3
FAC20250910073372,Travel,Spanish,Image,North America,245,0,user_299825,0.000107,0.005821,0.005821,228,712,8
FAC20250910073432,Entertainment,French,Image,Europe,1557,0,user_453531,0.000099,0.009098,0.009098,221,690,6
FAC20250910073445,Business,English,Text,Asia,3335,0,user_39732,0.000186,0.015123,0.015123,466,1525,11
FAC20250910073447,AI/ML,Korean,Poll,Asia,1223,0,user_247579,0.00005,0.001714,0.001714,70,214,12
FAC20250910073449,Entertainment,German,Text,Asia,62,0,user_3583,0.0001,0.010969,0.010969,230,709,6
FAC20250910073458,Climate,English,Poll,Europe,205,0,user_137326,0.00013,0.00739,0.00739,295,913,0
FAC20250910073583,Food,Portuguese,Text,North America,263,0,user_345689,0.000115,0.005187,0.005187,247,771,3
FAC20250910073586,Entertainment,English,Image,Europe,801,0,user_201413,0.000192,0.024851,0.024851,504,1628,6
FAC20250910073604,Health,Spanish,Text,Europe,221,0,user_451020,0.000115,0.009283,0.009283,264,833,7
FAC20250910073667,Politics,French,Image,Asia,994,0,user_462398,0.000104,0.004187,0.004187,213,659,4
FAC20250910073707,Finance,English,Video,Europe,967,0,user_21366,0.00016,0.010783,0.010783,380,1217,10
FAC20250910073732,Gaming,English,Video,Asia,3578,1,user_402565,0.000159,0.010685,0.010685,375,1177,13
FAC20250910073749,Health,Korean,Image,Asia,209,0,user_495744,0.000095,0.006821,0.006821,205,637,7
FAC20250910073791,Science,Portuguese,Text,South America,208,0,user_29051,0.000107,0.003697,0.003697,219,681,14
FAC20250910073798,Health,English,Video,North America,64,0,user_269644,0.000152,0.016128,0.016128,378,1214,7
FAC20250910073812,Health,Portuguese,Poll,Asia,133,0,user_441057,0.000061,0.002338,0.002338,98,303,7
FAC20250910073888,Education,English,Text,North America,3113,0,user_189988,0.000184,0.017935,0.017935,469,1527,2
FAC20250910073905,Health,English,Link,North America,171,0,user_324906,0.000142,0.015517,0.015517,353,1122,7
FAC20250910073936,Technology,Portuguese,Video,Europe,382,0,user_146840,0.000091,0.006321,0.006321,190,589,1
FAC20250910073951,Finance,English,Text,Europe,9573,0,user_18911,0.000161,0.011256,0.011256,391,1288,10
FAC20250910073952,Climate,French,Video,Asia,101,0,user_207105,0.000084,0.00216,0.00216,152,471,0
FAC20250910073988,Business,English,Text,North America,796,0,user_138651,0.000187,0.01539,0.01539,472,1542,11
FAC20250911074028,Fashion,English,Image,Asia,1062,0,user_486903,0.000176,0.014007,0.014007,437,1429,9
FAC20250911074035,Science,English,Image,Asia,7,0,user_428454,0.000144,0.006818,0.006818,327,1055,14
FAC20250911074047,Climate,Arabic,Text,North America,484,0,user_410333,0.000106,0.00465,0.00465,222,693,0
FAC20250911074073,Fashion,Arabic,Image,Asia,89,0,user_7635,0.000092,0.004504,0.004504,191,588,9
FAC20250911074124,Technology,English,Image,North America,1628,0,user_228941,0.000192,0.022345,0.022345,501,1617,1
FAC20250911074130,Fashion,English,Link,North America,10,0,user_34018,0.000129,0.008895,0.008895,299,918,9
FAC20250911074151,Travel,English,Image,Europe,12458,0,user_75997,0.000162,0.013912,0.013912,400,1297,8
FAC20250911074165,Travel,English,Image,Europe,164,0,user_120013,0.000175,0.015592,0.015592,440,1427,8
FAC20250911074168,Climate,English,Image,North America,1467,0,user_195318,0.00018,0.01183,0.01183,432,1390,0
FAC20250912074192,Education,English,Text,Europe,5941,0,user_14156,0.000176,0.016504,0.016504,445,1444,2
FAC20250912074238,Entertainment,Japanese,Image,North America,42,0,user_471110,0.000091,0.008261,0.008261,198,610,6
FAC20250912074258,Travel,English,Video,Asia,152,0,user_362759,0.00016,0.013479,0.013479,390,1247,8
FAC20250912074281,Finance,English,Image,North America,186,0,user_257048,0.000179,0.012576,0.012576,436,1408,10
FAC20250912074324,Food,English,Image,Asia,317,0,user_329128,0.00018,0.012425,0.012425,440,1438,3
FAC20250912074364,Business,German,Link,North America,180,0,user_132709,0.000056,0.001734,0.001734,88,274,11
FAC20250912074365,Sports,Hindi,Video,North America,5946,0,user_101193,0.000081,0.002181,0.002181,146,455,5
FAC20250912074383,Sports,Spanish,Image,Europe,706,0,user_421589,0.000113,0.003864,0.003864,231,732,5
FAC20250912074404,Finance,Portuguese,Image,Asia,116,0,user_16775,0.000097,0.003852,0.003852,195,609,10
FAC20250912074443,Health,English,Text,Europe,4007,0,user_336817,0.000186,0.020151,0.020151,480,1572,7
FAC20250912074459,Fashion,Portuguese,Poll,Europe,426,0,user_464478,0.000065,0.001873,0.001873,109,335,9
FAC20250912074483,Health,English,Link,Asia,1129,0,user_74729,0.000143,0.015566,0.015565,356,1125,7
FAC20250912074527,Science,English,Video,Asia,1169,1,user_66350,0.000164,0.00873,0.00873,381,1218,14
FAC20250912074587,AI/ML,Hindi,Link,Europe,7,0,user_59372,0.000048,0.001356,0.001356,65,199,12
FAC20250912074588,Entertainment,English,Text,Europe,3889,0,user_95385,0.000184,0.024826,0.024827,484,1594,6
FAC20250912074590,Technology,Spanish,Text,Europe,1910,0,user_377980,0.000116,0.009276,0.009276,262,830,1
FAC20250912074615,Fashion,English,Video,Europe,165171,1,user_469897,0.000134,0.009056,0.009056,314,991,9
FAC20250912074620,Technology,Spanish,Text,Asia,49782,1,user_39634,0.000104,0.008281,0.008281,231,719,1
FAC20250912074694,Gaming,English,Text,Asia,4436,1,user_196536,0.000176,0.013408,0.013408,436,1426,13
FAC20250912074695,AI/ML,Japanese,Text,Europe,670,0,user_417741,0.000098,0.006772,0.006772,209,646,12
FAC20250912074699,Sports,English,Video,Oceania,3760,0,user_318120,0.000162,0.00906,0.00906,376,1200,5
FAC20250912074705,Fashion,Portuguese,Text,Asia,52974,1,user_221238,0.000102,0.004932,0.004932,215,660,9
FAC20250912074774,Travel,English,Image,North America,346,0,user_222388,0.000177,0.015831,0.015831,445,1452,8
FAC20250912074799,Entertainment,English,Image,Europe,2562,0,user_447422,0.00018,0.02332,0.023321,467,1522,6
FAC20250912074807,AI/ML,English,Image,North America,97,0,user_140229,0.000178,0.017274,0.017274,450,1467,12
FAC20250912074823,Business,English,Image,Europe,2030,0,user_72092,0.000179,0.014385,0.014385,448,1457,11
FAC20250912074842,Sports,English,Text,Europe,3956,1,user_221496,0.000181,0.011853,0.011853,438,1419,5
FAC20250912074853,Food,English,Image,Asia,5794,1,user_228938,0.000172,0.01122,0.01122,416,1349,3
FAC20250912074879,Education,Korean,Video,North America,149,0,user_350575,0.000082,0.004127,0.004127,159,483,2
FAC20250912074907,Entertainment,Portuguese,Image,Asia,2690,0,user_369555,0.000108,0.009813,0.009814,245,772,6
FAC20250912074910,Entertainment,Spanish,Text,Asia,48,0,user_197563,0.000113,0.011681,0.011681,264,827,6
FAC20250913074919,Fashion,English,Poll,Oceania,471,0,user_273411,0.000132,0.009322,0.009322,311,970,9
FAC20250913074942,Business,Portuguese,Video,Europe,3144,1,user_22278,0.00008,0.003059,0.003059,150,469,11
FAC20250913074949,Business,German,Video,North America,235,0,user_280052,0.000074,0.00275,0.00275,133,408,11
FAC20250913074958,Sports,Portuguese,Image,Europe,1590,1,user_380767,0.000107,0.003753,0.003753,218,676,5
FAC20250913074969,Climate,English,Text,North America,3819,1,user_28732,0.000184,0.012382,0.012382,447,1459,0
FAC20250913075009,Health,English,Link,North America,15626,1,user_452144,0.000133,0.014731,0.014731,327,1029,7
FAC20250913075048,Science,English,Link,Europe,32,0,user_200820,0.000133,0.006528,0.006528,297,926,14
FAC20250913075081,Finance,English,Text,North America,39,0,user_496332,0.000156,0.010564,0.010564,376,1236,10
FAC20250913075083,Entertainment,English,Link,Africa,964,0,user_407698,0.000145,0.020022,0.020023,368,1160,6
FAC20250913075088,Gaming,Chinese,Text,North America,846,0,user_348947,0.000094,0.005186,0.005186,200,618,13
FAC20250913075113,Sports,Spanish,Image,North America,26,0,user_56610,0.000101,0.003307,0.003307,201,622,5
FAC20250913075126,AI/ML,Portuguese,Video,Europe,182,0,user_443758,0.000081,0.004251,0.004251,157,487,12
FAC20250913075149,Business,Japanese,Image,North America,14,0,user_232454,0.000085,0.004219,0.004219,172,523,11
FAC20250913075184,Sports,English,Link,North America,2012,0,user_317670,0.000143,0.008007,0.008007,326,1026,5
FAC20250914075194,Finance,German,Text,North America,104,0,user_326539,0.000089,0.004751,0.004751,185,566,10
FAC20250914075208,Sports,English,Image,Asia,5337,0,user_26572,0.000168,0.009745,0.009745,397,1294,5
FAC20250914075225,Entertainment,Portuguese,Image,Asia,33536,0,user_230605,0.000094,0.008359,0.00836,207,646,6
FAC20250914075232,Politics,Portuguese,Image,South America,189,0,user_380702,0.000106,0.00394,0.00394,215,665,4
FAC20250914075240,Climate,Spanish,Text,Asia,1330,0,user_437871,0.000122,0.005198,0.005198,262,828,0
FAC20250914075267,Politics,Portuguese,Link,Oceania,6417,1,user_155067,0.000066,0.001425,0.001425,105,331,4
FAC20250914075268,AI/ML,English,Image,Unknown,222,0,user_338194,0.00018,0.017641,0.01764,457,1498,12
FAC20250914075273,Politics,Hindi,Text,North America,957,0,user_293268,0.000102,0.005068,0.005068,216,666,4
FAC20250914075287,Food,German,Video,North America,999,0,user_492746,0.000074,0.002278,0.002278,130,401,3
FAC20250914075295,Business,English,Image,Asia,8414,0,user_217817,0.00016,0.011986,0.011986,391,1280,11
FAC20250915075326,Climate,English,Text,Asia,135855,1,user_451181,0.000151,0.00827,0.00827,351,1149,0
FAC20250915075358,Health,English,Link,Europe,222,0,user_291685,0.000145,0.01573,0.015729,360,1144,7
FAC20250915075390,Travel,English,Image,North America,342,0,user_489854,0.000177,0.015758,0.015758,444,1450,8
FAC20250915075417,AI/ML,English,Link,North America,303,0,user_311367,0.000149,0.014136,0.014136,361,1134,12
FAC20250915075433,Gaming,English,Text,North America,251,0,user_201238,0.000182,0.014111,0.014111,452,1493,13
FAC20250915075454,Science,German,Image,Asia,621,0,user_413113,0.000097,0.002965,0.002965,190,587,14
FAC20250915075457,AI/ML,Arabic,Text,Asia,4,0,user_193973,0.00008,0.005555,0.005555,163,495,12
FAC20250915075465,Climate,German,Image,Europe,554,0,user_448589,0.000094,0.003362,0.003362,184,563,0
FAC20250915075509,Health,Hindi,Text,South America,215,0,user_468670,0.0001,0.008573,0.008573,225,691,7
FAC20250915075536,Business,English,Text,South America,678,0,user_358939,0.000187,0.015392,0.015391,470,1537,11
FAC20250915075542,Food,English,Text,Asia,1135,0,user_425538,0.000185,0.013799,0.013799,459,1500,3
FAC20250915075565,Finance,Arabic,Text,Europe,142,0,user_146591,0.000091,0.004801,0.004801,189,587,10
FAC20250915075570,Science,English,Video,Asia,161,0,user_470795,0.000156,0.007941,0.007941,359,1154,14
FAC20250915075642,Climate,English,Image,South America,12262,1,user_469711,0.00016,0.008997,0.008997,372,1192,0
FAC20250915075644,Business,Portuguese,Link,Asia,5451,0,user_61872,0.000063,0.001768,0.001768,103,317,11
FAC20250915075663,Travel,Portuguese,Image,Africa,10515,0,user_397674,0.000096,0.005288,0.005287,201,622,8
FAC20250915075664,Entertainment,English,Text,North America,567,1,user_65019,0.000192,0.026047,0.026047,508,1657,6
FAC20250915075668,Travel,English,Text,Asia,2366,1,user_163036,0.000181,0.017035,0.017035,460,1509,8
FAC20250915075691,Education,Spanish,Text,North America,870,0,user_374689,0.00012,0.007874,0.007874,269,839,2
FAC20250915075703,AI/ML,English,Image,North America,46,0,user_402412,0.000163,0.015718,0.015718,409,1347,12
FAC20250915075704,Sports,French,Text,North America,3,0,user_353591,0.000092,0.003613,0.003613,185,560,5
FAC20250915075748,Entertainment,Spanish,Video,North America,315,0,user_311361,0.000095,0.007252,0.007253,202,633,6
FAC20250915075806,Fashion,Portuguese,Image,Asia,1656,0,user_71158,0.000107,0.004964,0.004964,225,703,9
FAC20250915075809,Food,English,Image,Europe,1570,0,user_58268,0.000181,0.012794,0.012794,444,1447,3
FAC20250915075827,Climate,English,Text,North America,2438,0,user_294122,0.000182,0.012393,0.012393,444,1446,0
FAC20250915075864,Business,English,Text,Europe,92,0,user_206172,0.000172,0.013147,0.013147,427,1399,11
FAC20250915075866,Finance,Arabic,Poll,North America,14191,0,user_253504,0.000039,0.000563,0.000563,42,126,10
FAC20250915075884,Fashion,Spanish,Text,Europe,2239,0,user_368354,0.000118,0.005775,0.005775,256,809,9
FAC20250915075991,AI/ML,English,Text,Europe,6675,0,user_156966,0.000172,0.016583,0.016583,433,1411,12
FAC20250915076027,Education,French,Image,North America,487,0,user_487921,0.000104,0.006495,0.006494,224,694,2
FAC20250915076038,Sports,English,Image,Europe,8180,0,user_41548,0.000162,0.009203,0.009203,382,1240,5
FAC20250915076045,Health,Spanish,Poll,South America,1108,0,user_18080,0.00007,0.003191,0.003191,124,377,7
FAC20250915076052,Travel,Spanish,Text,Europe,37,0,user_157891,0.000106,0.006786,0.006786,231,716,8
FAC20250915076069,Technology,English,Text,Asia,125,0,user_21928,0.000177,0.020712,0.020712,458,1485,1
FAC20250915076073,AI/ML,English,Image,North America,16955,1,user_311689,0.000164,0.015725,0.015725,411,1347,12
FAC20250915076094,Fashion,English,Image,North America,926,1,user_424409,0.000177,0.013956,0.013956,440,1435,9
FAC20250915076113,Food,Spanish,Video,Europe,262,0,user_9276,0.000091,0.002841,0.002841,174,541,3
FAC20250915076144,Finance,Spanish,Text,Europe,422,0,user_161206,0.00011,0.005418,0.005418,236,742,10
FAC20250915076160,Business,Spanish,Link,North America,3077,0,user_406644,0.000072,0.002393,0.002393,127,386,11
FAC20250915076166,Fashion,English,Video,Asia,162,0,user_308316,0.000155,0.010693,0.010693,371,1183,9
FAC20250915076168,Health,English,Text,Europe,31690,1,user_216791,0.00016,0.016815,0.016815,404,1321,7
FAC20250915076177,Entertainment,English,Text,North America,2509,0,user_257756,0.000186,0.025052,0.025053,490,1619,6
FAC20250915076260,Business,English,Link,North America,197,0,user_153290,0.000144,0.010887,0.010887,344,1081,11
FAC20250915076328,Food,English,Video,Asia,69146,1,user_488813,0.000134,0.008303,0.008303,309,970,3
FAC20250915076338,Business,English,Text,North America,606,0,user_252770,0.00019,0.015918,0.015918,480,1570,11
FAC20250915076340,Sports,Spanish,Text,Asia,388,0,user_207370,0.000116,0.004521,0.004521,244,771,5
FAC20250915076342,AI/ML,English,Image,North America,6203,0,user_96371,0.000169,0.016244,0.016244,426,1409,12
FAC20250915076346,Politics,Spanish,Text,Europe,645,0,user_352208,0.000114,0.005497,0.005497,245,768,4
FAC20250915076350,Finance,English,Image,Asia,1167,0,user_67888,0.000181,0.013152,0.013152,441,1424,10
FAC20250915076351,Finance,Korean,Image,Asia,693,0,user_59642,0.000093,0.003944,0.003944,187,575,10
FAC20250915076358,Education,English,Text,Europe,300,0,user_111548,0.000192,0.019006,0.019006,492,1596,2
FAC20250915076360,Sports,English,Image,Asia,512,0,user_64687,0.000168,0.010021,0.010021,400,1301,5
FAC20250915076368,Health,Korean,Image,Africa,317,0,user_314569,0.000097,0.007146,0.007146,211,655,7
FAC20250915076374,Business,English,Video,Asia,12560,0,user_343248,0.000141,0.01053,0.01053,336,1075,11
FAC20250915076404,Gaming,English,Video,South America,27,0,user_94492,0.000144,0.009246,0.009246,335,1050,13
FAC20250915076481,Sports,Portuguese,Text,Asia,1620,1,user_150592,0.000109,0.004313,0.004313,228,717,5
FAC20250915076493,Finance,Portuguese,Text,Europe,14313,1,user_125236,0.000095,0.004733,0.004733,198,608,10
FAC20250915076502,Travel,German,Image,Europe,238,0,user_231537,0.000088,0.005045,0.005045,180,558,8
FAC20250915076510,Politics,English,Video,North America,530,0,user_474406,0.000165,0.011532,0.011532,398,1286,4
FAC20250915076515,Business,English,Image,Asia,22876,1,user_328807,0.000154,0.011355,0.011355,374,1223,11
FAC20250915076523,Science,English,Text,North America,2293,0,user_302398,0.000183,0.011335,0.011335,439,1428,14
FAC20250915076569,Food,English,Text,Asia,57,0,user_413215,0.000164,0.011028,0.011028,399,1307,3
FAC20250915076576,Sports,English,Text,Asia,258,0,user_437824,0.000181,0.012164,0.012164,441,1445,5
FAC20250915076606,Technology,English,Text,North America,4437,0,user_130462,0.000182,0.021702,0.021702,475,1548,1
FAC20250915076614,Fashion,English,Video,North America,241,0,user_381017,0.000159,0.011378,0.011378,382,1216,9
FAC20250915076615,Entertainment,English,Link,North America,249,0,user_13804,0.000144,0.019945,0.019945,366,1147,6
FAC20250915076645,Education,English,Image,Asia,92,0,user_82833,0.000176,0.016461,0.016461,443,1432,2
FAC20250916076707,Sports,English,Video,Unknown,137370,1,user_358872,0.000139,0.007113,0.007113,315,1001,5
FAC20250916076773,Travel,English,Text,Asia,516,0,user_39301,0.000191,0.018504,0.018504,489,1597,8
FAC20250916076774,Finance,Spanish,Image,North America,75,0,user_54872,0.000098,0.003768,0.003768,196,612,10
FAC20250916076782,Fashion,Spanish,Image,North America,1178,1,user_338339,0.00011,0.00512,0.00512,235,739,9
FAC20250916076794,Sports,English,Image,North America,5128,1,user_282825,0.000167,0.009854,0.009854,397,1289,5
FAC20250916076802,Health,Portuguese,Image,North America,927,0,user_378395,0.000107,0.007081,0.007081,231,726,7
FAC20250916076806,Science,English,Image,North America,15338,1,user_332737,0.000156,0.007954,0.007954,362,1165,14
FAC20250916076816,Education,Korean,Image,North America,594,0,user_344943,0.000096,0.006226,0.006226,204,635,2
FAC20250916076847,Health,English,Video,Europe,1107,0,user_322917,0.000164,0.017256,0.017256,412,1324,7
FAC20250916076880,Health,English,Image,Asia,67,0,user_262187,0.000172,0.017635,0.017635,435,1407,7
FAC20250917076927,AI/ML,English,Text,North America,87,0,user_440940,0.000173,0.016684,0.016684,435,1410,12
FAC20250917076935,Health,English,Text,Europe,384,0,user_489484,0.000192,0.021662,0.021662,499,1634,7
FAC20250917076937,Food,English,Text,North America,128,0,user_40804,0.000172,0.011743,0.011743,418,1375,3
FAC20250917076962,AI/ML,English,Image,Asia,28,0,user_148896,0.000161,0.01548,0.01548,402,1318,12
FAC20250917076969,Fashion,Portuguese,Text,North America,764,1,user_13949,0.000113,0.005653,0.005653,244,758,9
FAC20250917076996,AI/ML,English,Video,Europe,693,0,user_462927,0.00017,0.016348,0.016348,425,1360,12
FAC20250917077076,Entertainment,Spanish,Text,Europe,3086,0,user_451787,0.000124,0.012499,0.012499,292,917,6
FAC20250918077078,Climate,English,Link,Africa,11125,0,user_382447,0.000136,0.00755,0.00755,307,963,0
FAC20250919077097,Technology,English,Video,Asia,1455,0,user_401027,0.000172,0.019646,0.019646,440,1420,1
FAC20250919077099,Fashion,English,Video,Europe,25,0,user_328870,0.000142,0.009587,0.009587,333,1051,9
FAC20250919077102,Business,French,Image,North America,226,0,user_309602,0.000097,0.004854,0.004854,203,632,11
FAC20250919077110,Climate,English,Text,North America,81132,0,user_252249,0.000151,0.00839,0.00839,354,1159,0
FAC20250919077148,Science,Portuguese,Text,North America,131,0,user_487738,0.000103,0.003628,0.003628,209,649,14
FAC20250919077159,Entertainment,French,Text,North America,191,0,user_101610,0.000104,0.01121,0.01121,239,736,6
FAC20250919077175,Climate,English,Text,Asia,1181,0,user_250397,0.000184,0.012591,0.012591,449,1480,0
FAC20250919077176,Food,English,Image,North America,147,0,user_356617,0.000176,0.012077,0.012077,431,1409,3
FAC20250919077182,Entertainment,English,Image,North America,251,0,user_208422,0.000186,0.024203,0.024203,486,1565,6
FAC20250919077220,Health,English,Text,North America,283,0,user_175371,0.000193,0.021151,0.021151,502,1640,7
FAC20250919077224,Climate,Spanish,Text,North America,1185,0,user_107726,0.000122,0.00515,0.00515,260,825,0
FAC20250919077252,Health,English,Image,Unknown,19,0,user_4271,0.000161,0.016555,0.016555,405,1302,7
FAC20250919077257,Science,English,Image,North America,476,0,user_433362,0.000172,0.009593,0.009593,405,1312,14
FAC20250919077262,Health,English,Image,Asia,96987,1,user_492070,0.000159,0.016384,0.016384,399,1279,7
FAC20250919077277,Food,English,Text,Europe,35,0,user_137291,0.00016,0.01018,0.01018,384,1252,3
FAC20250919077280,Travel,English,Text,Europe,391,0,user_249945,0.000189,0.018674,0.018674,486,1595,8
FAC20250919077292,Food,English,Image,Oceania,7792,0,user_391481,0.000163,0.010528,0.010528,394,1280,3
FAC20250919077311,Politics,English,Video,Asia,4,0,user_463823,0.000134,0.008686,0.008686,313,1006,4
FAC20250919077328,Climate,English,Image,Asia,1364,0,user_468223,0.000177,0.011545,0.011545,424,1363,0
FAC20250919077384,Climate,Japanese,Image,North America,7079,1,user_288654,0.000085,0.002805,0.002805,162,505,0
FAC20250919077393,Food,Arabic,Poll,Europe,1848,0,user_31308,0.000049,0.001132,0.001132,68,209,3
FAC20250919077428,Travel,English,Video,North America,1721,1,user_346699,0.000164,0.014003,0.014003,403,1288,8
FAC20250919077469,Business,French,Image,Africa,115,0,user_491824,0.000094,0.004793,0.004793,197,614,11
FAC20250919077487,Technology,French,Video,North America,715,0,user_53035,0.000089,0.006238,0.006238,186,584,1
FAC20250919077497,Fashion,Japanese,Link,Unknown,108863,1,user_61294,0.000047,0.00086,0.00086,62,188,9
FAC20250919077520,Business,English,Image,North America,5170,1,user_214063,0.000169,0.012939,0.012939,417,1357,11
FAC20250919077543,Climate,Arabic,Text,Asia,102,0,user_97461,0.0001,0.004445,0.004445,208,642,0
FAC20250919077549,Technology,English,Video,North America,2287,0,user_169260,0.000171,0.019299,0.019299,435,1399,1
FAC20250919077567,Science,Portuguese,Image,Asia,6650,0,user_307445,0.000095,0.002731,0.002731,184,572,14
FAC20250919077583,Politics,English,Text,North America,662,0,user_363160,0.000182,0.014034,0.014034,452,1479,4
FAC20250919077590,Science,Portuguese,Text,Asia,9890,0,user_252405,0.000104,0.00354,0.00354,210,649,14
FAC20250919077593,Education,Japanese,Text,North America,57853,1,user_69771,0.000086,0.005863,0.005863,181,553,2
FAC20250919077614,Fashion,Portuguese,Link,Asia,468,0,user_166533,0.000073,0.002099,0.002099,126,393,9
FAC20250919077627,Finance,English,Video,Asia,17179,0,user_53168,0.000138,0.009018,0.009018,322,1027,10
FAC20250919077638,Politics,English,Video,Africa,194,0,user_245273,0.000156,0.010568,0.010568,373,1203,4
FAC20250919077671,AI/ML,English,Image,North America,536,0,user_200972,0.000176,0.017031,0.017031,445,1464,12
FAC20250919077689,Technology,English,Video,Asia,50,0,user_333266,0.000154,0.017841,0.017841,387,1249,1
FAC20250919077716,Technology,English,Text,Asia,1303,0,user_459922,0.000191,0.022479,0.022479,498,1616,1
FAC20250919077718,Education,English,Image,North America,5890,0,user_40160,0.000173,0.016053,0.016053,435,1411,2
FAC20250919077724,Science,English,Video,Asia,62,0,user_118225,0.000152,0.007623,0.007623,347,1113,14
FAC20250919077731,Health,English,Text,North America,9136,0,user_328692,0.000172,0.018349,0.018349,440,1450,7
FAC20250919077738,Finance,English,Video,South America,291,0,user_244828,0.000161,0.011115,0.011115,385,1232,10
FAC20250919077772,Finance,English,Text,North America,1222,0,user_488374,0.000181,0.013781,0.013781,447,1461,10
FAC20250919077785,Entertainment,English,Text,North America,267,0,user_415780,0.000189,0.025791,0.025791,502,1644,6
FAC20250919077818,Technology,Portuguese,Image,Asia,127,0,user_47659,0.000103,0.00807,0.00807,228,709,1
FAC20250919077822,AI/ML,English,Video,Europe,552,1,user_463178,0.000172,0.016396,0.016396,429,1371,12
FAC20250919077839,Science,Spanish,Text,South America,712,0,user_196879,0.000122,0.004157,0.004157,255,796,14
FAC20250919077949,Technology,English,Video,North America,1749,0,user_241993,0.000172,0.019392,0.019392,438,1408,1
FAC20250919077957,Education,Arabic,Text,Oceania,293,0,user_477736,0.000094,0.006495,0.006495,203,637,2
FAC20250919077983,Food,English,Image,Europe,9584,1,user_341145,0.000162,0.010389,0.010389,391,1277,3
FAC20250919077997,Food,Spanish,Video,North America,38,0,user_99286,0.000082,0.002295,0.002295,151,463,3
FAC20250919078008,Sports,Korean,Image,North America,1061,0,user_158793,0.000091,0.003158,0.003158,178,545,5
FAC20250919078014,Politics,English,Image,Europe,1401,0,user_201017,0.000181,0.013113,0.013113,444,1436,4
FAC20250919078046,Technology,Spanish,Link,Africa,1344,1,user_351346,0.000078,0.004428,0.004428,151,475,1
FAC20250919078048,Politics,English,Video,North America,288,0,user_480805,0.00016,0.011136,0.011136,385,1249,4
FAC20250919078057,Food,English,Poll,North America,1502,0,user_275307,0.000132,0.008446,0.008446,304,947,3
FAC20250920078082,AI/ML,English,Image,North America,518,0,user_483233,0.000175,0.016912,0.016912,442,1459,12
FAC20250920078107,Travel,English,Image,Europe,27,0,user_227076,0.000155,0.01347,0.01347,381,1240,8
FAC20250920078170,Entertainment,English,Link,Africa,218,0,user_377892,0.000144,0.020036,0.020037,366,1144,6
FAC20250920078173,Health,English,Link,North America,1480,0,user_10225,0.000142,0.015386,0.015385,351,1107,7
FAC20250920078207,AI/ML,Japanese,Text,Asia,8,0,user_452976,0.000087,0.0058,0.0058,179,546,12
FAC20250920078213,Technology,Chinese,Image,Europe,232,0,user_342038,0.000095,0.007975,0.007975,208,640,1
FAC20250920078254,Technology,English,Image,North America,527,0,user_469887,0.000181,0.020745,0.020745,466,1526,1
FAC20250921078287,Sports,English,Text,Asia,4,0,user_107167,0.000144,0.007632,0.007632,334,1089,5
FAC20250921078297,Technology,English,Video,Asia,4061,0,user_204345,0.00016,0.018601,0.018601,407,1324,1
FAC20250921078305,Education,English,Text,Europe,2777,0,user_319258,0.000186,0.017984,0.017984,473,1537,2
FAC20250921078309,Technology,Japanese,Text,North America,210,0,user_226228,0.000097,0.00819,0.00819,213,656,1
FAC20250921078317,Politics,English,Text,North America,1382,0,user_276970,0.000181,0.013802,0.013802,449,1475,4
FAC20250921078327,Health,English,Image,Asia,5,0,user_489398,0.000158,0.016186,0.016186,394,1262,7
FAC20250921078373,Business,Hindi,Image,North America,13,0,user_8655,0.000083,0.004173,0.004172,167,506,11
FAC20250921078402,Health,Spanish,Text,Asia,63,0,user_410555,0.000108,0.008535,0.008535,243,761,7
FAC20250921078415,Gaming,English,Image,Europe,0,0,user_141159,0.000144,0.009181,0.009181,339,1099,13
FAC20250921078434,Gaming,English,Text,Europe,8485,0,user_62840,0.000164,0.011716,0.011716,401,1328,13
FAC20250921078440,Fashion,English,Image,Africa,565,1,user_179784,0.000168,0.012233,0.012233,411,1356,9
FAC20250922078471,Politics,English,Image,Europe,46,0,user_278332,0.000165,0.010661,0.010661,394,1267,4
FAC20250922078489,Education,French,Text,Europe,2680,1,user_351307,0.000106,0.006957,0.006957,230,714,2
FAC20250922078515,Entertainment,Japanese,Image,North America,31935,1,user_383596,0.00009,0.00792,0.00792,194,597,6
FAC20250922078553,Technology,Spanish,Image,North America,236,0,user_58776,0.00012,0.009161,0.009161,272,851,1
FAC20250922078583,Travel,Hindi,Video,Asia,32041,0,user_848,0.000069,0.002821,0.002821,123,373,8
FAC20250922078665,Travel,Korean,Text,Europe,1024,1,user_179659,0.000103,0.006795,0.006795,224,688,8
FAC20250922078703,Health,English,Video,Europe,214,0,user_14452,0.000159,0.016791,0.016791,399,1289,7
FAC20250922078787,Food,English,Video,Asia,24,0,user_133992,0.000137,0.00856,0.00856,319,1004,3
FAC20250922078806,Fashion,English,Text,North America,12716,0,user_183147,0.000162,0.011416,0.011416,394,1288,9
FAC20250922078808,Food,English,Text,North America,26698,1,user_96553,0.000158,0.009984,0.009984,379,1240,3
FAC20250922078828,Science,English,Video,Asia,757,0,user_335031,0.000167,0.008991,0.008991,389,1250,14
FAC20250922078866,Travel,English,Link,North America,575,0,user_97864,0.000146,0.012701,0.012701,353,1117,8
FAC20250922078883,Science,English,Text,Asia,2467,1,user_14622,0.000181,0.011168,0.011168,435,1415,14
FAC20250922078901,Finance,Japanese,Text,North America,439,0,user_224430,0.000098,0.004926,0.004926,206,645,10
FAC20250922078910,Health,Spanish,Image,Asia,168,0,user_220981,0.000113,0.007606,0.007606,251,791,7
FAC20250922078932,Politics,English,Video,North America,5151,0,user_361868,0.000153,0.010372,0.010372,365,1181,4
FAC20250922078955,Entertainment,French,Poll,Europe,3399,1,user_28642,0.000053,0.003063,0.003063,86,262,6
FAC20250922078959,Entertainment,English,Text,Asia,213,0,user_280050,0.000186,0.025047,0.025048,490,1607,6
FAC20250922078992,Finance,English,Text,Asia,1569,0,user_30170,0.00018,0.01357,0.01357,444,1453,10
FAC20250922079075,Health,Japanese,Text,Europe,257,0,user_246181,0.000108,0.008764,0.008764,242,747,7
FAC20250922079083,Politics,English,Text,Europe,144,0,user_28364,0.000174,0.012847,0.012847,429,1399,4
FAC20250922079088,Business,Japanese,Image,North America,2467,1,user_137328,0.000096,0.005009,0.005009,201,618,11
FAC20250922079118,Finance,English,Video,Europe,3247,1,user_406660,0.000156,0.010795,0.010795,373,1187,10
FAC20250922079137,Technology,English,Image,Asia,223,0,user_463678,0.000186,0.021434,0.021434,481,1558,1
FAC20250922079170,Entertainment,English,Image,Asia,158,0,user_433692,0.000187,0.023994,0.023995,488,1562,6
FAC20250922079176,Health,Spanish,Link,Europe,36,0,user_63201,0.000068,0.003186,0.003186,123,376,7
FAC20250922079224,AI/ML,Portuguese,Image,North America,150,0,user_275541,0.000108,0.007255,0.007255,235,727,12
FAC20250922079238,AI/ML,Portuguese,Text,Asia,20,0,user_63024,0.000092,0.005977,0.005977,191,582,12
FAC20250922079239,Technology,English,Text,Africa,13196,0,user_417896,0.000164,0.019302,0.019302,421,1368,1
FAC20250922079240,Entertainment,English,Image,Asia,123,0,user_344405,0.000185,0.023839,0.02384,483,1552,6
FAC20250922079254,Fashion,English,Video,Africa,289,0,user_466002,0.00016,0.011566,0.011566,386,1229,9
FAC20250922079272,Entertainment,English,Video,Europe,60,0,user_6981,0.000157,0.020655,0.020656,399,1274,6
FAC20250922079273,Business,English,Image,North America,73,0,user_386705,0.000162,0.012349,0.012349,398,1298,11
FAC20250922079315,Finance,English,Link,North America,235,0,user_176158,0.000141,0.009548,0.009548,331,1048,10
FAC20250922079336,Finance,English,Video,South America,1265,1,user_196575,0.000161,0.011059,0.011059,385,1234,10
FAC20250922079342,Climate,English,Video,Asia,20,0,user_350581,0.000146,0.007844,0.007844,332,1049,0
FAC20250922079357,Food,English,Link,Europe,90167,0,user_391563,0.000129,0.008073,0.008073,295,911,3
FAC20250922079361,Entertainment,Chinese,Image,Asia,14784,0,user_254105,0.000091,0.0082,0.0082,198,601,6
FAC20250922079379,Entertainment,English,Video,Asia,3133,1,user_92565,0.00017,0.021943,0.021943,435,1394,6
FAC20250922079380,Food,Arabic,Link,Africa,2447,0,user_34483,0.000058,0.001451,0.001451,89,271,3
FAC20250922079392,Technology,Spanish,Image,North America,5533,1,user_443822,0.000115,0.008771,0.008771,258,809,1
FAC20250922079394,Entertainment,Portuguese,Text,Asia,832,0,user_17882,0.000117,0.01249,0.012491,275,864,6
FAC20250922079398,AI/ML,Korean,Video,North America,23,0,user_110603,0.000067,0.00321,0.00321,119,361,12
FAC20250922079421,Climate,Korean,Text,Asia,12,0,user_385022,0.000095,0.004167,0.004167,195,594,0
FAC20250922079425,Technology,English,Text,Oceania,279,0,user_207636,0.000189,0.022721,0.022721,495,1603,1
FAC20250922079449,Fashion,English,Video,Europe,543,0,user_189125,0.000166,0.011982,0.011982,401,1278,9
FAC20250922079463,Business,Korean,Video,Africa,214,1,user_5071,0.000071,0.002788,0.002788,128,392,11
FAC20250922079505,Climate,English,Link,Asia,403,0,user_423208,0.000137,0.007917,0.007917,314,995,0
FAC20250922079531,Sports,Japanese,Text,Asia,3282,1,user_149748,0.000099,0.003883,0.003883,202,626,5
FAC20250922079542,Travel,English,Poll,Europe,683,0,user_284312,0.000137,0.012202,0.012202,331,1026,8
FAC20250922079552,Entertainment,English,Video,Asia,46689,1,user_311004,0.000146,0.019698,0.019699,370,1169,6
FAC20250922079598,Technology,French,Image,Asia,94,0,user_305054,0.000101,0.008119,0.008119,223,690,1
FAC20250922079605,Health,English,Link,Europe,1147,0,user_270276,0.000144,0.015588,0.015588,357,1127,7
FAC20250922079617,Travel,English,Video,Africa,307,0,user_96092,0.000168,0.014426,0.014426,413,1321,8
FAC20250922079628,Technology,English,Text,Europe,2644,1,user_18006,0.000185,0.021973,0.021973,482,1568,1
FAC20250922079636,AI/ML,English,Video,North America,8996,0,user_186596,0.000159,0.015088,0.015088,393,1258,12
FAC20250922079650,Finance,English,Image,Asia,1849,0,user_332667,0.000181,0.01291,0.012909,443,1423,10
FAC20250922079670,Education,English,Video,Europe,609,0,user_26616,0.00018,0.016434,0.016434,449,1436,2
FAC20250922079782,Education,German,Image,Africa,747,0,user_315703,0.000098,0.006416,0.006416,211,662,2
FAC20250922079783,Health,Spanish,Image,North America,31,0,user_236120,0.000103,0.006739,0.006739,223,696,7
FAC20250922079790,Health,Chinese,Image,Europe,56,0,user_126927,0.000091,0.006302,0.006302,192,589,7
FAC20250922079791,Education,English,Text,Africa,375,0,user_263245,0.000193,0.019929,0.019929,499,1615,2
FAC20250922079867,Food,French,Text,North America,26,0,user_125229,0.000095,0.004333,0.004333,195,596,3
FAC20250922079911,Climate,English,Video,North America,293,0,user_162547,0.000166,0.009777,0.009777,387,1226,0
FAC20250922079925,Science,English,Video,North America,401,0,user_302225,0.000158,0.008229,0.008229,364,1172,14
FAC20250922079930,Entertainment,Spanish,Video,North America,76,0,user_256462,0.000093,0.006582,0.006582,194,609,6
FAC20250922079944,Finance,Japanese,Image,Unknown,970,0,user_486869,0.000096,0.00381,0.00381,191,595,10
FAC20250922079949,Health,English,Image,Asia,7938,1,user_371667,0.000174,0.017752,0.017752,442,1427,7
FAC20250922079963,Business,Spanish,Text,Africa,1312,0,user_385750,0.000112,0.006034,0.006034,244,766,11
FAC20250922079968,AI/ML,Hindi,Link,North America,910,0,user_124370,0.000063,0.00284,0.00284,105,319,12
FAC20250922079976,Education,Spanish,Image,Oceania,194,0,user_240308,0.00011,0.006844,0.006843,242,762,2
FAC20250922080020,Gaming,Portuguese,Poll,Asia,164,0,user_122643,0.000056,0.001335,0.001335,82,253,13
FAC20250922080032,Travel,Spanish,Link,Asia,6501,0,user_53045,0.00007,0.002584,0.002584,124,381,8
FAC20250922080036,Food,Japanese,Video,North America,161,0,user_404027,0.000071,0.002283,0.002283,126,385,3
FAC20250922080055,AI/ML,English,Image,South America,176,0,user_66077,0.000179,0.017403,0.017403,453,1486,12
FAC20250922080057,Climate,English,Text,Europe,697,0,user_184623,0.000188,0.012681,0.012681,458,1492,0
FAC20250922080060,Entertainment,English,Video,Asia,510,0,user_246712,0.000172,0.022227,0.022227,441,1406,6
FAC20250922080063,Fashion,Arabic,Link,Asia,288,0,user_285530,0.000061,0.00176,0.00176,97,294,9
FAC20250922080108,Food,Japanese,Link,South America,80,0,user_444376,0.000056,0.001332,0.001332,85,264,3
FAC20250922080117,Entertainment,German,Image,Africa,9951,0,user_89233,0.000097,0.008573,0.008573,212,649,6
FAC20250922080142,Food,French,Image,Europe,1002,0,user_68713,0.000107,0.004539,0.004539,224,701,3
FAC20250922080175,Business,English,Image,Asia,986,0,user_433497,0.000181,0.015095,0.015095,453,1469,11
FAC20250922080204,Health,Spanish,Text,Asia,106,0,user_311684,0.00011,0.008564,0.008564,248,772,7
FAC20250922080259,Climate,English,Video,Asia,212,0,user_364622,0.000163,0.009455,0.009455,379,1199,0
FAC20250922080276,Science,English,Image,North America,17491,1,user_339840,0.000155,0.007808,0.007808,358,1153,14
FAC20250922080288,Politics,English,Text,Africa,478,0,user_455644,0.00019,0.01545,0.01545,475,1546,4
FAC20250922080291,Finance,English,Image,Asia,333,0,user_290150,0.000179,0.01253,0.01253,437,1405,10
FAC20250922080298,Technology,Japanese,Image,Oceania,708,1,user_136710,0.0001,0.008539,0.008539,223,690,1
FAC20250922080309,AI/ML,Spanish,Video,Oceania,176,0,user_119633,0.000093,0.004715,0.004715,186,580,12
FAC20250922080350,Health,English,Image,Asia,97,0,user_422005,0.000181,0.018869,0.018868,464,1483,7
FAC20250922080384,Technology,Spanish,Text,North America,140,0,user_465621,0.000111,0.008828,0.008828,249,781,1
FAC20250922080396,Climate,English,Image,North America,93,0,user_343554,0.000167,0.010268,0.010268,397,1270,0
FAC20250922080411,Travel,English,Text,Asia,2360,0,user_198407,0.000181,0.017035,0.017035,460,1509,8
FAC20250922080439,Sports,English,Text,North America,1226,1,user_74464,0.000185,0.012465,0.012465,451,1458,5
FAC20250922080471,Business,Japanese,Video,South America,7966,1,user_97112,0.000066,0.002391,0.002391,114,351,11
FAC20250922080504,Climate,Chinese,Image,Europe,380,0,user_289791,0.000083,0.002845,0.002845,157,481,0
FAC20250922080525,Travel,Arabic,Image,Europe,54,0,user_430023,0.000086,0.004831,0.004831,175,533,8
FAC20250922080541,Travel,English,Text,North America,267,0,user_345138,0.000191,0.017667,0.017667,486,1587,8
FAC20250922080615,Health,German,Text,Europe,2673,0,user_286839,0.000101,0.008358,0.008358,225,692,7
FAC20250922080685,Travel,English,Text,Oceania,6875,0,user_303606,0.000174,0.015263,0.015263,436,1426,8
FAC20250922080688,Travel,French,Text,Asia,2603,0,user_337561,0.000102,0.006887,0.006887,224,697,8
FAC20250922080693,Gaming,Spanish,Text,North America,506,0,user_448965,0.000115,0.005806,0.005806,250,788,13
FAC20250922080702,Travel,German,Link,Unknown,56,0,user_494002,0.000057,0.001805,0.001805,89,270,8
FAC20250922080707,Health,Korean,Text,North America,1099,0,user_281486,0.000101,0.008551,0.008551,227,695,7
FAC20250922080718,Health,English,Link,North America,250,0,user_170962,0.000149,0.015916,0.015916,370,1170,7
FAC20250922080745,Travel,English,Video,Europe,591,0,user_160593,0.000172,0.014963,0.014963,426,1358,8
FAC20250922080758,Politics,Hindi,Text,Asia,1483,0,user_452184,0.000098,0.005004,0.005004,206,641,4
FAC20250922080764,Health,Spanish,Text,North America,3034,1,user_304445,0.000113,0.00896,0.00896,257,813,7
FAC20250922080778,Health,English,Text,Asia,2662,0,user_165880,0.000184,0.020373,0.020373,477,1566,7
FAC20250922080789,Politics,Spanish,Text,Asia,983,0,user_410395,0.000115,0.005583,0.005583,248,781,4
FAC20250922080832,Science,French,Link,Asia,236,0,user_48950,0.000065,0.001189,0.001189,104,316,14
FAC20250922080850,Climate,Portuguese,Text,Asia,61,0,user_128273,0.000108,0.004503,0.004503,225,697,0
FAC20250922080856,Fashion,French,Video,North America,151,0,user_39764,0.000076,0.002758,0.002758,141,430,9
FAC20250922080870,Politics,English,Link,Europe,4194,1,user_195855,0.000141,0.009372,0.009372,329,1019,4
FAC20250922080904,Food,Portuguese,Text,Europe,1253,0,user_250815,0.00011,0.005046,0.005046,234,732,3
FAC20250922080905,Fashion,English,Link,Europe,1036,0,user_493416,0.000147,0.010105,0.010105,346,1075,9
FAC20250922080914,Food,English,Image,South America,326,0,user_340300,0.000179,0.012349,0.012349,439,1432,3
FAC20250922080936,Technology,Spanish,Video,Asia,336,1,user_71437,0.0001,0.006883,0.006883,215,671,1
FAC20250922080945,Gaming,Japanese,Image,Asia,1551,0,user_12553,0.000101,0.00443,0.00443,209,649,13
FAC20250922080946,Travel,English,Image,Asia,89,0,user_284151,0.000173,0.01517,0.01517,431,1388,8
FAC20250922080956,Finance,English,Text,Europe,720,0,user_352236,0.000177,0.013404,0.013404,437,1444,10
FAC20250922080964,Climate,English,Text,North America,17161,1,user_479238,0.000164,0.009613,0.009613,388,1268,0
FAC20250922080978,Travel,English,Video,Africa,22,0,user_394008,0.000149,0.012563,0.012563,360,1140,8
FAC20250922080980,Science,English,Text,Asia,291,0,user_299275,0.000184,0.011783,0.011783,446,1437,14
FAC20250922080984,Health,Arabic,Text,North America,192,0,user_315687,0.0001,0.008554,0.008554,225,695,7
FAC20250922080989,Climate,Portuguese,Video,North America,1060,0,user_82551,0.000093,0.002761,0.002761,176,545,0
FAC20250922080999,AI/ML,Spanish,Video,Asia,12,0,user_480158,0.000081,0.003914,0.003914,155,479,12
FAC20250922081006,Entertainment,Spanish,Image,North America,338,0,user_376769,0.000117,0.010231,0.010231,266,836,6
FAC20250922081021,Climate,English,Text,South America,526,0,user_290922,0.000189,0.01332,0.01332,462,1513,0
FAC20250922081036,Finance,English,Link,Unknown,47,0,user_116769,0.000128,0.008785,0.008785,299,932,10
FAC20250922081046,Technology,English,Video,Unknown,1073,1,user_329757,0.000169,0.019419,0.019419,431,1399,1
FAC20250922081075,Technology,English,Image,North America,61,0,user_174259,0.000172,0.019713,0.019713,441,1435,1
FAC20250922081084,Entertainment,English,Text,Europe,4534,1,user_126194,0.000182,0.024576,0.024576,480,1582,6
FAC20250922081101,Fashion,English,Text,Europe,31952,1,user_132862,0.000154,0.01054,0.01054,373,1225,9
FAC20250922081113,Food,Arabic,Video,South America,165,0,user_333199,0.000069,0.002241,0.002241,120,367,3
FAC20250922081141,Entertainment,Arabic,Image,Asia,433,0,user_309832,0.000098,0.009406,0.009407,217,668,6
FAC20250922081197,Education,English,Video,Europe,723,0,user_87113,0.000174,0.015975,0.015975,433,1395,2
FAC20250922081207,Entertainment,Arabic,Image,Asia,5133,1,user_97503,0.000099,0.008932,0.008932,218,664,6
FAC20250922081234,AI/ML,English,Video,Asia,182,0,user_253485,0.00016,0.015257,0.015257,395,1268,12
FAC20250922081236,Technology,Chinese,Image,Africa,545,0,user_401470,0.000098,0.008553,0.008553,218,675,1
FAC20250922081257,Business,Chinese,Text,Europe,1182,0,user_225767,0.000093,0.005451,0.005451,199,615,11
FAC20250922081285,Politics,English,Image,North America,2236,0,user_286924,0.000176,0.012332,0.012332,428,1383,4
FAC20250922081313,AI/ML,English,Text,North America,179,0,user_358344,0.000183,0.01817,0.018169,467,1513,12
FAC20250922081317,Politics,Portuguese,Image,Asia,1289,0,user_160069,0.000111,0.004289,0.004289,227,704,4
FAC20250922081330,Food,French,Link,Asia,224,0,user_118750,0.00007,0.001795,0.001795,118,363,3
FAC20250922081337,Travel,Spanish,Text,North America,304,0,user_308792,0.000114,0.007291,0.007291,253,798,8
FAC20250922081342,Politics,French,Link,North America,431,0,user_443345,0.000061,0.001483,0.001483,96,297,4
FAC20250922081377,Fashion,English,Video,Asia,113,0,user_150488,0.000149,0.010235,0.010235,355,1130,9
FAC20250922081382,Entertainment,English,Text,North America,307,1,user_405448,0.000191,0.026257,0.026257,508,1665,6
FAC20250922081384,Entertainment,Arabic,Text,North America,69,0,user_481594,0.0001,0.011085,0.011085,230,706,6
FAC20250922081398,Sports,Spanish,Image,North America,841,0,user_253550,0.00011,0.003733,0.003733,224,706,5
FAC20250922081412,Travel,English,Poll,Asia,100,0,user_200842,0.00013,0.011759,0.011759,311,957,8
FAC20250922081432,Entertainment,Chinese,Video,North America,8374,0,user_349042,0.000076,0.005561,0.005561,150,461,6
FAC20250922081451,Finance,Portuguese,Image,Europe,330,0,user_206299,0.000097,0.00392,0.00392,196,611,10
FAC20250922081454,Sports,English,Image,North America,337,0,user_47867,0.000175,0.010785,0.010785,419,1365,5
FAC20250922081461,Health,Korean,Image,Europe,6367,1,user_390556,0.000089,0.006206,0.006206,189,580,7
FAC20250922081484,Business,English,Image,Africa,539,0,user_106864,0.000169,0.013111,0.013111,417,1365,11
FAC20250922081510,Technology,English,Image,North America,131,0,user_409926,0.000186,0.021476,0.021476,483,1560,1
FAC20250922081516,Politics,Spanish,Text,Asia,5221,0,user_481970,0.000108,0.005212,0.005212,231,725,4
FAC20250922081555,Education,German,Video,Asia,1104,0,user_139597,0.000085,0.004609,0.004609,169,526,2
FAC20250922081558,Food,Hindi,Image,Africa,15,0,user_2178,0.000089,0.003819,0.003819,181,550,3
FAC20250922081587,Gaming,English,Image,Europe,1432,0,user_62670,0.000177,0.013127,0.013127,435,1421,13
FAC20250922081603,Education,German,Text,South America,165,0,user_293535,0.000098,0.006369,0.006369,209,638,2
FAC20250922081642,Fashion,English,Video,Oceania,91828,1,user_373012,0.000135,0.009117,0.009117,316,997,9
FAC20250922081650,Business,English,Image,Europe,33,0,user_338456,0.000153,0.011426,0.011426,374,1220,11
FAC20250922081658,Technology,English,Video,Oceania,177,0,user_231312,0.000164,0.018809,0.018809,417,1338,1
FAC20250922081704,Fashion,English,Image,Unknown,37,0,user_110744,0.000154,0.010682,0.010682,371,1214,9
FAC20250922081765,Business,French,Video,North America,1552,0,user_358063,0.000076,0.00273,0.00273,138,420,11
FAC20250922081777,Food,English,Video,Europe,3792,1,user_246516,0.000154,0.010112,0.010112,363,1145,3
FAC20250922081789,Climate,Hindi,Image,Asia,9515,0,user_139239,0.000087,0.002727,0.002727,164,508,0
FAC20250922081813,Sports,Spanish,Text,Europe,606,0,user_340284,0.000118,0.004576,0.004575,249,784,5
FAC20250922081825,Entertainment,Hindi,Link,Europe,1805,0,user_264324,0.000057,0.003932,0.003932,98,297,6
FAC20250922081826,Technology,English,Image,Asia,86,0,user_156443,0.000177,0.020441,0.020441,457,1488,1
FAC20250922081863,Business,English,Image,North America,18159,0,user_140325,0.000155,0.011592,0.011592,379,1240,11
FAC20250922081867,Climate,English,Image,Europe,694,1,user_425199,0.000172,0.010778,0.010778,409,1315,0
FAC20250922081886,Gaming,English,Image,Africa,9507,1,user_331011,0.000164,0.010931,0.010931,395,1286,13
FAC20250922081902,Education,English,Image,Asia,26,0,user_130704,0.000157,0.014789,0.014789,393,1284,2
FAC20250922081905,Entertainment,English,Text,Asia,1221,0,user_192811,0.000188,0.025436,0.025437,497,1636,6
FAC20250922081945,Politics,English,Text,North America,184,0,user_202013,0.000178,0.013192,0.013192,439,1431,4
FAC20250922081946,Travel,Spanish,Image,Europe,2281,0,user_439908,0.000105,0.00609,0.00609,226,698,8
FAC20250922081947,Gaming,English,Link,Europe,2111,0,user_277565,0.000144,0.009807,0.009807,338,1059,13
FAC20250922082006,Science,English,Video,North America,420,0,user_260268,0.000158,0.008338,0.008338,365,1178,14
FAC20250922082028,Technology,English,Video,Unknown,2724,0,user_222368,0.000171,0.019459,0.019459,436,1407,1
FAC20250922082034,AI/ML,German,Image,Asia,5693,0,user_9227,0.000097,0.006835,0.006834,209,642,12
FAC20250922082057,AI/ML,English,Link,Europe,2345,1,user_396401,0.000152,0.014454,0.014454,370,1158,12
FAC20250922082084,Climate,Korean,Text,North America,2801,0,user_43181,0.0001,0.004368,0.004368,208,640,0
FAC20250922082088,Food,English,Text,Oceania,31772,1,user_484805,0.000153,0.00957,0.00957,366,1202,3
FAC20250922082107,Science,English,Video,North America,87,0,user_289696,0.000152,0.007487,0.007487,347,1116,14
FAC20250922082118,Fashion,Portuguese,Video,Asia,110,0,user_61999,0.000085,0.002775,0.002775,159,493,9
FAC20250922082125,Travel,English,Text,North America,1267,0,user_5696,0.000186,0.01727,0.01727,473,1552,8
FAC20250922082127,Food,Spanish,Video,Asia,677,0,user_302845,0.000095,0.002862,0.002862,182,562,3
FAC20250922082152,Food,Spanish,Video,Asia,626,0,user_247771,0.000095,0.002939,0.002939,183,564,3
FAC20250922082185,Education,Spanish,Image,Europe,23,0,user_151270,0.000097,0.006068,0.006068,207,650,2
FAC20250922082197,Business,English,Text,North America,35,0,user_85213,0.000163,0.012143,0.012143,401,1313,11
FAC20250922082201,Science,Spanish,Text,Oceania,1423,0,user_384095,0.000121,0.004129,0.004129,252,784,14
FAC20250922082214,Science,English,Text,Europe,31,0,user_334229,0.000158,0.008004,0.008004,369,1197,14
FAC20250922082255,Finance,English,Image,Asia,50771,1,user_493732,0.000148,0.009237,0.009237,349,1124,10
FAC20250922082325,Sports,English,Text,Europe,162,0,user_384850,0.000183,0.011634,0.011634,443,1434,5
FAC20250922082332,Fashion,English,Text,Asia,161,0,user_441071,0.000185,0.013896,0.013896,460,1500,9
FAC20250922082372,Technology,French,Video,Asia,5163,0,user_133387,0.000085,0.006023,0.006023,176,543,1
FAC20250922082392,Education,Japanese,Text,Unknown,1670,0,user_473543,0.000096,0.006525,0.006525,207,645,2
FAC20250923082415,Food,English,Text,North America,5183,1,user_270934,0.000172,0.011686,0.011686,418,1361,3
FAC20250923082423,Technology,French,Text,Asia,984,0,user_69780,0.000106,0.008909,0.008909,237,732,1
FAC20250923082436,Politics,Spanish,Image,Asia,9597,1,user_461909,0.000099,0.003681,0.003681,199,613,4
FAC20250923082451,Food,English,Text,Europe,3539,0,user_274665,0.00018,0.013011,0.013011,442,1434,3
FAC20250923082455,Education,English,Link,Africa,258,0,user_123558,0.00015,0.014,0.014,367,1150,2
FAC20250923082492,Finance,Portuguese,Image,Africa,961,0,user_143649,0.000103,0.004146,0.004146,210,659,10
FAC20250923082500,Sports,English,Text,Asia,180,0,user_153048,0.000182,0.011573,0.011573,440,1430,5
FAC20250923082507,AI/ML,English,Text,Asia,2,0,user_74971,0.000148,0.01418,0.014179,364,1183,12
FAC20250923082532,Health,English,Text,North America,4996,1,user_378656,0.000181,0.019294,0.019294,465,1519,7
FAC20250923082546,Entertainment,Japanese,Image,North America,383,0,user_420229,0.000099,0.009437,0.009437,222,693,6
FAC20250924082588,Education,Spanish,Image,Asia,2324,0,user_177567,0.000111,0.00697,0.00697,245,770,2
FAC20250924082615,Education,Korean,Video,North America,30423,0,user_158403,0.000074,0.003646,0.003646,139,422,2
FAC20250924082636,Climate,English,Text,North America,7471,1,user_87027,0.000175,0.010438,0.010438,419,1369,0
FAC20250924082639,Technology,English,Video,Europe,5331,1,user_94360,0.000161,0.018665,0.018665,409,1317,1
FAC20250924082666,Travel,English,Video,Asia,10511,0,user_78174,0.000157,0.013177,0.013177,381,1209,8
FAC20250924082670,Health,English,Video,North America,4744,0,user_28980,0.000157,0.016629,0.016628,392,1260,7
FAC20250924082682,Gaming,English,Image,Asia,241,0,user_449832,0.000177,0.012581,0.012581,432,1412,13
FAC20250924082731,Technology,English,Text,Europe,23,0,user_239145,0.000158,0.018449,0.018449,402,1304,1
FAC20250924082736,Food,French,Image,Europe,885,0,user_332842,0.000106,0.004518,0.004518,222,690,3
FAC20250924082740,Politics,Portuguese,Image,North America,640,0,user_273501,0.000112,0.004245,0.004244,229,707,4
FAC20250924082747,AI/ML,Spanish,Poll,North America,6,0,user_155434,0.000057,0.001461,0.001461,86,264,12
FAC20250924082783,Technology,Chinese,Text,Asia,1573,0,user_122112,0.000091,0.007969,0.007969,198,615,1
FAC20250924082805,Politics,English,Text,Asia,2754,0,user_310935,0.000174,0.013061,0.013061,429,1417,4
FAC20250924082814,Fashion,English,Image,North America,140,0,user_72907,0.000174,0.01293,0.012929,429,1404,9
FAC20250924082860,Climate,Spanish,Image,Unknown,620,1,user_154233,0.00011,0.003825,0.003825,222,689,0
FAC20250924082861,Business,English,Text,South America,1,0,user_152343,0.000149,0.010855,0.010855,361,1186,11
FAC20250924082863,Entertainment,German,Image,Europe,941,0,user_65689,0.000102,0.009326,0.009326,227,705,6
FAC20250924082880,Science,English,Text,Europe,139,0,user_278945,0.000174,0.010123,0.010123,415,1344,14
FAC20250924082884,AI/ML,English,Text,North America,8672,0,user_4898,0.00017,0.016503,0.016503,427,1391,12
FAC20250924082913,Finance,English,Image,Europe,25088,1,user_492081,0.000156,0.00984,0.009839,370,1190,10
FAC20250924082933,Travel,English,Video,North America,34,0,user_110164,0.000149,0.012495,0.012495,360,1143,8
FAC20250924082945,Health,English,Video,Oceania,412,0,user_191245,0.000159,0.016718,0.016718,398,1284,7
FAC20250924082978,Health,German,Video,Oceania,261,0,user_90229,0.000081,0.00514,0.00514,162,499,7
FAC20250924082997,Technology,English,Poll,North America,8135,1,user_234968,0.000131,0.016424,0.016424,327,1002,1
FAC20250924083001,Science,Hindi,Video,Europe,277,0,user_351268,0.000082,0.002139,0.002139,150,459,14
FAC20250924083004,Business,English,Image,Asia,140,0,user_8886,0.000175,0.013877,0.013877,436,1426,11
FAC20250924083059,Technology,English,Text,South America,292,0,user_126262,0.000189,0.022806,0.022806,495,1605,1
FAC20250924083099,Food,English,Text,Europe,2236,0,user_57158,0.000185,0.013659,0.013659,456,1484,3
FAC20250924083117,Fashion,English,Image,Europe,153,0,user_335931,0.000172,0.012704,0.012704,423,1386,9
FAC20250924083118,Education,Spanish,Image,North America,301,0,user_6932,0.000109,0.006979,0.006979,240,757,2
FAC20250924083188,Science,English,Text,Asia,99,0,user_498399,0.000168,0.009143,0.009143,396,1288,14
FAC20250924083201,Finance,English,Text,Europe,31,0,user_230881,0.000155,0.010272,0.010272,371,1221,10
FAC20250924083218,Science,Portuguese,Image,Asia,111,0,user_11285,0.000098,0.002867,0.002867,192,592,14
FAC20250924083223,Politics,French,Video,Africa,848,0,user_138264,0.000086,0.003187,0.003187,167,524,4
FAC20250924083225,Politics,Spanish,Video,North America,37983,1,user_337851,0.000082,0.002778,0.002778,155,480,4
FAC20250924083229,Travel,French,Image,Asia,35,0,user_20778,0.000084,0.004863,0.004863,173,535,8
FAC20250924083237,Food,English,Poll,Europe,708,0,user_124196,0.000135,0.008507,0.008507,312,967,3
FAC20250924083277,Food,English,Text,South America,2694,1,user_467853,0.000181,0.013001,0.013001,445,1448,3
FAC20250924083281,Travel,Portuguese,Text,North America,8074,0,user_153928,0.000106,0.006832,0.006832,233,722,8
FAC20250924083298,Food,French,Text,North America,878,0,user_142163,0.000106,0.004872,0.004872,224,699,3
FAC20250924083306,Business,English,Video,North America,78323,1,user_64866,0.000136,0.009983,0.009983,320,1010,11
FAC20250924083324,Technology,Portuguese,Image,North America,94,0,user_346111,0.000104,0.008221,0.008221,229,711,1
FAC20250924083339,Climate,English,Text,Africa,11,0,user_436327,0.000149,0.008136,0.008136,347,1140,0
FAC20250924083351,Fashion,German,Image,Europe,69,0,user_406825,0.000089,0.004349,0.004349,184,564,9
FAC20250924083352,Food,Spanish,Image,Africa,2249,1,user_349226,0.000115,0.004893,0.004893,245,772,3
FAC20250924083392,Sports,English,Link,North America,343,0,user_11272,0.000141,0.007711,0.007711,321,1015,5
FAC20250924083401,Education,English,Poll,South America,169,0,user_290452,0.000133,0.013015,0.013015,325,1008,2
FAC20250925083432,Science,English,Text,North America,104,0,user_433234,0.000167,0.009068,0.009068,393,1280,14
FAC20250925083440,Gaming,English,Video,Europe,7791,1,user_497401,0.000158,0.010482,0.010482,374,1181,13
FAC20250925083450,Sports,English,Text,Asia,2771,1,user_66992,0.00018,0.011758,0.011758,436,1410,5
FAC20250925083460,Sports,English,Text,North America,407,0,user_148904,0.000188,0.013625,0.013625,462,1505,5
FAC20250925083463,Health,English,Text,Europe,390,0,user_388632,0.000192,0.021768,0.021768,500,1639,7
FAC20250925083469,Finance,English,Link,Europe,28015,1,user_260304,0.00013,0.008714,0.008714,302,941,10
FAC20250925083474,Travel,English,Video,North America,63,0,user_346876,0.000157,0.013224,0.013224,381,1205,8
FAC20250925083475,Health,Spanish,Text,North America,257,0,user_432093,0.000119,0.009384,0.009384,273,861,7
FAC20250925083488,AI/ML,English,Image,Oceania,302,0,user_352490,0.000181,0.017864,0.017864,460,1513,12
FAC20250925083528,Food,English,Video,Africa,942,1,user_36097,0.000157,0.010311,0.010311,373,1180,3
FAC20250925083574,Gaming,Spanish,Image,Europe,11501,1,user_93690,0.0001,0.004167,0.004167,206,651,13
FAC20250926083599,Education,English,Video,Asia,27,0,user_344128,0.00015,0.013687,0.013687,367,1179,2
FAC20250926083607,Health,Chinese,Video,North America,3964,0,user_359850,0.000076,0.004766,0.004766,149,455,7
FAC20250926083611,Finance,English,Image,North America,89,0,user_198692,0.000172,0.011766,0.011766,417,1335,10
FAC20250926083618,Entertainment,English,Video,North America,70,0,user_121223,0.000158,0.020718,0.020718,401,1284,6
FAC20250926083641,Sports,English,Text,South America,4017,0,user_406220,0.000181,0.011871,0.011871,439,1422,5
FAC20250926083663,Politics,Arabic,Image,Europe,53,0,user_295577,0.000089,0.003505,0.003505,175,544,4
FAC20250926083700,Gaming,Portuguese,Link,North America,662,0,user_369749,0.000066,0.001862,0.001862,109,339,13
FAC20250926083702,Politics,English,Image,North America,539,0,user_408092,0.000173,0.011751,0.011751,418,1351,4
FAC20250926083720,Technology,English,Text,Asia,290,0,user_261239,0.000188,0.022661,0.022661,493,1597,1
FAC20250926083726,Entertainment,German,Image,Europe,606,0,user_354736,0.000099,0.009067,0.009067,219,679,6
FAC20250926083727,Entertainment,Spanish,Image,Asia,2333,0,user_115613,0.000117,0.010322,0.010323,268,845,6
FAC20250926083778,Technology,English,Link,Africa,240,0,user_259311,0.000149,0.017681,0.017681,374,1172,1
FAC20250926083782,Finance,English,Video,Asia,224,0,user_484809,0.000156,0.010641,0.010641,373,1199,10
FAC20250926083806,Climate,French,Text,Europe,89,0,user_476874,0.000105,0.004499,0.004499,219,674,0
FAC20250926083811,Food,Spanish,Image,North America,4198,0,user_495954,0.000114,0.004777,0.004777,241,750,3
FAC20250926083826,Fashion,English,Text,Europe,134,0,user_350928,0.000178,0.013016,0.013016,439,1437,9
FAC20250926083836,Business,Portuguese,Image,North America,6,0,user_232731,0.000091,0.004338,0.004338,185,567,11
FAC20250926083854,Fashion,English,Image,Europe,269,0,user_164827,0.000173,0.013052,0.013052,426,1391,9
FAC20250926083856,AI/ML,English,Video,Europe,1813,0,user_101130,0.000169,0.015924,0.015923,419,1343,12
FAC20250926083884,AI/ML,English,Image,North America,150,0,user_388629,0.000181,0.017593,0.017592,459,1503,12
FAC20250926083934,Travel,English,Image,North America,32,0,user_316979,0.000155,0.013374,0.013373,381,1245,8
FAC20250926083944,Science,Chinese,Image,Europe,1248,0,user_384900,0.000087,0.002731,0.002731,168,515,14
FAC20250926083988,Climate,Arabic,Image,Asia,597,0,user_183918,0.000093,0.003288,0.003288,181,553,0
FAC20250926083992,Politics,Japanese,Poll,North America,523,0,user_348422,0.000048,0.001124,0.001124,66,202,4
FAC20250926083996,Finance,Spanish,Image,North America,235,0,user_53914,0.000106,0.004359,0.004359,219,686,10
FAC20250926084013,Gaming,English,Image,Europe,866,1,user_449471,0.000183,0.013806,0.013806,451,1459,13
FAC20250926084022,AI/ML,English,Image,North America,1633,0,user_103310,0.000182,0.018066,0.018066,463,1524,12
FAC20250926084041,Finance,English,Text,Africa,7138,1,user_402412,0.000164,0.011451,0.011451,399,1315,10
FAC20250926084076,Entertainment,Japanese,Image,Africa,457,0,user_460505,0.000101,0.009599,0.0096,226,706,6
FAC20250926084084,Entertainment,Spanish,Image,North America,64,0,user_153501,0.000113,0.009797,0.009797,255,796,6
FAC20250926084086,Politics,Portuguese,Link,Asia,863,0,user_460512,0.000073,0.001885,0.001885,124,390,4
FAC20250926084094,Climate,Spanish,Link,Europe,2184,0,user_326349,0.000075,0.001685,0.001685,128,395,0
FAC20250926084095,Travel,English,Text,Europe,589,0,user_310918,0.00019,0.017895,0.017895,485,1589,8
FAC20250926084105,Travel,English,Video,North America,2145,0,user_182000,0.000163,0.013975,0.013975,401,1286,8
FAC20250926084109,Climate,English,Text,North America,312,0,user_288327,0.000191,0.013622,0.013622,469,1522,0
FAC20250926084135,Technology,English,Video,North America,11671,1,user_493356,0.000155,0.018076,0.018076,393,1257,1
FAC20250926084153,Gaming,English,Text,North America,80,0,user_270331,0.000167,0.011977,0.011977,409,1348,13
FAC20250926084168,Food,English,Video,North America,5320,1,user_100325,0.000152,0.009836,0.009836,358,1127,3
FAC20250926084192,Finance,English,Image,Europe,2123,1,user_466789,0.000178,0.012567,0.012566,433,1392,10
FAC20250926084199,Climate,German,Text,Asia,488,0,user_147781,0.000106,0.004638,0.004638,223,693,0
FAC20250926084203,Education,French,Video,North America,1249,0,user_379624,0.000089,0.004568,0.004568,178,557,2
FAC20250927084268,Fashion,English,Text,North America,90,0,user_236627,0.000171,0.012273,0.012273,420,1376,9
FAC20250927084291,Technology,English,Link,Asia,1256,0,user_259202,0.000147,0.017538,0.017538,370,1167,1
FAC20250927084318,AI/ML,English,Text,Europe,2372,0,user_318226,0.000184,0.018606,0.018606,469,1523,12
FAC20250927084336,Climate,English,Link,Africa,2990,0,user_19705,0.000138,0.00805,0.00805,317,994,0
FAC20250927084338,Politics,English,Text,North America,1900,0,user_25871,0.000179,0.01374,0.01374,445,1470,4
FAC20250927084354,AI/ML,English,Video,Europe,196,0,user_292551,0.000159,0.015331,0.015331,395,1269,12
FAC20250927084397,Entertainment,English,Image,Europe,1292,0,user_65968,0.000185,0.024332,0.024333,485,1576,6
FAC20250927084405,Travel,English,Text,Asia,1475,0,user_100912,0.000186,0.017383,0.017383,474,1559,8
FAC20250928084444,Education,Spanish,Video,North America,518,0,user_176131,0.000105,0.005389,0.005389,219,683,2
FAC20250929084481,Health,Portuguese,Image,North America,894,0,user_439671,0.000107,0.00706,0.00706,232,728,7
FAC20250929084502,Business,Spanish,Image,North America,209,0,user_496326,0.000109,0.005306,0.005306,233,729,11
FAC20250929084508,Technology,English,Video,Asia,618,1,user_239542,0.000177,0.020124,0.020124,453,1467,1
FAC20250929084572,Travel,Portuguese,Image,Europe,1361,0,user_23966,0.000104,0.006046,0.006045,223,697,8
FAC20250929084588,Science,English,Video,Asia,1891,0,user_82215,0.000163,0.008569,0.008569,378,1219,14
FAC20250929084614,Climate,Chinese,Text,North America,676,0,user_43608,0.000103,0.004514,0.004514,214,655,0
FAC20250930084637,Finance,Chinese,Text,Africa,163,0,user_8962,0.000094,0.004956,0.004956,198,618,10
FAC20250930084643,Science,Chinese,Image,Europe,1791,0,user_419060,0.00009,0.00282,0.00282,175,539,14
FAC20250930084645,Technology,English,Link,Asia,312,0,user_168779,0.000144,0.017347,0.017347,362,1140,1
FAC20250930084651,AI/ML,English,Video,North America,2908,0,user_335123,0.000167,0.015887,0.015887,416,1329,12
FAC20250930084657,Finance,English,Video,Asia,1325,0,user_310413,0.000162,0.011108,0.011108,387,1238,10
FAC20250930084668,Travel,English,Image,North America,386,0,user_415471,0.000173,0.015503,0.015503,435,1422,8
FAC20250930084674,Entertainment,Arabic,Image,Asia,3646,0,user_378002,0.000099,0.009185,0.009185,220,671,6
FAC20251001084682,Health,English,Video,Europe,14271,1,user_455324,0.000146,0.015646,0.015646,363,1165,7
FAC20251001084688,Education,English,Text,Asia,23,0,user_9818,0.000159,0.014672,0.014672,397,1292,2
FAC20251001084745,Entertainment,Arabic,Text,North America,54,0,user_5393,0.0001,0.010955,0.010955,229,702,6
FAC20251001084765,Gaming,English,Image,North America,339,0,user_100010,0.000178,0.012676,0.012676,435,1416,13
FAC20251001084800,AI/ML,English,Image,Europe,38731,1,user_456527,0.000156,0.014867,0.014867,388,1274,12
FAC20251001084806,Fashion,Spanish,Text,Asia,1128,0,user_231072,0.000117,0.005855,0.005855,256,811,9
FAC20251001084814,Health,English,Link,Asia,567,0,user_100741,0.000142,0.01548,0.01548,353,1111,7
FAC20251001084831,Food,English,Text,North America,529,0,user_420857,0.000186,0.014225,0.014225,461,1493,3
FAC20251001084832,Health,English,Text,Asia,14053,0,user_374053,0.000163,0.01731,0.01731,414,1363,7
FAC20251001084851,Education,English,Image,Europe,171,0,user_440987,0.000177,0.016893,0.016892,449,1456,2
FAC20251001084860,Sports,Spanish,Image,Asia,1317,0,user_190524,0.000114,0.003975,0.003975,235,734,5
FAC20251001084916,Technology,English,Image,North America,3834,1,user_436028,0.000177,0.020717,0.020717,457,1498,1
FAC20251001084918,Climate,Spanish,Text,Europe,4,0,user_434117,0.000104,0.00426,0.00426,215,666,0
FAC20251001084919,Sports,English,Video,Asia,167,0,user_358801,0.000159,0.008602,0.008602,368,1175,5
FAC20251001084926,Politics,English,Video,Unknown,238,0,user_116074,0.00016,0.010989,0.010989,384,1239,4
FAC20251001084934,Science,English,Text,North America,320,0,user_46265,0.000187,0.012358,0.012358,454,1463,14
FAC20251001084941,Politics,Portuguese,Link,Europe,129,0,user_389355,0.000062,0.001357,0.001357,97,308,4
FAC20251001085000,Fashion,English,Text,South America,175,0,user_220641,0.000184,0.013967,0.013967,459,1496,9
FAC20251001085006,Business,Spanish,Text,Europe,425,1,user_174495,0.000114,0.006235,0.006235,251,785,11
FAC20251001085011,Science,English,Text,Europe,3744,1,user_272703,0.000183,0.011257,0.011257,441,1428,14
FAC20251001085035,Politics,Portuguese,Video,North America,6392,0,user_431785,0.000089,0.003031,0.003031,171,537,4
FAC20251001085041,Health,English,Video,Oceania,48,0,user_372853,0.000148,0.015701,0.0157,368,1178,7
FAC20251001085073,Food,English,Image,Asia,125,0,user_143251,0.000174,0.011882,0.011882,425,1395,3
FAC20251001085085,Travel,Spanish,Image,Europe,605,0,user_47640,0.000108,0.006241,0.00624,234,729,8
FAC20251001085099,Travel,English,Video,Asia,1289,0,user_243088,0.000168,0.014408,0.014408,412,1319,8
FAC20251001085107,Finance,English,Text,Africa,7769,0,user_113446,0.000165,0.011552,0.011552,401,1320,10
FAC20251001085152,Climate,Korean,Image,Asia,1,0,user_246741,0.000076,0.002406,0.002406,140,423,0
FAC20251001085167,Fashion,Spanish,Image,Europe,10638,0,user_125824,0.000108,0.004802,0.004802,228,709,9
FAC20251001085169,Gaming,English,Image,North America,670,0,user_174007,0.000175,0.01229,0.01229,426,1382,13
FAC20251001085170,Education,Japanese,Text,Asia,98,0,user_147122,0.000093,0.006335,0.006335,198,608,2
FAC20251001085210,Fashion,Chinese,Poll,Asia,4303,0,user_497136,0.000047,0.001206,0.001206,65,196,9
FAC20251001085217,Business,English,Image,North America,1657,1,user_218077,0.000182,0.014625,0.014625,455,1471,11
FAC20251001085220,Climate,English,Text,Europe,1076,0,user_266184,0.000186,0.012734,0.012734,455,1498,0
FAC20251001085254,Education,English,Image,Europe,908,1,user_304424,0.000187,0.018325,0.018324,477,1553,2
FAC20251001085332,Health,Spanish,Image,North America,37,0,user_373027,0.000104,0.006898,0.006898,226,705,7
FAC20251001085342,Sports,German,Video,Asia,178,0,user_300066,0.000083,0.002167,0.002167,151,467,5
FAC20251001085388,Business,Korean,Link,Europe,418,0,user_418338,0.000052,0.001593,0.001593,79,240,11
FAC20251001085395,Food,English,Image,North America,93,0,user_184275,0.000172,0.011446,0.011446,418,1365,3
FAC20251001085412,AI/ML,English,Image,Asia,41,0,user_416336,0.000161,0.015511,0.015511,404,1330,12
FAC20251001085431,Education,English,Video,Europe,1810,0,user_444217,0.000172,0.015643,0.015643,429,1376,2
FAC20251001085432,Technology,Chinese,Image,Europe,61,0,user_261183,0.000093,0.007801,0.007801,203,620,1
FAC20251001085439,Climate,German,Poll,North America,272,0,user_225432,0.000048,0.000902,0.000902,63,192,0
FAC20251001085443,Fashion,English,Poll,North America,728,0,user_446738,0.000131,0.00935,0.00935,309,952,9
FAC20251001085465,Education,Spanish,Video,Asia,822,0,user_366203,0.000102,0.005338,0.005338,213,667,2
FAC20251001085474,AI/ML,English,Image,North America,3,0,user_158787,0.000147,0.014247,0.014247,363,1196,12
FAC20251001085483,Entertainment,English,Text,North America,2192,0,user_310755,0.000185,0.025029,0.02503,487,1609,6
FAC20251001085506,Politics,Korean,Image,Asia,253,0,user_408989,0.000089,0.003581,0.003581,175,548,4
FAC20251001085524,Food,English,Text,Asia,136,0,user_95286,0.000174,0.011824,0.011824,423,1388,3
FAC20251001085544,Entertainment,English,Link,North America,813,0,user_435730,0.000148,0.020211,0.020212,375,1183,6
FAC20251001085555,Technology,Arabic,Text,North America,1984,0,user_126889,0.000094,0.008227,0.008227,207,641,1
FAC20251001085625,Fashion,English,Text,North America,977,0,user_323137,0.000186,0.0146,0.0146,467,1522,9
FAC20251001085628,Education,Chinese,Text,North America,33,0,user_272561,0.000087,0.005991,0.005991,184,558,2
FAC20251001085655,Travel,English,Image,Europe,1356,0,user_363553,0.000178,0.016305,0.016305,447,1460,8
FAC20251001085728,Travel,Spanish,Text,North America,942,0,user_393340,0.000113,0.007203,0.007203,251,786,8
FAC20251001085751,Technology,French,Image,North America,13469,1,user_88286,0.000097,0.007805,0.007805,212,652,1
FAC20251001085790,Travel,English,Text,Asia,467958,1,user_288254,0.000148,0.01286,0.012859,365,1197,8
FAC20251001085807,Politics,English,Image,North America,10796,1,user_41527,0.000162,0.010516,0.010516,387,1244,4
FAC20251001085812,Sports,English,Text,North America,139,0,user_147618,0.000175,0.010921,0.010921,422,1370,5
FAC20251001085820,AI/ML,English,Link,Europe,355,0,user_292319,0.00015,0.014154,0.014154,364,1141,12
FAC20251001085865,Sports,German,Text,Asia,228,0,user_94766,0.000102,0.004192,0.004192,210,655,5
FAC20251001085866,Fashion,German,Image,Asia,431,0,user_125032,0.000098,0.00486,0.00486,206,636,9
FAC20251001085881,Travel,English,Text,Europe,24,0,user_490114,0.000159,0.013682,0.013682,393,1290,8
FAC20251001085896,Finance,Arabic,Text,North America,18,0,user_72760,0.000086,0.004477,0.004477,175,532,10
FAC20251001085904,Technology,English,Poll,Asia,2745,0,user_382073,0.000139,0.017011,0.017011,348,1083,1
FAC20251001085935,Entertainment,English,Text,Oceania,3472,0,user_296689,0.000186,0.02497,0.02497,489,1607,6
FAC20251001085948,Entertainment,English,Text,North America,2078,1,user_409880,0.000184,0.024968,0.024969,486,1605,6
FAC20251001085962,Gaming,English,Text,North America,1827,0,user_184671,0.000181,0.013892,0.013892,448,1478,13
FAC20251001086023,Sports,Spanish,Image,Asia,4811,0,user_39979,0.000112,0.00377,0.00377,229,714,5
FAC20251001086027,Sports,Portuguese,Image,North America,1064,0,user_301984,0.000105,0.003627,0.003627,213,659,5
FAC20251001086040,Sports,English,Image,North America,345,0,user_349170,0.000175,0.01087,0.01087,420,1369,5
FAC20251001086043,Sports,Korean,Video,Asia,171,0,user_422127,0.000082,0.002167,0.002167,148,458,5
FAC20251001086075,AI/ML,Portuguese,Image,Europe,3207,0,user_213067,0.000105,0.007319,0.007319,230,713,12
FAC20251001086081,Fashion,Arabic,Image,Asia,3493,0,user_401736,0.000092,0.004552,0.004552,191,592,9
FAC20251001086106,Politics,English,Video,Asia,844,0,user_136960,0.00016,0.010976,0.010976,384,1246,4
FAC20251001086109,Politics,Portuguese,Video,Asia,193,0,user_443788,0.000089,0.003135,0.003135,171,534,4
FAC20251001086116,Food,Hindi,Image,Europe,240,0,user_461527,0.000101,0.004483,0.004483,212,657,3
FAC20251001086125,Travel,English,Text,Africa,324,1,user_293842,0.00019,0.018157,0.018157,485,1593,8
FAC20251001086134,Politics,English,Link,Unknown,981,0,user_375811,0.000147,0.009556,0.009556,343,1071,4
FAC20251001086154,Travel,Korean,Link,Europe,5519,0,user_300462,0.00006,0.002087,0.002087,97,298,8
FAC20251001086164,Technology,Spanish,Image,Asia,515,0,user_79411,0.00012,0.009412,0.009412,272,858,1
FAC20251001086181,Finance,English,Text,Asia,183,0,user_310581,0.000174,0.012898,0.012898,429,1416,10
FAC20251001086201,Gaming,Portuguese,Link,Oceania,645,0,user_481434,0.000066,0.001839,0.001839,109,339,13
FAC20251001086241,Climate,Hindi,Video,Africa,5196,1,user_14376,0.000077,0.001924,0.001924,135,412,0
FAC20251001086244,Climate,Portuguese,Image,Asia,68,0,user_16201,0.00009,0.002772,0.002772,171,526,0
FAC20251002086316,Politics,English,Text,Oceania,5189,0,user_370502,0.000171,0.012081,0.012081,417,1369,4
FAC20251002086324,Finance,English,Text,Europe,730,0,user_202292,0.000177,0.0134,0.0134,437,1445,10
FAC20251002086336,Education,English,Video,North America,18,0,user_189475,0.000149,0.013612,0.013612,364,1162,2
FAC20251002086342,AI/ML,Spanish,Text,Europe,454,0,user_133438,0.000114,0.007293,0.007293,248,776,12
FAC20251002086348,Politics,Arabic,Text,Asia,630,0,user_299951,0.000098,0.004988,0.004988,208,640,4
FAC20251002086359,Health,Spanish,Text,Asia,284,0,user_459892,0.000119,0.009243,0.009243,273,863,7
FAC20251003086378,Finance,English,Text,Europe,10368,1,user_248891,0.00016,0.011126,0.011126,388,1278,10
FAC20251003086408,Finance,English,Video,Asia,99,0,user_347377,0.000145,0.009538,0.009538,342,1094,10
FAC20251003086412,Finance,Spanish,Text,Europe,76,0,user_388469,0.000104,0.00507,0.00507,220,678,10
FAC20251003086463,Climate,English,Video,North America,1654,0,user_223963,0.000166,0.009533,0.009533,386,1230,0
FAC20251003086472,Technology,English,Link,Asia,2429,0,user_246914,0.00015,0.017841,0.017841,379,1193,1
FAC20251003086479,Technology,English,Image,South America,381,0,user_152387,0.000184,0.02129,0.02129,476,1544,1
FAC20251003086508,Finance,German,Text,Asia,171,0,user_59426,0.000092,0.004855,0.004855,193,606,10
FAC20251003086513,AI/ML,English,Text,Europe,935,0,user_379043,0.000188,0.018811,0.018811,479,1561,12
FAC20251003086567,Climate,English,Video,Europe,9840,1,user_474588,0.000162,0.008843,0.008843,373,1179,0
FAC20251003086585,Travel,Portuguese,Video,North America,21880,1,user_251086,0.00008,0.003241,0.003241,150,460,8
FAC20251003086611,Health,English,Image,Europe,1940,1,user_137541,0.00019,0.019963,0.019963,489,1570,7
FAC20251003086623,Entertainment,French,Text,Asia,777,0,user_400764,0.000112,0.011916,0.011916,261,806,6
FAC20251003086626,Technology,Arabic,Video,Asia,977,0,user_116681,0.000084,0.006164,0.006164,173,537,1
FAC20251003086628,Education,Hindi,Image,Europe,3563,0,user_205956,0.000091,0.006115,0.006115,194,596,2
FAC20251004086677,AI/ML,English,Image,Asia,2502,0,user_184777,0.000175,0.017156,0.017155,442,1454,12
FAC20251004086692,AI/ML,English,Poll,Asia,1877,1,user_369134,0.000145,0.013883,0.013883,351,1087,12
FAC20251004086695,Politics,English,Video,Europe,70094,1,user_39503,0.000137,0.008866,0.008865,320,1028,4
FAC20251004086700,Science,English,Text,North America,85,0,user_22772,0.00017,0.009292,0.009292,400,1298,14
FAC20251004086702,Health,English,Text,Asia,2396,0,user_323595,0.000183,0.020476,0.020476,475,1554,7
FAC20251004086746,Climate,English,Image,North America,481,0,user_490297,0.000171,0.010422,0.010422,405,1309,0
FAC20251004086749,Food,English,Video,Europe,9293,1,user_293352,0.00015,0.009665,0.009665,354,1115,3
FAC20251004086761,Health,French,Text,Europe,49,0,user_96848,0.000098,0.007973,0.007973,217,672,7
FAC20251004086785,Food,Korean,Video,Europe,309,0,user_371755,0.000071,0.002222,0.002222,125,384,3
FAC20251004086798,Travel,English,Image,Europe,3414,0,user_310193,0.000169,0.015261,0.015261,422,1369,8
FAC20251004086873,Technology,English,Text,North America,335,0,user_204736,0.000189,0.023243,0.023243,497,1608,1
FAC20251004086887,Climate,English,Text,North America,684,1,user_397749,0.000187,0.012679,0.012679,456,1486,0
FAC20251004086896,Sports,English,Text,Asia,96,0,user_47961,0.000168,0.00984,0.00984,400,1304,5
FAC20251004086944,Fashion,English,Text,Asia,2633,1,user_255470,0.000181,0.014078,0.014078,451,1469,9
FAC20251004086953,Climate,English,Image,Asia,9899,1,user_104265,0.000161,0.009114,0.009113,375,1212,0
FAC20251004086969,Climate,English,Image,North America,425,0,user_136969,0.000173,0.010926,0.010926,413,1332,0
FAC20251004086986,Gaming,English,Text,North America,213,0,user_253013,0.000177,0.013517,0.013517,438,1448,13
FAC20251004087003,Technology,English,Text,North America,465,0,user_402760,0.000197,0.023924,0.023924,516,1668,1
FAC20251004087016,Science,French,Text,Europe,2818,0,user_94279,0.000104,0.003649,0.003649,212,660,14
FAC20251004087034,Science,Korean,Link,North America,773,0,user_108962,0.000061,0.001304,0.001304,97,297,14
FAC20251004087052,Fashion,English,Text,Europe,90,0,user_42101,0.000171,0.012273,0.012273,420,1376,9
FAC20251004087059,Gaming,English,Image,Europe,1365,0,user_107537,0.000176,0.013005,0.013005,431,1408,13
FAC20251005087133,Health,English,Image,North America,22255,1,user_358414,0.000167,0.016948,0.016947,421,1357,7
FAC20251005087143,Health,English,Text,Africa,7909,1,user_344780,0.000172,0.018344,0.018344,441,1445,7
FAC20251005087190,Fashion,Spanish,Text,North America,431,0,user_488381,0.00012,0.005845,0.005845,262,833,9
FAC20251005087202,Finance,English,Text,Asia,25,0,user_400998,0.000152,0.010158,0.010158,366,1209,10
FAC20251005087242,Sports,Japanese,Link,Europe,3164,0,user_100027,0.000059,0.001041,0.001041,88,272,5
FAC20251005087255,Health,English,Video,Asia,6167,1,user_62650,0.000154,0.016494,0.016493,385,1232,7
FAC20251005087285,Fashion,Spanish,Text,Africa,77696,1,user_461028,0.000103,0.005001,0.005001,219,687,9
FAC20251005087291,Technology,English,Image,Europe,50,0,user_205343,0.00017,0.019631,0.019631,437,1417,1
FAC20251005087340,Travel,English,Video,Asia,1640,0,user_296580,0.000168,0.014275,0.014275,412,1315,8
FAC20251005087355,AI/ML,Spanish,Image,North America,1623,0,user_236332,0.000113,0.00748,0.00748,250,795,12
FAC20251005087356,Health,Portuguese,Poll,North America,309,0,user_299908,0.000064,0.002787,0.002787,107,333,7
FAC20251006087376,Entertainment,French,Image,Europe,1326,0,user_307787,0.000098,0.009087,0.009087,217,684,6
FAC20251006087378,Gaming,English,Image,Europe,29958,1,user_226165,0.000153,0.010073,0.010073,366,1183,13
FAC20251006087390,Food,English,Image,North America,1237,0,user_111896,0.00018,0.012676,0.012676,440,1434,3
FAC20251006087409,Politics,Hindi,Image,South America,3799,1,user_75545,0.000089,0.003524,0.003524,174,532,4
FAC20251006087410,Gaming,Spanish,Video,North America,1485,0,user_12706,0.000094,0.003134,0.003134,181,560,13
FAC20251006087414,Politics,German,Image,North America,470,0,user_430132,0.000093,0.003713,0.003713,185,572,4
FAC20251006087439,Sports,Spanish,Link,North America,73,0,user_251922,0.000073,0.001538,0.001538,123,380,5
FAC20251006087455,Entertainment,English,Text,North America,1018,0,user_310653,0.00019,0.025691,0.025692,503,1655,6
FAC20251006087481,Travel,English,Image,Europe,3618,1,user_396260,0.000168,0.015198,0.015198,421,1368,8
FAC20251006087489,Business,English,Image,Europe,50,0,user_155626,0.000161,0.012021,0.012021,393,1279,11
FAC20251006087523,Science,English,Text,South America,3055,0,user_149195,0.000178,0.010872,0.010872,428,1393,14
FAC20251006087568,Education,English,Text,Oceania,206,0,user_408127,0.000187,0.017982,0.017982,477,1548,2
FAC20251006087581,Technology,English,Image,Asia,142,0,user_273031,0.000184,0.021294,0.021294,478,1545,1
FAC20251006087603,Travel,English,Text,North America,1650,1,user_397855,0.000184,0.017199,0.017199,469,1539,8
FAC20251006087624,Travel,English,Link,North America,40,0,user_361094,0.000138,0.011964,0.011964,330,1034,8
FAC20251006087626,Politics,English,Poll,Europe,1201,1,user_155489,0.000131,0.00889,0.00889,306,946,4
FAC20251006087640,Entertainment,French,Text,North America,5,0,user_411185,0.000093,0.010369,0.010369,212,646,6
FAC20251006087690,Politics,Portuguese,Text,North America,353,0,user_448196,0.000114,0.005372,0.005372,243,754,4
FAC20251006087700,Sports,Spanish,Text,North America,649,0,user_204543,0.000117,0.004496,0.004496,246,776,5
FAC20251006087703,Education,English,Poll,Europe,114,1,user_84229,0.000134,0.012961,0.012961,326,1009,2
FAC20251006087709,Fashion,Japanese,Text,Asia,319,1,user_23844,0.000098,0.005193,0.005193,209,646,9
FAC20251006087712,Technology,German,Image,Europe,252,0,user_61957,0.000096,0.008212,0.008212,212,651,1
FAC20251006087721,Finance,English,Video,Asia,86,0,user_329975,0.000146,0.009652,0.009652,345,1101,10
FAC20251006087734,Sports,English,Image,North America,396,0,user_417840,0.000174,0.010647,0.010647,416,1356,5
FAC20251006087740,AI/ML,English,Image,North America,371,0,user_280122,0.000183,0.017841,0.017841,465,1528,12
FAC20251006087756,Finance,Spanish,Video,North America,4044,0,user_18557,0.000082,0.002742,0.002742,153,475,10
FAC20251006087773,Technology,English,Video,Europe,3552,1,user_339287,0.000164,0.018916,0.018916,417,1354,1
FAC20251006087820,Finance,English,Link,Asia,1777,0,user_82572,0.000139,0.009357,0.009357,325,1024,10
FAC20251006087821,Gaming,English,Video,Europe,3029,1,user_133460,0.000165,0.011242,0.011242,392,1229,13
FAC20251006087823,Travel,English,Text,Oceania,275,0,user_496355,0.000192,0.017799,0.017799,489,1597,8
FAC20251006087832,Technology,Spanish,Image,Europe,1426,0,user_28419,0.000122,0.009482,0.009482,279,874,1
FAC20251006087862,Health,English,Image,North America,4167,0,user_273254,0.000183,0.019023,0.019022,467,1512,7
FAC20251006087874,Food,Japanese,Video,North America,9905,0,user_248253,0.000065,0.001756,0.001756,108,331,3
FAC20251006087892,Politics,Spanish,Text,South America,185,0,user_178612,0.000105,0.005054,0.005054,222,696,4
FAC20251006087893,Fashion,Japanese,Image,Asia,580,0,user_116071,0.000096,0.004838,0.004838,203,627,9
FAC20251006087898,Business,English,Text,North America,313,0,user_472436,0.000189,0.016261,0.016261,479,1562,11
FAC20251006087931,Politics,Portuguese,Video,Europe,5627,0,user_198922,0.000091,0.003121,0.003121,176,552,4
FAC20251006087932,Health,English,Video,Unknown,20,0,user_465021,0.000145,0.015459,0.015459,359,1146,7
FAC20251006087951,Finance,Spanish,Image,Asia,6501,1,user_76481,0.000097,0.003656,0.003656,193,607,10
FAC20251006087964,Business,Spanish,Text,Europe,12798,1,user_485091,0.000107,0.005885,0.005885,233,723,11
FAC20251006087996,Gaming,French,Image,Europe,57,0,user_90432,0.000098,0.003985,0.003985,197,608,13
FAC20251006088015,Politics,French,Text,Europe,1629,0,user_71086,0.000102,0.005141,0.005141,217,682,4
FAC20251006088019,Health,Chinese,Text,North America,51,0,user_245114,0.000093,0.007794,0.007794,205,628,7
FAC20251006088072,Sports,English,Poll,Oceania,169,0,user_116980,0.000128,0.007137,0.007137,290,893,5
FAC20251006088123,Travel,Portuguese,Text,South America,2659,0,user_248366,0.000106,0.006931,0.006931,234,731,8
FAC20251006088137,Entertainment,Spanish,Text,South America,21944,0,user_211343,0.00011,0.011415,0.011415,256,795,6
FAC20251006088169,Entertainment,Japanese,Link,Unknown,174,0,user_288883,0.000056,0.003474,0.003474,95,291,6
FAC20251006088171,Education,English,Video,Europe,1240,1,user_58510,0.000172,0.015783,0.015783,428,1375,2
FAC20251006088202,Science,English,Video,North America,357,0,user_103695,0.000163,0.008747,0.008746,379,1219,14
FAC20251006088209,Finance,Japanese,Link,North America,353,0,user_172111,0.000064,0.001962,0.001962,105,321,10
FAC20251006088233,Food,French,Poll,Asia,2542,0,user_292730,0.000058,0.001287,0.001287,87,264,3
FAC20251006088247,Sports,English,Video,Europe,1725,0,user_87036,0.000165,0.009165,0.009165,384,1233,5
FAC20251007088339,Science,Japanese,Text,North America,3467,0,user_276146,0.000095,0.003392,0.003392,192,599,14
FAC20251007088377,Business,English,Image,Asia,104,0,user_162749,0.000171,0.013464,0.013464,424,1384,11
FAC20251007088426,Fashion,English,Image,Asia,547,0,user_5200,0.000168,0.012284,0.012284,411,1355,9
FAC20251007088438,Technology,Hindi,Video,Asia,1407,0,user_497627,0.000082,0.005975,0.005975,169,518,1
FAC20251007088439,Travel,English,Link,Asia,2607,0,user_323013,0.000144,0.012611,0.012611,348,1099,8
FAC20251007088447,Entertainment,Spanish,Link,Unknown,8917,1,user_34278,0.000074,0.004607,0.004607,142,434,6
FAC20251007088471,Fashion,French,Video,Asia,9250,1,user_317376,0.000069,0.002085,0.002085,120,374,9
FAC20251007088475,Gaming,English,Image,North America,953,0,user_449752,0.000182,0.013831,0.013831,449,1449,13
FAC20251007088538,Business,Portuguese,Image,Asia,467,0,user_337407,0.000102,0.005142,0.005142,215,670,11
FAC20251007088542,Sports,English,Text,Oceania,71,0,user_235531,0.00017,0.010119,0.010119,406,1322,5
FAC20251007088545,Climate,English,Image,Europe,789,0,user_370687,0.000177,0.011802,0.011802,426,1369,0
FAC20251007088549,Education,English,Video,South America,22261,1,user_210296,0.00015,0.013695,0.013695,367,1172,2
FAC20251007088568,Travel,English,Text,Europe,150,0,user_142916,0.000182,0.016436,0.016436,460,1508,8
FAC20251007088606,Gaming,English,Image,Europe,21062,1,user_440693,0.000156,0.010373,0.010373,375,1225,13
FAC20251007088610,Travel,French,Link,Europe,6508,0,user_122401,0.000062,0.002252,0.002252,104,315,8
FAC20251007088613,Travel,English,Video,North America,1802,0,user_72625,0.000166,0.014155,0.014154,407,1306,8
FAC20251007088614,Travel,French,Video,Asia,2260,0,user_362483,0.000079,0.003789,0.003789,152,464,8
FAC20251007088630,Travel,English,Text,North America,775,0,user_147014,0.00019,0.017688,0.017688,485,1578,8
FAC20251007088635,Education,English,Image,North America,3157,0,user_187764,0.000171,0.016345,0.016344,431,1414,2
FAC20251007088638,Business,English,Poll,Unknown,3443,0,user_81696,0.000133,0.010098,0.010098,313,972,11
FAC20251007088651,Politics,English,Video,Asia,9808,1,user_246203,0.00015,0.010102,0.010102,358,1150,4
FAC20251007088674,Education,English,Poll,Unknown,39,0,user_40195,0.00013,0.012759,0.012758,316,973,2
FAC20251007088696,Politics,Chinese,Text,Africa,2231,0,user_394173,0.000094,0.004964,0.004964,198,611,4
FAC20251007088714,Education,English,Text,North America,2849,0,user_468335,0.000185,0.017949,0.017949,471,1533,2
FAC20251007088726,Entertainment,English,Image,North America,2689,0,user_189685,0.00018,0.023366,0.023367,468,1520,6
FAC20251008088748,Travel,English,Text,South America,133,0,user_399538,0.000177,0.015726,0.015726,444,1461,8
FAC20251008088750,Business,English,Text,North America,1,0,user_410202,0.000149,0.010855,0.010855,361,1186,11
FAC20251008088795,Politics,Portuguese,Text,North America,567,0,user_236730,0.000115,0.005368,0.005368,244,754,4
FAC20251008088813,Education,English,Image,North America,101,0,user_181070,0.000178,0.016812,0.016812,450,1457,2
FAC20251009088853,Finance,Portuguese,Text,Europe,979,0,user_224350,0.000107,0.005407,0.005407,228,714,10
FAC20251009088876,Gaming,Spanish,Video,Europe,2155,1,user_127113,0.000091,0.002786,0.002786,171,534,13
FAC20251009088908,Gaming,Japanese,Image,North America,8186,0,user_256632,0.000098,0.004204,0.004204,201,619,13
FAC20251009088909,Finance,Spanish,Poll,North America,33,0,user_34760,0.000052,0.000953,0.000953,73,222,10
FAC20251009088911,Climate,French,Video,Asia,7611,0,user_360008,0.000085,0.002067,0.002067,152,474,0
FAC20251010088992,AI/ML,English,Video,Africa,595,0,user_488835,0.000172,0.016497,0.016496,429,1375,12
FAC20251010088993,Fashion,Spanish,Image,North America,165,0,user_463750,0.000114,0.005121,0.005121,244,769,9
FAC20251010088999,Entertainment,English,Video,North America,693,0,user_315393,0.000173,0.022378,0.022378,445,1424,6
FAC20251010089017,Food,English,Text,Asia,41,0,user_20430,0.000161,0.01042,0.01042,388,1270,3
FAC20251010089040,Science,English,Image,North America,162,0,user_359720,0.000172,0.009786,0.009786,407,1311,14
FAC20251010089050,AI/ML,Spanish,Poll,Asia,9862,1,user_110906,0.000065,0.002188,0.002187,108,330,12
FAC20251010089073,AI/ML,English,Text,Oceania,3060,1,user_325574,0.000183,0.018282,0.018281,466,1510,12
FAC20251010089081,Travel,English,Text,Europe,2140,0,user_462268,0.000181,0.017163,0.017163,462,1521,8
FAC20251010089106,Fashion,English,Image,North America,4619,0,user_65341,0.00017,0.012635,0.012635,417,1363,9
FAC20251010089110,Education,Portuguese,Video,Europe,2658,1,user_338909,0.000095,0.004824,0.004824,193,600,2
FAC20251010089146,Entertainment,Portuguese,Image,North America,2295,0,user_382809,0.000109,0.010011,0.010011,247,778,6
FAC20251011089161,Entertainment,Portuguese,Text,Asia,91,0,user_495167,0.000105,0.011248,0.011248,244,762,6
FAC20251011089182,Finance,Portuguese,Image,Asia,236,0,user_401379,0.0001,0.004144,0.004144,204,636,10
FAC20251011089202,Politics,English,Video,Asia,551,0,user_69138,0.000164,0.011438,0.011438,395,1277,4
FAC20251011089203,Travel,English,Image,Asia,258,1,user_460505,0.000177,0.015805,0.015805,444,1445,8
FAC20251011089228,Sports,Spanish,Video,Asia,34137,1,user_278318,0.000089,0.002146,0.002146,165,512,5
FAC20251011089230,Technology,French,Video,Asia,118,0,user_185242,0.000087,0.005856,0.005856,179,550,1
FAC20251011089250,AI/ML,English,Image,North America,1878,0,user_50274,0.000182,0.018099,0.018099,465,1533,12
FAC20251011089296,Entertainment,English,Video,North America,2441,0,user_439291,0.000165,0.021487,0.021488,423,1361,6
FAC20251011089324,Business,Japanese,Image,Oceania,14648,0,user_382844,0.000091,0.004549,0.004549,187,573,11
FAC20251011089327,Politics,English,Video,North America,312,0,user_398857,0.000159,0.011083,0.011083,383,1239,4
FAC20251011089354,Technology,Hindi,Poll,Africa,452,0,user_29687,0.000049,0.002632,0.002632,77,236,1
FAC20251011089386,Education,English,Link,Europe,4502,1,user_135988,0.000142,0.013537,0.013536,347,1089,2
FAC20251011089389,Education,English,Image,North America,530,0,user_144658,0.000175,0.016396,0.016396,441,1448,2
FAC20251011089391,Fashion,Portuguese,Link,Asia,550,0,user_154882,0.000073,0.002073,0.002073,126,394,9
FAC20251011089432,AI/ML,Spanish,Image,Europe,881,0,user_263574,0.000114,0.007838,0.007838,253,799,12
FAC20251011089450,Food,French,Link,Europe,138732,1,user_419817,0.000056,0.001038,0.001038,81,246,3
FAC20251011089451,Fashion,German,Image,Europe,6386,0,user_460891,0.000091,0.004448,0.004448,189,579,9
FAC20251011089458,Business,English,Image,North America,1046,0,user_27460,0.000179,0.014995,0.014995,449,1455,11
FAC20251011089468,Gaming,Spanish,Image,North America,158,0,user_47867,0.000109,0.004616,0.004616,229,721,13
FAC20251011089495,Technology,English,Video,Europe,1064,0,user_296785,0.000169,0.019389,0.019389,430,1397,1
FAC20251012089599,Finance,English,Text,Asia,554,1,user_88394,0.000177,0.013882,0.013882,440,1443,10
FAC20251012089600,Health,Arabic,Text,Africa,538,0,user_25523,0.000099,0.00819,0.00819,220,679,7
FAC20251012089604,Education,Korean,Poll,Unknown,546,0,user_375097,0.000057,0.002289,0.002289,92,280,2
FAC20251012089612,Science,French,Text,South America,711,0,user_115942,0.000107,0.003811,0.003811,220,684,14
FAC20251012089626,AI/ML,English,Image,Asia,474,0,user_83138,0.000178,0.017165,0.017164,449,1478,12
FAC20251012089643,AI/ML,Spanish,Image,Europe,1595,0,user_116330,0.000115,0.00761,0.00761,254,807,12
FAC20251012089724,Food,English,Image,Europe,145,0,user_60417,0.000177,0.01205,0.01205,431,1409,3
FAC20251012089732,Education,Spanish,Image,Oceania,262,0,user_147733,0.000109,0.006965,0.006965,240,758,2
FAC20251012089749,Health,Spanish,Video,Asia,155,0,user_24976,0.000094,0.005788,0.005788,196,605,7
FAC20251012089750,Fashion,Arabic,Image,North America,90,0,user_49314,0.000093,0.004519,0.004519,192,591,9
FAC20251012089752,Entertainment,English,Link,Asia,289,0,user_264984,0.000145,0.019932,0.019933,367,1151,6
FAC20251012089771,Sports,Hindi,Video,Oceania,21770,1,user_18802,0.000074,0.001791,0.001791,128,394,5
FAC20251012089822,Sports,English,Text,Europe,79,0,user_139284,0.00017,0.01007,0.01007,405,1317,5
FAC20251012089830,Gaming,Japanese,Image,Europe,375,0,user_126573,0.0001,0.004491,0.004491,207,646,13
FAC20251012089840,Climate,English,Image,North America,9,0,user_249190,0.000144,0.007856,0.007856,330,1056,0
FAC20251012089841,Politics,English,Link,Asia,160,0,user_270875,0.00014,0.009326,0.009326,327,1015,4
FAC20251012089852,Education,English,Image,Europe,401,0,user_25382,0.000179,0.016863,0.016863,453,1481,2
FAC20251012089889,Health,English,Text,North America,3664,0,user_357376,0.000187,0.020319,0.020318,484,1588,7
FAC20251012089923,Entertainment,English,Text,North America,729,0,user_118256,0.000191,0.025568,0.025569,505,1655,6
FAC20251012089931,AI/ML,English,Image,North America,1394,0,user_382966,0.000183,0.018219,0.018218,465,1521,12
FAC20251012089934,Climate,English,Video,Asia,129,0,user_212410,0.000152,0.008421,0.008421,348,1109,0
FAC20251012089952,Health,English,Image,Asia,20980,0,user_77949,0.000169,0.017074,0.017074,425,1371,7
FAC20251012089965,AI/ML,English,Video,North America,12,0,user_221005,0.000142,0.013617,0.013617,346,1103,12
FAC20251012089980,Sports,English,Video,Asia,103,0,user_119502,0.000156,0.008216,0.008216,359,1139,5
FAC20251013090033,Sports,French,Image,North America,1041,0,user_73182,0.000096,0.003332,0.003332,191,592,5
FAC20251013090067,Science,English,Text,Europe,5421,0,user_112128,0.000174,0.009592,0.009592,412,1338,14
FAC20251013090073,Finance,English,Text,North America,2649,0,user_185923,0.000176,0.013379,0.013379,434,1422,10
FAC20251013090083,Gaming,English,Video,Asia,5049,1,user_99678,0.000156,0.01052,0.01052,368,1160,13
FAC20251015090137,Entertainment,English,Image,North America,3603,0,user_387260,0.000182,0.023551,0.023552,472,1524,6
FAC20251015090138,Fashion,English,Link,Europe,3099,0,user_18297,0.000143,0.009799,0.009799,335,1039,9
FAC20251015090145,Gaming,English,Video,Asia,6027,0,user_21971,0.000157,0.010476,0.010476,370,1167,13
FAC20251015090172,Travel,English,Video,North America,460,0,user_163960,0.000165,0.014182,0.014182,405,1295,8
FAC20251015090195,Finance,French,Link,Oceania,17,0,user_258290,0.000051,0.00111,0.00111,72,219,10
FAC20251016090231,Technology,English,Image,Oceania,165,0,user_284178,0.000183,0.021118,0.021118,473,1530,1
FAC20251016090249,Politics,French,Link,Asia,2707,0,user_432392,0.000063,0.001824,0.001824,103,313,4
FAC20251016090260,Politics,English,Image,Europe,2019,0,user_164032,0.000182,0.012857,0.012857,443,1425,4
FAC20251016090268,AI/ML,English,Text,Europe,3719,1,user_408728,0.000187,0.018758,0.018758,477,1542,12
FAC20251016090269,Technology,Hindi,Image,Asia,209,1,user_355611,0.000094,0.007866,0.007866,205,630,1
FAC20251016090270,Health,English,Text,North America,45,0,user_218279,0.000168,0.017802,0.017802,427,1397,7
FAC20251016090308,Food,English,Text,Asia,21,0,user_396960,0.000152,0.009593,0.009593,364,1191,3
FAC20251016090313,Finance,English,Link,Oceania,70,0,user_482135,0.000133,0.008944,0.008944,309,968,10
FAC20251016090342,Travel,French,Text,South America,1311,0,user_357029,0.000107,0.007126,0.007126,236,731,8
FAC20251016090351,Health,English,Video,North America,2250,1,user_115488,0.000162,0.017092,0.017092,408,1302,7
FAC20251017090367,Education,Arabic,Image,Europe,64,0,user_106988,0.000092,0.005766,0.005766,193,586,2
FAC20251017090383,Health,English,Link,North America,159,0,user_416031,0.000143,0.015508,0.015508,355,1123,7
FAC20251017090444,Education,English,Text,Asia,1074,0,user_327823,0.000193,0.018789,0.018788,495,1608,2
FAC20251017090454,Science,Spanish,Text,Europe,11368,1,user_464983,0.000109,0.003561,0.003561,222,687,14
FAC20251017090472,Business,English,Video,Europe,546,0,user_162127,0.000163,0.012618,0.012618,399,1266,11
FAC20251017090476,Health,English,Image,Asia,1050,0,user_41484,0.000191,0.020572,0.020572,493,1588,7
FAC20251017090477,AI/ML,Korean,Text,North America,836,0,user_27122,0.000097,0.006731,0.006731,207,643,12
FAC20251017090484,Science,German,Text,North America,74,0,user_255520,0.000096,0.003287,0.003287,190,590,14
FAC20251017090489,Education,English,Image,North America,1069,0,user_180569,0.000186,0.018322,0.018322,474,1546,2
FAC20251017090540,Gaming,Spanish,Image,North America,55,0,user_176122,0.0001,0.004195,0.004195,204,643,13
FAC20251017090596,Politics,English,Video,North America,7,0,user_486202,0.000134,0.008675,0.008675,314,1010,4
FAC20251017090600,Entertainment,English,Video,Europe,14909,1,user_162705,0.000149,0.019877,0.019877,376,1196,6
FAC20251018090640,Science,Spanish,Link,Europe,20,0,user_263303,0.00007,0.001101,0.001101,113,347,14
FAC20251018090641,Climate,English,Image,Europe,1395,1,user_60734,0.000176,0.011449,0.011449,422,1359,0
FAC20251018090696,Entertainment,Korean,Image,North America,1421,0,user_114496,0.000095,0.008894,0.008894,209,649,6
FAC20251018090703,Food,English,Image,North America,1430,0,user_347659,0.000181,0.012778,0.012778,443,1446,3
FAC20251018090755,AI/ML,Spanish,Image,Asia,3475,0,user_9206,0.000114,0.007518,0.007518,252,790,12
FAC20251018090765,AI/ML,English,Video,South America,1231,0,user_20661,0.000165,0.015813,0.015812,410,1313,12
FAC20251018090772,Sports,English,Text,North America,605,0,user_61285,0.000188,0.012909,0.012909,459,1492,5
FAC20251018090775,Science,Spanish,Link,North America,2309,0,user_138931,0.000081,0.001732,0.001732,143,445,14
FAC20251018090778,Education,German,Poll,South America,577,0,user_273505,0.000059,0.002408,0.002408,98,299,2
FAC20251018090785,Technology,English,Poll,North America,880,0,user_150949,0.000142,0.017146,0.017146,355,1107,1
FAC20251018090835,Technology,Japanese,Poll,Asia,207,0,user_221667,0.00005,0.002273,0.002273,76,233,1
FAC20251018090850,Gaming,English,Text,Africa,425,0,user_360999,0.000189,0.015722,0.015722,474,1559,13
FAC20251018090857,Science,English,Image,Europe,2148,1,user_378556,0.000177,0.010237,0.010236,419,1356,14
FAC20251018090909,Education,English,Image,North America,27179,0,user_169225,0.000157,0.014607,0.014607,392,1270,2
FAC20251018090910,Health,German,Poll,Asia,10,0,user_229218,0.000041,0.00092,0.00092,46,139,7
FAC20251018090928,Gaming,Portuguese,Text,Europe,1851,0,user_440653,0.000107,0.005456,0.005456,229,714,13
FAC20251018090929,Education,French,Video,Europe,2003,0,user_207247,0.00009,0.004652,0.004652,180,560,2
FAC20251018090958,Sports,Spanish,Video,Unknown,2018,0,user_303032,0.000099,0.002747,0.002747,191,598,5
FAC20251018091000,Gaming,Spanish,Image,Asia,4998,1,user_138173,0.000106,0.004504,0.004504,222,693,13
FAC20251018091025,Gaming,Portuguese,Text,Europe,92,0,user_270228,0.000104,0.00522,0.00522,220,680,13
FAC20251018091030,Fashion,English,Image,Asia,3687,0,user_399975,0.000168,0.012506,0.012506,412,1352,9
FAC20251019091075,Entertainment,French,Image,Europe,3566,0,user_352073,0.000098,0.009176,0.009176,219,677,6
FAC20251019091079,Science,English,Video,Asia,2583,0,user_205758,0.000163,0.008595,0.008595,379,1223,14
FAC20251019091088,Fashion,English,Text,North America,82,0,user_48783,0.000171,0.012222,0.012222,420,1375,9
FAC20250419091213,Politics,English,Video,North America,395,0,user_441505,0.000155,0.010491,0.010491,371,1204,4
FAC20250419091256,Politics,English,Text,Asia,63,0,user_191006,0.000165,0.011403,0.011403,401,1321,4
FAC20250419091277,Food,English,Text,North America,6098,1,user_268939,0.000171,0.011528,0.011528,416,1352,3
FAC20250419091287,Business,French,Image,Europe,3230,1,user_405521,0.000098,0.005134,0.005134,207,639,11
FAC20250419091315,Technology,English,Image,Europe,2935,1,user_230790,0.000175,0.020475,0.020475,451,1483,1
FAC20250419091319,Entertainment,Hindi,Text,Asia,5296,0,user_161797,0.000096,0.010991,0.010991,221,677,6
FAC20250419091322,Food,Portuguese,Image,Europe,3217,1,user_181973,0.000106,0.004584,0.004584,223,692,3
FAC20250419091351,Business,English,Link,Europe,266,0,user_354536,0.000142,0.0108,0.0108,339,1066,11
FAC20250419091372,Education,English,Video,Asia,234,0,user_374234,0.00017,0.015526,0.015526,422,1358,2
FAC20250419091377,Politics,French,Image,North America,1834,0,user_14958,0.0001,0.004087,0.004087,203,629,4
FAC20250419091380,Climate,English,Link,North America,408,0,user_73651,0.000139,0.007964,0.007964,317,1003,0
FAC20250419091383,Climate,Japanese,Link,North America,324,0,user_347954,0.00006,0.00142,0.00142,93,286,0
FAC20250419091392,Health,Portuguese,Text,Asia,12589,1,user_319828,0.000104,0.008089,0.008089,231,714,7
FAC20250419091403,Fashion,English,Image,Europe,15481,1,user_428170,0.000158,0.010964,0.010964,382,1244,9
FAC20250419091407,Fashion,English,Text,Asia,1628,0,user_337642,0.000185,0.014151,0.014151,460,1499,9
FAC20250419091456,Fashion,English,Text,Europe,57709,1,user_309045,0.000152,0.01028,0.010279,365,1193,9
FAC20250420091481,Politics,English,Text,North America,112,0,user_252559,0.000168,0.011726,0.011726,410,1338,4
FAC20250420091496,Climate,Hindi,Text,Europe,3881,0,user_52675,0.000099,0.004287,0.004287,204,634,0
FAC20250420091510,Sports,English,Video,Asia,81,0,user_351032,0.000155,0.008294,0.008294,358,1141,5
FAC20250420091514,Finance,English,Image,North America,81028,0,user_287833,0.000147,0.009244,0.009244,347,1120,10
FAC20250420091525,Science,Japanese,Video,Asia,2436,0,user_210196,0.000085,0.002314,0.002314,158,490,14
FAC20250420091543,AI/ML,Arabic,Link,Europe,93,0,user_140285,0.000054,0.00195,0.00195,81,244,12
FAC20250420091581,Fashion,Arabic,Video,Asia,11197,1,user_234614,0.000069,0.002177,0.002177,121,373,9
FAC20250420091610,Travel,Spanish,Image,South America,3970,1,user_85984,0.000104,0.005744,0.005744,221,688,8
FAC20250420091628,Sports,English,Text,North America,4611,1,user_19805,0.000178,0.011341,0.011341,430,1401,5
FAC20250420091645,AI/ML,Hindi,Text,North America,13359,1,user_44536,0.000085,0.005796,0.005796,175,535,12
FAC20250420091648,Technology,English,Poll,Asia,71,0,user_363681,0.000135,0.016634,0.016634,337,1039,1
FAC20250420091702,Business,English,Image,Europe,212,0,user_5896,0.000175,0.013697,0.013697,434,1419,11
FAC20250420091705,Technology,Korean,Video,Africa,65,0,user_250224,0.000077,0.005363,0.005363,154,473,1
FAC20250420091720,Finance,English,Image,North America,110,0,user_439168,0.000174,0.012067,0.012067,423,1361,10
FAC20250420091726,Business,Japanese,Poll,Europe,5,0,user_136103,0.000039,0.000538,0.000538,40,121,11
FAC20250420091738,Travel,Spanish,Link,North America,52,0,user_371538,0.000066,0.002329,0.002329,115,352,8
FAC20250420091739,Climate,Spanish,Text,Oceania,552,0,user_49496,0.000119,0.004932,0.004932,253,803,0
FAC20250420091741,Health,English,Video,South America,8925,0,user_470492,0.000157,0.016422,0.016422,392,1260,7
FAC20250420091744,Business,German,Link,Europe,77,0,user_10885,0.000052,0.001435,0.001435,76,234,11
FAC20250420091765,Technology,English,Poll,Asia,390,0,user_125771,0.000136,0.016845,0.016845,341,1057,1
FAC20250421091797,Entertainment,English,Video,Europe,13567,1,user_212980,0.00015,0.020069,0.02007,380,1211,6
FAC20250421091863,Finance,English,Video,Europe,189,0,user_101005,0.000156,0.010504,0.010504,371,1192,10
FAC20250421091880,Health,Korean,Image,Europe,8657,0,user_285363,0.000092,0.006573,0.006573,197,606,7
FAC20250421091930,Entertainment,English,Video,North America,519,1,user_388665,0.000172,0.022256,0.022257,443,1411,6
FAC20250421091950,Fashion,English,Image,North America,126,0,user_249114,0.000172,0.012796,0.012796,424,1384,9
FAC20250421091956,Health,English,Video,Asia,9184,0,user_478677,0.000157,0.016412,0.016412,392,1260,7
FAC20250421092059,Finance,French,Image,North America,249626,1,user_484697,0.000083,0.00314,0.00314,160,486,10
FAC20250422092108,Entertainment,English,Video,North America,143,0,user_203154,0.000159,0.020714,0.020715,403,1290,6
FAC20250422092176,Finance,German,Text,Africa,80,0,user_439453,0.000089,0.004703,0.004703,186,569,10
FAC20250422092197,Sports,English,Poll,Europe,13209,1,user_46836,0.00012,0.006926,0.006926,271,824,5
FAC20250422092206,Politics,English,Video,Africa,2042,0,user_335198,0.000158,0.010648,0.010648,379,1228,4
FAC20250422092295,Business,English,Link,Europe,5320,0,user_462347,0.000138,0.010426,0.010426,327,1020,11
FAC20250422092308,Technology,English,Text,Asia,677,0,user_75269,0.00019,0.022445,0.022445,496,1608,1
FAC20250422092317,Politics,German,Text,North America,56,0,user_379108,0.000093,0.004768,0.004768,195,599,4
FAC20250422092336,Business,French,Image,Asia,488,0,user_131041,0.000098,0.005028,0.005027,206,643,11
FAC20250422092362,Food,English,Link,Asia,1928,0,user_61435,0.000144,0.00914,0.00914,336,1054,3
FAC20250422092368,Entertainment,English,Image,Asia,525,0,user_9215,0.000179,0.023334,0.023334,467,1516,6
FAC20250422092379,Education,English,Image,North America,640,0,user_133785,0.000178,0.016826,0.016825,450,1474,2
FAC20250423092436,Climate,Korean,Image,Oceania,433,0,user_436469,0.00009,0.003175,0.003175,175,538,0
FAC20250423092449,Food,German,Poll,Europe,580,0,user_190560,0.000051,0.001227,0.001227,72,221,3
FAC20250423092452,Sports,Korean,Image,South America,1441,0,user_287193,0.000096,0.003389,0.003389,192,586,5
FAC20250423092463,AI/ML,Spanish,Video,Europe,108,0,user_484127,0.00009,0.004463,0.004462,177,547,12
FAC20250423092476,Entertainment,English,Text,South America,66823,0,user_444853,0.000153,0.021232,0.021233,395,1303,6
FAC20250423092481,AI/ML,English,Text,North America,312,1,user_378977,0.000192,0.019796,0.019796,492,1592,12
FAC20250423092484,Politics,English,Link,North America,21951,0,user_446104,0.000133,0.008827,0.008827,308,952,4
FAC20250423092518,Science,English,Text,Asia,4060,1,user_233561,0.000182,0.011195,0.011195,438,1416,14
FAC20250423092536,Entertainment,English,Image,North America,976,0,user_308537,0.000191,0.025006,0.025006,500,1616,6
FAC20250423092643,Entertainment,Chinese,Link,North America,33,0,user_447546,0.000047,0.002607,0.002607,71,216,6
FAC20250423092647,Gaming,Spanish,Video,Europe,60,0,user_482654,0.000087,0.00241,0.00241,158,490,13
FAC20250423092657,AI/ML,German,Image,North America,1302,0,user_52994,0.000097,0.00691,0.00691,210,648,12
FAC20250423092666,Business,English,Poll,Asia,2417,0,user_402623,0.000134,0.010211,0.010211,316,979,11
FAC20250423092680,Gaming,French,Text,North America,484,0,user_177106,0.000106,0.00538,0.00538,226,707,13
FAC20250423092682,Travel,English,Image,North America,112,1,user_405668,0.000176,0.015539,0.015539,441,1426,8
FAC20250423092693,Entertainment,English,Text,North America,529,0,user_183352,0.000192,0.026178,0.026179,508,1662,6
FAC20250423092720,Climate,Spanish,Image,South America,171,0,user_167872,0.000104,0.003305,0.003305,206,638,0
FAC20250423092741,Science,French,Image,Asia,218,0,user_381508,0.000093,0.00279,0.00279,182,562,14
FAC20250424092766,Climate,English,Text,Europe,65,0,user_389004,0.000174,0.010593,0.010593,418,1361,0
FAC20250424092775,Politics,English,Video,North America,479,0,user_91476,0.000161,0.011171,0.011171,388,1254,4
FAC20250424092818,Education,English,Video,Europe,3045,0,user_371196,0.00017,0.015669,0.015669,424,1367,2
FAC20250424092819,Fashion,Chinese,Video,Asia,10901,1,user_391006,0.000066,0.00206,0.00206,112,348,9
FAC20250424092820,Food,English,Video,Europe,2622,0,user_305103,0.000161,0.010475,0.010475,381,1202,3
FAC20250424092825,Travel,French,Video,Asia,10760,0,user_207962,0.000077,0.003149,0.003149,143,438,8
FAC20250424092833,Fashion,English,Image,North America,100,0,user_273848,0.00017,0.012686,0.012686,420,1374,9
FAC20250424092855,Health,English,Text,North America,20078,1,user_343593,0.000166,0.017509,0.017508,421,1385,7
FAC20250424092856,Sports,English,Text,Asia,160350,1,user_115114,0.000146,0.007802,0.007802,339,1106,5
FAC20250424092901,Politics,Spanish,Link,Europe,458,0,user_284627,0.000069,0.001733,0.001733,115,354,4
FAC20250424092920,Science,English,Video,North America,2660,0,user_5804,0.000166,0.008817,0.008817,386,1246,14
FAC20250424092924,Health,English,Image,North America,1588,1,user_9504,0.00019,0.019988,0.019988,489,1573,7
FAC20250424092935,Finance,Korean,Image,Asia,820,0,user_184009,0.000096,0.00407,0.00407,194,599,10
FAC20250424092953,Travel,Chinese,Poll,South America,4567,1,user_154873,0.000042,0.001199,0.001199,53,162,8
FAC20250424092976,Gaming,English,Text,Asia,1292,0,user_478629,0.00018,0.013963,0.013963,448,1482,13
FAC20250424092983,AI/ML,French,Image,Europe,523,0,user_194712,0.000108,0.007377,0.007377,236,732,12
FAC20250424093079,Business,English,Image,Asia,746,0,user_496341,0.000176,0.013969,0.013969,437,1425,11
FAC20250425093098,Health,English,Text,North America,31,0,user_475758,0.000165,0.01731,0.017309,419,1369,7
FAC20250425093105,Entertainment,Spanish,Link,Asia,109533,1,user_414730,0.000065,0.003685,0.003685,118,358,6
FAC20250425093128,Gaming,English,Text,Oceania,2830,0,user_115663,0.000175,0.013393,0.013393,432,1416,13
FAC20250425093139,Business,English,Video,Africa,3034,0,user_419948,0.000159,0.012246,0.012246,387,1237,11
FAC20250425093155,Business,English,Text,Unknown,176,0,user_267334,0.000187,0.014974,0.014974,470,1535,11
FAC20250425093160,Gaming,Spanish,Text,Asia,496,0,user_86267,0.000114,0.005749,0.005749,249,785,13
FAC20250425093177,Food,Hindi,Image,North America,2305,0,user_248983,0.000098,0.004259,0.004259,202,625,3
FAC20250425093193,Fashion,English,Link,North America,1980,0,user_64625,0.000147,0.010151,0.010151,346,1081,9
FAC20250425093209,Politics,English,Video,North America,65,0,user_404480,0.00015,0.009874,0.009874,354,1148,4
FAC20250425093217,AI/ML,English,Text,Asia,10938,1,user_211362,0.000164,0.015948,0.015947,412,1345,12
FAC20250425093222,Entertainment,English,Text,North America,148694,1,user_221093,0.000151,0.021082,0.021083,390,1286,6
FAC20250425093236,Gaming,Spanish,Text,Europe,110,0,user_194229,0.000113,0.005497,0.005497,243,756,13
FAC20250425093251,Gaming,English,Text,Africa,741,0,user_46487,0.00018,0.013895,0.013895,447,1477,13
FAC20250425093279,Climate,Japanese,Image,Europe,56,0,user_274787,0.000082,0.002588,0.002588,152,475,0
FAC20250425093282,Entertainment,Spanish,Text,South America,1393,0,user_213432,0.000128,0.012861,0.012861,304,955,6
FAC20250425093321,Politics,English,Text,Oceania,981,0,user_366414,0.000185,0.013974,0.013974,459,1505,4
FAC20250425093327,Business,French,Text,North America,1874,0,user_287086,0.000104,0.005797,0.005797,225,706,11
FAC20250425093389,Technology,Spanish,Video,Europe,7570,0,user_208090,0.000098,0.0063,0.0063,206,640,1
FAC20250426093417,Business,English,Text,North America,722,0,user_148292,0.000186,0.015274,0.015274,469,1531,11
FAC20250426093511,Business,English,Text,Europe,3057,0,user_25306,0.000182,0.014758,0.014758,456,1495,11
FAC20250426093547,Finance,English,Image,North America,5773,0,user_169028,0.000169,0.011357,0.011357,408,1317,10
FAC20250426093595,Travel,English,Video,Africa,54,0,user_368367,0.000157,0.013142,0.013141,380,1198,8
FAC20250426093623,Finance,English,Text,Europe,838,0,user_306662,0.000181,0.01386,0.01386,449,1483,10
FAC20250426093651,Education,Spanish,Poll,Unknown,349,0,user_419023,0.000068,0.002984,0.002984,124,380,2
FAC20250426093676,Food,Chinese,Text,Europe,79,0,user_3536,0.000092,0.004372,0.004372,190,586,3
FAC20250426093688,AI/ML,French,Video,Asia,225205,1,user_285987,0.000071,0.00348,0.003479,132,401,12
FAC20250426093720,Gaming,Spanish,Poll,Europe,90,0,user_469917,0.00006,0.001366,0.001366,94,287,13
FAC20250426093721,Travel,Spanish,Text,North America,503,0,user_258370,0.000112,0.007304,0.007304,250,785,8
FAC20250427093723,Education,Japanese,Image,North America,85,0,user_214036,0.000091,0.005737,0.005737,192,589,2
FAC20250427093737,Gaming,English,Text,North America,204,0,user_171080,0.000177,0.013401,0.013401,439,1452,13
FAC20250427093748,Fashion,Portuguese,Text,Africa,8,0,user_70031,0.000103,0.004937,0.004937,216,661,9
FAC20250427093778,Business,Spanish,Image,North America,28917,1,user_214587,0.000096,0.004629,0.004629,200,620,11
FAC20250427093806,Education,Arabic,Text,Asia,842,0,user_419640,0.0001,0.006989,0.006988,219,676,2
FAC20250427093850,Food,French,Text,South America,415,0,user_342377,0.0001,0.004605,0.004605,210,649,3
FAC20250427093853,Technology,English,Image,Asia,4957,0,user_417687,0.000175,0.020315,0.020315,451,1470,1
FAC20250427093925,Health,English,Link,Europe,2984,0,user_364148,0.000143,0.01553,0.01553,354,1119,7
FAC20250427093927,Health,English,Video,North America,38,0,user_146868,0.000146,0.015507,0.015507,362,1162,7
FAC20250427093928,Fashion,Arabic,Text,Africa,16451,0,user_170296,0.000095,0.00485,0.00485,199,610,9
FAC20250427093939,Science,English,Image,North America,857,0,user_382975,0.000182,0.011139,0.011139,436,1399,14
FAC20250427093960,Education,English,Poll,Europe,2928,1,user_107323,0.000136,0.013181,0.013181,331,1037,2
FAC20250427093983,Climate,English,Text,Asia,1327,0,user_22858,0.000187,0.01269,0.012689,456,1498,0
FAC20250428094030,Science,Hindi,Image,North America,5742,0,user_310224,0.000088,0.002665,0.002665,170,524,14
FAC20250428094048,Climate,Arabic,Text,North America,1573,0,user_58584,0.000104,0.00468,0.00468,218,677,0
FAC20250428094082,Finance,Portuguese,Text,Europe,103,0,user_295409,0.000099,0.005019,0.005019,208,641,10
FAC20250428094090,Climate,English,Text,Asia,352,0,user_46540,0.000195,0.014406,0.014406,481,1562,0
FAC20250428094110,Business,English,Image,Asia,342,0,user_95654,0.000175,0.013897,0.013897,435,1418,11
FAC20250428094116,Finance,Korean,Poll,Asia,2724,0,user_494947,0.000043,0.000824,0.000824,52,157,10
FAC20250428094119,Climate,English,Image,Europe,44544,1,user_148751,0.000145,0.007862,0.007862,334,1069,0
FAC20250428094122,Finance,English,Text,Europe,710,0,user_428218,0.000176,0.013247,0.013247,433,1429,10
FAC20250428094153,Food,German,Text,North America,245,0,user_256957,0.0001,0.004627,0.004627,208,647,3
FAC20250428094154,Business,Korean,Image,Asia,57,0,user_256033,0.000086,0.004363,0.004363,176,537,11
FAC20250428094159,Travel,English,Text,Asia,19516,0,user_356718,0.000164,0.014291,0.014291,409,1333,8
FAC20250428094162,Science,German,Image,Europe,9223,0,user_278472,0.000091,0.00267,0.00267,176,541,14
FAC20250428094165,Science,English,Video,Africa,53972,1,user_198185,0.00014,0.006618,0.006618,315,1011,14
FAC20250428094191,Climate,English,Text,Europe,4542,0,user_45845,0.000183,0.011883,0.011883,443,1442,0
FAC20250428094195,Climate,Spanish,Video,Europe,59,0,user_93257,0.000092,0.002232,0.002232,168,522,0
FAC20250428094202,Climate,English,Link,Europe,29573,1,user_202324,0.000129,0.007454,0.007454,293,918,0
FAC20250428094230,Technology,Arabic,Image,Europe,748,1,user_452784,0.000098,0.00842,0.00842,218,672,1
FAC20250428094234,AI/ML,German,Video,Asia,118,0,user_186884,0.000076,0.003904,0.003904,143,440,12
FAC20250428094248,Fashion,Japanese,Link,Europe,413,0,user_85150,0.000062,0.001897,0.001897,102,311,9
FAC20250428094250,Fashion,Chinese,Text,Asia,145,0,user_152468,0.0001,0.005266,0.005266,214,660,9
FAC20250428094258,AI/ML,English,Text,Africa,10511,0,user_383919,0.000166,0.016106,0.016106,417,1361,12
FAC20250428094308,Politics,French,Image,Europe,32,0,user_374880,0.000086,0.003269,0.003269,167,512,4
FAC20250429094365,Technology,Hindi,Image,Unknown,292,0,user_14400,0.000094,0.008176,0.008176,208,637,1
FAC20250429094366,Food,French,Video,North America,23349,1,user_25816,0.00007,0.001857,0.001857,120,366,3
FAC20250429094399,Sports,Spanish,Image,Africa,16873,0,user_281087,0.000099,0.003192,0.003192,197,613,5
FAC20250429094468,Technology,English,Text,North America,6189,0,user_379186,0.000175,0.020412,0.020412,451,1460,1
FAC20250429094478,Travel,English,Text,North America,34816,1,user_235990,0.000156,0.013374,0.013374,385,1262,8
FAC20250429094489,Business,English,Text,Asia,318,0,user_300757,0.000189,0.016293,0.016293,479,1561,11
FAC20250429094492,AI/ML,English,Poll,North America,1158,0,user_13170,0.000141,0.013642,0.013641,339,1051,12
FAC20250429094540,Education,Hindi,Text,Europe,1871,0,user_331028,0.000093,0.00643,0.00643,200,621,2
FAC20250429094587,Technology,Chinese,Video,North America,1456,0,user_16667,0.000082,0.006121,0.006121,170,522,1
FAC20250429094604,Education,French,Video,Asia,120926,1,user_329901,0.000077,0.003717,0.003717,147,450,2
FAC20250429094612,Climate,Korean,Text,North America,479,0,user_231358,0.000103,0.004572,0.004571,217,680,0
FAC20250429094628,Entertainment,English,Text,North America,7065,0,user_215263,0.000173,0.023213,0.023214,452,1489,6
FAC20250429094633,Travel,Spanish,Video,Oceania,595,0,user_353647,0.000093,0.004153,0.004153,185,583,8
FAC20250429094639,AI/ML,English,Text,Europe,15,0,user_420255,0.000152,0.0146,0.014599,377,1225,12
FAC20250429094645,AI/ML,English,Image,North America,44,0,user_457494,0.000161,0.015523,0.015523,404,1330,12
FAC20250429094651,Entertainment,Japanese,Image,Asia,249,0,user_73667,0.000095,0.008826,0.008826,209,652,6
FAC20250429094696,Gaming,English,Video,Europe,8872,1,user_215739,0.000157,0.010329,0.010329,370,1167,13
FAC20250429094709,Technology,English,Video,Europe,44440,1,user_77463,0.000147,0.017316,0.017316,370,1186,1
FAC20250429094714,Health,Japanese,Image,North America,158,0,user_370803,0.000099,0.006881,0.006881,213,659,7
FAC20250429094719,Health,Spanish,Poll,North America,127,0,user_348822,0.000065,0.00271,0.00271,112,344,7
FAC20250430094726,Sports,Korean,Text,Asia,1222,0,user_308094,0.000096,0.003849,0.003849,196,602,5
FAC20250430094761,Climate,English,Text,Africa,3146,0,user_159460,0.00018,0.012059,0.012059,438,1430,0
FAC20250430094764,Science,Spanish,Video,Asia,8841,0,user_428788,0.000094,0.002328,0.002328,178,560,14
FAC20250430094775,Health,German,Image,North America,4845,0,user_276721,0.000096,0.006611,0.006611,205,631,7
FAC20250430094811,Food,Spanish,Image,Europe,215,0,user_23099,0.000114,0.004815,0.004815,242,769,3
FAC20250430094816,Sports,Arabic,Text,Europe,5695,1,user_275634,0.0001,0.004155,0.004155,208,641,5
FAC20250430094827,Finance,German,Text,Asia,879,0,user_314764,0.000099,0.005106,0.005106,209,655,10
FAC20250430094833,Education,English,Video,North America,4091,1,user_488990,0.000162,0.014962,0.014961,402,1297,2
FAC20250430094844,Entertainment,English,Text,Europe,84,0,user_255440,0.000172,0.023183,0.023184,450,1479,6
FAC20250430094876,Politics,English,Text,Europe,58,0,user_36521,0.000164,0.011343,0.011343,398,1309,4
FAC20250430094913,Health,English,Image,North America,112,0,user_111456,0.000185,0.019054,0.019054,474,1515,7
FAC20250430094924,Climate,Portuguese,Text,North America,10821,1,user_40185,0.000114,0.004676,0.004676,239,739,0
FAC20250430094945,Food,Korean,Text,Europe,170,0,user_74013,0.000097,0.004608,0.004608,202,619,3
FAC20250430094946,Fashion,French,Image,North America,6862,0,user_36729,0.000092,0.004505,0.004505,192,586,9
FAC20250430094950,Entertainment,English,Text,Europe,13974,0,user_366869,0.000163,0.022183,0.022184,424,1397,6
FAC20250430094968,AI/ML,German,Text,Europe,4248,0,user_281709,0.00009,0.006177,0.006177,189,578,12
FAC20250430094990,Entertainment,English,Image,Asia,258,0,user_127827,0.000187,0.024319,0.02432,489,1574,6
FAC20250430095018,Science,English,Text,North America,8805,0,user_338875,0.00017,0.009234,0.009234,400,1294,14
FAC20250501095054,Education,English,Video,Europe,27,0,user_454541,0.00015,0.013687,0.013687,367,1179,2
FAC20250501095083,Sports,English,Poll,North America,81212,1,user_124883,0.000118,0.00679,0.00679,267,812,5
FAC20250501095092,Gaming,English,Text,North America,368,0,user_13638,0.000188,0.015466,0.015466,472,1551,13
FAC20250501095149,Finance,English,Link,North America,973,0,user_14419,0.000143,0.009474,0.009474,334,1053,10
FAC20250501095151,Sports,English,Video,North America,193,0,user_415958,0.000162,0.008975,0.008975,377,1210,5
FAC20250501095153,Technology,Portuguese,Text,North America,38534,0,user_463696,0.000093,0.007659,0.007659,202,619,1
FAC20250501095163,Travel,English,Text,Europe,790,0,user_413668,0.000191,0.017777,0.017777,488,1588,8
FAC20250501095171,Gaming,Hindi,Video,Asia,1935,0,user_428960,0.000072,0.002238,0.002238,124,382,13
FAC20250501095182,Technology,English,Text,Asia,22325,0,user_282766,0.000161,0.019,0.019,413,1338,1
FAC20250501095203,Politics,English,Image,Asia,25404,0,user_399354,0.000155,0.009927,0.009927,369,1189,4
FAC20250501095217,Food,Hindi,Text,Asia,97674,1,user_408885,0.00009,0.004222,0.004222,185,560,3
FAC20250501095221,Gaming,English,Text,Africa,1514,0,user_118786,0.000181,0.014087,0.014087,451,1487,13
FAC20250501095222,Climate,French,Text,Europe,12385,0,user_29259,0.000108,0.004429,0.004429,223,687,0
FAC20250501095225,Technology,Korean,Text,North America,21,0,user_479704,0.000083,0.007279,0.007279,178,541,1
FAC20250501095239,AI/ML,Spanish,Poll,North America,726,0,user_307679,0.000072,0.002797,0.002797,125,390,12
FAC20250501095245,Education,French,Video,Asia,1285,1,user_341950,0.000089,0.004686,0.004686,179,560,2
FAC20250501095337,AI/ML,Hindi,Poll,Asia,662,0,user_228833,0.000054,0.001957,0.001957,80,243,12
FAC20250501095349,Food,Portuguese,Video,North America,1860,0,user_370551,0.000086,0.002564,0.002563,159,491,3
FAC20250502095372,Fashion,Spanish,Poll,Asia,1912,0,user_257074,0.00007,0.002111,0.002111,123,377,9
FAC20250502095375,Sports,English,Image,North America,4022,1,user_65896,0.000171,0.010402,0.010402,407,1315,5
FAC20250502095388,Fashion,Spanish,Text,Europe,38892,0,user_223189,0.000106,0.005151,0.005151,227,714,9
FAC20250502095458,Climate,English,Text,North America,451,0,user_221967,0.000195,0.014475,0.014475,482,1574,0
FAC20250502095476,Education,English,Video,Asia,603,0,user_37074,0.000179,0.016364,0.016364,447,1432,2
FAC20250502095484,Science,English,Image,North America,32559,1,user_55769,0.000151,0.007326,0.007326,346,1114,14
FAC20250502095485,Science,English,Image,Asia,170171,1,user_456444,0.000142,0.006611,0.006611,321,1036,14
FAC20250502095514,Travel,English,Image,North America,3807,1,user_257898,0.000172,0.0155,0.0155,430,1397,8
FAC20250502095533,Science,Portuguese,Text,Asia,704,0,user_226796,0.000109,0.003906,0.003906,225,703,14
FAC20250502095542,Food,English,Image,North America,41005,1,user_230780,0.000152,0.009252,0.009252,360,1177,3
FAC20250502095547,Sports,English,Text,North America,6745,0,user_146913,0.000166,0.009942,0.009942,396,1302,5
FAC20250502095554,Sports,English,Link,Africa,1388,0,user_450796,0.000143,0.007829,0.007829,326,1021,5
FAC20250502095592,Technology,French,Text,North America,2210,0,user_271925,0.000102,0.008597,0.008597,227,709,1
FAC20250502095634,Politics,English,Text,South America,612,0,user_464719,0.000184,0.014423,0.014423,458,1494,4
FAC20250502095664,Education,English,Image,North America,9214,0,user_240637,0.000163,0.015306,0.015306,410,1332,2
FAC20250503095724,Education,French,Video,North America,53,0,user_51405,0.000083,0.003998,0.003998,162,499,2
FAC20250503095726,Sports,English,Link,Oceania,116925,1,user_408030,0.000127,0.00687,0.00687,284,882,5
FAC20250503095731,Science,English,Video,North America,1153,0,user_349590,0.000163,0.008668,0.008668,378,1208,14
FAC20250503095764,Travel,English,Image,North America,41664,1,user_342944,0.000148,0.012758,0.012758,363,1178,8
FAC20250503095773,Finance,English,Text,Asia,1829,0,user_474907,0.00018,0.013752,0.013752,446,1459,10
FAC20250503095793,Travel,English,Image,Europe,612,0,user_144905,0.000172,0.015397,0.015397,432,1415,8
FAC20250503095826,Education,English,Image,North America,11020,0,user_455884,0.000163,0.015103,0.015103,407,1325,2
FAC20250503095829,Travel,English,Link,Africa,27365,0,user_472061,0.000137,0.01203,0.01203,330,1028,8
FAC20250503095846,Education,Hindi,Image,North America,2580,0,user_128364,0.000094,0.006208,0.006208,202,616,2
FAC20250503095900,Politics,English,Image,Asia,954,0,user_297765,0.000187,0.013696,0.013696,458,1474,4
FAC20250503095914,Fashion,Japanese,Text,Oceania,2018,0,user_362770,0.000102,0.005371,0.005371,219,678,9
FAC20250503095939,Food,Portuguese,Video,Europe,12235,1,user_59500,0.000073,0.001965,0.001965,128,400,3
FAC20250504096063,Technology,Spanish,Image,North America,9,0,user_10446,0.000104,0.007975,0.007975,229,711,1
FAC20250504096079,Travel,English,Text,North America,1447,0,user_432077,0.000184,0.017074,0.017074,467,1538,8
FAC20250504096095,Finance,English,Text,North America,185,0,user_138801,0.000175,0.013117,0.013117,433,1428,10
FAC20250504096110,Travel,English,Video,Oceania,969,0,user_184267,0.000164,0.014093,0.014093,402,1283,8
FAC20250504096131,Sports,English,Image,Asia,73,0,user_339500,0.000159,0.009215,0.009215,375,1223,5
FAC20250504096138,Travel,Spanish,Text,Asia,2736,1,user_362732,0.000111,0.007144,0.007144,245,766,8
FAC20250504096139,Technology,German,Image,Oceania,55874,1,user_412191,0.000087,0.007145,0.007145,187,567,1
FAC20250504096160,Health,Chinese,Text,South America,3737,0,user_283435,0.000098,0.008172,0.008171,218,678,7
FAC20250504096175,Sports,English,Text,Europe,8343,1,user_366850,0.000167,0.009973,0.009973,399,1301,5
FAC20250504096188,AI/ML,English,Video,North America,415,0,user_409850,0.000166,0.01571,0.01571,412,1316,12
FAC20250504096193,Food,German,Text,Asia,799,0,user_393794,0.0001,0.004705,0.004705,209,650,3
FAC20250504096198,Gaming,English,Text,North America,1998,0,user_187331,0.000182,0.014155,0.014155,452,1483,13
FAC20250504096209,Finance,English,Text,North America,417,0,user_48492,0.000183,0.015019,0.015019,457,1499,10
FAC20250504096224,Science,Spanish,Link,Asia,40274,0,user_423833,0.000068,0.001112,0.001112,110,342,14
FAC20250504096261,Sports,English,Image,North America,2287,0,user_223447,0.00017,0.010415,0.010415,405,1307,5
FAC20250504096268,Gaming,English,Text,Oceania,78,0,user_374447,0.000166,0.011892,0.011891,407,1341,13
FAC20250504096318,Health,Portuguese,Text,North America,8685,0,user_14087,0.00011,0.008598,0.008598,247,760,7
FAC20250504096342,Politics,English,Text,Asia,23803,1,user_253571,0.000155,0.010503,0.010503,374,1231,4
FAC20250504096354,Sports,Portuguese,Text,North America,2837,1,user_6252,0.000103,0.003936,0.003936,211,660,5
FAC20250504096369,Business,English,Poll,North America,67133,1,user_279399,0.000125,0.009619,0.009619,292,887,11
FAC20250505096374,Entertainment,Spanish,Link,North America,3962,1,user_281838,0.00008,0.005221,0.005221,156,475,6
FAC20250505096380,Entertainment,Arabic,Text,Europe,4602,0,user_11033,0.000103,0.011282,0.011282,237,731,6
FAC20250505096385,Politics,English,Poll,Europe,71,0,user_65779,0.000126,0.008543,0.008543,291,896,4
FAC20250505096421,Health,French,Text,North America,314,0,user_277612,0.000106,0.008563,0.008563,237,743,7
FAC20250505096520,Business,English,Video,North America,129,0,user_58605,0.000148,0.010951,0.010951,354,1132,11
FAC20250505096544,Health,German,Video,Oceania,62,0,user_342930,0.000073,0.004359,0.004359,139,421,7
FAC20250505096605,Education,English,Image,North America,886,0,user_405071,0.000187,0.018268,0.018268,477,1557,2
FAC20250505096664,Fashion,Chinese,Link,Europe,1801,0,user_287306,0.000059,0.001685,0.001685,93,284,9
FAC20250505096691,Science,English,Link,Europe,3113,0,user_153814,0.00014,0.007025,0.007025,317,998,14
FAC20250506096713,AI/ML,English,Text,North America,913,0,user_280560,0.000187,0.018806,0.018806,478,1559,12
FAC20250506096726,Politics,Korean,Poll,Asia,101,0,user_220698,0.000043,0.00079,0.00079,53,161,4
FAC20250506096727,Finance,English,Text,Europe,546,0,user_251624,0.000177,0.013891,0.013891,440,1445,10
FAC20250506096734,Business,German,Video,Unknown,4,0,user_477535,0.000061,0.001961,0.001961,100,302,11
FAC20250506096740,Politics,English,Image,Asia,8167,0,user_481069,0.000165,0.010878,0.010878,397,1272,4
FAC20250506096751,Science,Spanish,Link,South America,1226,1,user_105136,0.000079,0.001576,0.001576,137,423,14
FAC20250506096767,Business,English,Text,Asia,210,0,user_182414,0.000188,0.015089,0.015089,471,1540,11
FAC20250506096770,Food,English,Image,Europe,934,0,user_377610,0.000184,0.013299,0.013299,452,1467,3
FAC20250506096778,Sports,German,Link,Asia,14057,1,user_453591,0.000053,0.000913,0.000913,75,228,5
FAC20250506096810,Science,Korean,Text,Europe,283,0,user_286388,0.000091,0.003213,0.003213,180,557,14
FAC20250506096813,Science,Arabic,Image,North America,815,0,user_279771,0.000092,0.002801,0.002801,179,550,14
FAC20250506096836,Gaming,Korean,Poll,North America,3462,0,user_220727,0.000043,0.000808,0.000808,52,158,13
FAC20250506096837,Sports,Japanese,Text,Europe,3102,0,user_244612,0.000098,0.003882,0.003882,201,620,5
FAC20250506096855,Business,English,Text,North America,33,0,user_348306,0.000161,0.012026,0.012026,396,1297,11
FAC20250506096915,Finance,English,Link,North America,25476,1,user_471206,0.00013,0.008715,0.008715,302,943,10
FAC20250506096916,Education,Spanish,Link,Asia,160,0,user_328491,0.000073,0.002746,0.002746,130,396,2
FAC20250506096952,Politics,English,Video,Europe,21767,1,user_310954,0.000139,0.009065,0.009065,326,1055,4
FAC20250506096958,Fashion,English,Image,North America,17,0,user_158962,0.000147,0.010108,0.010108,352,1149,9
FAC20250506096983,Politics,Portuguese,Link,North America,368,0,user_219121,0.000068,0.001778,0.001778,113,357,4
FAC20250506096985,AI/ML,Hindi,Text,North America,14043,0,user_376299,0.000085,0.005793,0.005793,175,533,12
FAC20250506097002,Business,English,Text,North America,107,0,user_421543,0.00017,0.013108,0.013108,422,1384,11
FAC20250507097034,Science,Spanish,Image,Asia,570,0,user_482855,0.000114,0.003391,0.003391,230,720,14
FAC20250507097036,Politics,English,Image,Asia,486,1,user_356194,0.000174,0.011771,0.011771,420,1354,4
FAC20250507097067,Politics,English,Video,South America,35,0,user_235954,0.000141,0.009131,0.009131,330,1061,4
FAC20250507097103,Gaming,English,Poll,North America,23664,0,user_18706,0.000123,0.008566,0.008565,285,873,13
FAC20250507097106,AI/ML,English,Video,Asia,1279,0,user_26035,0.000168,0.016075,0.016075,419,1339,12
FAC20250507097130,Entertainment,English,Video,South America,52,0,user_277478,0.000157,0.020599,0.0206,399,1271,6
FAC20250507097160,Business,Spanish,Image,Oceania,137,0,user_257258,0.000103,0.005102,0.005102,219,685,11
FAC20250507097189,Business,Portuguese,Video,Europe,154,0,user_470490,0.000078,0.002935,0.002935,146,457,11
FAC20250507097193,Business,English,Text,South America,3099,0,user_282806,0.000182,0.01477,0.01477,455,1492,11
FAC20250507097210,Entertainment,Spanish,Video,Asia,97,0,user_98085,0.000094,0.006888,0.006889,198,616,6
FAC20250507097216,Sports,English,Link,Europe,7935,0,user_371678,0.000134,0.007269,0.007269,303,951,5
FAC20250507097286,Fashion,English,Image,South America,5538,0,user_486077,0.000168,0.012258,0.012258,413,1353,9
FAC20250507097291,Sports,Portuguese,Video,Europe,433,0,user_143224,0.000097,0.002703,0.002703,185,569,5
FAC20250507097295,Finance,English,Video,Europe,450,0,user_249295,0.000161,0.011015,0.011015,385,1234,10
FAC20250507097308,Climate,English,Image,Europe,4159,0,user_166311,0.000171,0.010639,0.010638,406,1299,0
FAC20250507097309,Education,English,Video,Europe,13165,1,user_399955,0.000152,0.01398,0.01398,374,1200,2
FAC20250507097314,Education,Japanese,Text,North America,734,0,user_121695,0.000103,0.007216,0.007216,226,694,2
FAC20250507097321,Sports,Spanish,Image,North America,174,0,user_307940,0.000112,0.003801,0.003801,230,719,5
FAC20250507097329,Science,Arabic,Video,North America,26590,1,user_285788,0.000074,0.001824,0.001824,130,395,14
FAC20250507097335,Entertainment,English,Text,Asia,103,0,user_429816,0.000171,0.023153,0.023154,448,1477,6
FAC20250508097374,Politics,Arabic,Image,Asia,26186,1,user_385363,0.000083,0.003279,0.003279,161,497,4
FAC20250508097375,Technology,French,Image,Europe,28,0,user_495247,0.000093,0.007474,0.007474,201,613,1
FAC20250508097380,AI/ML,French,Image,Africa,632,1,user_142635,0.000104,0.007357,0.007357,229,713,12
FAC20250508097410,Entertainment,German,Image,Asia,586,0,user_469784,0.000099,0.009119,0.009119,220,682,6
FAC20250508097420,AI/ML,English,Image,Asia,1908,0,user_191043,0.000182,0.018106,0.018105,465,1534,12
FAC20250508097425,Sports,Hindi,Image,North America,464,0,user_425414,0.000093,0.003293,0.003293,183,568,5
FAC20250508097442,Technology,English,Text,Asia,91,0,user_230763,0.000175,0.020265,0.020265,452,1470,1
FAC20250508097466,Sports,Portuguese,Video,Europe,3922,1,user_455257,0.00009,0.002373,0.002373,169,526,5
FAC20250508097491,Climate,English,Text,North America,289,0,user_64060,0.000187,0.012938,0.012938,456,1485,0
FAC20250508097498,Entertainment,Portuguese,Text,North America,7819,0,user_352461,0.000106,0.01126,0.01126,246,770,6
FAC20250508097520,Health,Spanish,Text,Asia,31818,1,user_120125,0.000105,0.008035,0.008035,233,727,7
FAC20250508097570,Technology,English,Video,North America,226,0,user_296915,0.000169,0.019275,0.019275,430,1381,1
FAC20250508097600,Education,Hindi,Text,Unknown,2433,0,user_491768,0.000096,0.006547,0.006547,206,636,2
FAC20250508097612,Gaming,English,Link,Europe,1115,0,user_43927,0.000139,0.009499,0.009499,326,1027,13
FAC20250508097614,AI/ML,Hindi,Link,North America,1656,1,user_496478,0.000061,0.002565,0.002565,99,303,12
FAC20250508097666,Climate,Japanese,Image,North America,8758,1,user_480676,0.000087,0.002801,0.002801,166,523,0
FAC20250508097675,Politics,Japanese,Video,Unknown,591,0,user_292286,0.00008,0.003034,0.003034,152,470,4
FAC20250509097732,AI/ML,English,Video,Europe,75478,1,user_14567,0.000142,0.013637,0.013637,345,1100,12
FAC20250509097742,Sports,English,Text,Unknown,461,0,user_135618,0.00019,0.013753,0.013753,468,1515,5
FAC20250509097762,Travel,Korean,Text,North America,2171,0,user_226312,0.000099,0.006773,0.006773,215,667,8
FAC20250509097771,Fashion,English,Link,Asia,1529,0,user_221069,0.000143,0.009794,0.009794,335,1047,9
FAC20250509097778,Entertainment,Portuguese,Text,Asia,7478,0,user_292974,0.000107,0.011316,0.011317,248,775,6
FAC20250509097780,Technology,Portuguese,Image,North America,3446,0,user_340511,0.000105,0.008591,0.008591,235,734,1
FAC20250509097783,Finance,English,Text,North America,439,0,user_240303,0.000185,0.015312,0.015312,463,1519,10
FAC20250509097819,AI/ML,Portuguese,Text,North America,4980,1,user_145503,0.000102,0.006647,0.006647,218,669,12
FAC20250509097850,AI/ML,Japanese,Image,South America,15,0,user_155036,0.00009,0.006355,0.006355,193,589,12
FAC20250509097881,Gaming,French,Video,Europe,339,0,user_264996,0.000083,0.002569,0.002569,150,468,13
FAC20250509097889,Entertainment,English,Video,Europe,38,0,user_448951,0.00015,0.019979,0.01998,380,1205,6
FAC20250509097891,Finance,English,Image,North America,2204,0,user_436655,0.000176,0.012432,0.012432,428,1377,10
FAC20250509097896,Politics,Spanish,Text,North America,1038,0,user_225001,0.000114,0.00554,0.00554,247,780,4
FAC20250509097921,Business,Japanese,Text,North America,1674,1,user_233298,0.0001,0.005587,0.005587,214,663,11
FAC20250509097938,Finance,Korean,Text,North America,455325,1,user_141239,0.000083,0.004368,0.004368,170,513,10
FAC20250509097950,Health,English,Video,Europe,3079,0,user_186837,0.000166,0.017442,0.017442,418,1338,7
FAC20250509097963,Sports,Japanese,Image,Europe,8659,0,user_408529,0.000093,0.003164,0.003164,183,560,5
FAC20250509097976,Health,English,Image,North America,1123,0,user_79611,0.00019,0.020381,0.020381,490,1578,7
FAC20250509097980,Finance,Hindi,Video,Europe,663,0,user_220123,0.000074,0.002737,0.002737,135,417,10
FAC20250510098022,Climate,Japanese,Text,Asia,6712,1,user_416867,0.000103,0.00437,0.00437,214,659,0
FAC20250510098030,Business,English,Image,North America,31,0,user_65075,0.000155,0.011653,0.011653,379,1235,11
FAC20250510098037,Climate,French,Image,Oceania,5357,0,user_210133,0.00009,0.002814,0.002814,170,525,0
FAC20250510098043,Science,French,Text,Europe,11373,1,user_286883,0.000098,0.003381,0.003381,197,606,14
FAC20250510098047,Gaming,Spanish,Image,North America,5231,1,user_14954,0.000106,0.004505,0.004505,222,694,13
FAC20250510098081,Technology,Portuguese,Text,North America,76,0,user_361128,0.000102,0.008416,0.008416,225,693,1
FAC20250510098089,Technology,Portuguese,Video,Asia,46487,1,user_323727,0.000082,0.00531,0.00531,166,511,1
FAC20250510098098,Food,English,Image,Asia,232,0,user_190097,0.00018,0.012367,0.012367,441,1441,3
FAC20250510098107,Health,German,Link,Asia,126971,1,user_326105,0.000048,0.001949,0.001949,70,213,7
FAC20250510098110,Climate,English,Link,North America,2226,0,user_325013,0.00014,0.008264,0.008264,321,1009,0
FAC20250510098125,Climate,English,Text,North America,23,0,user_88979,0.000157,0.008769,0.008769,369,1210,0
FAC20250510098130,Gaming,German,Video,Europe,5435,0,user_292474,0.000071,0.002047,0.002047,121,369,13
FAC20250510098140,Science,French,Image,Unknown,169706,1,user_259537,0.000083,0.002393,0.002393,156,478,14
FAC20250510098145,Sports,Portuguese,Text,North America,243,1,user_230240,0.00011,0.004455,0.004454,232,733,5
FAC20250510098159,Travel,Portuguese,Poll,North America,117,0,user_487660,0.000059,0.00191,0.00191,94,286,8
FAC20250510098209,Finance,English,Text,Asia,22258,1,user_800,0.000154,0.0105,0.0105,372,1225,10
FAC20250510098263,Sports,English,Image,North America,706,1,user_379218,0.000174,0.010565,0.010565,416,1351,5
FAC20250510098270,Entertainment,German,Text,North America,766,0,user_242538,0.000108,0.011635,0.011635,250,771,6
FAC20250510098281,Health,Portuguese,Image,North America,300,0,user_5071,0.000107,0.007401,0.007401,234,735,7
FAC20250510098285,Science,English,Text,Asia,413,0,user_154231,0.000188,0.012808,0.012808,456,1472,14
FAC20250511098298,Education,English,Image,North America,2025,1,user_213292,0.000186,0.017691,0.017691,472,1530,2
FAC20250511098310,Sports,Spanish,Video,South America,3040,0,user_65469,0.000098,0.002437,0.002437,185,574,5
FAC20250511098336,Travel,French,Text,North America,18,0,user_207552,0.000092,0.006124,0.006124,196,603,8
FAC20250511098368,Gaming,Spanish,Image,Europe,1746,0,user_20556,0.000112,0.004878,0.004878,237,751,13
FAC20250511098379,Finance,English,Video,Europe,66,0,user_481601,0.000146,0.009752,0.009751,345,1100,10
FAC20250511098410,Education,Spanish,Video,North America,297,0,user_337594,0.000098,0.005252,0.005252,204,639,2
FAC20250511098450,Technology,English,Text,Europe,1300,0,user_357678,0.000191,0.022427,0.022427,497,1612,1
FAC20250511098478,Science,German,Text,Asia,3128,0,user_50269,0.000099,0.0035,0.0035,199,620,14
FAC20250511098482,Science,English,Text,Asia,5124,0,user_236718,0.000175,0.009926,0.009926,416,1348,14
FAC20250511098485,Sports,Spanish,Text,North America,110,0,user_326754,0.000112,0.004191,0.004191,233,728,5
FAC20250511098512,Travel,Portuguese,Image,North America,962,0,user_70354,0.000103,0.005846,0.005846,219,682,8
FAC20250511098520,AI/ML,Japanese,Video,Oceania,5232,0,user_417269,0.000077,0.003982,0.003982,146,449,12
FAC20250511098563,Travel,English,Image,North America,154,0,user_208738,0.000176,0.015669,0.015669,442,1438,8
FAC20250511098572,Fashion,English,Image,North America,1541,0,user_164811,0.000177,0.013662,0.013662,439,1435,9
FAC20250511098574,Food,English,Image,South America,9088,1,user_359346,0.000162,0.010368,0.010368,391,1275,3
FAC20250511098596,Health,German,Poll,Europe,1488,0,user_371425,0.000051,0.002033,0.002033,75,227,7
FAC20250511098613,AI/ML,Hindi,Image,Asia,2974,1,user_298495,0.000097,0.006909,0.006909,210,642,12
FAC20250512098649,Fashion,Portuguese,Image,Europe,1008,0,user_451628,0.000107,0.004863,0.004863,225,708,9
FAC20250512098655,Fashion,English,Image,Europe,5380,0,user_30824,0.000168,0.012192,0.012192,413,1352,9
FAC20250512098699,Food,English,Image,Europe,1969,1,user_281747,0.000182,0.01274,0.01274,445,1448,3
FAC20250512098720,Entertainment,Spanish,Text,Europe,246,0,user_109113,0.000123,0.012388,0.012388,289,904,6
FAC20250512098734,Science,English,Image,Europe,9096,0,user_274720,0.00016,0.008146,0.008146,371,1200,14
FAC20250512098769,Technology,Portuguese,Text,Asia,748,0,user_148056,0.000106,0.008909,0.008909,238,739,1
FAC20250512098775,Business,Portuguese,Video,North America,13477,1,user_412843,0.000072,0.002544,0.002544,129,401,11
FAC20250512098782,Politics,English,Text,Asia,10267,0,user_171834,0.000161,0.011168,0.011168,392,1281,4
FAC20250512098789,Finance,English,Text,Asia,483,0,user_199451,0.000183,0.014809,0.014809,456,1499,10
FAC20250512098843,Sports,English,Video,North America,621,0,user_171087,0.000173,0.010286,0.010286,409,1304,5
FAC20250512098917,Politics,Spanish,Text,Asia,163,0,user_168263,0.000104,0.005059,0.005059,221,693,4
FAC20250513098941,Technology,English,Image,Asia,4023,0,user_144316,0.000175,0.020487,0.020487,451,1482,1
FAC20250513098984,Business,English,Text,North America,2660,1,user_361156,0.000183,0.014889,0.014889,459,1506,11
FAC20250513099005,Finance,French,Text,North America,19843,1,user_135766,0.000092,0.004633,0.004633,190,577,10
FAC20250513099007,AI/ML,English,Link,Asia,2639,0,user_444467,0.00015,0.01424,0.01424,364,1138,12
FAC20250513099016,Science,Spanish,Image,Europe,33212,1,user_167209,0.000098,0.002653,0.002653,190,594,14
FAC20250513099018,Health,English,Image,Europe,3135,0,user_412023,0.00018,0.018708,0.018708,459,1481,7
FAC20250513099025,AI/ML,English,Image,North America,160,0,user_183577,0.000179,0.017359,0.017358,452,1481,12
FAC20250513099030,Finance,English,Video,North America,1435,0,user_379479,0.000161,0.011017,0.011017,385,1232,10
FAC20250513099076,Business,English,Video,Europe,11761,1,user_119816,0.000143,0.010659,0.010659,341,1092,11
FAC20250513099081,Science,English,Image,Asia,39,0,user_439169,0.000156,0.007791,0.007791,361,1162,14
FAC20250513099082,Finance,English,Image,Africa,5921,0,user_246717,0.000167,0.011173,0.011173,403,1298,10
FAC20250513099091,Gaming,German,Image,Europe,18,0,user_35917,0.000086,0.003602,0.003602,169,514,13
FAC20250513099101,Politics,German,Image,North America,5467,0,user_389617,0.00009,0.003586,0.003586,178,548,4
FAC20250513099123,AI/ML,English,Text,North America,2731,0,user_153569,0.000183,0.018289,0.018289,466,1512,12
FAC20250513099130,Technology,English,Text,Asia,510,0,user_149348,0.000196,0.023606,0.023606,514,1662,1
FAC20250513099173,Climate,Spanish,Video,Europe,5,0,user_459492,0.000082,0.001896,0.001896,144,446,0
FAC20250513099188,Gaming,English,Link,North America,5032,0,user_132510,0.000136,0.009264,0.009264,318,993,13
FAC20250513099202,Education,Portuguese,Video,Europe,67,0,user_135410,0.000086,0.004085,0.004085,168,521,2
FAC20250513099227,AI/ML,English,Image,North America,52490,1,user_371981,0.00015,0.014467,0.014466,372,1224,12
FAC20250513099244,Climate,English,Video,Asia,7581,1,user_37849,0.000163,0.009141,0.009141,377,1194,0
FAC20250513099247,Sports,Japanese,Image,Oceania,51094,1,user_421979,0.000084,0.002841,0.002841,161,489,5
FAC20250514099296,Travel,German,Text,Asia,91,0,user_258068,0.000097,0.006493,0.006493,210,641,8
FAC20250514099308,Climate,English,Poll,South America,74,0,user_354083,0.000128,0.007291,0.007291,288,887,0
FAC20250514099344,Travel,Arabic,Text,Europe,3684,0,user_55148,0.000098,0.006656,0.006655,214,661,8
FAC20250514099356,Technology,Spanish,Image,Asia,188,0,user_471579,0.00012,0.00898,0.00898,271,846,1
FAC20250514099396,Travel,English,Text,Europe,143000,1,user_408024,0.000151,0.013115,0.013115,372,1219,8
FAC20250514099410,Fashion,Spanish,Image,Europe,6723,0,user_13598,0.000111,0.005019,0.005019,236,734,9
FAC20250514099430,Finance,English,Video,Oceania,4311,0,user_36012,0.000151,0.010319,0.010319,358,1151,10
FAC20250514099441,AI/ML,Korean,Image,North America,426,0,user_68342,0.000098,0.006916,0.006916,212,651,12
FAC20250514099473,Climate,English,Text,Europe,28835,1,user_217594,0.000158,0.009001,0.009,372,1220,0
FAC20250514099484,Health,English,Poll,Asia,3042,0,user_440177,0.000139,0.015083,0.015083,340,1051,7
FAC20250514099509,Food,English,Text,Oceania,220,0,user_170283,0.000181,0.012793,0.012793,444,1447,3
FAC20250515099582,Food,Japanese,Text,South America,4917,1,user_321609,0.000095,0.004329,0.004329,195,601,3
FAC20250515099586,Gaming,Spanish,Text,Europe,8428,0,user_310400,0.000109,0.005443,0.005443,235,739,13
FAC20250515099600,Technology,English,Image,Asia,5213,1,user_271398,0.000174,0.020127,0.020127,448,1460,1
FAC20250515099630,Science,Hindi,Text,Europe,1722,0,user_87639,0.000099,0.003513,0.003513,199,614,14
FAC20250515099647,Education,English,Image,North America,1637,0,user_352836,0.000186,0.017853,0.017853,474,1536,2
FAC20250515099655,Technology,Spanish,Image,Europe,2389,0,user_230931,0.00012,0.009395,0.009395,273,860,1
FAC20250515099664,Entertainment,English,Text,Unknown,1697,1,user_61316,0.000189,0.025423,0.025424,500,1643,6
FAC20250515099672,Politics,English,Text,North America,5557,1,user_225102,0.00017,0.011873,0.011873,414,1359,4
FAC20250515099681,AI/ML,French,Text,Asia,1212,0,user_458422,0.000101,0.006809,0.006809,216,672,12
FAC20250515099693,Finance,Spanish,Text,Asia,10534,0,user_133546,0.000104,0.005042,0.005042,219,674,10
FAC20250515099707,Education,English,Text,Europe,1154,1,user_77275,0.000191,0.01869,0.01869,489,1584,2
FAC20250515099738,AI/ML,Arabic,Poll,North America,4756,0,user_232983,0.000048,0.001479,0.001479,66,198,12
FAC20250515099754,Fashion,Japanese,Image,North America,311,0,user_265238,0.000095,0.004836,0.004836,200,617,9
FAC20250515099770,Politics,English,Video,North America,244024,1,user_142165,0.000133,0.00864,0.00864,311,1000,4
FAC20250515099801,Climate,Hindi,Image,Asia,6735,1,user_130119,0.000084,0.00276,0.00276,159,488,0
FAC20250515099812,Sports,English,Image,Europe,185,0,user_425627,0.000174,0.010764,0.010764,417,1356,5
FAC20250515099815,Entertainment,Spanish,Poll,Asia,9362,0,user_270152,0.000067,0.003566,0.003566,121,370,6
FAC20250515099830,Health,English,Link,Europe,321,0,user_36426,0.000147,0.01569,0.015689,365,1154,7
FAC20250515099875,Travel,English,Image,Asia,7883,1,user_353388,0.000163,0.014093,0.014093,403,1314,8
FAC20250516099921,Travel,English,Video,North America,4150,0,user_177866,0.000162,0.013886,0.013886,397,1262,8
FAC20250516099949,Education,Spanish,Image,Asia,5521,1,user_50653,0.000106,0.006442,0.006442,230,723,2
FAC20250516099952,Gaming,French,Video,North America,9577,1,user_189856,0.00008,0.002288,0.002288,143,446,13
FAC20250516099984,Travel,English,Video,Africa,8098,1,user_340988,0.000161,0.013698,0.013698,394,1249,8
FAC20250516099989,Science,English,Poll,Asia,85267,1,user_35191,0.000117,0.006098,0.006098,263,804,14
FAC20250516099990,Climate,English,Text,Europe,1090,0,user_364695,0.000185,0.012627,0.012627,451,1485,0
FAC20250516100017,Education,English,Link,Europe,8608,0,user_115489,0.000139,0.013197,0.013197,336,1041,2
FAC20250516100022,Food,English,Text,Europe,724,0,user_431021,0.000185,0.013339,0.013339,455,1484,3
FAC20250516100028,Health,Spanish,Text,North America,10081,0,user_292666,0.00011,0.0086,0.0086,249,785,7
FAC20250516100061,Politics,French,Text,Europe,1349,1,user_371036,0.000105,0.005291,0.005291,225,701,4
FAC20250516100065,Climate,English,Text,North America,18989,0,user_214841,0.000161,0.009378,0.009378,382,1251,0
FAC20250516100076,Travel,English,Image,Europe,4319,0,user_121131,0.000171,0.015443,0.015443,429,1394,8
FAC20250516100150,Food,Japanese,Text,Asia,120539,1,user_137606,0.000089,0.004126,0.004126,181,549,3
FAC20250516100157,Education,English,Image,Asia,3975,1,user_251450,0.000173,0.016569,0.016569,436,1424,2
FAC20250516100164,Science,English,Video,North America,63280,1,user_492476,0.000141,0.006659,0.006659,318,1019,14
FAC20250516100186,Politics,English,Image,Europe,19,0,user_242824,0.000153,0.009599,0.009599,360,1155,4
FAC20250516100187,Food,English,Text,North America,88,0,user_153376,0.000169,0.011298,0.011298,410,1344,3
FAC20250516100199,Education,English,Image,North America,157,0,user_360622,0.00018,0.017045,0.017045,455,1474,2
FAC20250516100204,Food,English,Video,North America,10,0,user_67752,0.000134,0.008244,0.008244,309,972,3
FAC20250516100210,Politics,Portuguese,Text,North America,407735,1,user_75991,0.0001,0.004644,0.004644,208,634,4
FAC20250517100225,AI/ML,German,Link,North America,1144,0,user_317676,0.000063,0.002702,0.002702,103,312,12
FAC20250517100228,Food,English,Image,Asia,115,0,user_195824,0.000177,0.012035,0.012035,433,1411,3
FAC20250517100230,Politics,French,Video,Asia,6174,0,user_92539,0.000083,0.002982,0.002982,159,489,4
FAC20250517100253,Sports,English,Text,Unknown,127172,1,user_213168,0.000147,0.007797,0.007797,341,1114,5
FAC20250517100262,AI/ML,Japanese,Image,North America,12245,0,user_110717,0.000096,0.00669,0.00669,208,638,12
FAC20250517100273,Technology,English,Text,Asia,3281,0,user_294405,0.000189,0.022347,0.022347,493,1604,1
FAC20250517100295,AI/ML,French,Image,Europe,347,0,user_26393,0.000105,0.007314,0.007314,230,711,12
FAC20250517100304,Finance,German,Text,Asia,29800,0,user_474210,0.000087,0.004525,0.004525,180,550,10
FAC20250517100307,Science,Arabic,Text,South America,66,0,user_487571,0.000093,0.003291,0.003291,185,565,14
FAC20250517100365,Business,French,Text,North America,510,1,user_404500,0.000106,0.005901,0.005901,230,718,11
FAC20250517100374,Sports,English,Text,Asia,66815,1,user_470472,0.000149,0.007972,0.007972,346,1128,5
FAC20250517100376,Sports,Hindi,Link,North America,362,0,user_140344,0.000064,0.00151,0.00151,102,313,5
FAC20250517100380,AI/ML,English,Video,South America,9894,1,user_93366,0.000157,0.014974,0.014974,389,1244,12
FAC20250517100387,Sports,English,Text,South America,483,0,user_252807,0.00019,0.013599,0.013599,468,1516,5
FAC20250517100394,Education,English,Image,North America,14903,1,user_32103,0.000162,0.015036,0.015036,405,1317,2
FAC20250517100462,AI/ML,Spanish,Image,North America,3222,0,user_405715,0.000115,0.007659,0.007659,255,797,12
FAC20250517100465,Business,English,Link,North America,2382,0,user_114122,0.000142,0.010871,0.010871,341,1070,11
FAC20250517100467,Politics,English,Image,North America,75,0,user_181904,0.000166,0.011056,0.011056,399,1285,4
FAC20250517100519,AI/ML,French,Video,North America,5521,0,user_117432,0.00008,0.004179,0.004179,154,476,12
FAC20250518100552,Sports,Korean,Text,Asia,3151,1,user_14294,0.000097,0.003765,0.003765,195,597,5
FAC20250518100561,Travel,Spanish,Text,Asia,1664,0,user_202041,0.000117,0.007592,0.007592,261,814,8
FAC20250518100569,Sports,English,Text,North America,212,0,user_171538,0.000182,0.011758,0.011758,442,1449,5
FAC20250518100571,Travel,English,Image,North America,5270,0,user_415641,0.000171,0.014905,0.014905,426,1378,8
FAC20250518100582,Gaming,English,Image,Asia,23001,0,user_231419,0.000154,0.010133,0.010133,368,1199,13
FAC20250518100609,Health,English,Image,Asia,6801,0,user_33473,0.000176,0.017908,0.017908,446,1433,7
FAC20250518100654,Fashion,Spanish,Image,Europe,3359,0,user_121796,0.000113,0.005192,0.005192,243,762,9
FAC20250518100666,Education,Arabic,Text,Europe,5242,0,user_446821,0.000092,0.006227,0.006227,195,605,2
FAC20250518100667,Sports,English,Image,Europe,503,0,user_17944,0.000168,0.010008,0.010008,400,1301,5
FAC20250518100725,Business,German,Text,North America,26987,1,user_213414,0.000096,0.005347,0.005347,203,621,11
FAC20250518100737,Sports,Korean,Poll,Europe,43,0,user_204106,0.000038,0.000484,0.000484,41,123,5
FAC20250518100744,Fashion,English,Poll,Asia,2299,0,user_31263,0.000129,0.009298,0.009298,305,943,9
FAC20250518100792,Entertainment,Spanish,Text,Asia,41,0,user_347171,0.000111,0.011366,0.011366,257,802,6
FAC20250518100793,Travel,Portuguese,Image,Asia,741,0,user_46885,0.000103,0.005765,0.005765,219,687,8
FAC20250518100807,Climate,Arabic,Video,South America,34379,1,user_24953,0.000073,0.001774,0.001774,125,377,0
FAC20250518100810,Travel,German,Text,Europe,11292,1,user_247618,0.000094,0.006286,0.006286,202,619,8
FAC20250519100829,Business,Spanish,Image,Europe,146,0,user_496150,0.000104,0.005118,0.005118,221,693,11
FAC20250519100843,AI/ML,French,Text,North America,32047,1,user_143270,0.000092,0.006141,0.006141,192,590,12
FAC20250519100847,Entertainment,French,Image,Europe,20,0,user_189282,0.000088,0.007909,0.007909,191,588,6
FAC20250519100852,Business,French,Text,North America,19102,1,user_164993,0.000098,0.005511,0.005511,211,647,11
FAC20250519100855,Fashion,Spanish,Text,North America,54606,1,user_422366,0.000105,0.005056,0.005056,222,698,9
FAC20250519100858,Sports,English,Image,Asia,1194,0,user_205007,0.000174,0.011465,0.011465,420,1357,5
FAC20250519100865,Science,English,Link,Europe,1506,1,user_324160,0.000142,0.00711,0.00711,321,1010,14
FAC20250519100876,Climate,English,Link,Asia,1050,0,user_468446,0.00014,0.008148,0.008148,321,1022,0
FAC20250519100915,Entertainment,English,Link,North America,4857,1,user_435124,0.00014,0.019485,0.019486,353,1109,6
FAC20250519100961,Health,Spanish,Text,Asia,5756,0,user_364937,0.00011,0.008612,0.008612,249,778,7
FAC20250519101018,Science,English,Text,North America,50,0,user_312990,0.000166,0.008796,0.008796,389,1254,14
FAC20250519101041,Finance,English,Video,North America,2168,1,user_360762,0.000155,0.010549,0.010549,370,1184,10
FAC20250519101063,Fashion,English,Text,Europe,30,0,user_366330,0.000163,0.011297,0.011297,397,1294,9
FAC20250520101117,Business,English,Text,North America,21,0,user_346081,0.00016,0.011615,0.011615,389,1270,11
FAC20250520101128,Food,English,Video,North America,28562,1,user_99272,0.000138,0.008418,0.008418,319,1010,3
FAC20250520101148,Health,English,Image,North America,1007,0,user_492157,0.00019,0.020305,0.020305,489,1579,7
FAC20250520101149,Fashion,Portuguese,Image,North America,2459,0,user_150836,0.000106,0.004941,0.004941,223,693,9
FAC20250520101151,Education,Portuguese,Text,North America,109640,0,user_322408,0.000094,0.005989,0.005989,197,605,2
FAC20250520101164,Politics,German,Image,Africa,2546,1,user_63408,0.000091,0.003767,0.003767,181,560,4
FAC20250520101212,Sports,Portuguese,Image,Europe,206,0,user_362379,0.000108,0.003854,0.003854,223,697,5
FAC20250520101269,Science,English,Image,North America,2558,1,user_412760,0.000172,0.009504,0.009504,404,1307,14
FAC20250520101280,Education,English,Video,North America,233,0,user_360583,0.000169,0.015444,0.015443,420,1353,2
FAC20250520101307,Politics,Spanish,Image,Europe,6,0,user_309800,0.000094,0.003466,0.003466,187,573,4
FAC20250520101345,Business,German,Image,North America,246,0,user_414713,0.000094,0.004701,0.004701,194,598,11
FAC20250520101401,Entertainment,English,Link,South America,712,1,user_450234,0.000147,0.020091,0.020091,372,1169,6
FAC20250521101425,Business,English,Text,Europe,2897,0,user_206645,0.000181,0.014655,0.014655,453,1489,11
FAC20250521101428,Travel,English,Text,North America,683,0,user_452210,0.000187,0.017463,0.017463,477,1563,8
FAC20250521101429,Politics,Korean,Text,Asia,1984,0,user_429608,0.000097,0.004959,0.004959,204,637,4
FAC20250521101442,Climate,Portuguese,Video,Europe,43595,0,user_198188,0.000079,0.001886,0.001886,139,427,0
FAC20250521101448,Health,Hindi,Image,Europe,1882,1,user_174709,0.000092,0.006411,0.006411,195,603,7
FAC20250521101470,Finance,French,Link,Asia,1731,0,user_456597,0.000056,0.001512,0.001512,87,270,10
FAC20250521101476,Climate,English,Image,Africa,130,0,user_262284,0.000173,0.011075,0.011075,414,1324,0
FAC20250521101483,Finance,Spanish,Image,North America,33,0,user_18237,0.000094,0.003585,0.003585,187,582,10
FAC20250521101517,Gaming,English,Image,Europe,46,0,user_437391,0.000164,0.010947,0.010947,395,1277,13
FAC20250521101536,Business,English,Image,North America,524,0,user_77607,0.000169,0.013157,0.013157,418,1370,11
FAC20250521101569,Entertainment,English,Text,North America,1463,0,user_290641,0.000189,0.02533,0.025331,499,1640,6
FAC20250521101585,Travel,Spanish,Text,Europe,5979,0,user_106197,0.00011,0.006923,0.006923,241,749,8
FAC20250521101612,Business,Arabic,Video,North America,925,0,user_210661,0.00007,0.002902,0.002902,126,384,11
FAC20250521101619,Gaming,French,Image,Europe,20649,1,user_99918,0.000094,0.003966,0.003966,191,594,13
FAC20250521101620,Science,English,Video,North America,1351,0,user_214171,0.000165,0.008848,0.008848,384,1232,14
FAC20250521101637,Science,Spanish,Video,Asia,63202,1,user_480819,0.000088,0.002091,0.002091,163,509,14
FAC20250521101703,Food,Spanish,Image,Europe,170,0,user_296455,0.000116,0.004821,0.004821,246,776,3
FAC20250522101759,Health,English,Text,North America,2961,1,user_113424,0.000183,0.020165,0.020165,473,1555,7
FAC20250522101762,Food,English,Text,North America,87,0,user_322946,0.000169,0.011268,0.011268,409,1342,3
FAC20250522101768,Science,English,Text,North America,827,0,user_304763,0.000189,0.011945,0.011945,458,1481,14
FAC20250522101777,Sports,Spanish,Text,Asia,374,0,user_449055,0.000116,0.00452,0.00452,244,772,5
FAC20250522101778,Finance,English,Text,Asia,433,0,user_66466,0.000185,0.015293,0.015293,462,1514,10
FAC20250522101835,Climate,Portuguese,Video,North America,538,0,user_229269,0.000092,0.002444,0.002444,171,535,0
FAC20250522101852,Sports,English,Poll,North America,1499,1,user_253068,0.000129,0.007307,0.007307,294,910,5
FAC20250522101876,Finance,Spanish,Video,North America,168,0,user_274126,0.000091,0.003173,0.003173,176,542,10
FAC20250522101879,Technology,English,Image,North America,2336,1,user_176753,0.000181,0.021018,0.021018,468,1530,1
FAC20250522101885,Travel,Arabic,Link,North America,1233,0,user_282882,0.000062,0.002644,0.002644,105,326,8
FAC20250522101900,Sports,English,Link,North America,73,0,user_452448,0.000132,0.007188,0.007188,297,935,5
FAC20250522101908,Finance,English,Text,North America,3181,0,user_469073,0.000175,0.013305,0.013305,432,1406,10
FAC20250522101946,Climate,English,Link,South America,132,0,user_493121,0.000134,0.007821,0.00782,305,966,0
FAC20250522101954,Technology,Korean,Text,Asia,860,0,user_478714,0.000098,0.00871,0.00871,219,671,1
FAC20250522101959,Food,English,Image,North America,5,0,user_63094,0.000147,0.008983,0.008983,348,1134,3
FAC20250522101989,Travel,English,Video,Europe,4,0,user_66593,0.000141,0.011972,0.011972,339,1069,8
FAC20250522102012,Climate,Hindi,Link,North America,6420,0,user_107580,0.000059,0.001303,0.001303,92,281,0
FAC20250522102020,AI/ML,English,Video,Asia,31155,1,user_490719,0.000148,0.0139,0.0139,361,1154,12
FAC20250523102057,Entertainment,German,Text,North America,11085,1,user_89845,0.000099,0.010837,0.010837,227,697,6
FAC20250523102085,Business,French,Image,North America,2102,0,user_111505,0.000096,0.004885,0.004885,202,628,11
FAC20250523102119,Health,Spanish,Link,North America,3250,0,user_323059,0.000079,0.004085,0.004085,152,468,7
FAC20250523102137,AI/ML,English,Image,Europe,550,0,user_477599,0.000175,0.017013,0.017013,443,1460,12
FAC20250523102143,Education,Spanish,Text,Asia,90,0,user_153385,0.000114,0.007102,0.007102,250,768,2
FAC20250523102149,Science,English,Text,Asia,64805,1,user_140126,0.00015,0.007191,0.007191,344,1118,14
FAC20250523102187,Science,English,Video,Asia,1764,0,user_274318,0.000164,0.008592,0.008592,382,1229,14
FAC20250523102201,Fashion,English,Text,North America,172806,0,user_296176,0.00015,0.010178,0.010178,360,1176,9
FAC20250523102206,Food,English,Text,North America,4043,0,user_305946,0.000179,0.01306,0.01306,440,1426,3
FAC20250523102234,Sports,English,Video,North America,1539,0,user_353991,0.000168,0.00953,0.00953,393,1258,5
FAC20250523102243,AI/ML,English,Video,North America,6,0,user_192229,0.000141,0.013469,0.013469,341,1086,12
FAC20250523102251,Travel,Portuguese,Image,Asia,8016,1,user_433010,0.000094,0.005287,0.005287,196,611,8
FAC20250523102255,Health,Spanish,Video,North America,3104,0,user_93822,0.000094,0.005564,0.005564,194,599,7
FAC20250523102308,Politics,English,Text,Europe,305,0,user_237902,0.000185,0.014626,0.014626,462,1508,4
FAC20250523102323,Travel,Hindi,Text,North America,237,0,user_428694,0.0001,0.006654,0.006654,218,667,8
FAC20250523102331,AI/ML,English,Image,Oceania,4534,0,user_411629,0.000175,0.017204,0.017204,443,1452,12
FAC20250523102333,Science,Portuguese,Text,North America,1173,0,user_236002,0.000106,0.003716,0.003716,217,677,14
FAC20250523102348,Sports,English,Video,Europe,1576,0,user_290896,0.000167,0.009388,0.009388,390,1248,5
FAC20250523102365,Health,English,Text,North America,13749,1,user_54593,0.000163,0.01743,0.01743,415,1364,7
FAC20250523102374,Technology,Chinese,Image,North America,34371,1,user_325810,0.000086,0.0071,0.0071,184,558,1
FAC20250523102376,Technology,English,Text,North America,365,0,user_459509,0.000194,0.023983,0.023983,511,1648,1
FAC20250524102390,Fashion,English,Image,North America,136,0,user_191305,0.000174,0.012993,0.012993,431,1408,9
FAC20250524102397,Food,Portuguese,Image,North America,1242,0,user_187823,0.00011,0.004674,0.004674,233,730,3
FAC20250524102411,Fashion,Japanese,Text,Asia,2552,1,user_124633,0.0001,0.005214,0.005214,213,658,9
FAC20250524102478,Sports,English,Image,Asia,20050,0,user_100984,0.000153,0.008472,0.008472,358,1159,5
FAC20250524102491,Sports,Portuguese,Video,Europe,844,0,user_93989,0.000095,0.002611,0.002611,182,563,5
FAC20250524102553,Gaming,English,Text,Asia,1157,0,user_54020,0.000181,0.014346,0.014346,453,1491,13
FAC20250524102571,Travel,German,Video,Europe,242,0,user_179887,0.000078,0.003514,0.003514,146,449,8
FAC20250524102586,Travel,English,Poll,Oceania,3556,1,user_174259,0.000133,0.012189,0.012189,320,988,8
FAC20250524102615,AI/ML,English,Video,Europe,5438,0,user_389831,0.000157,0.015133,0.015133,389,1249,12
FAC20250524102645,Entertainment,Spanish,Video,North America,33960,1,user_219475,0.000088,0.006007,0.006007,180,561,6
FAC20250525102717,Fashion,German,Image,Europe,3757,0,user_88740,0.000094,0.004622,0.004622,195,603,9
FAC20250525102740,Entertainment,English,Text,Europe,2143,1,user_256352,0.000184,0.025007,0.025008,486,1605,6
FAC20250525102764,Travel,German,Text,Unknown,24722,1,user_384207,0.000092,0.006156,0.006156,196,595,8
FAC20250525102773,Sports,English,Image,North America,6715,0,user_432891,0.000163,0.009274,0.009274,384,1252,5
FAC20250525102821,Science,German,Image,Europe,3708,1,user_56036,0.000094,0.00287,0.00287,183,564,14
FAC20250525102837,Food,Spanish,Link,North America,25133,1,user_481982,0.00007,0.001539,0.001539,117,363,3
FAC20250525102840,Business,English,Video,Unknown,1551,0,user_250962,0.000162,0.012384,0.012384,395,1245,11
FAC20250525102850,Climate,Portuguese,Text,North America,1344,0,user_100111,0.000113,0.00484,0.00484,239,755,0
FAC20250525102890,AI/ML,Japanese,Text,North America,437,0,user_336422,0.000096,0.006448,0.006447,203,630,12
FAC20250525102926,Travel,English,Image,North America,2217,0,user_234737,0.000172,0.015631,0.015631,431,1408,8
FAC20250525102974,Sports,Arabic,Image,Europe,4421,0,user_325739,0.000093,0.003245,0.003245,184,565,5
FAC20250525102976,Politics,English,Image,Asia,18,0,user_200459,0.000153,0.009625,0.009625,362,1161,4
FAC20250525102987,Technology,English,Image,North America,72,0,user_346725,0.00017,0.019657,0.019657,436,1423,1
FAC20250525102997,Technology,German,Text,North America,2265,0,user_29797,0.000095,0.008273,0.008273,210,653,1
FAC20250526103029,Education,English,Image,North America,1651,0,user_361434,0.000185,0.017761,0.017761,472,1530,2
FAC20250526103059,AI/ML,English,Text,Asia,739,0,user_211343,0.00019,0.018824,0.018824,484,1575,12
FAC20250526103079,Finance,Korean,Image,Europe,1825,0,user_431110,0.000089,0.003577,0.003577,175,538,10
FAC20250526103086,Education,English,Link,Asia,1270,0,user_420594,0.000148,0.013838,0.013838,362,1133,2
FAC20250526103100,Climate,English,Text,Europe,40,0,user_121188,0.000164,0.009635,0.009635,389,1273,0
FAC20250526103106,Entertainment,English,Image,North America,1019,0,user_434372,0.000188,0.024848,0.024849,494,1597,6
FAC20250526103120,Sports,English,Image,North America,46,0,user_152545,0.000161,0.00906,0.00906,378,1216,5
FAC20250526103122,AI/ML,English,Text,North America,3785,0,user_252822,0.000186,0.018757,0.018757,475,1536,12
FAC20250526103125,Politics,German,Video,North America,5855,1,user_438966,0.000078,0.002858,0.002858,147,449,4
FAC20250526103128,Fashion,Portuguese,Image,Europe,765,0,user_37685,0.000106,0.004856,0.004856,224,707,9
FAC20250526103133,Health,Spanish,Video,North America,640,0,user_79099,0.000096,0.005608,0.005608,199,616,7
FAC20250526103140,Climate,Spanish,Text,North America,4205,1,user_42461,0.000115,0.004676,0.004676,242,763,0
FAC20250526103143,Technology,English,Image,North America,956,0,user_284856,0.000191,0.02245,0.02245,497,1608,1
FAC20250526103181,Health,English,Image,Europe,11,0,user_32486,0.00016,0.016392,0.016392,401,1287,7
FAC20250526103201,Technology,Spanish,Image,Europe,13210,1,user_390637,0.000109,0.00842,0.00842,244,765,1
FAC20250526103215,Science,English,Image,North America,100,0,user_426444,0.000173,0.009768,0.009768,408,1312,14
FAC20250526103248,Science,English,Image,North America,4438,0,user_79477,0.00017,0.0097,0.0097,401,1297,14
FAC20250526103271,AI/ML,Portuguese,Text,South America,2097,0,user_388615,0.000102,0.006947,0.006947,219,677,12
FAC20250526103299,Science,English,Image,Europe,45485,0,user_259334,0.000147,0.006938,0.006938,335,1082,14
FAC20250526103314,Politics,Korean,Image,Asia,1148,0,user_291907,0.000094,0.003891,0.003891,190,588,4
FAC20250526103330,Business,Spanish,Text,Europe,28497,1,user_264256,0.000102,0.00557,0.00557,219,684,11
FAC20250526103333,Entertainment,Arabic,Poll,North America,11,0,user_294218,0.000035,0.001005,0.001005,36,109,6
FAC20250526103334,Fashion,English,Text,Europe,218,0,user_123772,0.000181,0.013888,0.013888,451,1469,9
FAC20250526103335,Business,French,Image,Unknown,97,0,user_229009,0.000093,0.004728,0.004728,194,602,11
FAC20250526103344,Sports,English,Text,North America,71,0,user_237337,0.00017,0.010119,0.010119,406,1322,5
FAC20250526103345,Business,English,Text,Europe,725,0,user_490444,0.000186,0.015199,0.015199,467,1525,11
FAC20250527103396,Business,English,Image,North America,50,0,user_258888,0.000161,0.012021,0.012021,393,1279,11
FAC20250527103461,Education,English,Video,Asia,611,0,user_291279,0.00018,0.016486,0.016486,450,1440,2
FAC20250527103471,Travel,Spanish,Text,Oceania,3780,1,user_437774,0.00011,0.007074,0.007074,243,761,8
FAC20250527103473,Climate,English,Poll,Europe,19793,0,user_123629,0.000124,0.007178,0.007178,279,860,0
FAC20250527103496,Entertainment,English,Image,North America,307,0,user_69571,0.000185,0.02411,0.024111,485,1567,6
FAC20250527103522,Education,English,Video,Europe,12,0,user_180183,0.000146,0.013309,0.013309,355,1136,2
FAC20250527103526,Politics,Hindi,Link,Asia,1714,0,user_178402,0.000061,0.001747,0.001747,96,291,4
FAC20250527103529,Education,English,Video,North America,905,0,user_109469,0.000169,0.015494,0.015493,421,1362,2
FAC20250527103530,Finance,Spanish,Image,Asia,2863,0,user_75084,0.000103,0.003965,0.003965,208,648,10
FAC20250527103544,Politics,English,Image,Europe,45,0,user_438170,0.000163,0.010553,0.010553,390,1255,4
FAC20250527103546,Travel,English,Image,Asia,7279,0,user_161499,0.000163,0.014043,0.014043,404,1318,8
FAC20250527103552,Education,English,Text,Europe,525,0,user_167986,0.000196,0.01944,0.019439,503,1626,2
FAC20250527103575,Business,English,Link,Asia,3698,0,user_144981,0.00014,0.010643,0.010642,335,1053,11
FAC20250527103597,Science,English,Link,Asia,1,0,user_282195,0.000125,0.006105,0.006105,278,862,14
FAC20250527103610,Health,English,Image,Asia,5509,1,user_353113,0.000182,0.018628,0.018627,463,1488,7
FAC20250527103611,Science,English,Text,Oceania,512,0,user_37926,0.000191,0.012674,0.012674,463,1492,14
FAC20250527103630,Climate,English,Image,North America,45,0,user_179356,0.000158,0.009064,0.009064,368,1181,0
FAC20250527103642,Gaming,English,Image,North America,272,0,user_449386,0.000179,0.012846,0.012846,439,1424,13
FAC20250527103645,Finance,English,Text,Oceania,24,0,user_419806,0.000151,0.009971,0.009971,361,1192,10
FAC20250528103674,Business,Spanish,Image,Europe,2622,0,user_337650,0.00011,0.005638,0.005638,238,742,11
FAC20250528103680,Food,English,Text,North America,3068,0,user_337699,0.000178,0.012879,0.012879,438,1428,3
FAC20250528103681,Science,English,Text,North America,16842,1,user_240064,0.00016,0.008388,0.008388,374,1211,14
FAC20250528103695,Education,Spanish,Poll,North America,40,0,user_346001,0.000061,0.001982,0.001982,101,308,2
FAC20250528103698,Gaming,English,Link,Asia,219,0,user_432734,0.000141,0.009765,0.009765,333,1047,13
FAC20250528103700,AI/ML,Korean,Link,Africa,34294,1,user_188059,0.000051,0.001561,0.001561,72,219,12
FAC20250528103719,Politics,English,Image,North America,1991,1,user_104708,0.000181,0.012813,0.012813,442,1423,4
FAC20250528103722,Business,English,Image,Europe,549,0,user_2965,0.000169,0.01314,0.01314,418,1371,11
FAC20250528103723,Finance,Spanish,Image,North America,36901,1,user_380399,0.000091,0.003362,0.003362,179,558,10
FAC20250528103753,Gaming,English,Text,Europe,78,1,user_411,0.000166,0.011892,0.011891,407,1341,13
FAC20250528103754,Food,German,Text,Europe,33416,1,user_132991,0.000093,0.004305,0.004305,191,582,3
FAC20250528103772,Health,Japanese,Text,Oceania,1075,1,user_435743,0.000103,0.008475,0.008475,230,710,7
FAC20250528103796,Entertainment,English,Text,Asia,6165,0,user_197293,0.000175,0.023418,0.023418,458,1511,6
FAC20250528103823,AI/ML,Spanish,Image,South America,723,0,user_446324,0.000114,0.007725,0.007725,253,802,12
FAC20250528103831,Climate,Arabic,Text,Asia,1007,0,user_449440,0.000101,0.004454,0.004454,211,664,0
FAC20250528103840,Sports,Hindi,Video,Europe,4621,1,user_498160,0.000082,0.002267,0.002267,149,461,5
FAC20250528103847,Climate,English,Image,North America,45589,1,user_474338,0.000146,0.007865,0.007865,335,1072,0
FAC20250528103852,Travel,English,Text,Asia,247,0,user_395121,0.000189,0.017426,0.017425,481,1567,8
FAC20250528103864,Entertainment,English,Image,Asia,49,0,user_2147,0.000171,0.02232,0.02232,443,1430,6
FAC20250528103872,Climate,Spanish,Poll,Asia,15,0,user_29890,0.000056,0.000869,0.000869,81,248,0
FAC20250528103879,Gaming,English,Link,North America,5192,1,user_75772,0.000135,0.009224,0.009224,316,988,13
FAC20250528103964,Health,English,Text,Africa,17810,1,user_386006,0.000165,0.017572,0.017572,421,1386,7
FAC20250529103995,Food,Portuguese,Image,Asia,2536,1,user_247990,0.000111,0.004834,0.004834,236,731,3
FAC20250529103997,Health,Spanish,Text,Europe,10919,1,user_329162,0.000108,0.008385,0.008385,242,763,7
FAC20250529104017,AI/ML,Portuguese,Link,Oceania,73,1,user_156230,0.000062,0.002236,0.002236,101,306,12
FAC20250529104046,Sports,Korean,Video,Asia,2004,1,user_119784,0.00008,0.002254,0.002254,145,450,5
FAC20250529104059,Fashion,English,Video,South America,13371,1,user_7573,0.000143,0.009836,0.009836,337,1072,9
FAC20250529104070,Food,Spanish,Image,North America,220,0,user_335013,0.000114,0.004789,0.004789,242,770,3
FAC20250529104089,Entertainment,English,Image,North America,447,0,user_285048,0.000182,0.02368,0.023681,475,1546,6
FAC20250529104118,Finance,Portuguese,Text,North America,152,0,user_90394,0.000102,0.005195,0.005195,216,680,10
FAC20250529104124,Food,English,Image,Asia,69,0,user_161779,0.000165,0.010746,0.010746,397,1294,3
FAC20250529104138,Education,English,Image,Europe,11,0,user_477932,0.000152,0.014155,0.014154,377,1227,2
FAC20250529104139,Travel,Korean,Video,Europe,5511,0,user_45837,0.000076,0.003122,0.003122,138,426,8
FAC20250529104144,Health,English,Link,North America,8445,0,user_97794,0.000137,0.015018,0.015018,338,1066,7
FAC20250529104157,Entertainment,Spanish,Text,North America,1454,1,user_61522,0.000128,0.012805,0.012805,304,955,6
FAC20250529104194,Sports,Spanish,Image,Europe,924,0,user_248829,0.000108,0.003647,0.003647,219,687,5
FAC20250529104207,Health,English,Image,Asia,1516,0,user_29635,0.00019,0.020091,0.020091,489,1574,7
FAC20250529104242,Politics,Spanish,Image,Europe,1423,1,user_355237,0.000115,0.004614,0.004614,240,745,4
FAC20250529104246,Education,English,Text,North America,255,0,user_346996,0.00019,0.018537,0.018537,486,1579,2
FAC20250529104248,Health,Chinese,Text,North America,1254,0,user_354646,0.0001,0.008608,0.008608,225,695,7
FAC20250529104304,Finance,English,Text,South America,1068,1,user_201269,0.000184,0.014061,0.014061,457,1499,10
FAC20250529104308,Business,English,Image,Africa,4217,0,user_489498,0.000171,0.013571,0.013571,423,1378,11
FAC20250530104368,Gaming,English,Video,North America,753,0,user_70735,0.000164,0.011237,0.011237,389,1236,13
FAC20250530104371,Food,German,Video,Asia,160,0,user_200176,0.000072,0.002296,0.002296,127,387,3
FAC20250530104385,AI/ML,Portuguese,Image,Europe,405,0,user_477956,0.000104,0.007101,0.007101,227,707,12
FAC20250530104408,Politics,Spanish,Video,Europe,8395,1,user_455823,0.000086,0.002997,0.002997,165,512,4
FAC20250530104409,Sports,English,Image,North America,13,0,user_294758,0.000148,0.007886,0.007886,343,1111,5
FAC20250530104467,Politics,Korean,Text,North America,35127,1,user_20550,0.000091,0.004501,0.004501,187,568,4
FAC20250530104476,Fashion,English,Image,North America,631,0,user_91816,0.000169,0.012607,0.012607,416,1369,9
FAC20250530104481,Entertainment,Spanish,Image,South America,750,0,user_63390,0.00012,0.010274,0.010274,273,860,6
FAC20250530104489,Entertainment,Spanish,Text,Asia,51708,0,user_30184,0.000109,0.011214,0.011215,253,784,6
FAC20250530104502,Science,English,Link,Europe,4623,1,user_96581,0.000139,0.006954,0.006954,313,982,14
FAC20250530104517,Technology,English,Video,North America,3002,1,user_227386,0.00017,0.019412,0.019412,434,1400,1
FAC20250530104531,Technology,English,Video,Asia,254,0,user_360438,0.000173,0.019758,0.019758,441,1418,1
FAC20250530104635,Science,Chinese,Text,Asia,4530,1,user_405887,0.000093,0.003309,0.003309,186,570,14
FAC20250530104646,Sports,German,Link,Asia,105,0,user_256068,0.000059,0.001104,0.001104,89,274,5
FAC20250530104655,Fashion,English,Image,Africa,3471,0,user_109328,0.000167,0.012405,0.012405,410,1343,9
FAC20250531104659,Health,English,Video,Unknown,59,0,user_115140,0.000152,0.016115,0.016115,378,1210,7
FAC20250531104661,AI/ML,English,Image,North America,1757,0,user_406194,0.00018,0.017813,0.017813,457,1507,12
FAC20250531104694,Finance,English,Link,Asia,660,0,user_190954,0.00014,0.00947,0.00947,329,1042,10
FAC20250531104700,Science,Spanish,Link,North America,2435,0,user_13291,0.00008,0.001687,0.001687,140,437,14
FAC20250531104706,Politics,English,Video,North America,73,0,user_214411,0.000148,0.009846,0.009846,351,1135,4
FAC20250531104713,Food,Spanish,Image,North America,5847,1,user_342689,0.000113,0.004554,0.004554,237,742,3
FAC20250531104773,Science,Portuguese,Text,North America,32516,0,user_69308,0.000097,0.003204,0.003204,192,588,14
FAC20250531104847,AI/ML,English,Text,Europe,236,0,user_378711,0.000183,0.018251,0.018251,465,1508,12
FAC20250531104853,Entertainment,Arabic,Video,Oceania,12962,1,user_171477,0.000074,0.005284,0.005284,144,439,6
FAC20250531104869,Technology,Spanish,Link,Asia,16329,1,user_1091,0.000073,0.003744,0.003744,138,428,1
FAC20250531104877,Education,English,Video,North America,655,0,user_227735,0.000178,0.016392,0.016392,445,1428,2
FAC20250531104880,Fashion,French,Image,Africa,4602,0,user_23433,0.000093,0.004581,0.004581,193,595,9
FAC20250531104888,Entertainment,Japanese,Video,North America,680,0,user_129194,0.000085,0.006512,0.006512,175,539,6
FAC20250531104899,AI/ML,Portuguese,Text,Asia,8817,1,user_487953,0.0001,0.006604,0.006604,213,656,12
FAC20250531104909,Gaming,English,Image,Europe,749,0,user_445167,0.00018,0.012949,0.012949,440,1429,13
FAC20250531104913,Health,English,Video,Asia,240,0,user_134763,0.000164,0.017329,0.017329,414,1336,7
FAC20250531104919,Finance,English,Image,Europe,12,0,user_413140,0.00015,0.009403,0.009403,353,1133,10
FAC20250531104923,Finance,English,Text,Europe,297,0,user_21977,0.000183,0.01437,0.01437,456,1489,10
FAC20250531104955,Technology,French,Image,Europe,656,0,user_80603,0.000105,0.008771,0.008771,235,732,1
FAC20250601104963,Science,English,Link,South America,3545,0,user_349320,0.00014,0.007067,0.007067,317,996,14
FAC20250601104981,Technology,English,Image,Asia,4690,1,user_98667,0.000175,0.020331,0.020331,451,1477,1
FAC20250601104987,Business,English,Video,Asia,251,0,user_88948,0.000161,0.012414,0.012414,392,1249,11
FAC20250601104989,Finance,Japanese,Text,Europe,8694,0,user_404693,0.000094,0.004674,0.004674,194,598,10
FAC20250601105103,Health,Arabic,Text,North America,53,0,user_25488,0.000096,0.007964,0.007964,213,652,7
FAC20250601105164,Travel,French,Text,Asia,714,0,user_475665,0.000106,0.007024,0.007024,235,728,8
FAC20250601105172,Climate,English,Link,North America,262,0,user_56714,0.000139,0.008159,0.008159,318,1002,0
FAC20250601105192,Science,English,Image,Asia,106781,1,user_260585,0.000144,0.006893,0.006892,329,1066,14
FAC20250601105202,Science,Chinese,Video,Unknown,18,0,user_2335,0.000073,0.001792,0.001792,128,386,14
FAC20250601105240,Politics,Spanish,Image,North America,29703,1,user_373756,0.000099,0.003569,0.003569,197,605,4
FAC20250601105249,Climate,Spanish,Link,Europe,4181,0,user_184656,0.000077,0.001786,0.001786,133,409,0
FAC20250601105275,Finance,English,Link,Asia,48378,0,user_355990,0.000125,0.00844,0.00844,289,900,10
FAC20250601105286,Sports,Spanish,Video,North America,601,0,user_413941,0.000103,0.00283,0.00283,199,625,5
FAC20250601105297,Education,English,Image,Europe,1749,0,user_361390,0.000184,0.017594,0.017594,469,1520,2
FAC20250602105335,Fashion,English,Text,Asia,388,0,user_462483,0.000193,0.016104,0.016104,487,1580,9
FAC20250602105338,Education,French,Text,Asia,1194,0,user_419455,0.000102,0.006729,0.006729,221,692,2
FAC20250602105343,Education,English,Poll,North America,330,0,user_78322,0.000136,0.013161,0.013161,331,1032,2
FAC20250602105353,Science,German,Link,North America,53,0,user_375927,0.000059,0.000999,0.000999,89,272,14
FAC20250602105357,Food,Chinese,Image,Asia,5593,0,user_19364,0.000093,0.004061,0.004061,191,583,3
FAC20250602105367,Business,English,Video,North America,3073,0,user_329582,0.000159,0.012201,0.012201,386,1233,11
FAC20250602105415,Climate,English,Image,Asia,346,0,user_474217,0.000174,0.01111,0.01111,415,1334,0
FAC20250602105436,Food,Portuguese,Image,North America,10036,1,user_131926,0.000102,0.004239,0.004239,212,661,3
FAC20250602105438,Politics,English,Link,North America,476,0,user_274369,0.000141,0.009216,0.009216,327,1022,4
FAC20250602105470,Technology,Japanese,Video,Asia,1050,0,user_128783,0.000089,0.006528,0.006528,187,578,1
FAC20250602105477,Climate,English,Image,Asia,7,0,user_53637,0.000143,0.007748,0.007748,327,1047,0
FAC20250602105535,Fashion,English,Text,Asia,4064,0,user_384789,0.000183,0.014174,0.014174,457,1488,9
FAC20250602105600,Entertainment,German,Video,Unknown,112,0,user_247378,0.000077,0.005635,0.005635,153,470,6
FAC20250602105629,Politics,English,Link,North America,825,0,user_363043,0.000148,0.009774,0.009774,346,1078,4
FAC20250603105644,Business,English,Text,South America,767,0,user_483956,0.000187,0.015383,0.015383,471,1537,11
FAC20250603105659,Entertainment,Portuguese,Image,North America,4782,0,user_477834,0.000106,0.00956,0.00956,239,745,6
FAC20250603105662,Business,English,Video,Africa,8,0,user_293424,0.000134,0.009866,0.009866,317,1001,11
FAC20250603105664,Business,Hindi,Text,Asia,93,0,user_498061,0.000097,0.005553,0.005553,208,637,11
FAC20250603105666,Climate,French,Poll,South America,9566,0,user_10456,0.000058,0.000962,0.000962,85,265,0
FAC20250603105707,Travel,Spanish,Video,Africa,109,0,user_338312,0.000088,0.003807,0.003807,171,531,8
FAC20250603105711,Politics,English,Text,North America,1613,1,user_456952,0.000178,0.013413,0.013412,440,1451,4
FAC20250603105713,Health,Japanese,Image,Asia,335,0,user_425116,0.000104,0.007351,0.007351,227,702,7
FAC20250603105735,Technology,English,Video,Europe,2,0,user_243202,0.000143,0.017027,0.017027,358,1146,1
FAC20250603105741,AI/ML,English,Video,Europe,5464,0,user_251256,0.000158,0.015176,0.015176,391,1256,12
FAC20250603105795,Entertainment,Spanish,Image,Europe,298,0,user_151065,0.000113,0.009772,0.009773,256,808,6
FAC20250603105816,Health,English,Image,Europe,209,0,user_233515,0.000185,0.019138,0.019138,474,1534,7
FAC20250603105848,Technology,English,Text,North America,669,0,user_319714,0.000191,0.022564,0.022564,498,1614,1
FAC20250603105874,Entertainment,English,Video,North America,115,0,user_128751,0.000156,0.020507,0.020507,396,1266,6
FAC20250603105926,Business,Spanish,Image,Unknown,1511,0,user_457088,0.000107,0.005231,0.005231,227,706,11
FAC20250603105957,Technology,French,Link,Asia,19,0,user_217325,0.000056,0.00257,0.00257,91,277,1
FAC20250603105962,Science,English,Link,Asia,19755,1,user_360670,0.000129,0.00637,0.00637,289,899,14
FAC20250603105967,Travel,English,Link,Unknown,954,0,user_196172,0.000147,0.012773,0.012773,357,1124,8
FAC20250603105968,Travel,Spanish,Video,Oceania,195,0,user_215478,0.000089,0.003907,0.003907,175,544,8
FAC20250604105988,Technology,English,Text,Unknown,58,0,user_138874,0.000172,0.019888,0.019888,442,1436,1
FAC20250604105997,Education,Arabic,Text,Europe,327,0,user_81800,0.000093,0.006437,0.006437,199,622,2
FAC20250604106022,Climate,English,Text,Unknown,899,0,user_391648,0.000188,0.012946,0.012946,461,1508,0
FAC20250604106068,Entertainment,Japanese,Image,Africa,80,0,user_44674,0.000095,0.008549,0.008549,208,644,6
FAC20250604106110,AI/ML,English,Text,Europe,1413,0,user_109755,0.000187,0.018834,0.018834,478,1545,12
FAC20250604106130,Education,Korean,Text,Asia,35045,1,user_55181,0.000089,0.005897,0.005897,186,562,2
FAC20250604106178,Finance,English,Image,North America,724,0,user_246488,0.000179,0.012496,0.012496,435,1410,10
FAC20250604106184,Health,Portuguese,Text,Unknown,585,0,user_455037,0.000111,0.008667,0.008667,250,772,7
FAC20250604106190,Entertainment,French,Video,Europe,807,0,user_487638,0.000087,0.006709,0.006709,181,560,6
FAC20250604106197,AI/ML,English,Video,Asia,527,0,user_279051,0.000173,0.016484,0.016484,431,1377,12
FAC20250604106217,AI/ML,German,Video,North America,30634,1,user_278048,0.000072,0.003653,0.003653,134,407,12
FAC20250604106236,Finance,French,Image,South America,456,0,user_220557,0.000099,0.004145,0.004145,200,618,10
FAC20250604106242,Entertainment,Portuguese,Text,North America,774,0,user_235916,0.000114,0.012121,0.012121,268,839,6
FAC20250604106247,Science,English,Link,North America,70,0,user_462678,0.000137,0.006778,0.006778,307,961,14
FAC20250604106254,Travel,English,Text,Europe,126,0,user_268053,0.000175,0.01552,0.01552,439,1441,8
FAC20250604106266,Science,English,Image,North America,3010,1,user_220293,0.00017,0.009417,0.009417,399,1292,14
FAC20250605106291,Entertainment,English,Video,Europe,531209,1,user_189454,0.000141,0.019319,0.01932,356,1127,6
FAC20250605106310,Politics,English,Text,Asia,5733,0,user_258189,0.000169,0.011727,0.011727,411,1350,4
FAC20250605106314,Gaming,English,Image,Europe,13220,1,user_222808,0.00016,0.010624,0.010624,385,1249,13
FAC20250605106330,Health,English,Image,North America,221,0,user_34799,0.000187,0.019264,0.019264,478,1545,7
FAC20250605106361,Health,English,Text,Africa,584,0,user_460086,0.000191,0.021244,0.021244,498,1624,7
FAC20250605106368,Health,Spanish,Image,Europe,537,0,user_393199,0.000114,0.007769,0.007769,252,787,7
FAC20250605106420,Finance,Spanish,Video,Asia,1072,0,user_33311,0.000089,0.003041,0.003041,169,524,10
FAC20250605106434,Climate,Spanish,Image,Europe,1608,0,user_179282,0.000109,0.003667,0.003667,220,687,0
FAC20250605106444,Climate,English,Text,Europe,561,0,user_244262,0.000186,0.012916,0.012916,455,1497,0
FAC20250605106450,AI/ML,English,Link,North America,3,0,user_390162,0.000134,0.01312,0.01312,321,991,12
FAC20250605106521,AI/ML,English,Image,Europe,1310,0,user_493766,0.000183,0.018476,0.018476,467,1530,12
FAC20250605106549,Science,English,Image,Asia,37975,1,user_249512,0.000149,0.007192,0.007192,342,1103,14
FAC20250606106598,Travel,Portuguese,Text,Asia,3426,0,user_461388,0.000107,0.006933,0.006933,236,735,8
FAC20250606106599,AI/ML,French,Image,Asia,138,0,user_250425,0.000102,0.006957,0.006957,220,679,12
FAC20250606106613,Travel,Japanese,Poll,Asia,126,0,user_131510,0.000044,0.001411,0.001411,58,178,8
FAC20250606106623,Finance,English,Image,North America,4340,0,user_244215,0.000173,0.011993,0.011993,418,1348,10
FAC20250606106630,Finance,Spanish,Text,Unknown,891,0,user_462965,0.000114,0.005634,0.005634,245,770,10
FAC20250606106661,Technology,Portuguese,Link,Asia,1298,0,user_222222,0.000071,0.003902,0.003902,131,404,1
FAC20250606106704,Health,English,Link,North America,137918,1,user_191359,0.000129,0.014543,0.014543,318,992,7
FAC20250606106708,Science,English,Video,Asia,1872,0,user_163097,0.000163,0.00857,0.00857,378,1220,14
FAC20250606106710,Entertainment,Portuguese,Image,North America,109,0,user_92219,0.0001,0.008939,0.008939,223,699,6
FAC20250606106719,Gaming,English,Text,Asia,21573,1,user_267989,0.000156,0.010855,0.010855,379,1256,13
FAC20250606106730,Entertainment,English,Image,Europe,2773,0,user_432049,0.000181,0.02341,0.023411,470,1524,6
FAC20250606106731,Business,Portuguese,Link,Unknown,42,0,user_99362,0.000057,0.001496,0.001496,89,272,11
FAC20250606106752,Travel,Hindi,Text,Asia,457,0,user_453966,0.000098,0.006818,0.006818,215,661,8
FAC20250606106765,Travel,Spanish,Video,North America,12351,0,user_297611,0.000084,0.003402,0.003402,160,496,8
FAC20250606106767,Sports,English,Link,North America,64,0,user_241908,0.000134,0.007396,0.007396,303,950,5
FAC20250606106781,Health,English,Poll,Asia,2173,0,user_423950,0.00014,0.015123,0.015123,343,1053,7
FAC20250606106799,Entertainment,Spanish,Text,Africa,6462,0,user_319390,0.000117,0.011868,0.011868,272,853,6
FAC20250606106807,Entertainment,French,Image,Europe,5022,1,user_414811,0.000099,0.009045,0.009045,220,678,6
FAC20250606106814,Entertainment,German,Video,Asia,2604,0,user_335683,0.000083,0.006533,0.006533,169,524,6
FAC20250606106826,Travel,English,Text,North America,337,0,user_42198,0.000193,0.018549,0.018549,494,1619,8
FAC20250606106840,Business,English,Image,North America,7973,0,user_260900,0.000163,0.012191,0.012191,400,1306,11
FAC20250606106860,Politics,English,Image,Oceania,3257,0,user_365986,0.000168,0.011619,0.011619,406,1317,4
FAC20250606106887,Climate,Portuguese,Video,Oceania,1598,0,user_1452,0.000092,0.002497,0.002497,172,540,0
FAC20250606106895,Food,English,Text,North America,276,0,user_120126,0.000188,0.013798,0.013798,464,1515,3
FAC20250607106916,Entertainment,Portuguese,Text,North America,56,0,user_112764,0.000106,0.011414,0.011414,246,769,6
FAC20250607106927,Science,English,Image,Asia,1525,0,user_307263,0.000178,0.010732,0.010732,426,1375,14
FAC20250607106978,Education,English,Link,North America,3934,0,user_350467,0.000143,0.013557,0.013557,348,1095,2
FAC20250607106980,Technology,Japanese,Text,North America,136,0,user_130726,0.000093,0.007971,0.007971,204,623,1
FAC20250607107029,Fashion,English,Image,Europe,160,0,user_252449,0.000171,0.012624,0.012624,422,1383,9
FAC20250607107045,Finance,English,Text,North America,93552,1,user_397031,0.000144,0.009308,0.009308,341,1128,10
FAC20250607107054,Entertainment,English,Poll,North America,4272,1,user_152248,0.000136,0.019185,0.019185,341,1061,6
FAC20250607107072,Gaming,Korean,Image,Asia,5154,1,user_449832,0.00009,0.003955,0.003955,182,561,13
FAC20250607107116,Gaming,German,Image,Europe,12293,0,user_254087,0.000088,0.0038,0.0038,177,543,13
FAC20250607107120,Science,English,Text,Asia,5212,0,user_164014,0.000173,0.009622,0.009622,410,1330,14
FAC20250607107139,Travel,Portuguese,Image,North America,820,0,user_293616,0.000103,0.005775,0.005775,219,685,8
FAC20250607107165,Climate,French,Video,Europe,10503,1,user_42804,0.000085,0.001988,0.001988,151,472,0
FAC20250607107189,Gaming,Hindi,Image,Asia,102,0,user_372941,0.000089,0.003748,0.003748,177,538,13
FAC20250607107202,Entertainment,English,Image,South America,1594,0,user_17218,0.000191,0.024832,0.024833,501,1617,6
FAC20250608107260,Education,French,Poll,South America,3437,0,user_409579,0.000061,0.002604,0.002604,104,315,2
FAC20250608107273,Health,English,Text,North America,117884,1,user_350973,0.000153,0.01631,0.01631,386,1268,7
FAC20250608107277,Sports,Portuguese,Video,Europe,4965,1,user_371561,0.000091,0.002516,0.002516,171,535,5
FAC20250608107280,Entertainment,Portuguese,Image,North America,454,0,user_121522,0.000105,0.009999,0.009999,237,746,6
FAC20250608107303,Health,English,Image,Europe,18,0,user_216567,0.000161,0.016548,0.016547,405,1303,7
FAC20250608107313,Fashion,English,Text,North America,26,0,user_244487,0.000161,0.011015,0.011015,390,1269,9
FAC20250608107340,Health,Spanish,Image,North America,282,0,user_357260,0.000116,0.00785,0.00785,257,808,7
FAC20250608107355,Education,English,Text,Europe,429,0,user_326737,0.000195,0.019895,0.019895,503,1629,2
FAC20250608107415,Education,English,Image,North America,191,0,user_200922,0.000178,0.016989,0.016988,451,1470,2
FAC20250608107424,Climate,English,Image,Asia,221,0,user_126960,0.000175,0.010998,0.010998,416,1326,0
FAC20250608107455,Climate,French,Video,North America,10031,0,user_32359,0.000085,0.002003,0.002003,152,476,0
FAC20250608107460,Fashion,English,Image,North America,26,0,user_465019,0.000153,0.010801,0.010801,371,1210,9
FAC20250608107482,Fashion,English,Video,Europe,11741,0,user_488866,0.000143,0.009878,0.009878,338,1078,9
FAC20250608107486,Business,English,Poll,North America,71,0,user_398328,0.00013,0.009869,0.009869,305,934,11
FAC20250608107503,Fashion,English,Link,Europe,459,0,user_59423,0.000143,0.009757,0.009757,336,1054,9
FAC20250608107523,Climate,English,Text,Europe,1071,0,user_444897,0.000186,0.012707,0.012706,455,1497,0
FAC20250608107538,Gaming,English,Image,Europe,746,0,user_311742,0.000179,0.012823,0.012823,437,1420,13
FAC20250609107564,Sports,Chinese,Image,South America,249,0,user_8011,0.000095,0.003513,0.003513,190,582,5
FAC20250609107579,Education,English,Video,North America,1314,0,user_201244,0.000172,0.015827,0.015827,430,1382,2
FAC20250609107614,Business,French,Text,North America,409,0,user_23018,0.000103,0.005708,0.005708,223,691,11
FAC20250609107615,Fashion,Japanese,Image,North America,8809,1,user_148750,0.000094,0.004366,0.004366,193,588,9
FAC20250609107662,Food,Hindi,Image,Europe,10,0,user_130014,0.000089,0.003873,0.003873,182,554,3
FAC20250609107704,Climate,Japanese,Image,Asia,1771,1,user_139824,0.000089,0.003021,0.003021,172,536,0
FAC20250609107705,Education,English,Text,Oceania,1571,0,user_314116,0.000188,0.018361,0.018361,482,1564,2
FAC20250609107736,Fashion,English,Text,North America,2107,0,user_192478,0.000184,0.014521,0.014521,459,1495,9
FAC20250609107780,Technology,English,Text,North America,1662,0,user_388010,0.000187,0.022115,0.022115,487,1580,1
FAC20250609107786,Health,English,Link,Asia,230,0,user_166394,0.000146,0.015753,0.015753,363,1152,7
FAC20250609107797,Finance,English,Link,Oceania,136,0,user_299090,0.000137,0.009162,0.009162,321,1015,10
FAC20250610107905,Food,English,Text,North America,330,0,user_205880,0.00019,0.014607,0.014607,472,1530,3
FAC20250610107932,Food,English,Video,Asia,26,0,user_54194,0.000137,0.008553,0.008553,317,998,3
FAC20250610107941,Entertainment,Spanish,Poll,Europe,5060,0,user_150377,0.000069,0.004009,0.004009,127,388,6
FAC20250610107946,Gaming,French,Video,North America,36,0,user_36804,0.000074,0.001991,0.001991,127,393,13
FAC20250610107948,Business,English,Image,Europe,18881,1,user_466776,0.000155,0.011576,0.011576,379,1241,11
FAC20250610107952,Technology,English,Text,Europe,2763,1,user_307675,0.000185,0.021889,0.021889,482,1570,1
FAC20250610108037,AI/ML,Arabic,Text,Europe,155408,1,user_394534,0.00008,0.005561,0.005561,164,498,12
FAC20250610108043,Travel,French,Image,Asia,15299,1,user_109545,0.000085,0.004803,0.004803,173,529,8
FAC20250610108069,Gaming,Korean,Image,Asia,3179,0,user_417883,0.00009,0.003988,0.003988,182,556,13
FAC20250610108083,Finance,English,Image,North America,4287,0,user_90420,0.000172,0.011987,0.011987,417,1346,10
FAC20250610108084,Fashion,English,Poll,Europe,246,0,user_154344,0.000126,0.009066,0.009066,296,922,9
FAC20250610108093,AI/ML,English,Link,North America,10956,0,user_391311,0.000141,0.013539,0.013539,339,1057,12
FAC20250610108112,Fashion,English,Image,Asia,1300,1,user_218034,0.000176,0.013713,0.013713,436,1421,9
FAC20250610108118,Gaming,French,Link,North America,358,0,user_220250,0.00007,0.002134,0.002134,121,371,13
FAC20250610108122,Sports,English,Image,Asia,24,0,user_236533,0.000153,0.008472,0.008472,357,1156,5
FAC20250610108146,Business,English,Text,North America,298,0,user_392480,0.000188,0.015945,0.015945,475,1550,11
FAC20250610108158,Technology,English,Text,Europe,740,0,user_283720,0.00019,0.022397,0.022397,495,1605,1
FAC20250610108160,Climate,German,Image,North America,1177,0,user_278760,0.000091,0.003278,0.003278,178,547,0
FAC20250610108174,Gaming,English,Text,South America,221,0,user_311845,0.000175,0.013314,0.013314,434,1436,13
FAC20250610108177,Health,English,Image,Europe,44,0,user_352833,0.000173,0.017562,0.017561,438,1405,7
FAC20250610108184,Sports,English,Text,Asia,7559,1,user_100874,0.000166,0.009964,0.009964,397,1301,5
FAC20250610108197,Climate,Chinese,Video,Europe,10871,1,user_357603,0.000078,0.001849,0.001849,135,413,0
FAC20250610108207,AI/ML,Portuguese,Poll,Asia,447,0,user_137692,0.000062,0.002189,0.002189,99,307,12
FAC20250611108240,Fashion,Portuguese,Text,Africa,914,0,user_251024,0.000116,0.005824,0.005824,251,783,9
FAC20250611108248,Science,English,Video,North America,2208,0,user_471965,0.00016,0.008301,0.008301,370,1199,14
FAC20250611108270,Business,English,Image,North America,2300,1,user_378611,0.000172,0.013562,0.013562,426,1390,11
FAC20250611108298,AI/ML,French,Text,Oceania,948,0,user_177916,0.000102,0.006933,0.006933,220,689,12
FAC20250611108335,Education,Arabic,Image,Africa,138,0,user_324085,0.00009,0.005829,0.005829,189,577,2
FAC20250611108344,Sports,English,Text,North America,398,0,user_57183,0.000188,0.013591,0.013591,462,1503,5
FAC20250611108373,Health,English,Text,North America,18286,0,user_128928,0.000165,0.017511,0.017511,419,1378,7
FAC20250611108457,Food,English,Poll,North America,252,0,user_125064,0.000135,0.008404,0.008404,311,966,3
FAC20250611108484,Finance,English,Text,North America,519,0,user_170229,0.00018,0.014475,0.014475,449,1477,10
FAC20250611108485,Technology,Spanish,Image,North America,81,0,user_292280,0.000113,0.00879,0.00879,255,800,1
FAC20250611108486,Travel,Arabic,Link,Europe,133,0,user_453694,0.000061,0.002473,0.002473,103,316,8
FAC20250611108520,AI/ML,French,Video,Europe,14151,0,user_50380,0.000075,0.003723,0.003723,142,431,12
FAC20250611108536,Sports,English,Video,North America,15,0,user_247500,0.000144,0.007383,0.007383,326,1034,5
FAC20250612108544,Science,English,Image,North America,310,0,user_388918,0.000177,0.010496,0.010496,423,1358,14
FAC20250612108586,Travel,English,Video,Europe,577,0,user_413400,0.000171,0.014819,0.014819,422,1346,8
FAC20250612108602,Science,Spanish,Text,North America,1451,0,user_205158,0.000122,0.004155,0.004155,254,791,14
FAC20250612108609,Travel,English,Text,Oceania,1838,1,user_35355,0.000187,0.017375,0.017375,475,1562,8
FAC20250612108613,Food,Portuguese,Video,Europe,116,0,user_151171,0.000083,0.00262,0.00262,154,471,3
FAC20250612108620,Entertainment,English,Link,North America,5424,0,user_288170,0.000138,0.019319,0.019319,348,1090,6
FAC20250612108640,Climate,Spanish,Video,Europe,105695,1,user_108411,0.000081,0.001885,0.001885,142,440,0
FAC20250612108649,Politics,English,Link,North America,116,0,user_511,0.000139,0.009198,0.009198,324,1003,4
FAC20250612108673,Climate,English,Image,North America,132,0,user_204143,0.000174,0.011171,0.011171,416,1331,0
FAC20250612108686,Health,Arabic,Poll,South America,17280,1,user_75525,0.000045,0.001521,0.001521,59,179,7
FAC20250612108722,Science,English,Link,Europe,95070,1,user_384227,0.000128,0.006301,0.006301,285,889,14
FAC20250612108734,Fashion,English,Image,Asia,13023,1,user_73164,0.000155,0.010811,0.010811,376,1231,9
FAC20250612108758,Gaming,English,Text,North America,19231,0,user_66279,0.000157,0.010779,0.010779,380,1260,13
FAC20250612108765,Entertainment,English,Image,North America,17899,1,user_59708,0.000168,0.021882,0.021883,432,1389,6
FAC20250612108769,Education,English,Video,North America,2689,0,user_252731,0.000171,0.015691,0.015691,427,1373,2
FAC20250612108788,Sports,English,Text,North America,6139,1,user_365603,0.000168,0.010103,0.010102,402,1321,5
FAC20250612108814,Sports,Korean,Video,Asia,644,0,user_494919,0.000084,0.0023,0.0023,154,478,5
FAC20250612108838,Education,Portuguese,Poll,Asia,774,0,user_324703,0.000066,0.002859,0.002859,117,359,2
FAC20250612108850,Health,Japanese,Video,South America,1463,0,user_93211,0.000077,0.004689,0.004689,150,463,7
FAC20250612108860,Business,English,Link,North America,20273,1,user_156181,0.000131,0.009931,0.009931,310,964,11
FAC20250613108887,AI/ML,Spanish,Text,North America,745,0,user_405557,0.000115,0.007388,0.007388,253,798,12
FAC20250613108904,Climate,English,Text,North America,3828,0,user_131724,0.000183,0.012265,0.012265,444,1450,0
FAC20250613108935,Travel,Spanish,Image,Asia,595,0,user_260330,0.000108,0.006213,0.006213,233,726,8
FAC20250613108963,Politics,English,Link,Oceania,13745,1,user_243987,0.000133,0.008745,0.008745,307,944,4
FAC20250613108968,Education,Spanish,Image,Asia,6841,1,user_411481,0.000103,0.006225,0.006225,221,698,2
FAC20250613108974,Finance,Chinese,Image,North America,1228,0,user_122255,0.00009,0.003652,0.003652,178,547,10
FAC20250613108993,Climate,English,Text,Asia,1132,0,user_116096,0.000186,0.012851,0.012851,455,1497,0
FAC20250613108994,Gaming,Spanish,Image,North America,423138,1,user_478236,0.000093,0.003872,0.003872,189,590,13
FAC20250613109010,Finance,Korean,Text,Africa,340,0,user_233342,0.000092,0.004771,0.004771,192,593,10
FAC20250613109089,Finance,Portuguese,Video,North America,454,0,user_228692,0.000087,0.003082,0.003082,165,507,10
FAC20250613109105,Travel,Korean,Video,Asia,274,0,user_438015,0.000081,0.003784,0.003784,154,476,8
FAC20250613109110,Sports,English,Image,North America,935,1,user_119287,0.000179,0.011831,0.011831,431,1391,5
FAC20250613109114,Climate,Japanese,Image,Europe,10396,0,user_195851,0.000084,0.00266,0.00266,158,498,0
FAC20250613109126,Business,English,Video,North America,17537,1,user_99587,0.00014,0.010432,0.010432,333,1059,11
FAC20250613109177,Sports,English,Image,Asia,148650,1,user_405840,0.000142,0.007452,0.007452,327,1062,5
FAC20250614109222,Climate,Hindi,Image,North America,9319,1,user_310367,0.000087,0.002743,0.002743,165,511,0
FAC20250614109232,Science,English,Link,North America,93,0,user_64205,0.000138,0.006906,0.006906,311,972,14
FAC20250614109240,Politics,English,Link,South America,660,0,user_113162,0.000143,0.009489,0.009489,334,1039,4
FAC20250614109253,AI/ML,English,Video,Oceania,7462,0,user_125508,0.000161,0.015349,0.015349,399,1277,12
FAC20250614109342,Education,English,Image,Europe,1470,0,user_65441,0.000186,0.018057,0.018057,476,1546,2
FAC20250614109344,Climate,English,Image,North America,9196,0,user_394125,0.000163,0.009179,0.009179,380,1228,0
FAC20250614109375,Finance,English,Text,North America,292,0,user_258459,0.000183,0.014246,0.014246,455,1488,10
FAC20250614109384,Education,English,Image,North America,237,0,user_431028,0.000181,0.017238,0.017238,460,1501,2
FAC20250614109400,Politics,English,Video,Oceania,80,0,user_427047,0.000149,0.009851,0.009851,353,1143,4
FAC20250614109401,Education,English,Video,Africa,3922,0,user_394887,0.000164,0.015077,0.015077,406,1307,2
FAC20250614109424,AI/ML,Hindi,Poll,Europe,143,0,user_358780,0.00005,0.001506,0.001506,68,208,12
FAC20250614109456,AI/ML,French,Text,North America,144,0,user_368989,0.000097,0.006415,0.006415,206,642,12
FAC20250614109459,Business,English,Image,Asia,54,0,user_48689,0.000161,0.012129,0.012129,395,1286,11
FAC20250614109462,AI/ML,Portuguese,Text,Asia,465,0,user_231501,0.000104,0.006794,0.006794,224,698,12
FAC20250614109495,Travel,English,Image,Asia,399,0,user_158378,0.000173,0.015474,0.015474,434,1421,8
FAC20250614109499,Climate,Korean,Video,Asia,8423,0,user_178067,0.000079,0.001958,0.001958,140,436,0
FAC20250614109500,Fashion,English,Image,Europe,48,0,user_36036,0.000158,0.011214,0.011214,384,1256,9
FAC20250614109507,Climate,German,Text,Africa,37573,1,user_354397,0.000097,0.004191,0.004191,199,603,0
FAC20250614109508,Finance,English,Text,Asia,34,0,user_385111,0.000155,0.010308,0.010308,371,1222,10
FAC20250615109529,Sports,Japanese,Link,North America,66313,1,user_223190,0.000052,0.000851,0.000851,73,221,5
FAC20250615109538,Climate,Arabic,Image,Europe,5560,1,user_329442,0.000085,0.00271,0.00271,159,489,0
FAC20250615109539,Technology,English,Text,Africa,4189,0,user_46145,0.000186,0.02209,0.02209,486,1582,1
FAC20250615109562,Gaming,French,Text,Asia,8391,0,user_245583,0.000103,0.005196,0.005196,219,682,13
FAC20250615109637,AI/ML,English,Video,Asia,811,0,user_373607,0.000169,0.016037,0.016036,419,1349,12
FAC20250615109638,Business,English,Image,Africa,149595,1,user_319292,0.000144,0.010526,0.010526,347,1134,11
FAC20250615109639,Finance,English,Image,Europe,4692,1,user_324829,0.000172,0.011761,0.011761,415,1341,10
FAC20250615109655,Education,Korean,Link,Asia,132,0,user_293088,0.000053,0.001841,0.001841,80,245,2
FAC20250615109686,Sports,English,Image,South America,650,0,user_307753,0.000176,0.010705,0.010705,420,1359,5
FAC20250615109689,Science,English,Image,North America,25814,1,user_105650,0.000151,0.007398,0.007398,347,1116,14
FAC20250615109747,Education,English,Video,North America,1301,0,user_354673,0.000172,0.015759,0.015759,429,1379,2
FAC20250615109775,Health,English,Video,North America,1236,0,user_381576,0.000165,0.01744,0.01744,417,1340,7
FAC20250615109788,Entertainment,English,Link,Europe,4452,0,user_297648,0.00014,0.019513,0.019513,354,1117,6
FAC20250615109798,Gaming,Hindi,Video,South America,702,1,user_102015,0.000073,0.002308,0.002308,128,394,13
FAC20250616109861,Entertainment,English,Text,Asia,327,0,user_233888,0.00019,0.026148,0.026149,505,1654,6
FAC20250616109902,Health,English,Image,Europe,1353,0,user_383503,0.00019,0.019993,0.019993,487,1569,7
FAC20250616109905,Science,Portuguese,Video,North America,553,0,user_498053,0.000095,0.002408,0.002408,179,555,14
FAC20250616109936,Climate,English,Image,North America,190,0,user_425889,0.000172,0.010912,0.010912,410,1312,0
FAC20250616109938,Climate,English,Video,North America,126,0,user_383630,0.000154,0.008588,0.008588,354,1127,0
FAC20250616109948,Food,Spanish,Image,Europe,2858,0,user_103257,0.000119,0.005022,0.005022,253,794,3
FAC20250616109966,Food,English,Image,North America,11560,0,user_155509,0.000162,0.010231,0.010231,389,1269,3
FAC20250616110053,Gaming,English,Image,North America,6276,1,user_248335,0.000168,0.011297,0.011297,405,1315,13
FAC20250616110074,Technology,French,Text,North America,320,0,user_428174,0.000096,0.008226,0.008226,211,657,1
FAC20250616110087,Climate,English,Image,North America,46,0,user_403359,0.000159,0.00918,0.00918,372,1193,0
FAC20250616110102,Politics,Japanese,Text,North America,56275,0,user_18247,0.00009,0.004511,0.004511,185,564,4
FAC20250616110137,Education,Korean,Link,Unknown,358,1,user_217426,0.000059,0.002576,0.002576,98,297,2
FAC20250616110144,Climate,German,Text,North America,2015,0,user_20111,0.000105,0.004599,0.004599,220,674,0
FAC20250616110152,Health,English,Text,Europe,10098,1,user_461092,0.00017,0.01804,0.01804,434,1429,7
FAC20250617110165,Finance,English,Video,Europe,18706,1,user_386113,0.000138,0.009038,0.009038,322,1028,10
FAC20250617110186,Education,English,Image,Europe,1091,0,user_47445,0.000184,0.01824,0.01824,470,1532,2
FAC20250617110198,Sports,English,Video,Europe,5653,0,user_471748,0.000156,0.008729,0.008729,362,1168,5
FAC20250617110206,Food,Portuguese,Image,Asia,32646,1,user_53588,0.000102,0.004278,0.004278,212,652,3
FAC20250617110209,Fashion,Arabic,Image,North America,4,0,user_296728,0.000083,0.004002,0.004002,168,512,9
FAC20250617110212,Entertainment,Portuguese,Text,Europe,968,0,user_141475,0.000116,0.012417,0.012417,273,852,6
FAC20250617110218,Food,English,Image,North America,891,0,user_377235,0.000185,0.013556,0.013556,457,1484,3
FAC20250617110266,Technology,Spanish,Image,North America,3934,0,user_205671,0.000117,0.009218,0.009218,265,837,1
FAC20250617110281,Entertainment,German,Video,Europe,593,0,user_386994,0.00008,0.006107,0.006107,160,494,6
FAC20250617110313,Finance,Spanish,Poll,South America,1700,0,user_302420,0.000058,0.0013,0.0013,89,269,10
FAC20250617110324,Travel,Portuguese,Link,Asia,293,0,user_72308,0.000078,0.003194,0.003194,144,443,8
FAC20250617110337,Entertainment,French,Text,North America,6,0,user_475888,0.000094,0.010384,0.010385,213,649,6
FAC20250617110353,Travel,Arabic,Link,Unknown,408,0,user_399291,0.000062,0.002746,0.002746,107,328,8
FAC20250617110367,Gaming,English,Image,North America,250,0,user_221201,0.000179,0.012797,0.012797,437,1423,13
FAC20250617110372,Finance,English,Image,North America,4666,0,user_391899,0.000172,0.011821,0.011821,416,1343,10
FAC20250617110381,Finance,English,Text,North America,1230,0,user_86073,0.000182,0.013817,0.013817,449,1466,10
FAC20250617110396,Education,Spanish,Text,Asia,2836,0,user_150915,0.000115,0.007414,0.007414,255,797,2
FAC20250617110419,Entertainment,German,Poll,Asia,6241,0,user_191617,0.000048,0.00246,0.002461,73,221,6
FAC20250617110445,Sports,English,Text,Europe,310,0,user_89081,0.000187,0.013066,0.013066,457,1487,5
FAC20250617110460,Food,English,Text,Unknown,674,0,user_296047,0.000184,0.013452,0.013452,453,1476,3
FAC20250617110484,Finance,Spanish,Video,North America,1318,0,user_16605,0.000088,0.002924,0.002924,166,516,10
FAC20250618110499,Climate,English,Link,North America,7128,0,user_173672,0.000136,0.007644,0.007643,309,972,0
FAC20250618110514,Gaming,French,Image,North America,1267,1,user_156216,0.000103,0.00446,0.00446,213,668,13
FAC20250618110532,AI/ML,Spanish,Text,South America,1245,0,user_128134,0.000115,0.007429,0.007429,253,784,12
FAC20250618110540,Climate,Portuguese,Video,North America,3515,0,user_114140,0.000085,0.002228,0.002228,154,484,0
FAC20250618110567,Sports,Japanese,Text,Oceania,499,0,user_110094,0.000101,0.004069,0.004069,209,647,5
FAC20250618110569,Fashion,English,Image,North America,429,0,user_134595,0.000174,0.012924,0.012924,429,1408,9
FAC20250618110583,Technology,English,Text,North America,205,0,user_231810,0.000188,0.022088,0.022088,489,1581,1
FAC20250618110596,Food,English,Image,Europe,97963,1,user_133019,0.000149,0.009175,0.009175,354,1154,3
FAC20250618110636,Sports,English,Text,North America,281,0,user_463141,0.000183,0.012466,0.012466,446,1462,5
FAC20250618110646,Sports,English,Image,Asia,2,0,user_442126,0.000142,0.007426,0.007426,326,1056,5
FAC20250618110672,AI/ML,English,Poll,Europe,1769,0,user_456817,0.000144,0.013873,0.013873,349,1079,12
FAC20250618110679,Education,English,Link,Europe,188,0,user_207405,0.000148,0.013915,0.013915,361,1128,2
FAC20250618110702,Education,English,Video,Asia,56028,1,user_270927,0.000148,0.01347,0.01347,361,1151,2
FAC20250618110716,Sports,English,Image,Asia,4714,0,user_413928,0.00017,0.010153,0.010153,403,1308,5
FAC20250618110752,Travel,English,Image,Europe,318,0,user_24239,0.000176,0.015758,0.015758,442,1445,8
FAC20250618110776,Fashion,Japanese,Video,Europe,84,0,user_8514,0.000075,0.002511,0.002511,135,410,9
FAC20250618110777,Politics,English,Text,Europe,5078,0,user_184991,0.000171,0.012246,0.012246,419,1372,4
FAC20250618110789,Science,Hindi,Link,South America,3993,0,user_134090,0.00006,0.001114,0.001114,93,287,14
FAC20250618110797,Fashion,Hindi,Video,Asia,9538,0,user_415028,0.000063,0.001911,0.001911,106,332,9
FAC20250618110806,Health,Portuguese,Text,Europe,131,0,user_42241,0.00011,0.008697,0.008696,248,765,7
FAC20250619110820,Climate,English,Image,Asia,27531,0,user_25560,0.000151,0.008429,0.008428,349,1121,0
FAC20250619110830,Gaming,Japanese,Video,Asia,53704,1,user_434411,0.000068,0.001728,0.001728,113,344,13
FAC20250619110837,Health,German,Image,Africa,34942,1,user_8114,0.00009,0.005931,0.005931,187,567,7
FAC20250619110838,Entertainment,English,Poll,Europe,972,0,user_332596,0.000137,0.019313,0.019314,344,1067,6
FAC20250619110848,Entertainment,Spanish,Video,Europe,60,0,user_69811,0.000094,0.006711,0.006711,198,626,6
FAC20250619110873,Finance,English,Video,Asia,63,0,user_46132,0.000145,0.009681,0.009681,342,1089,10
FAC20250619110918,Gaming,Spanish,Video,Europe,15765,1,user_354534,0.000083,0.002405,0.002405,152,468,13
FAC20250619110946,Sports,English,Text,Asia,4444,1,user_49809,0.000178,0.01145,0.01145,431,1402,5
FAC20250619110948,Fashion,English,Text,Europe,4220,0,user_387660,0.000184,0.014152,0.014152,458,1491,9
FAC20250619110965,Science,English,Text,North America,3154,0,user_388938,0.000178,0.010842,0.010842,427,1388,14
FAC20250619110977,Politics,English,Video,Asia,8659,0,user_486420,0.000152,0.010239,0.010239,362,1164,4
FAC20250619110985,AI/ML,Japanese,Video,Asia,235,0,user_422353,0.000078,0.004208,0.004208,151,463,12
FAC20250619111047,Entertainment,Japanese,Image,Europe,1572,0,user_217339,0.000099,0.009056,0.009056,220,690,6
FAC20250619111051,Climate,Portuguese,Image,Asia,1669,0,user_8370,0.000098,0.00327,0.00327,194,603,0
FAC20250619111057,Science,Chinese,Text,Europe,35,0,user_377633,0.00009,0.003189,0.003189,179,543,14
FAC20250619111059,Entertainment,English,Video,South America,6878,1,user_14391,0.000162,0.021076,0.021077,413,1314,6
FAC20250619111071,Gaming,English,Image,Europe,149,0,user_321386,0.000179,0.012578,0.012577,436,1407,13
FAC20250619111072,Food,English,Video,North America,338,0,user_186890,0.000158,0.010395,0.010395,376,1191,3
FAC20250619111091,Science,Spanish,Video,Europe,6548,0,user_217113,0.000096,0.002421,0.002421,183,571,14
FAC20250619111099,Business,Spanish,Text,Oceania,163,0,user_184765,0.000111,0.006138,0.006138,243,759,11
FAC20250619111101,Technology,Japanese,Text,North America,1998,0,user_490753,0.000098,0.008438,0.008438,217,674,1
FAC20250619111102,Sports,Portuguese,Image,Europe,154,0,user_480898,0.000104,0.003586,0.003586,212,656,5
FAC20250619111120,Food,English,Video,Asia,26229,1,user_34715,0.000139,0.008494,0.008494,322,1019,3
FAC20250620111141,Education,Japanese,Text,South America,1764,0,user_189382,0.000097,0.006587,0.006587,210,655,2
FAC20250620111149,Climate,Arabic,Video,Africa,4406,0,user_55727,0.000081,0.002145,0.002145,144,437,0
FAC20250620111175,Entertainment,English,Video,Unknown,18122,1,user_20688,0.00015,0.01995,0.019951,378,1200,6
FAC20250620111187,Gaming,Japanese,Image,Europe,2,0,user_12635,0.000086,0.003657,0.003656,172,524,13
FAC20250620111192,Travel,Portuguese,Video,Europe,248,0,user_50950,0.000087,0.003918,0.003918,170,528,8
FAC20250620111204,Travel,Portuguese,Image,North America,5538,1,user_385835,0.000097,0.005303,0.005303,203,633,8
FAC20250620111206,Health,English,Image,Europe,1570,0,user_438019,0.00019,0.019948,0.019948,488,1571,7
FAC20250620111247,Technology,Portuguese,Image,Europe,140,0,user_185451,0.000104,0.008071,0.008071,229,710,1
FAC20250620111265,Entertainment,English,Link,Europe,56,0,user_237018,0.000138,0.0194,0.019401,348,1088,6
FAC20250620111277,Technology,English,Poll,North America,311,1,user_22595,0.000135,0.016737,0.016737,338,1049,1
FAC20250620111392,Entertainment,English,Text,Europe,188,0,user_130797,0.000185,0.024819,0.02482,488,1598,6
FAC20250620111395,Health,Spanish,Poll,North America,3392,1,user_297014,0.00007,0.003006,0.003006,123,378,7
FAC20250621111453,Health,English,Video,North America,122,0,user_497369,0.000153,0.016161,0.01616,381,1225,7
FAC20250621111455,Politics,German,Image,Europe,66,0,user_436766,0.000088,0.003512,0.003512,174,540,4
FAC20250621111485,Finance,English,Video,North America,541,0,user_176230,0.000164,0.011492,0.011492,395,1263,10
FAC20250621111507,Science,Spanish,Video,North America,36,0,user_246604,0.000091,0.002189,0.002189,169,530,14
FAC20250621111612,Entertainment,English,Text,North America,612,0,user_94930,0.000193,0.025987,0.025988,511,1671,6
FAC20250621111654,AI/ML,Japanese,Image,Africa,42,0,user_460522,0.000093,0.006484,0.006484,198,610,12
FAC20250621111671,Food,Portuguese,Image,North America,14897,1,user_132945,0.000098,0.00403,0.00403,202,628,3
FAC20250621111689,Science,German,Video,Asia,41,0,user_294357,0.000078,0.001913,0.001913,140,432,14
FAC20250621111718,Travel,Japanese,Text,Asia,70,0,user_154515,0.000096,0.006273,0.006273,206,632,8
FAC20250621111730,Technology,Arabic,Video,Asia,4196,0,user_23010,0.000082,0.006227,0.006227,171,528,1
FAC20250622111764,Climate,Portuguese,Image,Asia,330,0,user_293156,0.000096,0.003152,0.003152,186,573,0
FAC20250622111774,Health,German,Image,Europe,12177,0,user_417762,0.000094,0.006325,0.006325,198,608,7
FAC20250622111782,Business,English,Link,Europe,178,0,user_112366,0.000143,0.010812,0.010812,341,1069,11
FAC20250622111809,Sports,Arabic,Video,Asia,14,0,user_309330,0.000072,0.001746,0.001746,124,379,5
FAC20250622111826,AI/ML,English,Image,Europe,902,0,user_330222,0.000186,0.018879,0.018879,476,1567,12
FAC20250622111829,Gaming,English,Link,Europe,52,0,user_196472,0.000133,0.008981,0.008981,309,963,13
FAC20250622111831,Sports,English,Text,Europe,106379,1,user_422731,0.000147,0.007774,0.007774,341,1113,5
FAC20250622111854,Sports,English,Image,Europe,209,0,user_152028,0.000175,0.010717,0.010717,420,1373,5
FAC20250622111897,Gaming,English,Text,Unknown,14234,1,user_346473,0.000157,0.010772,0.010772,380,1258,13
FAC20250622111903,Gaming,English,Link,Asia,4,0,user_29185,0.000126,0.008496,0.008496,290,899,13
FAC20250622111910,Business,English,Video,North America,21651,0,user_447903,0.00014,0.01031,0.01031,333,1057,11
FAC20250622111923,Education,English,Image,North America,317,0,user_220915,0.000183,0.017408,0.017408,465,1510,2
FAC20250622111939,Gaming,Hindi,Link,Europe,65,0,user_228676,0.000051,0.001235,0.001235,73,222,13
FAC20250622111999,Climate,Portuguese,Poll,Europe,19,0,user_405320,0.000053,0.000841,0.000841,74,223,0
FAC20250622112025,Fashion,English,Text,Unknown,1739,0,user_141188,0.000186,0.014389,0.014389,463,1510,9
FAC20250622112040,Finance,English,Video,Europe,1453,0,user_227327,0.000162,0.011166,0.011166,388,1241,10
FAC20250622112067,Science,English,Text,South America,3380,0,user_80302,0.000182,0.011301,0.011301,438,1421,14
FAC20250622112069,Sports,Korean,Video,Europe,29181,0,user_326082,0.000074,0.00177,0.00177,128,391,5
FAC20250623112083,Politics,English,Image,North America,78,0,user_486266,0.000169,0.011337,0.011337,407,1310,4
FAC20250623112132,Food,English,Text,South America,19503,1,user_157732,0.00016,0.01029,0.01029,385,1250,3
FAC20250623112149,Education,English,Text,North America,19424,1,user_459910,0.000166,0.015389,0.015388,415,1338,2
FAC20250623112161,Sports,Hindi,Image,Europe,19806,1,user_12698,0.000083,0.002794,0.002794,158,489,5
FAC20250623112212,Politics,English,Text,Asia,22164,0,user_125695,0.000155,0.010539,0.010539,373,1228,4
FAC20250623112219,Gaming,Spanish,Video,Asia,10895,1,user_241927,0.000085,0.002404,0.002404,155,481,13
FAC20250623112228,Entertainment,English,Video,Asia,1531,0,user_226926,0.000172,0.022091,0.022091,442,1414,6
FAC20250623112277,Education,English,Image,Africa,273,0,user_425175,0.000183,0.017379,0.017379,464,1511,2
FAC20250623112286,Technology,English,Image,North America,151,0,user_466489,0.000182,0.021149,0.021149,473,1532,1
FAC20250623112287,Technology,German,Video,Asia,501,0,user_61317,0.000086,0.006215,0.006215,178,547,1
FAC20250623112326,Science,English,Video,North America,4889,0,user_114559,0.000158,0.008192,0.008192,365,1173,14
FAC20250623112338,Gaming,Japanese,Image,Africa,385,0,user_44911,0.000099,0.004428,0.004428,204,635,13
FAC20250623112342,Sports,German,Text,Europe,59849,1,user_380946,0.00009,0.003533,0.003533,179,545,5
FAC20250623112356,Fashion,Spanish,Poll,North America,16074,0,user_14976,0.000062,0.001413,0.001413,101,307,9
FAC20250623112359,Travel,Portuguese,Text,Unknown,995,0,user_242669,0.000113,0.007273,0.007273,251,780,8
FAC20250623112386,Education,Spanish,Image,Europe,610,1,user_127792,0.000109,0.006798,0.006798,239,765,2
FAC20250623112388,Travel,English,Image,Asia,2577,0,user_197598,0.000168,0.01515,0.01515,419,1368,8
FAC20250624112419,Travel,English,Image,Asia,5979,1,user_142308,0.000167,0.014531,0.014531,415,1345,8
FAC20250624112526,Sports,Portuguese,Video,Asia,799,0,user_358820,0.000096,0.002619,0.002619,184,570,5
FAC20250624112573,Travel,Spanish,Video,North America,69925,1,user_4799,0.000077,0.00304,0.00304,142,439,8
FAC20250624112609,Climate,English,Video,North America,640,0,user_382323,0.000171,0.01041,0.01041,403,1286,0
FAC20250624112611,AI/ML,English,Text,Europe,250,0,user_489853,0.000186,0.018745,0.018745,476,1548,12
FAC20250624112629,Travel,English,Image,Asia,14,0,user_306026,0.00015,0.012774,0.012774,365,1184,8
FAC20250624112650,Technology,English,Video,Unknown,32,0,user_194205,0.00015,0.017625,0.017625,378,1211,1
FAC20250624112676,Climate,English,Text,Asia,20,0,user_287033,0.000157,0.008832,0.008832,370,1213,0
FAC20250624112686,Fashion,Spanish,Link,Asia,80,0,user_131532,0.000077,0.002096,0.002096,135,416,9
FAC20250624112702,Education,English,Text,Asia,5113,0,user_360909,0.000177,0.01687,0.016869,448,1456,2
FAC20250624112717,Fashion,Portuguese,Video,Europe,1639,0,user_154049,0.000091,0.003086,0.003086,174,538,9
FAC20250624112726,Sports,English,Text,North America,429,0,user_170694,0.00019,0.013785,0.013785,466,1513,5
FAC20250625112740,Entertainment,Portuguese,Image,North America,235,1,user_48671,0.000105,0.009491,0.009491,236,736,6
FAC20250625112743,Politics,English,Text,Asia,1686,0,user_474559,0.000179,0.01353,0.01353,442,1459,4
FAC20250625112842,Health,Portuguese,Image,Europe,899,0,user_70881,0.000106,0.007023,0.007023,230,724,7
FAC20250625112858,Entertainment,English,Image,Europe,1219,0,user_149071,0.000182,0.023985,0.023985,475,1547,6
FAC20250625112907,Health,Spanish,Image,Asia,1517,0,user_401850,0.000116,0.007631,0.007631,256,802,7
FAC20250625112918,Entertainment,Spanish,Text,Asia,10540,0,user_351613,0.000115,0.011707,0.011707,269,843,6
FAC20250625112926,Climate,German,Image,Europe,479,0,user_483432,0.000094,0.003314,0.003314,185,568,0
FAC20250625112928,AI/ML,English,Image,North America,25771,1,user_495831,0.000157,0.015062,0.015062,392,1291,12
FAC20250625112941,Finance,English,Video,Europe,16215,0,user_406128,0.000141,0.009185,0.009185,328,1044,10
FAC20250625112964,Travel,English,Link,Unknown,8315,1,user_424988,0.000136,0.01197,0.01197,326,1023,8
FAC20250625112989,Technology,Spanish,Text,North America,1220,0,user_342671,0.000121,0.009497,0.009497,275,868,1
FAC20250625113038,Business,Spanish,Image,Asia,6180,0,user_132478,0.000105,0.004972,0.004972,221,686,11
FAC20250625113039,Technology,Arabic,Image,Africa,618,0,user_142775,0.000101,0.008665,0.008665,226,700,1
FAC20250625113048,Education,Japanese,Text,Europe,6672,0,user_130876,0.000091,0.006169,0.006169,193,597,2
FAC20250626113064,AI/ML,English,Text,North America,5640,1,user_385570,0.000175,0.016866,0.016866,441,1434,12
FAC20250626113098,Fashion,English,Video,North America,299,0,user_252133,0.00016,0.011432,0.011432,384,1226,9
FAC20250626113109,Gaming,Portuguese,Video,North America,368,0,user_237228,0.000087,0.002723,0.002723,159,491,13
FAC20250626113110,Finance,Portuguese,Video,Asia,5315,1,user_29375,0.000084,0.002813,0.002813,158,483,10
FAC20250626113210,Health,English,Image,South America,888,0,user_345206,0.000194,0.020748,0.020748,501,1611,7
FAC20250626113239,Health,Korean,Image,Asia,59,0,user_467971,0.00009,0.006221,0.006221,191,588,7
FAC20250626113293,Technology,English,Video,Europe,59,0,user_117863,0.000156,0.018129,0.018129,395,1276,1
FAC20250626113330,Food,Spanish,Image,North America,404,0,user_122953,0.00011,0.004602,0.004602,233,735,3
FAC20250626113349,Health,English,Text,North America,355,0,user_158525,0.000197,0.022098,0.022098,513,1674,7
FAC20250626113352,Business,Spanish,Poll,North America,51,0,user_331802,0.000053,0.00125,0.00125,78,238,11
FAC20250626113353,Science,English,Text,North America,213557,1,user_238440,0.000146,0.006896,0.006896,334,1083,14
FAC20250626113355,Business,English,Image,North America,34682,0,user_143194,0.00015,0.011074,0.011074,365,1192,11
FAC20250627113403,Politics,English,Image,Asia,1,0,user_276728,0.000146,0.009038,0.009038,343,1100,4
FAC20250627113408,Sports,English,Video,Asia,1904,0,user_178287,0.000163,0.009201,0.009201,380,1221,5
FAC20250627113418,Gaming,English,Text,North America,215,0,user_307284,0.000176,0.01341,0.01341,435,1439,13
FAC20250627113431,Technology,Spanish,Video,North America,1178,0,user_69781,0.000103,0.007023,0.007023,221,701,1
FAC20250627113437,Food,English,Link,Asia,24367,1,user_99620,0.000134,0.008398,0.008398,309,962,3
FAC20250627113468,Health,Spanish,Text,North America,155,0,user_172538,0.000111,0.008894,0.008894,251,795,7
FAC20250627113506,Entertainment,English,Video,Europe,2121,0,user_248239,0.000167,0.021588,0.021589,427,1375,6
FAC20250627113509,Food,English,Image,North America,17289,1,user_161174,0.000159,0.010057,0.010057,382,1240,3
FAC20250627113532,Education,English,Video,Europe,70,0,user_204637,0.000159,0.014496,0.014496,391,1248,2
FAC20250627113553,Climate,Korean,Poll,Africa,632,1,user_292603,0.000056,0.001333,0.001333,84,258,0
FAC20250627113560,Gaming,English,Link,North America,11889,1,user_165507,0.000133,0.008936,0.008936,309,962,13
FAC20250627113575,Food,Spanish,Image,Europe,89,0,user_416209,0.000111,0.004576,0.004576,233,733,3
FAC20250627113632,Food,English,Text,North America,174,0,user_211132,0.00018,0.012856,0.012856,444,1447,3
FAC20250628113733,Travel,French,Image,Europe,236,0,user_499558,0.000091,0.005204,0.005204,190,590,8
FAC20250628113740,Business,English,Image,Africa,1254,0,user_201574,0.000177,0.014505,0.014505,443,1435,11
FAC20250628113757,Finance,English,Poll,Asia,5035,0,user_56353,0.000131,0.008708,0.008708,303,936,10
FAC20250628113782,Finance,English,Video,North America,69,0,user_85154,0.000146,0.009748,0.009748,344,1099,10
FAC20250628113790,Climate,Chinese,Image,Europe,1875,1,user_267355,0.000085,0.00286,0.00286,162,497,0
FAC20250628113804,Science,English,Image,North America,7785,0,user_348196,0.00016,0.008286,0.008285,373,1209,14
FAC20250628113826,Climate,English,Image,Asia,1723,0,user_95008,0.000174,0.01134,0.01134,418,1345,0
FAC20250628113850,Travel,Hindi,Image,Europe,147,0,user_125447,0.00009,0.005371,0.005371,187,573,8
FAC20250628113883,Education,English,Poll,North America,572,0,user_166156,0.000141,0.013376,0.013376,344,1076,2
FAC20250628113894,Finance,English,Video,North America,2626,1,user_172616,0.000158,0.010806,0.010806,376,1200,10
FAC20250628113912,Climate,English,Image,Europe,1205,0,user_410121,0.000176,0.011673,0.011673,423,1362,0
FAC20250628113922,Finance,Spanish,Text,Europe,386,0,user_29972,0.00011,0.005356,0.005356,234,727,10
FAC20250628113935,Fashion,English,Image,Unknown,34810,1,user_463869,0.000147,0.01022,0.01022,355,1166,9
FAC20250628113941,Science,English,Text,North America,168,0,user_198758,0.000182,0.010866,0.010866,438,1417,14
FAC20250628113945,AI/ML,Spanish,Poll,South America,853,0,user_262912,0.000073,0.003101,0.0031,129,402,12
FAC20250628113961,Health,English,Text,North America,34813,0,user_495981,0.000157,0.016598,0.016598,396,1296,7
FAC20250628113987,Gaming,English,Link,Oceania,70,0,user_63034,0.000134,0.009124,0.009124,313,975,13
FAC20250628113990,Gaming,Spanish,Image,Asia,360,0,user_234960,0.000111,0.00482,0.00482,234,745,13
FAC20250629114037,Entertainment,English,Link,North America,1567,0,user_484691,0.000144,0.019904,0.019904,366,1151,6
FAC20250629114051,Gaming,English,Text,North America,380,0,user_369877,0.000187,0.015512,0.015512,469,1540,13
FAC20250629114057,Business,English,Text,Oceania,5871,1,user_77062,0.000176,0.013512,0.013512,436,1426,11
FAC20250629114072,Health,English,Link,North America,2424,0,user_308262,0.000144,0.015758,0.015758,359,1125,7
FAC20250629114080,Sports,English,Text,North America,97591,1,user_222827,0.000147,0.007796,0.007796,342,1117,5
FAC20250629114117,Health,English,Video,South America,7894,1,user_106319,0.000154,0.016317,0.016317,386,1240,7
FAC20250629114136,Fashion,English,Image,Asia,867,0,user_290396,0.000178,0.014042,0.014042,443,1446,9
FAC20250629114161,Technology,English,Image,Africa,161,0,user_54436,0.000182,0.02103,0.02103,472,1527,1
FAC20250629114174,Fashion,English,Text,Asia,73,0,user_75015,0.000172,0.012301,0.012301,423,1380,9
FAC20250629114237,Food,English,Image,Europe,1184,0,user_367279,0.000179,0.012864,0.012864,440,1433,3
FAC20250629114241,Gaming,English,Video,Asia,2162,1,user_265377,0.000162,0.01083,0.01083,385,1217,13
FAC20250629114259,Climate,English,Image,Europe,88,0,user_458497,0.000166,0.010198,0.010198,393,1258,0
FAC20250629114269,Business,Arabic,Video,Asia,14129,0,user_352853,0.000065,0.002304,0.002304,111,341,11
FAC20250629114289,Finance,English,Link,Asia,8512,1,user_362564,0.000132,0.008807,0.008807,306,960,10
FAC20250629114300,Sports,Portuguese,Text,North America,1469,0,user_292437,0.000107,0.004249,0.004249,223,703,5
FAC20250630114360,Food,Japanese,Image,Asia,595,0,user_111636,0.000107,0.004621,0.004621,223,677,3
FAC20250630114366,Fashion,Arabic,Text,North America,483,0,user_461114,0.000106,0.00541,0.00541,228,708,9
FAC20250630114410,Fashion,English,Video,Asia,31156,1,user_314156,0.000139,0.009349,0.009349,326,1037,9
FAC20250630114415,Gaming,English,Image,North America,53,0,user_197375,0.000164,0.010972,0.010972,394,1275,13
FAC20250630114430,Gaming,English,Image,North America,382,0,user_366248,0.000176,0.012479,0.012479,430,1398,13
FAC20250630114456,Finance,Spanish,Image,North America,511,0,user_337845,0.000105,0.004455,0.004455,218,685,10
FAC20250630114493,Entertainment,English,Video,Africa,4514,1,user_496551,0.000161,0.021124,0.021124,410,1313,6
FAC20250630114508,Climate,English,Image,North America,162,0,user_431242,0.00017,0.010615,0.010615,404,1295,0
FAC20250630114523,Health,French,Text,North America,3082,0,user_186090,0.000103,0.008401,0.0084,230,719,7
FAC20250630114556,Fashion,English,Image,North America,2440,0,user_346794,0.000167,0.012529,0.012529,412,1348,9
FAC20250630114567,Science,German,Video,North America,34,0,user_8345,0.000079,0.001977,0.001977,143,438,14
FAC20250630114579,Health,Hindi,Image,Europe,303,1,user_339104,0.000098,0.007089,0.007089,212,655,7
FAC20250630114580,Education,Spanish,Poll,Asia,229,0,user_460166,0.000068,0.003038,0.003038,124,381,2
FAC20250630114582,Travel,Hindi,Image,Unknown,633,0,user_457972,0.00009,0.005502,0.005502,189,581,8
FAC20250630114590,Food,English,Text,Oceania,466,0,user_430098,0.00019,0.015106,0.015106,475,1530,3
FAC20250630114638,Education,English,Video,North America,293,0,user_445802,0.000173,0.015785,0.015785,431,1385,2
FAC20250701114652,Entertainment,English,Video,North America,2213,0,user_121758,0.000166,0.021499,0.0215,426,1370,6
FAC20250701114662,Health,Portuguese,Poll,Asia,31798,0,user_189384,0.000052,0.001405,0.001405,73,224,7
FAC20250701114706,Health,English,Text,Asia,98,0,user_205455,0.000171,0.018371,0.018371,437,1428,7
FAC20250701114737,AI/ML,English,Text,North America,19408,1,user_468723,0.000163,0.015553,0.015553,407,1321,12
FAC20250701114778,Food,English,Image,South America,197,0,user_336868,0.000179,0.012162,0.012162,437,1422,3
FAC20250701114804,Climate,English,Poll,Europe,430,0,user_427567,0.000131,0.007488,0.007487,296,926,0
FAC20250701114817,Business,Portuguese,Image,Asia,3065,0,user_468681,0.000105,0.005406,0.005406,225,695,11
FAC20250701114821,Politics,English,Link,Asia,1370,0,user_203512,0.000143,0.009395,0.009395,334,1043,4
FAC20250701114837,Fashion,Hindi,Text,Europe,424,0,user_252311,0.0001,0.005203,0.005203,212,656,9
FAC20250701114838,Science,Japanese,Image,Asia,4453,1,user_2583,0.000088,0.00273,0.00273,170,523,14
FAC20250701114848,Entertainment,Spanish,Image,North America,1017,0,user_387179,0.000115,0.010056,0.010056,261,826,6
FAC20250701114852,Sports,English,Link,Europe,1960,1,user_91373,0.000143,0.007993,0.007992,326,1026,5
FAC20250701114854,Food,English,Text,North America,635,0,user_467680,0.000186,0.01384,0.01384,460,1498,3
FAC20250701114855,Gaming,French,Video,Europe,51972,1,user_150696,0.000071,0.00181,0.00181,119,368,13
FAC20250701114872,Gaming,Chinese,Image,Unknown,300,0,user_219143,0.000092,0.004158,0.004158,188,581,13
FAC20250701114917,AI/ML,English,Text,Asia,152,0,user_323407,0.000185,0.018121,0.018121,469,1518,12
FAC20250701114937,Science,English,Link,Asia,285,0,user_202125,0.000141,0.007258,0.007258,321,1005,14
FAC20250701114965,Sports,Arabic,Video,North America,559,0,user_397173,0.00008,0.002196,0.002196,146,454,5
FAC20250702114970,Food,English,Link,Asia,206,0,user_259941,0.000149,0.009387,0.009387,347,1083,3
FAC20250702114972,Politics,English,Video,North America,2488,0,user_129181,0.000156,0.010658,0.010657,374,1220,4
FAC20250702114989,Science,English,Image,Europe,3409,0,user_339934,0.000171,0.009602,0.009602,402,1298,14
FAC20250702114991,AI/ML,Spanish,Text,Oceania,18145,0,user_251986,0.000101,0.006434,0.006434,214,660,12
FAC20250702115018,Fashion,Spanish,Link,North America,8000,0,user_33296,0.000073,0.001732,0.001732,124,384,9
FAC20250702115024,Food,English,Image,Europe,1697,0,user_157758,0.00018,0.01258,0.01258,440,1434,3
FAC20250702115028,Health,Spanish,Image,Europe,1437,0,user_259697,0.000116,0.007571,0.007571,256,801,7
FAC20250702115068,Health,English,Text,Asia,658,0,user_320455,0.00019,0.020971,0.020971,494,1612,7
FAC20250702115073,AI/ML,English,Video,Europe,1001,0,user_291083,0.000167,0.015785,0.015785,414,1332,12
FAC20250702115099,Technology,Spanish,Link,Asia,26708,1,user_253680,0.000067,0.003255,0.003255,122,377,1
FAC20250702115120,Climate,English,Text,North America,524,0,user_459742,0.000189,0.013415,0.013415,464,1518,0
FAC20250702115128,Business,English,Link,Asia,1965,0,user_34446,0.000145,0.01095,0.01095,347,1084,11
FAC20250702115132,Business,English,Text,North America,8336,1,user_30156,0.000171,0.013054,0.013054,422,1382,11
FAC20250702115159,Technology,English,Link,North America,2051,0,user_4703,0.00015,0.017809,0.017809,378,1191,1
FAC20250702115169,Fashion,English,Text,Africa,11441,0,user_86294,0.000166,0.011757,0.011757,406,1323,9
FAC20250702115182,Technology,English,Link,North America,147306,1,user_115653,0.000131,0.01637,0.01637,326,1008,1
FAC20250702115200,Politics,Portuguese,Link,North America,43,0,user_95321,0.000063,0.001345,0.001345,100,312,4
FAC20250702115206,Education,English,Video,North America,5085,0,user_94059,0.000163,0.015009,0.015009,404,1292,2
FAC20250702115221,Entertainment,Japanese,Image,Europe,653,0,user_10762,0.000101,0.009307,0.009308,226,708,6
FAC20250702115229,Politics,Hindi,Image,North America,13221,0,user_101827,0.000084,0.003202,0.003202,161,493,4
FAC20250702115244,Fashion,English,Image,South America,163,0,user_356768,0.000171,0.012609,0.012608,421,1381,9
FAC20250702115263,Climate,Japanese,Image,Europe,27,1,user_419406,0.000078,0.002467,0.002467,143,443,0
FAC20250703115313,Climate,English,Video,North America,172,0,user_95658,0.000158,0.009018,0.009018,367,1163,0
FAC20250703115321,Gaming,Arabic,Video,Asia,1830,0,user_6731,0.000073,0.002371,0.002371,127,395,13
FAC20250703115344,AI/ML,Chinese,Link,Europe,34577,0,user_175654,0.000047,0.001481,0.001481,64,196,12
FAC20250703115360,Technology,English,Video,North America,435,0,user_411775,0.000168,0.019279,0.019279,428,1382,1
FAC20250703115393,Education,English,Text,Oceania,2806,0,user_38345,0.000185,0.017904,0.017903,471,1531,2
FAC20250703115405,Business,English,Text,Europe,1012,0,user_58897,0.000188,0.01553,0.01553,473,1542,11
FAC20250703115421,AI/ML,English,Image,Africa,1506,0,user_198588,0.000182,0.018275,0.018275,465,1529,12
FAC20250703115426,Travel,Arabic,Text,Asia,188,0,user_244896,0.000097,0.006591,0.006591,210,647,8
FAC20250703115429,Food,English,Link,North America,2501,0,user_158562,0.000145,0.009231,0.009231,339,1059,3
FAC20250703115440,Health,English,Video,North America,1216,0,user_179438,0.000163,0.017121,0.01712,409,1316,7
FAC20250703115475,Technology,English,Video,Asia,536,0,user_245680,0.000176,0.019959,0.019959,449,1451,1
FAC20250703115493,Business,English,Image,Europe,5705,0,user_347400,0.000172,0.013015,0.013015,423,1373,11
FAC20250703115506,Science,English,Video,Europe,2732,0,user_390755,0.000164,0.008684,0.008684,380,1229,14
FAC20250703115508,Entertainment,English,Link,Asia,1238,0,user_398588,0.000143,0.019871,0.019872,363,1147,6
FAC20250703115514,Fashion,Chinese,Text,North America,918,0,user_263424,0.000098,0.005191,0.005191,209,646,9
FAC20250703115532,AI/ML,Korean,Poll,North America,439,0,user_367568,0.000053,0.001779,0.001779,77,235,12
FAC20250703115535,Health,English,Text,Europe,995,1,user_148959,0.000191,0.020958,0.020958,496,1623,7
FAC20250703115546,Finance,English,Poll,Europe,753,0,user_43394,0.000134,0.008888,0.008888,311,966,10
FAC20250703115566,Science,English,Text,North America,455,0,user_159267,0.000193,0.013382,0.013382,471,1518,14
FAC20250704115617,Finance,Arabic,Text,Africa,696,0,user_360541,0.000093,0.004848,0.004848,195,610,10
FAC20250704115638,Business,Spanish,Video,North America,3400,0,user_323621,0.000083,0.003172,0.003172,157,489,11
FAC20250704115642,Health,Portuguese,Link,North America,107666,1,user_474645,0.000058,0.002449,0.002448,96,291,7
FAC20250704115651,Climate,English,Text,Europe,0,0,user_417591,0.000147,0.007978,0.007978,341,1119,0
FAC20250704115681,Science,English,Link,North America,4957,1,user_456727,0.000138,0.006854,0.006854,311,977,14
FAC20250704115701,Food,French,Video,Europe,87,0,user_379631,0.000077,0.002295,0.002295,139,426,3
FAC20250704115721,AI/ML,Chinese,Video,Unknown,218,0,user_50422,0.000073,0.004012,0.004012,137,421,12
FAC20250704115748,Science,Portuguese,Video,Europe,378,0,user_21651,0.000093,0.002479,0.002479,176,544,14
FAC20250704115750,Education,English,Text,North America,12938,0,user_108744,0.000165,0.015454,0.015454,413,1342,2
FAC20250704115760,Health,English,Text,North America,34,0,user_409801,0.000165,0.017376,0.017376,420,1371,7
FAC20250704115790,Entertainment,English,Video,North America,286,0,user_457873,0.000168,0.021866,0.021866,432,1377,6
FAC20250704115807,Business,Portuguese,Image,South America,695,0,user_222250,0.000106,0.005288,0.005288,225,701,11
FAC20250704115808,Entertainment,French,Image,North America,16,0,user_103674,0.000089,0.008014,0.008015,194,594,6
FAC20250704115859,Climate,Arabic,Text,North America,30,0,user_274051,0.000097,0.004225,0.004225,199,606,0
FAC20250704115878,Education,German,Video,Asia,2867,1,user_51616,0.000086,0.004633,0.004633,172,531,2
FAC20250704115883,Technology,Spanish,Poll,North America,535,0,user_402019,0.000074,0.004046,0.004046,141,436,1
FAC20250705115907,AI/ML,English,Text,Oceania,998,0,user_89257,0.000188,0.018808,0.018808,480,1568,12
FAC20250705115961,Business,English,Text,Asia,82,0,user_21892,0.000173,0.01325,0.01325,429,1403,11
FAC20250705116021,Politics,French,Text,South America,83,0,user_374792,0.000098,0.004839,0.004839,206,631,4
FAC20250705116039,Education,English,Text,Asia,6257,1,user_383178,0.000176,0.016447,0.016447,444,1439,2
FAC20250705116045,Entertainment,English,Image,Europe,1254,0,user_226947,0.000183,0.024147,0.024148,479,1560,6
FAC20250705116124,Politics,English,Image,Asia,32,0,user_366928,0.000157,0.01018,0.01018,375,1203,4
FAC20250705116133,AI/ML,Japanese,Text,South America,25146,1,user_459190,0.000088,0.006031,0.006031,185,567,12
FAC20250705116137,Travel,Hindi,Text,North America,6,0,user_47779,0.000089,0.006048,0.006047,190,573,8
FAC20250705116156,Business,English,Image,Europe,40873,1,user_285522,0.000149,0.010801,0.010801,359,1173,11
FAC20250705116162,Travel,English,Image,North America,3513,0,user_429342,0.000168,0.015163,0.015163,420,1364,8
FAC20250705116181,Technology,English,Image,Europe,5295,0,user_86186,0.000174,0.020167,0.020167,449,1462,1
FAC20250705116198,Education,Portuguese,Link,Asia,11,0,user_193268,0.000059,0.001797,0.001797,92,281,2
FAC20250705116202,Sports,Spanish,Text,North America,695,0,user_113884,0.000119,0.004558,0.004558,250,787,5
FAC20250706116272,Entertainment,Portuguese,Video,South America,74,0,user_47005,0.000087,0.006352,0.006353,181,555,6
FAC20250706116280,Finance,Japanese,Video,Asia,2167,0,user_475506,0.000076,0.002534,0.002534,137,421,10
FAC20250706116295,Travel,English,Text,South America,6836,1,user_462293,0.000175,0.015323,0.015322,438,1432,8
FAC20250706116304,Food,English,Poll,Europe,152,0,user_91253,0.000129,0.008266,0.008266,297,926,3
FAC20250706116337,Entertainment,English,Video,Asia,292,0,user_497617,0.000169,0.021979,0.02198,435,1384,6
FAC20250706116403,Science,English,Video,North America,49,0,user_441430,0.000147,0.007197,0.007197,334,1070,14
FAC20250706116412,Travel,English,Video,North America,1339500,1,user_347402,0.00014,0.01189,0.01189,336,1060,8
FAC20250706116416,Health,Spanish,Text,North America,713,0,user_93553,0.000116,0.008969,0.008969,264,832,7
FAC20250706116424,Gaming,English,Text,North America,8,0,user_403597,0.000143,0.009498,0.009498,341,1130,13
FAC20250706116454,Science,English,Text,Africa,410,0,user_430328,0.000189,0.012893,0.012893,459,1480,14
FAC20250706116456,Travel,English,Text,South America,75,0,user_64002,0.000175,0.015279,0.015278,438,1430,8
FAC20250706116472,Health,French,Image,North America,448,0,user_435897,0.000105,0.007357,0.007357,229,701,7
FAC20250706116482,Education,French,Text,Europe,405,0,user_297559,0.000102,0.006709,0.006709,220,692,2
FAC20250706116502,Travel,English,Video,Asia,68427,1,user_161708,0.000144,0.012192,0.012192,347,1094,8
FAC20250706116515,Politics,Portuguese,Image,Asia,31,0,user_360969,0.000096,0.003418,0.003418,188,579,4
FAC20250706116529,Food,Chinese,Image,North America,325,0,user_455229,0.000097,0.004323,0.004323,202,624,3
FAC20250707116549,Education,Japanese,Video,North America,600,0,user_152905,0.000088,0.004668,0.004668,177,545,2
FAC20250707116557,Technology,Chinese,Image,Europe,59,0,user_457046,0.000092,0.007778,0.007778,202,616,1
FAC20250707116577,Health,English,Video,Oceania,5724,1,user_305694,0.000154,0.016418,0.016418,385,1234,7
FAC20250707116587,Sports,English,Text,Europe,1111,0,user_146205,0.000188,0.012798,0.012797,460,1481,5
FAC20250707116620,Finance,English,Link,Europe,149,0,user_137313,0.000139,0.009276,0.009276,325,1027,10
FAC20250707116656,Sports,English,Video,Europe,571,0,user_484428,0.000171,0.010093,0.010093,404,1287,5
FAC20250707116669,Science,Spanish,Image,Africa,2991,0,user_34306,0.000114,0.003419,0.003419,230,720,14
FAC20250707116689,Travel,French,Image,North America,247,0,user_37888,0.000092,0.005252,0.005252,191,593,8
FAC20250707116701,Science,English,Video,Europe,246,0,user_71699,0.000164,0.008804,0.008804,382,1220,14
FAC20250707116720,Technology,English,Text,Asia,2356,0,user_232265,0.000187,0.022184,0.022184,486,1585,1
FAC20250707116724,Technology,English,Text,Asia,149,0,user_471474,0.000183,0.021555,0.021555,475,1537,1
FAC20250707116732,Science,Japanese,Image,North America,69963,1,user_453136,0.000083,0.002473,0.002473,157,476,14
FAC20250707116780,Travel,English,Image,North America,11,0,user_63647,0.000149,0.012794,0.012794,364,1179,8
FAC20250707116787,Politics,English,Video,Europe,42,0,user_48457,0.000143,0.009328,0.009328,338,1093,4
FAC20250707116791,Travel,Spanish,Video,Asia,27942,1,user_135126,0.000082,0.00334,0.00334,155,479,8
FAC20250707116801,AI/ML,English,Image,North America,188,0,user_193213,0.000179,0.017641,0.017641,455,1488,12
FAC20250707116807,Science,English,Text,South America,93105,1,user_237762,0.000148,0.006995,0.006995,339,1105,14
FAC20250707116824,Climate,English,Text,North America,1000,0,user_418587,0.000184,0.012573,0.012573,450,1475,0
FAC20250707116834,Health,English,Image,Asia,2606,1,user_372112,0.000183,0.018935,0.018935,467,1501,7
FAC20250707116839,AI/ML,Portuguese,Video,Europe,2983,0,user_86285,0.000085,0.004268,0.004268,165,510,12
FAC20250708116909,Finance,English,Image,Europe,2312,1,user_166319,0.000174,0.01213,0.01213,423,1358,10
FAC20250708116915,Business,English,Text,Europe,26,0,user_458093,0.000164,0.011934,0.011934,400,1306,11
FAC20250708116929,AI/ML,English,Text,Africa,410,0,user_246476,0.000194,0.02034,0.02034,499,1609,12
FAC20250708116930,Travel,Korean,Image,Europe,4525,0,user_291933,0.000088,0.005,0.005,181,558,8
FAC20250708116948,Gaming,Portuguese,Text,Oceania,1895,0,user_399524,0.000106,0.005388,0.005388,226,703,13
FAC20250708116978,Sports,English,Link,Europe,295,0,user_6635,0.00014,0.007815,0.007815,320,1017,5
FAC20250708116991,Technology,Arabic,Image,Asia,790,0,user_255762,0.000098,0.008327,0.008327,218,674,1
FAC20250708117013,Finance,French,Text,North America,2197,0,user_58591,0.0001,0.005119,0.005119,210,644,10
FAC20250708117014,Entertainment,Japanese,Text,North America,2320,0,user_447250,0.000109,0.011839,0.011839,254,784,6
FAC20250708117026,Travel,Japanese,Poll,North America,15,0,user_49330,0.000037,0.000737,0.000737,39,119,8
FAC20250708117030,Business,English,Image,South America,13926,0,user_72211,0.000158,0.011702,0.011702,385,1259,11
FAC20250708117032,Education,Japanese,Link,North America,577,0,user_1411,0.000063,0.002682,0.002682,107,327,2
FAC20250708117054,Health,English,Image,Oceania,206,0,user_422040,0.000183,0.018995,0.018995,469,1520,7
FAC20250708117058,Science,Spanish,Video,North America,49,0,user_450383,0.000092,0.002207,0.002207,171,534,14
FAC20250708117059,Science,English,Image,Asia,1879,0,user_285409,0.000179,0.010662,0.010662,428,1382,14
FAC20250708117117,Entertainment,English,Text,Europe,9448,1,user_67624,0.000171,0.022988,0.022989,447,1474,6
FAC20250709117211,Travel,Spanish,Text,North America,730,0,user_283743,0.000116,0.007321,0.007321,259,812,8
FAC20250709117227,Education,English,Poll,Europe,2487,0,user_438290,0.000139,0.013377,0.013377,341,1063,2
FAC20250709117262,Politics,French,Text,South America,723,0,user_173910,0.000106,0.005191,0.005191,225,699,4
FAC20250709117326,Politics,English,Video,North America,4531,1,user_128580,0.000154,0.01046,0.01046,367,1186,4
FAC20250709117344,Politics,English,Video,Africa,761,0,user_486213,0.000162,0.011226,0.011225,391,1264,4
FAC20250709117352,Politics,Korean,Image,Asia,24,0,user_14805,0.000083,0.003202,0.003202,161,492,4
FAC20250709117357,AI/ML,French,Link,Europe,631,0,user_105073,0.00007,0.002965,0.002965,121,371,12
FAC20250709117410,Technology,Spanish,Link,Europe,1901,0,user_463414,0.00008,0.004705,0.004705,158,491,1
FAC20250709117432,Education,English,Image,Asia,5557,1,user_489926,0.000176,0.016461,0.016461,445,1441,2
FAC20250709117438,Finance,English,Video,North America,1660,1,user_450431,0.00016,0.010776,0.010776,381,1215,10
FAC20250709117484,Science,English,Poll,Asia,3560,0,user_404063,0.000127,0.006644,0.006644,288,890,14
FAC20250709117509,Food,English,Text,North America,713,0,user_326035,0.000183,0.013145,0.013145,450,1470,3
FAC20250709117516,Finance,English,Text,Oceania,298,0,user_328222,0.000183,0.014335,0.014335,455,1485,10
FAC20250710117530,Climate,English,Text,Asia,987,0,user_206389,0.000185,0.012676,0.012676,453,1485,0
FAC20250710117540,Health,Chinese,Image,Asia,3579,0,user_358245,0.000096,0.006851,0.006851,207,639,7
FAC20250710117607,Food,Portuguese,Image,Asia,1196,0,user_383425,0.00011,0.004666,0.004666,232,727,3
FAC20250710117703,Food,English,Link,North America,714,0,user_303551,0.000149,0.009299,0.009299,347,1085,3
FAC20250710117718,Technology,Korean,Video,North America,3053,0,user_231317,0.000083,0.006057,0.006057,171,528,1
FAC20250710117730,Sports,French,Image,Europe,58,0,user_179135,0.00009,0.003151,0.003151,178,545,5
FAC20250710117754,Climate,English,Text,Unknown,3486,0,user_429962,0.000182,0.012325,0.012325,444,1452,0
FAC20250710117786,Entertainment,English,Poll,North America,11508,1,user_168950,0.000129,0.018755,0.018756,324,997,6
FAC20250710117790,Gaming,English,Text,North America,1976,0,user_372013,0.000182,0.014091,0.014091,451,1481,13
FAC20250710117797,Business,Arabic,Text,Europe,1,0,user_480376,0.00009,0.005124,0.005124,189,574,11
FAC20250710117814,AI/ML,Portuguese,Video,North America,6269,0,user_178038,0.000082,0.004219,0.004219,159,495,12
FAC20250711117872,Technology,English,Video,North America,762,0,user_337237,0.000169,0.019522,0.019522,432,1399,1
FAC20250711117876,Climate,Spanish,Link,South America,55721,1,user_344306,0.000065,0.001279,0.001279,104,316,0
FAC20250711117972,Fashion,Portuguese,Text,Oceania,5842,0,user_360551,0.000113,0.005388,0.005388,241,746,9
FAC20250711117989,Politics,Spanish,Video,Asia,198,0,user_215507,0.000093,0.003378,0.003378,184,572,4
FAC20250711118017,Gaming,English,Text,Unknown,8835,0,user_157706,0.000165,0.011708,0.011708,402,1332,13
FAC20250711118043,Fashion,English,Text,North America,522,0,user_155956,0.000192,0.015576,0.015576,483,1575,9
FAC20250711118059,Sports,German,Image,Europe,397,0,user_312812,0.000097,0.003474,0.003474,194,603,5
FAC20250711118061,Politics,English,Image,Europe,69,0,user_262742,0.000166,0.011044,0.011044,399,1286,4
FAC20250711118076,Finance,Hindi,Video,Oceania,267,0,user_43513,0.000074,0.002626,0.002626,134,412,10
FAC20250711118102,Food,English,Image,Asia,6637,0,user_140835,0.000166,0.010748,0.010748,401,1301,3
FAC20250711118141,AI/ML,Spanish,Image,North America,692,1,user_137166,0.000114,0.007695,0.007695,253,799,12
FAC20250711118170,Climate,English,Poll,South America,8780,0,user_489248,0.000134,0.007339,0.007339,301,931,0
FAC20250711118176,Climate,English,Link,North America,290,0,user_317654,0.000138,0.008087,0.008087,315,997,0
FAC20250712118196,Food,English,Image,North America,42880,1,user_75977,0.000151,0.009217,0.009217,358,1170,3
FAC20250712118207,Business,English,Text,Asia,4048,0,user_325340,0.000184,0.015161,0.015161,463,1509,11
FAC20250712118210,Climate,English,Video,North America,361,0,user_482659,0.000165,0.009691,0.009691,385,1224,0
FAC20250712118213,Climate,Spanish,Link,Europe,9391,0,user_44045,0.00008,0.001722,0.001722,139,424,0
FAC20250712118227,Business,English,Text,Asia,30450,1,user_96388,0.000158,0.011731,0.011731,387,1270,11
FAC20250712118264,Travel,English,Text,North America,65,0,user_221464,0.000173,0.015261,0.015261,435,1422,8
FAC20250712118274,Technology,English,Text,North America,435,0,user_453560,0.000193,0.023851,0.023851,508,1646,1
FAC20250712118386,AI/ML,English,Video,Europe,225,0,user_44404,0.000162,0.015548,0.015547,402,1291,12
FAC20250712118468,Entertainment,English,Text,Europe,2411,0,user_74648,0.000185,0.024971,0.024972,487,1606,6
FAC20250712118471,Gaming,English,Video,Asia,4,0,user_76748,0.000139,0.008775,0.008774,320,1003,13
FAC20250712118478,Finance,English,Link,Europe,168,0,user_289860,0.00014,0.009469,0.009469,330,1045,10
FAC20250712118481,Climate,Hindi,Text,North America,5782,0,user_51382,0.0001,0.004327,0.004327,208,637,0
FAC20250712118488,Climate,Spanish,Text,Europe,2347,0,user_471173,0.000117,0.004946,0.004946,249,780,0
FAC20250712118492,Food,English,Link,Asia,224,0,user_228583,0.000146,0.009166,0.009166,339,1063,3
FAC20250713118509,Technology,French,Text,North America,176,0,user_340007,0.000097,0.008115,0.008115,212,657,1
FAC20250713118554,Gaming,English,Text,Asia,24,0,user_73731,0.000151,0.010269,0.010269,365,1208,13
FAC20250713118563,Climate,English,Image,Asia,102,0,user_131508,0.000172,0.010784,0.010784,410,1312,0
FAC20250713118617,Food,Hindi,Image,North America,38415,1,user_213438,0.000091,0.003919,0.003919,186,568,3
FAC20250713118628,Sports,Portuguese,Text,Asia,9662,1,user_190952,0.000103,0.004033,0.004033,212,660,5
FAC20250713118635,Food,English,Video,Asia,675,0,user_482897,0.000165,0.011274,0.011274,397,1254,3
FAC20250713118661,Technology,English,Link,North America,53,0,user_181063,0.000139,0.016935,0.016935,347,1085,1
FAC20250713118670,Technology,English,Text,North America,53,0,user_336536,0.000172,0.019931,0.019931,443,1435,1
FAC20250713118714,Education,English,Link,Asia,13,0,user_453342,0.000133,0.012833,0.012833,322,998,2
FAC20250713118731,Health,English,Link,North America,829,0,user_394929,0.000147,0.015978,0.015977,367,1152,7
FAC20250713118751,Food,English,Poll,South America,2034,1,user_459364,0.000132,0.008387,0.008387,304,945,3
FAC20250713118778,Education,Portuguese,Poll,Asia,159,0,user_143364,0.00006,0.001987,0.001987,96,297,2
FAC20250713118799,Education,English,Text,North America,3985,1,user_78357,0.000183,0.017994,0.017994,468,1522,2
FAC20250713118827,Entertainment,Spanish,Video,Europe,30000,0,user_318179,0.000088,0.006036,0.006036,180,561,6
FAC20250714118866,Business,German,Text,North America,1178,0,user_170691,0.000099,0.005554,0.005554,211,652,11
FAC20250714118875,AI/ML,English,Image,Europe,32322,1,user_107785,0.000157,0.01493,0.01493,389,1281,12
FAC20250714118916,Gaming,Portuguese,Image,Europe,44134,1,user_271970,0.000095,0.003841,0.003841,190,575,13
FAC20250714118944,Finance,English,Image,Africa,6460,0,user_7861,0.000167,0.011127,0.011126,403,1297,10
FAC20250714118950,Fashion,Portuguese,Text,North America,766,1,user_387381,0.000113,0.00562,0.00562,243,755,9
FAC20250714118997,Education,Arabic,Image,North America,676,0,user_391495,0.000097,0.006271,0.006271,209,649,2
FAC20250714119001,Politics,Hindi,Image,North America,6935,1,user_290160,0.000089,0.003393,0.003393,173,529,4
FAC20250714119044,Health,English,Image,North America,841,0,user_427245,0.000191,0.020291,0.020291,491,1579,7
FAC20250714119051,Politics,English,Image,North America,1650,0,user_340810,0.000183,0.013069,0.013069,448,1448,4
FAC20250714119053,Sports,English,Text,Asia,760,0,user_125725,0.000188,0.012518,0.012518,458,1485,5
FAC20250714119061,Gaming,Portuguese,Image,Europe,137,0,user_122349,0.000106,0.0043,0.0043,217,667,13
FAC20250714119066,AI/ML,English,Image,North America,17035,1,user_20830,0.000163,0.015657,0.015657,409,1341,12
FAC20250714119080,Climate,English,Text,Unknown,21,0,user_235478,0.000157,0.008809,0.008809,369,1210,0
FAC20250714119087,Fashion,English,Text,Asia,308,0,user_69083,0.000189,0.015411,0.015411,476,1550,9
FAC20250714119120,Entertainment,Arabic,Text,North America,62,0,user_418253,0.0001,0.010923,0.010924,228,700,6
FAC20250714119134,Climate,English,Video,North America,435,0,user_459793,0.000165,0.009563,0.009563,384,1223,0
FAC20250714119142,Education,English,Image,Africa,12015,1,user_288288,0.000161,0.014961,0.014961,402,1312,2
FAC20250714119158,AI/ML,English,Link,Europe,9042,1,user_172250,0.000142,0.013666,0.013666,343,1074,12
FAC20250714119159,Science,Arabic,Image,North America,5824,0,user_97400,0.000084,0.002607,0.002607,161,499,14
FAC20250715119171,Food,English,Image,Asia,148,0,user_114848,0.000175,0.011931,0.011931,428,1400,3
FAC20250715119247,Education,Spanish,Image,Unknown,293,0,user_241875,0.00011,0.007009,0.007009,242,764,2
FAC20250715119250,Technology,English,Video,Europe,2522,0,user_136454,0.000171,0.019437,0.019437,437,1410,1
FAC20250715119264,Climate,English,Video,North America,11753,0,user_30946,0.000155,0.008293,0.008293,354,1117,0
FAC20250715119281,Science,English,Text,North America,5491,1,user_56903,0.000174,0.009653,0.009653,412,1338,14
FAC20250715119298,Travel,English,Text,Asia,6953,1,user_171921,0.000173,0.015282,0.015282,435,1423,8
FAC20250715119300,Sports,English,Text,Europe,5103,0,user_249427,0.000173,0.010589,0.010589,414,1352,5
FAC20250715119316,Sports,English,Image,South America,587,0,user_328630,0.000172,0.010219,0.010219,408,1324,5
FAC20250715119353,Business,French,Image,North America,152,0,user_198911,0.000096,0.004846,0.004846,200,622,11
FAC20250715119391,Travel,English,Link,Asia,12032,0,user_364851,0.00014,0.012165,0.012164,337,1051,8
FAC20250715119406,Climate,French,Text,Europe,181,0,user_109003,0.000108,0.004574,0.004574,225,697,0
FAC20250715119417,AI/ML,English,Text,Asia,62306,1,user_217216,0.000151,0.014499,0.014499,374,1219,12
FAC20250715119431,Education,English,Link,North America,52,0,user_122759,0.00014,0.013233,0.013233,339,1048,2
FAC20250715119442,Finance,English,Image,North America,1270,0,user_271726,0.000182,0.01314,0.01314,445,1432,10
FAC20250715119453,Technology,Spanish,Video,North America,1080,0,user_216370,0.000103,0.007326,0.007326,224,706,1
FAC20250715119475,Fashion,Portuguese,Video,Africa,1,0,user_163771,0.000073,0.002116,0.002116,128,393,9
FAC20250716119499,Finance,Portuguese,Image,Oceania,13234,1,user_358108,0.00009,0.003403,0.003403,176,543,10
FAC20250716119563,Fashion,Portuguese,Image,North America,346,0,user_295204,0.000105,0.004932,0.004932,220,689,9
FAC20250716119580,Politics,English,Image,North America,3060,0,user_454736,0.000168,0.011671,0.011671,405,1314,4
FAC20250716119602,Climate,French,Link,Europe,50,0,user_436665,0.000065,0.001353,0.001353,104,316,0
FAC20250716119606,Entertainment,Spanish,Video,Asia,2244,0,user_250221,0.000101,0.007725,0.007726,216,681,6
FAC20250716119609,AI/ML,Korean,Text,North America,1966,0,user_70234,0.000095,0.006671,0.006671,202,618,12
FAC20250716119625,Education,English,Image,North America,14,0,user_369297,0.000152,0.01412,0.014119,376,1224,2
FAC20250716119639,AI/ML,English,Image,Asia,358343,1,user_294229,0.000147,0.014294,0.014294,365,1200,12
FAC20250716119649,Food,Portuguese,Image,Europe,707,0,user_299298,0.000115,0.004897,0.004897,245,760,3
FAC20250716119663,Politics,English,Video,North America,1427,0,user_179971,0.000164,0.011264,0.011264,396,1280,4
FAC20250716119686,Sports,Arabic,Text,North America,551,0,user_486886,0.000098,0.004015,0.004015,202,624,5
FAC20250716119694,Business,English,Image,Asia,234,0,user_374897,0.000176,0.013898,0.013897,438,1430,11
FAC20250716119716,Business,Arabic,Text,Europe,2453,1,user_400001,0.000101,0.005824,0.005824,218,674,11
FAC20250716119749,Technology,English,Text,North America,5,0,user_309449,0.00015,0.017878,0.017878,380,1232,1
FAC20250716119764,Business,Spanish,Text,North America,420554,1,user_288141,0.000098,0.005366,0.005366,209,645,11
FAC20250716119784,AI/ML,English,Video,Europe,303,0,user_188882,0.000165,0.015797,0.015797,410,1318,12
FAC20250717119799,Climate,English,Link,North America,590,0,user_466801,0.000141,0.008038,0.008038,322,1020,0
FAC20250717119892,AI/ML,German,Text,Africa,345,0,user_260711,0.000094,0.006557,0.006557,200,616,12
FAC20250717119921,Sports,Japanese,Text,North America,4003,0,user_372806,0.000098,0.003841,0.003841,200,618,5
FAC20250717119924,Travel,English,Link,Asia,38,0,user_251126,0.000137,0.011948,0.011947,329,1030,8
FAC20250717119941,AI/ML,English,Image,North America,2439,0,user_475913,0.000175,0.017216,0.017216,444,1463,12
FAC20250717119965,Gaming,English,Video,North America,284,0,user_359336,0.000166,0.011186,0.011186,393,1243,13
FAC20250717119972,Education,English,Image,Europe,13565,1,user_41810,0.00016,0.014881,0.014881,400,1305,2
FAC20250717119994,Food,English,Link,Asia,100,0,user_183806,0.000138,0.008705,0.008705,320,1005,3
FAC20250717120005,Finance,English,Text,North America,113,0,user_478892,0.000161,0.01145,0.01145,393,1302,10
FAC20250717120035,Food,English,Image,Europe,115719,1,user_180917,0.000149,0.009072,0.009072,352,1147,3
FAC20250717120041,Health,English,Text,Europe,449,0,user_407826,0.000196,0.022332,0.022332,512,1664,7
FAC20250717120066,Business,Portuguese,Video,Asia,873,0,user_203391,0.000081,0.00325,0.003249,154,477,11
FAC20250717120072,Climate,English,Text,Africa,1219,0,user_232994,0.000184,0.012611,0.012611,449,1480,0
FAC20250717120081,Fashion,Japanese,Image,Asia,944,0,user_13623,0.000092,0.004472,0.004472,191,597,9
FAC20250717120100,Business,English,Text,Asia,396,0,user_79323,0.000193,0.016948,0.016948,490,1590,11
FAC20250718120123,Entertainment,English,Text,Europe,381,0,user_183326,0.000191,0.026476,0.026476,508,1670,6
FAC20250718120126,Health,English,Text,North America,405,0,user_99214,0.000192,0.021848,0.021848,501,1636,7
FAC20250718120129,Business,Hindi,Text,North America,4020,0,user_39794,0.000098,0.005596,0.005596,209,639,11
FAC20250718120144,Travel,Spanish,Text,South America,797,0,user_492764,0.000116,0.007314,0.007313,257,802,8
FAC20250718120249,Business,English,Image,Europe,5268,0,user_93829,0.00017,0.01292,0.01292,418,1359,11
FAC20250718120251,Finance,Portuguese,Text,Europe,111,0,user_445677,0.0001,0.005156,0.005156,213,659,10
FAC20250718120254,Business,English,Image,Unknown,436040,1,user_357637,0.000143,0.010413,0.010413,344,1123,11
FAC20250718120264,Health,Spanish,Link,Africa,27,0,user_345083,0.000065,0.002932,0.002932,115,350,7
FAC20250718120265,Technology,Spanish,Video,North America,15424,1,user_17062,0.000095,0.006358,0.006358,200,624,1
FAC20250718120280,Gaming,English,Text,Asia,186,0,user_380249,0.000177,0.013362,0.013362,437,1446,13
FAC20250718120308,Finance,German,Image,Europe,42551,1,user_186306,0.000081,0.00318,0.00318,157,476,10
FAC20250718120311,Business,Portuguese,Image,North America,543,0,user_71936,0.000103,0.005177,0.005176,218,681,11
FAC20250718120330,Technology,Arabic,Video,Europe,13942,0,user_149996,0.000078,0.005368,0.005368,156,478,1
FAC20250718120333,Education,English,Text,Africa,5057,1,user_219526,0.000178,0.017072,0.017072,453,1470,2
FAC20250718120339,Climate,English,Poll,Asia,687,0,user_462704,0.000133,0.00756,0.00756,301,937,0
FAC20250718120346,Food,Portuguese,Text,Asia,4344,0,user_38999,0.000107,0.004717,0.004717,224,701,3
FAC20250718120419,AI/ML,Spanish,Video,North America,6,0,user_56493,0.00008,0.003849,0.003849,153,473,12
FAC20250718120426,Health,Portuguese,Link,North America,10,0,user_501,0.000059,0.002391,0.002391,97,293,7
FAC20250719120460,AI/ML,English,Image,Asia,428,1,user_79177,0.000181,0.017612,0.017612,460,1509,12
FAC20250719120493,Food,Spanish,Image,North America,25180,1,user_214515,0.000105,0.004331,0.00433,219,686,3
FAC20250719120565,Finance,English,Image,Asia,527,0,user_84086,0.000173,0.011874,0.011874,419,1359,10
FAC20250719120571,Food,Korean,Text,Asia,4822,0,user_21146,0.000095,0.004334,0.004334,194,595,3
FAC20250719120605,Education,Arabic,Image,Asia,12955,0,user_271442,0.000086,0.005666,0.005666,182,557,2
FAC20250719120632,Gaming,English,Link,North America,168,0,user_19184,0.000142,0.009601,0.009601,332,1043,13
FAC20250719120650,Health,Japanese,Image,South America,1623,0,user_293146,0.000098,0.00661,0.00661,208,650,7
FAC20250719120682,AI/ML,Portuguese,Image,North America,24,0,user_392433,0.000096,0.006412,0.006412,204,628,12
FAC20250719120685,Food,Spanish,Image,Asia,2975,1,user_474290,0.000117,0.004906,0.004906,249,780,3
FAC20250719120718,Gaming,English,Image,Asia,667,0,user_388392,0.000175,0.01229,0.01229,426,1382,13
FAC20250719120719,Travel,English,Link,Africa,25710,0,user_185013,0.000138,0.012049,0.012049,331,1028,8
FAC20250719120728,Food,Spanish,Text,Asia,31529,1,user_44374,0.000107,0.00471,0.00471,225,701,3
FAC20250720120762,Business,Japanese,Video,Europe,468,0,user_228368,0.000072,0.002742,0.002742,130,399,11
FAC20250720120782,Business,Korean,Image,North America,413,0,user_327239,0.000088,0.004584,0.004583,183,562,11
FAC20250720120789,Finance,Japanese,Video,South America,1094,0,user_71546,0.000083,0.00287,0.00287,155,481,10
FAC20250720120814,Fashion,English,Text,South America,4410,0,user_68187,0.000182,0.013884,0.013884,452,1471,9
FAC20250720120820,Science,English,Link,Europe,168,0,user_404036,0.000142,0.007248,0.007248,323,1013,14
FAC20250720120846,AI/ML,Japanese,Image,Asia,1554,0,user_168013,0.0001,0.007043,0.007043,217,676,12
FAC20250720120851,Health,English,Text,Oceania,24764,1,user_102812,0.000163,0.017216,0.017216,414,1356,7
FAC20250720120882,Sports,English,Link,Africa,1248,0,user_393817,0.000142,0.007787,0.007787,323,1009,5
FAC20250720120925,Travel,Japanese,Link,North America,32616,1,user_380367,0.000054,0.001629,0.001629,80,241,8
FAC20250720121001,Sports,English,Link,Europe,129,0,user_149673,0.000138,0.007616,0.007616,314,976,5
FAC20250720121008,Fashion,Spanish,Text,Unknown,17092,1,user_392293,0.000105,0.00511,0.00511,224,709,9
FAC20250720121054,AI/ML,English,Image,North America,253,0,user_377263,0.000181,0.017741,0.017741,459,1508,12
FAC20250720121101,Business,German,Link,Oceania,10,0,user_494630,0.000045,0.001075,0.001075,60,184,11
FAC20250721121147,Technology,English,Image,North America,13263,0,user_365798,0.000166,0.019209,0.019209,426,1386,1
FAC20250721121191,Sports,Spanish,Text,Africa,673,0,user_295485,0.000118,0.004539,0.004538,248,783,5
FAC20250721121195,Travel,English,Image,North America,1972,1,user_438102,0.000177,0.016171,0.016171,446,1458,8
FAC20250721121201,Sports,German,Poll,Europe,1627,0,user_399837,0.000053,0.001149,0.001149,79,239,5
FAC20250721121207,Science,English,Poll,North America,823,0,user_98534,0.000131,0.006727,0.006727,296,914,14
FAC20250721121217,Gaming,English,Video,Asia,11,0,user_81478,0.000139,0.008837,0.008837,321,1006,13
FAC20250721121300,Climate,English,Text,Europe,5825,0,user_447463,0.000177,0.010638,0.010638,423,1377,0
FAC20250721121332,Sports,German,Image,Asia,76,0,user_378088,0.000092,0.003233,0.003233,182,558,5
FAC20250721121366,Food,English,Image,North America,11158,0,user_287579,0.000164,0.01034,0.01034,393,1283,3
FAC20250722121472,Fashion,Portuguese,Link,South America,116525,1,user_326309,0.000058,0.001106,0.001106,86,267,9
FAC20250722121524,Technology,English,Image,North America,4240,0,user_377701,0.000175,0.020511,0.020511,453,1490,1
FAC20250722121548,Food,Korean,Poll,Europe,531,0,user_85351,0.000048,0.000991,0.000991,63,193,3
FAC20250722121558,Sports,French,Image,Oceania,204285,1,user_48528,0.000084,0.002837,0.002837,161,493,5
FAC20250722121575,Travel,Korean,Video,Europe,2287,0,user_292004,0.000078,0.003672,0.003672,147,449,8
FAC20250722121578,Health,English,Video,Asia,9915,0,user_323158,0.000157,0.016422,0.016421,393,1259,7
FAC20250722121583,Business,French,Video,Asia,721,0,user_473130,0.000079,0.003034,0.003034,147,448,11
FAC20250722121604,Sports,English,Poll,Oceania,241,0,user_73705,0.000127,0.007112,0.007112,290,907,5
FAC20250722121605,AI/ML,German,Image,Europe,1032,0,user_30627,0.000102,0.007353,0.007352,224,692,12
FAC20250722121630,Politics,English,Video,North America,6375,0,user_250947,0.000155,0.010429,0.010429,369,1191,4
FAC20250722121719,Politics,English,Image,Europe,358,0,user_194153,0.000179,0.012481,0.012481,435,1402,4
FAC20250722121730,Education,English,Image,North America,2574,0,user_461604,0.000176,0.016674,0.016674,444,1447,2
FAC20250723121750,Health,Hindi,Video,Europe,134,0,user_211671,0.000073,0.004672,0.004672,142,433,7
FAC20250723121763,Health,English,Text,North America,15970,0,user_281435,0.000164,0.017519,0.017519,418,1376,7
FAC20250723121778,Business,English,Text,North America,2,0,user_22953,0.000148,0.010817,0.010817,360,1180,11
FAC20250723121788,Health,German,Video,Oceania,24424,0,user_332980,0.000068,0.003978,0.003978,127,389,7
FAC20250723121790,Education,Japanese,Video,Europe,107,0,user_317620,0.000081,0.004196,0.004196,158,487,2
FAC20250723121801,Health,English,Text,North America,1457,0,user_121590,0.000188,0.020719,0.020718,487,1591,7
FAC20250723121820,Business,Japanese,Text,Europe,54,0,user_239811,0.000097,0.005405,0.005405,205,626,11
FAC20250723121827,Sports,Spanish,Image,North America,338,0,user_445929,0.000113,0.003973,0.003973,233,733,5
FAC20250723121845,Finance,French,Text,Asia,787,0,user_44284,0.000104,0.005257,0.005257,221,691,10
FAC20250723121945,Business,English,Image,South America,1,0,user_24133,0.000144,0.010441,0.010441,346,1131,11
FAC20250724122047,Health,Portuguese,Image,Oceania,81,0,user_177356,0.000097,0.006477,0.006476,206,642,7
FAC20250724122074,Technology,English,Poll,North America,138,1,user_8398,0.000136,0.016799,0.016799,340,1046,1
FAC20250724122092,AI/ML,English,Video,Europe,126,0,user_463479,0.000158,0.014777,0.014777,387,1242,12
FAC20250724122153,Sports,English,Text,Europe,5023,0,user_183882,0.000174,0.010707,0.010707,417,1363,5
FAC20250724122162,Food,English,Image,Asia,728,0,user_95146,0.000181,0.012456,0.012456,443,1444,3
FAC20250724122168,Gaming,English,Text,Europe,619,0,user_314322,0.000185,0.014693,0.014693,463,1523,13
FAC20250724122199,Technology,German,Poll,Africa,2186,0,user_181,0.000052,0.002662,0.002662,82,250,1
FAC20250724122244,Gaming,English,Text,North America,5596,1,user_71490,0.000169,0.012122,0.012122,413,1359,13
FAC20250724122245,Technology,English,Video,North America,1204,0,user_220714,0.000171,0.019366,0.019366,434,1402,1
FAC20250724122268,Politics,Spanish,Text,Asia,60010,1,user_46084,0.000098,0.004732,0.004732,204,635,4
FAC20250724122280,Science,English,Text,Asia,2251,0,user_61259,0.000184,0.011507,0.011507,443,1437,14
FAC20250724122309,Politics,English,Link,Europe,2949,0,user_334972,0.000139,0.009342,0.009342,325,1017,4
FAC20250724122311,AI/ML,Hindi,Image,Europe,14767,1,user_465325,0.00009,0.006293,0.006293,190,581,12
FAC20250724122322,Education,English,Video,North America,19,0,user_468273,0.000149,0.013646,0.013646,365,1166,2
FAC20250724122328,Travel,English,Image,South America,1799,1,user_484700,0.000177,0.016142,0.016142,446,1458,8
FAC20250725122330,Business,French,Text,Unknown,5510,0,user_487098,0.000101,0.005627,0.005627,216,667,11
FAC20250725122332,Fashion,Spanish,Video,North America,9730,1,user_186618,0.000085,0.002623,0.002623,160,503,9
FAC20250725122354,Food,Spanish,Text,South America,233,0,user_373213,0.000117,0.005314,0.005314,252,797,3
FAC20250725122387,Health,Japanese,Poll,Europe,46914,1,user_489571,0.000042,0.000938,0.000938,50,151,7
FAC20250725122437,Business,Portuguese,Text,North America,130,0,user_274496,0.000109,0.006038,0.006038,239,742,11
FAC20250725122482,Science,English,Video,Asia,2940,0,user_52593,0.000163,0.008686,0.008686,380,1226,14
FAC20250725122497,Education,English,Video,Asia,8798,0,user_141073,0.000161,0.014754,0.014754,399,1270,2
FAC20250725122498,Finance,Japanese,Link,North America,6543,0,user_336241,0.000056,0.001377,0.001377,85,261,10
FAC20250725122512,Food,English,Text,Asia,139,0,user_198536,0.000176,0.012143,0.012143,430,1409,3
FAC20250725122540,Entertainment,English,Image,North America,1464,0,user_163618,0.000191,0.024869,0.02487,502,1624,6
FAC20250725122546,Sports,Arabic,Video,Europe,1913,0,user_51882,0.000081,0.002261,0.002261,147,459,5
FAC20250725122549,Food,English,Text,North America,4240,0,user_327031,0.000178,0.012907,0.012907,438,1424,3
FAC20250725122581,Sports,French,Link,Asia,727,0,user_331340,0.00007,0.001619,0.001619,116,353,5
FAC20250725122593,Food,Hindi,Text,North America,1123,0,user_187766,0.000099,0.004744,0.004744,209,649,3
FAC20250725122609,Entertainment,English,Text,Asia,165254,1,user_188678,0.000151,0.021103,0.021104,390,1286,6
FAC20250725122613,Climate,English,Video,North America,1427,0,user_194455,0.000168,0.009868,0.009868,394,1253,0
FAC20250725122620,Entertainment,English,Image,Europe,163256,1,user_330375,0.000154,0.020626,0.020626,393,1264,6
FAC20250725122643,Politics,English,Text,North America,5683,1,user_216265,0.000168,0.011719,0.011719,410,1346,4
FAC20250725122646,Food,Hindi,Text,North America,2304,0,user_58098,0.000101,0.004693,0.004693,211,649,3
FAC20250726122651,Sports,French,Video,North America,3621,1,user_82250,0.000085,0.002176,0.002176,155,477,5
FAC20250726122691,Sports,Spanish,Text,Asia,882,0,user_126708,0.00012,0.004626,0.004626,253,791,5
FAC20250726122713,Climate,Arabic,Image,South America,8839,1,user_96444,0.000087,0.002777,0.002777,165,512,0
FAC20250726122725,Sports,English,Image,Asia,1458,0,user_437104,0.000182,0.011858,0.011858,441,1427,5
FAC20250726122734,Sports,English,Text,North America,2060,0,user_197158,0.000182,0.01243,0.01243,444,1444,5
FAC20250726122750,Finance,English,Video,Asia,22,0,user_378314,0.00014,0.009095,0.009095,327,1043,10
FAC20250726122816,AI/ML,Spanish,Video,Asia,186,0,user_166354,0.000091,0.004645,0.004645,181,564,12
FAC20250726122829,Education,English,Image,Asia,861,0,user_123018,0.000185,0.018002,0.018002,472,1540,2
FAC20250726122832,AI/ML,English,Text,North America,899,0,user_326861,0.00019,0.019064,0.019064,486,1585,12
FAC20250726122847,Politics,English,Text,Asia,3003,0,user_213461,0.000175,0.013257,0.013257,432,1419,4
FAC20250726122863,Health,English,Image,Europe,129397,1,user_319298,0.000158,0.016209,0.016209,396,1271,7
FAC20250726122921,Sports,English,Image,South America,607,0,user_273746,0.000172,0.010334,0.010334,410,1330,5
FAC20250726122928,Health,French,Text,North America,1090,0,user_63821,0.000107,0.008703,0.008703,240,747,7
FAC20250726122937,Entertainment,Japanese,Video,Africa,2089,0,user_497346,0.000084,0.006711,0.006712,174,537,6
FAC20250726122963,Travel,English,Text,Africa,538,0,user_158040,0.000187,0.017934,0.017934,478,1565,8
FAC20250726122971,Entertainment,Portuguese,Link,Europe,186,0,user_277318,0.000067,0.004124,0.004124,122,373,6
FAC20250726122978,Education,English,Image,Oceania,108,0,user_344617,0.000179,0.016739,0.016738,452,1466,2
FAC20250727123022,Business,English,Text,North America,1149,0,user_118953,0.000186,0.015548,0.015548,470,1530,11
FAC20250727123025,Entertainment,English,Video,South America,572,0,user_430205,0.000173,0.022432,0.022432,446,1421,6
FAC20250727123031,Politics,Japanese,Image,North America,1544,0,user_332916,0.000096,0.003955,0.003955,194,601,4
FAC20250727123050,Business,Spanish,Video,North America,2101,1,user_170120,0.000086,0.003265,0.003265,166,513,11
FAC20250727123070,Health,English,Video,Asia,729,0,user_365119,0.000165,0.017685,0.017684,417,1338,7
FAC20250727123072,Entertainment,English,Text,Unknown,11062,1,user_148911,0.000166,0.022562,0.022563,433,1429,6
FAC20250727123114,Health,English,Text,Unknown,366,0,user_48358,0.000195,0.021879,0.021878,508,1658,7
FAC20250727123118,Finance,English,Image,North America,139,0,user_248835,0.000179,0.012528,0.012528,437,1407,10
FAC20250727123135,Fashion,English,Video,North America,2818,0,user_255284,0.000162,0.011487,0.011487,390,1234,9
FAC20250727123139,Gaming,Spanish,Poll,Asia,156,0,user_450970,0.000064,0.00158,0.00158,103,314,13
FAC20250727123147,Food,English,Image,Africa,338,0,user_13918,0.000179,0.012331,0.012331,439,1432,3
FAC20250727123155,Food,Arabic,Link,Asia,137,0,user_327387,0.00006,0.001605,0.001605,95,290,3
FAC20250727123162,Health,English,Image,North America,34,0,user_263768,0.000167,0.017036,0.017036,421,1351,7
FAC20250727123169,Science,English,Image,Europe,6657,1,user_6329,0.000161,0.008471,0.008471,376,1217,14
FAC20250727123178,Business,German,Image,North America,13660,0,user_309339,0.00009,0.004443,0.004443,184,561,11
FAC20250727123182,Business,English,Image,North America,6,0,user_407485,0.000147,0.010702,0.010702,354,1155,11
FAC20250727123190,Politics,English,Poll,Asia,5071,0,user_247261,0.000129,0.008757,0.008757,301,924,4
FAC20250727123191,Travel,Spanish,Text,Africa,1759,1,user_74770,0.000116,0.007535,0.007535,259,811,8
FAC20250727123222,Business,Portuguese,Link,Oceania,230,0,user_404359,0.000067,0.002052,0.002052,114,356,11
FAC20250727123237,Entertainment,English,Text,Europe,1842,0,user_378529,0.00019,0.02551,0.02551,503,1651,6
FAC20250727123241,Climate,English,Link,Asia,4725,1,user_401771,0.000138,0.007932,0.007932,316,994,0
FAC20250727123250,Business,English,Image,Europe,84,0,user_450216,0.000168,0.012953,0.012953,415,1355,11
FAC20250727123259,Gaming,English,Text,North America,772,0,user_292119,0.00018,0.013944,0.013944,448,1481,13
FAC20250727123290,Sports,English,Video,South America,309,0,user_40882,0.000166,0.00951,0.00951,389,1245,5
FAC20250728123369,Business,English,Image,Asia,13802,0,user_269609,0.000157,0.011601,0.011601,382,1251,11
FAC20250728123380,Finance,English,Video,North America,44082,1,user_447934,0.000136,0.008754,0.008754,316,1004,10
FAC20250728123448,Climate,English,Text,North America,2421,1,user_271483,0.000183,0.01243,0.01243,445,1449,0
FAC20250728123458,Education,English,Video,Europe,425,0,user_132261,0.000171,0.015479,0.015479,424,1364,2
FAC20250728123462,Science,English,Poll,Asia,555,1,user_436281,0.000128,0.006594,0.006594,290,897,14
FAC20250728123468,Fashion,Spanish,Text,Asia,45,0,user_409300,0.000108,0.005247,0.005247,231,731,9
FAC20250728123531,Politics,English,Text,North America,277,0,user_91243,0.000182,0.014058,0.014058,452,1481,4
FAC20250728123536,Fashion,English,Image,North America,11,0,user_497133,0.000145,0.009996,0.009996,347,1136,9
FAC20250728123589,Fashion,English,Text,Unknown,43,0,user_335478,0.000161,0.011457,0.011457,394,1288,9
FAC20250728123619,Food,Spanish,Poll,South America,881078,1,user_49839,0.000056,0.001009,0.001009,84,254,3
FAC20250729123632,AI/ML,English,Image,Asia,24164,0,user_125202,0.000158,0.015166,0.015166,394,1299,12
FAC20250729123657,Entertainment,English,Text,Asia,44,0,user_297441,0.000163,0.022345,0.022346,425,1401,6
FAC20250729123679,Science,Portuguese,Video,Asia,4645,0,user_433817,0.000092,0.002307,0.002307,172,528,14
FAC20250729123743,Gaming,English,Video,Asia,1515,0,user_382581,0.000166,0.01127,0.01127,395,1252,13
FAC20250729123744,Finance,Arabic,Image,Europe,411,0,user_317716,0.000092,0.003775,0.003775,183,563,10
FAC20250729123779,Politics,English,Text,North America,400,0,user_209152,0.000189,0.015427,0.015427,473,1540,4
FAC20250729123826,Travel,English,Image,North America,221,0,user_257933,0.000175,0.015652,0.015652,439,1422,8
FAC20250729123844,Health,Spanish,Image,South America,17,0,user_358063,0.000099,0.006496,0.006496,212,665,7
FAC20250729123848,Science,English,Video,Asia,3273,0,user_322019,0.000165,0.008809,0.008809,384,1233,14
FAC20250729123866,Finance,Hindi,Image,North America,9727,1,user_483085,0.000086,0.003444,0.003444,169,518,10
FAC20250729123909,Food,French,Text,North America,1178,0,user_452339,0.000107,0.00497,0.00497,227,707,3
FAC20250729123919,Entertainment,English,Text,Asia,10447,1,user_446605,0.000169,0.022778,0.022779,441,1453,6
FAC20250730123952,Climate,English,Video,North America,913,0,user_121295,0.000164,0.009541,0.009541,381,1217,0
FAC20250730123989,Technology,English,Image,Asia,938,1,user_153276,0.000189,0.022218,0.022218,491,1591,1
FAC20250730124000,Entertainment,Japanese,Image,Unknown,13563,1,user_252383,0.000093,0.008451,0.008451,204,630,6
FAC20250730124004,Finance,English,Link,Asia,17777,1,user_322399,0.000129,0.008657,0.008657,299,934,10
FAC20250730124014,Sports,French,Video,North America,790,0,user_150240,0.000088,0.002392,0.002392,163,504,5
FAC20250730124019,AI/ML,Spanish,Image,Asia,102207,1,user_291982,0.000098,0.006574,0.006574,211,656,12
FAC20250730124042,Politics,French,Image,Asia,229,0,user_124904,0.000094,0.003702,0.003702,188,586,4
FAC20250730124044,Climate,English,Image,North America,17990,1,user_224973,0.000154,0.008702,0.008702,357,1146,0
FAC20250730124061,Gaming,English,Text,North America,17277,1,user_51317,0.000158,0.010942,0.010942,383,1267,13
FAC20250730124066,Health,English,Text,Asia,413,0,user_180380,0.000192,0.02184,0.02184,501,1634,7
FAC20250730124072,Travel,German,Video,Europe,12322,0,user_383705,0.00007,0.002879,0.002879,126,387,8
FAC20250730124079,AI/ML,English,Image,North America,811,0,user_31551,0.000187,0.018579,0.018579,477,1571,12
FAC20250730124172,Health,German,Image,Unknown,492,0,user_65067,0.000102,0.007065,0.007065,219,672,7
FAC20250730124174,Travel,English,Text,North America,17681,1,user_39961,0.000165,0.014375,0.014375,411,1340,8
FAC20250730124187,Business,Spanish,Video,Asia,11468,0,user_253125,0.000077,0.002762,0.002762,142,441,11
FAC20250730124213,Sports,English,Link,North America,35,0,user_215442,0.000131,0.007107,0.007106,295,919,5
FAC20250730124218,AI/ML,English,Text,Europe,5697,0,user_309631,0.000173,0.01666,0.01666,436,1418,12
FAC20250730124256,Travel,Spanish,Video,North America,80,0,user_45437,0.000086,0.003675,0.003675,167,521,8
FAC20250731124314,Finance,Hindi,Image,Asia,128,0,user_414572,0.000088,0.003606,0.003606,175,539,10
FAC20250731124343,Food,Japanese,Text,North America,14,0,user_160382,0.000089,0.004089,0.004089,180,545,3
FAC20250731124365,Finance,Chinese,Image,Oceania,67358,1,user_283322,0.000079,0.003113,0.003113,152,464,10
FAC20250731124384,Sports,English,Text,Europe,38977,1,user_448610,0.000151,0.008004,0.008004,351,1141,5
FAC20250731124393,Travel,English,Video,North America,151,0,user_188901,0.000159,0.013381,0.01338,387,1239,8
FAC20250731124403,Travel,Chinese,Text,Europe,152,0,user_400965,0.000098,0.006576,0.006576,212,654,8
FAC20250731124409,AI/ML,Japanese,Text,Asia,3047,0,user_351548,0.000098,0.006514,0.006514,208,643,12
FAC20250731124469,Food,Portuguese,Image,North America,256,0,user_382608,0.000111,0.004769,0.004769,235,738,3
FAC20250731124497,Health,Portuguese,Image,Asia,4097,0,user_269840,0.000105,0.007157,0.007157,227,712,7
FAC20250731124511,Finance,Japanese,Image,Africa,11,0,user_310655,0.000085,0.00319,0.00319,163,498,10
FAC20250731124548,Gaming,English,Video,North America,7673,1,user_186870,0.000158,0.010509,0.010509,374,1182,13
FAC20250731124550,Technology,English,Link,Europe,14875,0,user_408166,0.000137,0.016714,0.016714,341,1064,1
FAC20250731124552,Education,English,Video,Asia,8253,1,user_318904,0.000164,0.014935,0.014935,406,1292,2
FAC20250801124581,AI/ML,English,Text,Europe,11210,0,user_197315,0.000164,0.015957,0.015957,411,1341,12
FAC20250801124592,Science,English,Image,Asia,11148,0,user_294584,0.00016,0.008206,0.008206,372,1198,14
FAC20250801124602,Health,French,Video,North America,8933,0,user_121471,0.000081,0.004648,0.004648,159,492,7
FAC20250801124629,Gaming,Portuguese,Text,Europe,38,0,user_235078,0.000099,0.004957,0.004957,207,635,13
FAC20250801124646,Entertainment,Hindi,Text,Europe,8650,0,user_210381,0.000093,0.010493,0.010493,212,652,6
FAC20250801124647,Science,English,Text,North America,7148,0,user_256554,0.00017,0.009156,0.009156,402,1301,14
FAC20250801124649,Entertainment,English,Image,Asia,1870,0,user_458096,0.000192,0.024791,0.024792,502,1621,6
FAC20250801124658,Gaming,English,Video,North America,301,0,user_49343,0.000166,0.011152,0.011152,394,1246,13
FAC20250801124683,Travel,English,Link,North America,1003,0,user_128165,0.000145,0.012704,0.012704,352,1109,8
FAC20250801124719,Business,English,Image,Europe,6041,0,user_220725,0.000169,0.012585,0.012585,413,1344,11
FAC20250801124750,Business,Hindi,Image,North America,155503,1,user_22357,0.000082,0.004123,0.004123,165,499,11
FAC20250801124765,Sports,Hindi,Image,Unknown,19925,0,user_108460,0.000083,0.002794,0.002794,158,489,5
FAC20250801124771,Fashion,Spanish,Image,North America,614,0,user_344958,0.000118,0.00554,0.00554,255,797,9
FAC20250801124835,Science,English,Video,Asia,67,0,user_17383,0.000152,0.007616,0.007616,348,1117,14
FAC20250801124849,Science,Korean,Image,North America,183,0,user_89958,0.000089,0.002689,0.002689,171,524,14
FAC20250801124883,Science,English,Text,Europe,66,0,user_414307,0.00017,0.009154,0.009154,400,1294,14
FAC20250802124938,Entertainment,English,Image,North America,975,0,user_452410,0.000191,0.02499,0.02499,500,1614,6
FAC20250802124993,Gaming,Spanish,Video,North America,147,0,user_41912,0.000091,0.002698,0.002698,170,523,13
FAC20250802124996,Entertainment,Spanish,Image,Europe,2698,0,user_329617,0.000119,0.010341,0.010341,273,861,6
FAC20250802124997,Finance,Arabic,Video,North America,64,0,user_461558,0.000068,0.002137,0.002137,117,355,10
FAC20250802124998,Education,Spanish,Image,Asia,1011,0,user_499136,0.00011,0.006879,0.006879,241,761,2
FAC20250802125016,Science,English,Video,North America,2027,0,user_438240,0.000161,0.008248,0.008248,371,1200,14
FAC20250802125082,Sports,English,Image,North America,278,0,user_301709,0.000177,0.011093,0.011093,426,1386,5
FAC20250802125092,Education,Spanish,Video,Europe,2182,0,user_93905,0.000099,0.004985,0.004985,205,645,2
FAC20250802125098,Politics,Japanese,Image,Asia,628,1,user_424926,0.000095,0.003837,0.003837,191,586,4
FAC20250802125152,Technology,English,Link,Asia,741,1,user_244608,0.000147,0.017633,0.017633,370,1165,1
FAC20250802125156,AI/ML,English,Image,North America,29026,1,user_143825,0.000159,0.015105,0.015105,396,1304,12
FAC20250802125166,Fashion,English,Image,North America,1110,0,user_9784,0.000174,0.013857,0.013857,432,1412,9
FAC20250802125189,Climate,English,Video,North America,25596,0,user_274916,0.000145,0.007757,0.007757,330,1045,0
FAC20250802125190,Business,English,Video,Europe,712,0,user_111056,0.000162,0.012686,0.012686,394,1254,11
FAC20250802125204,Sports,English,Image,Asia,371329,1,user_102364,0.000141,0.00733,0.00733,324,1050,5
FAC20250802125209,Technology,Arabic,Text,Asia,476,0,user_308812,0.000098,0.00836,0.00836,216,665,1
FAC20250802125213,Technology,French,Link,Europe,49,0,user_43904,0.000061,0.002987,0.002987,105,320,1
FAC20250803125250,Education,English,Poll,Europe,49018,1,user_150077,0.000128,0.012659,0.012659,310,952,2
FAC20250803125251,Climate,Spanish,Video,Asia,7689,1,user_417393,0.000096,0.002343,0.002343,178,556,0
FAC20250803125262,Finance,French,Text,Europe,191,0,user_349321,0.0001,0.004996,0.004996,209,650,10
FAC20250803125339,Entertainment,Chinese,Text,Europe,15,0,user_291479,0.000094,0.010466,0.010467,214,646,6
FAC20250803125360,Fashion,Spanish,Text,Europe,152603,1,user_295379,0.000103,0.004989,0.004989,218,684,9
FAC20250803125386,Health,English,Image,North America,118,0,user_497945,0.000186,0.019089,0.019089,475,1519,7
FAC20250803125388,Education,Hindi,Text,North America,1531,0,user_134316,0.000094,0.006544,0.006543,203,629,2
FAC20250803125400,Travel,Hindi,Link,South America,1078,0,user_44475,0.000061,0.002464,0.002464,102,314,8
FAC20250803125429,Finance,Portuguese,Text,Asia,893,1,user_476868,0.000108,0.005509,0.005509,231,729,10
FAC20250803125435,Food,Japanese,Text,North America,61,0,user_153182,0.000092,0.004345,0.004345,190,585,3
FAC20250803125468,AI/ML,English,Text,North America,1405,0,user_14786,0.000188,0.018927,0.018926,480,1551,12
FAC20250803125471,Entertainment,English,Image,North America,4163,1,user_198982,0.000182,0.023535,0.023536,472,1529,6
FAC20250803125486,Travel,German,Poll,Asia,12569,0,user_293039,0.000041,0.001007,0.001007,50,152,8
FAC20250803125492,Travel,English,Poll,South America,7599,0,user_497201,0.000129,0.01172,0.01172,309,954,8
FAC20250803125497,Education,German,Text,Asia,5659,0,user_421920,0.000094,0.006206,0.006206,199,614,2
FAC20250803125499,Technology,English,Text,Asia,465,0,user_259838,0.000197,0.023924,0.023924,516,1668,1
FAC20250804125593,Finance,English,Image,Asia,251,0,user_434142,0.000178,0.012643,0.012643,435,1407,10
FAC20250804125610,Fashion,Japanese,Text,North America,6,0,user_394441,0.00009,0.004664,0.004664,188,571,9
FAC20250804125611,Entertainment,English,Link,Africa,469,0,user_30395,0.000141,0.01966,0.01966,357,1129,6
FAC20250804125664,Health,Spanish,Video,North America,6021,0,user_410802,0.000086,0.004931,0.004931,174,538,7
FAC20250804125669,Finance,English,Image,Europe,403,0,user_430045,0.000178,0.012258,0.012258,433,1395,10
FAC20250804125676,Sports,English,Text,Asia,6131,1,user_306053,0.000168,0.010103,0.010102,402,1321,5
FAC20250804125699,Sports,English,Text,Asia,416,0,user_121257,0.000189,0.013677,0.013677,465,1514,5
FAC20250804125703,Sports,English,Image,South America,6539,1,user_447489,0.000164,0.009433,0.009433,388,1262,5
FAC20250804125719,Food,English,Image,North America,46,0,user_393989,0.000162,0.010393,0.010393,391,1276,3
FAC20250804125720,Food,Portuguese,Text,North America,360,0,user_280285,0.000109,0.004945,0.004945,232,718,3
FAC20250804125733,Gaming,English,Image,Asia,4625,1,user_160011,0.000173,0.01237,0.01237,422,1362,13
FAC20250804125734,Travel,English,Video,North America,944,0,user_434495,0.000165,0.01413,0.01413,405,1290,8
FAC20250804125756,Entertainment,Spanish,Video,North America,3013,1,user_404346,0.0001,0.007669,0.007669,215,677,6
FAC20250804125764,Climate,Chinese,Text,South America,42,0,user_69838,0.000096,0.004254,0.004254,198,602,0
FAC20250804125792,Technology,Spanish,Text,North America,157955,1,user_386961,0.000101,0.008049,0.008049,222,689,1
FAC20250804125795,Technology,German,Image,South America,1091,0,user_204046,0.000099,0.008301,0.008301,219,675,1
FAC20250804125818,AI/ML,English,Video,Europe,321,0,user_405501,0.000164,0.015652,0.015652,406,1302,12
FAC20250804125830,Science,English,Video,North America,399,0,user_4671,0.000158,0.008229,0.008229,364,1173,14
FAC20250804125856,Climate,English,Image,North America,26,0,user_479429,0.000152,0.008707,0.008707,354,1134,0
FAC20250804125857,Entertainment,English,Text,Asia,231,0,user_265697,0.000185,0.025059,0.025059,489,1604,6
FAC20250805125894,Business,English,Video,Asia,186,0,user_341722,0.000154,0.011614,0.011614,372,1189,11
FAC20250805125895,AI/ML,English,Video,North America,7571,0,user_201487,0.00016,0.015221,0.015221,395,1265,12
FAC20250805125900,Technology,Hindi,Link,Unknown,2218,0,user_52923,0.00006,0.003447,0.003447,104,319,1
FAC20250805125925,Health,English,Video,Asia,8598,0,user_28417,0.000155,0.016316,0.016315,388,1246,7
FAC20250805125986,Health,Arabic,Text,Asia,2338,0,user_441855,0.000094,0.007963,0.007963,209,645,7
FAC20250805126001,Food,Japanese,Video,Asia,1104,1,user_187274,0.000077,0.002523,0.002523,139,427,3
FAC20250805126029,Fashion,German,Text,South America,41812,1,user_147766,0.000092,0.004772,0.004772,192,582,9
FAC20250805126036,AI/ML,English,Image,North America,59,0,user_32869,0.000163,0.015747,0.015747,409,1345,12
FAC20250805126041,Entertainment,English,Video,Europe,168,0,user_154666,0.000161,0.020852,0.020853,408,1300,6
FAC20250805126042,Health,English,Video,North America,6274,0,user_81030,0.000154,0.016522,0.016521,386,1234,7
FAC20250805126050,Technology,English,Image,North America,1814,0,user_102744,0.000191,0.022116,0.022116,497,1606,1
FAC20250805126097,Gaming,Arabic,Video,Asia,7083,0,user_408599,0.000071,0.002014,0.002014,120,368,13
FAC20250805126117,AI/ML,Spanish,Text,North America,220,0,user_5974,0.000111,0.007265,0.007265,242,753,12
FAC20250805126135,Sports,English,Text,Europe,12593,1,user_140506,0.000159,0.009193,0.009193,377,1221,5
FAC20250806126188,Health,English,Video,Asia,190,0,user_8210,0.000159,0.016807,0.016807,399,1293,7
FAC20250806126200,Climate,English,Image,North America,4010,0,user_109469,0.000172,0.010709,0.010709,407,1299,0
FAC20250806126217,Health,Arabic,Video,Africa,7496,1,user_413061,0.00007,0.00414,0.00414,131,405,7
FAC20250806126256,Politics,Spanish,Text,North America,14577,0,user_67815,0.000099,0.004793,0.004793,207,647,4
FAC20250806126294,Health,English,Text,Asia,9052,0,user_113685,0.000173,0.01847,0.018469,443,1458,7
FAC20250806126307,Education,English,Link,Europe,999,0,user_9921,0.000149,0.013954,0.013954,365,1148,2
FAC20250806126321,Finance,Arabic,Text,North America,145,0,user_326219,0.000091,0.004801,0.004801,189,587,10
FAC20250806126367,Entertainment,Portuguese,Poll,Unknown,27900,1,user_278162,0.000051,0.002258,0.002258,79,239,6
FAC20250806126384,Food,German,Image,Unknown,56489,1,user_222436,0.000093,0.003968,0.003968,189,569,3
FAC20250806126422,Finance,Japanese,Image,Asia,1150,0,user_206033,0.000095,0.003818,0.003817,189,588,10
FAC20250806126443,Finance,Spanish,Image,Oceania,85018,0,user_497772,0.000089,0.003367,0.003367,174,542,10
FAC20250806126445,Finance,Portuguese,Image,South America,887,0,user_317734,0.000106,0.004417,0.004417,219,685,10
FAC20250806126455,Food,English,Text,North America,731,0,user_118544,0.000184,0.013341,0.013341,453,1477,3
FAC20250806126470,Fashion,Portuguese,Video,North America,876,0,user_53919,0.000088,0.002976,0.002976,167,520,9
FAC20250806126477,Business,English,Text,North America,2922,0,user_85662,0.000181,0.014761,0.014761,455,1495,11
FAC20250807126504,Entertainment,English,Link,Europe,4954,1,user_95089,0.000139,0.019419,0.019419,351,1103,6
FAC20250807126510,Politics,English,Text,North America,17687,0,user_365841,0.000155,0.010648,0.010648,376,1238,4
FAC20250807126514,Technology,Spanish,Image,Oceania,4629,0,user_126744,0.000114,0.008978,0.008978,258,813,1
FAC20250807126519,Entertainment,English,Video,South America,7403,0,user_364106,0.000164,0.021264,0.021264,419,1330,6
FAC20250807126571,Travel,English,Video,Unknown,568,0,user_217601,0.00017,0.014793,0.014793,421,1342,8
FAC20250807126659,Climate,Spanish,Image,Europe,13643,1,user_437886,0.000096,0.002902,0.002902,184,568,0
FAC20250807126673,Business,Portuguese,Text,Oceania,4963,1,user_242868,0.00011,0.005943,0.005943,238,739,11
FAC20250807126681,Entertainment,English,Link,North America,27192,0,user_498132,0.000135,0.019042,0.019042,339,1049,6
FAC20250807126682,Science,Arabic,Video,Europe,3192,0,user_265725,0.000082,0.002217,0.002217,152,466,14
FAC20250807126717,Technology,English,Text,Unknown,1100,0,user_194029,0.000194,0.022925,0.022925,508,1648,1
FAC20250807126718,Sports,Spanish,Video,Asia,810,0,user_131653,0.0001,0.002717,0.002717,191,599,5
FAC20250807126723,Food,Spanish,Link,Europe,1222,0,user_469908,0.000083,0.002296,0.002296,150,458,3
FAC20250807126777,Politics,English,Text,South America,4588,0,user_119948,0.000176,0.013014,0.013014,434,1422,4
FAC20250807126793,Education,Arabic,Text,Asia,465,0,user_321686,0.000098,0.006586,0.006586,211,655,2
FAC20250808126845,Food,Spanish,Text,Asia,8,0,user_375893,0.000101,0.004465,0.004465,211,656,3
FAC20250808126904,Health,English,Link,North America,1256,0,user_475168,0.000145,0.015599,0.015599,359,1137,7
FAC20250808126913,Health,English,Text,Unknown,254,0,user_455302,0.000191,0.020846,0.020846,495,1622,7
FAC20250808126945,Health,Spanish,Image,Asia,833,0,user_91270,0.00011,0.007358,0.007357,243,768,7
FAC20250808126947,Entertainment,Spanish,Video,Europe,129,0,user_299285,0.000093,0.006729,0.006729,195,615,6
FAC20250808126990,Gaming,Japanese,Text,North America,1150,1,user_253564,0.000101,0.005393,0.005393,216,667,13
FAC20250808127112,Gaming,French,Text,North America,11693,1,user_400616,0.000104,0.005249,0.005249,222,684,13
FAC20250808127113,Finance,Korean,Image,North America,4,0,user_481289,0.000079,0.003068,0.003068,150,454,10
FAC20250808127135,Entertainment,English,Image,Asia,2,0,user_349703,0.000154,0.020687,0.020687,394,1265,6
FAC20250808127156,Education,English,Text,Asia,2017,0,user_143282,0.000193,0.018958,0.018958,495,1601,2
FAC20250809127172,Sports,Japanese,Video,Asia,47,0,user_479546,0.000076,0.001834,0.001834,132,404,5
FAC20250809127237,Gaming,English,Image,Europe,447,0,user_283359,0.000176,0.01247,0.01247,430,1401,13
FAC20250809127315,Technology,English,Text,North America,20,0,user_39078,0.000158,0.018499,0.018499,403,1309,1
FAC20250809127339,Technology,Spanish,Video,Asia,42,0,user_7889,0.000095,0.006194,0.006194,200,619,1
FAC20250809127346,Entertainment,English,Image,North America,1244,0,user_483704,0.000182,0.024053,0.024053,477,1553,6
FAC20250809127368,Health,English,Image,North America,211,0,user_224628,0.000185,0.019159,0.019158,474,1533,7
FAC20250809127377,Food,Hindi,Link,Oceania,2406,0,user_323542,0.00006,0.001498,0.001498,95,292,3
FAC20250809127383,Finance,English,Text,Unknown,24412,1,user_141637,0.000153,0.010272,0.010272,368,1213,10
FAC20250809127424,Climate,English,Video,Europe,3067,0,user_4008,0.000165,0.009741,0.009741,385,1218,0
FAC20250809127433,Technology,Arabic,Video,Africa,16153,1,user_127961,0.000076,0.00536,0.00536,153,469,1
FAC20250809127459,Science,Japanese,Image,Europe,24,0,user_381058,0.000083,0.00243,0.00243,156,476,14
FAC20250809127472,Politics,English,Video,Asia,253,0,user_376299,0.000164,0.011405,0.011405,395,1274,4
FAC20250809127474,Education,Spanish,Image,North America,1206,0,user_493945,0.000109,0.006869,0.006869,239,751,2
FAC20250809127479,Business,English,Image,North America,188,1,user_169580,0.000175,0.013778,0.013778,435,1422,11
FAC20250810127504,Science,French,Text,Europe,68191,1,user_240909,0.000091,0.003131,0.003131,180,550,14
FAC20250810127519,AI/ML,Spanish,Text,Europe,82,0,user_160578,0.000105,0.006645,0.006645,225,693,12
FAC20250810127541,Fashion,English,Image,North America,6774,0,user_215145,0.000163,0.011616,0.011616,398,1302,9
FAC20250810127561,Science,English,Video,Europe,4302,0,user_417650,0.000157,0.008132,0.008131,361,1159,14
FAC20250810127573,Science,Spanish,Image,North America,41593,1,user_499069,0.000096,0.002619,0.002619,186,581,14
FAC20250810127599,Gaming,Spanish,Text,Asia,560,0,user_285108,0.000116,0.005761,0.005761,253,792,13
FAC20250810127617,Technology,Portuguese,Poll,Asia,1788,0,user_82738,0.000061,0.002933,0.002933,104,319,1
FAC20250810127628,Science,Spanish,Video,North America,2334,1,user_50512,0.0001,0.00261,0.00261,192,612,14
FAC20250810127678,Entertainment,Spanish,Link,Unknown,18575,1,user_474766,0.000069,0.003992,0.003992,128,390,6
FAC20250810127683,Food,Spanish,Video,Europe,40,0,user_459748,0.000083,0.002313,0.002313,153,469,3
FAC20250810127687,AI/ML,Spanish,Link,North America,160884,1,user_115818,0.000067,0.002143,0.002143,110,332,12
FAC20250810127711,Science,English,Image,South America,5844,0,user_211896,0.000165,0.008963,0.008963,387,1255,14
FAC20250810127714,AI/ML,English,Image,Oceania,245,0,user_65883,0.000181,0.017725,0.017724,459,1508,12
FAC20250810127741,Education,English,Text,Asia,627,0,user_234830,0.000198,0.019434,0.019434,508,1639,2
FAC20250810127746,Politics,English,Video,South America,1197,0,user_321842,0.000159,0.01092,0.01092,383,1241,4
FAC20250810127754,Education,English,Image,Asia,4394,1,user_42822,0.000174,0.016611,0.016611,439,1430,2
FAC20250811127834,Climate,English,Text,North America,700,0,user_377900,0.000187,0.012587,0.012587,456,1486,0
FAC20250811127846,Science,Portuguese,Text,North America,1454,0,user_370542,0.000107,0.003693,0.003693,218,679,14
FAC20250811127847,AI/ML,English,Text,Europe,72821,0,user_188291,0.000151,0.014521,0.014521,374,1218,12
FAC20250811127851,Fashion,English,Video,Asia,291,0,user_336064,0.000161,0.011581,0.011581,387,1231,9
FAC20250811127862,Finance,English,Text,North America,64,0,user_60178,0.000165,0.011548,0.011548,401,1313,10
FAC20250811127874,Technology,Korean,Image,North America,2789,1,user_73470,0.000094,0.008203,0.008203,208,647,1
FAC20250811127876,Travel,Hindi,Text,North America,11404,0,user_148496,0.000094,0.006256,0.006256,202,617,8
FAC20250811127891,AI/ML,English,Image,North America,9210,1,user_388650,0.000165,0.015858,0.015858,415,1369,12
FAC20250811127898,Food,German,Link,Asia,3902,0,user_405810,0.000058,0.001313,0.001313,86,262,3
FAC20250811127917,Gaming,English,Image,Oceania,1193,0,user_203317,0.000177,0.013266,0.013266,434,1410,13
FAC20250811128001,Travel,English,Link,North America,3497,0,user_261491,0.000144,0.01262,0.01262,349,1095,8
FAC20250811128022,Politics,Portuguese,Image,Europe,325,0,user_44005,0.000104,0.004009,0.004009,210,655,4
FAC20250811128026,Politics,English,Image,North America,51,0,user_177684,0.000164,0.010621,0.010621,391,1260,4
FAC20250811128029,Technology,English,Text,North America,3952,0,user_21314,0.000185,0.022025,0.022025,482,1569,1
FAC20250811128030,Business,English,Video,Oceania,195,0,user_191600,0.000155,0.011751,0.011751,375,1200,11
FAC20250811128033,Food,Spanish,Image,North America,1968,0,user_166452,0.000117,0.004903,0.004903,248,779,3
FAC20250811128057,Education,Spanish,Video,North America,1797,0,user_462377,0.000102,0.005225,0.005225,212,661,2
FAC20250811128076,Entertainment,English,Image,Europe,82279,1,user_145137,0.000156,0.020877,0.020878,400,1287,6
FAC20250811128093,Sports,English,Text,Asia,3991,0,user_68820,0.000181,0.011859,0.011858,439,1422,5
FAC20250811128102,Entertainment,French,Image,Europe,507,0,user_123117,0.000101,0.009385,0.009385,225,699,6
FAC20250811128107,Gaming,English,Text,North America,6741,0,user_452608,0.000166,0.011821,0.011821,406,1338,13
FAC20250811128109,Technology,English,Link,North America,3396,0,user_426668,0.000145,0.017337,0.017337,364,1154,1
FAC20250811128116,Health,Spanish,Image,Europe,10003,1,user_263983,0.000108,0.007217,0.007217,237,743,7
FAC20250812128155,Technology,German,Video,North America,857,0,user_371582,0.000084,0.006213,0.006213,174,538,1
FAC20250812128157,Health,English,Image,Europe,74,0,user_33846,0.000171,0.017762,0.017762,435,1401,7
FAC20250812128175,Business,English,Link,Unknown,77,0,user_452768,0.000135,0.01023,0.01023,321,1000,11
FAC20250812128181,Sports,German,Text,Oceania,172,0,user_351374,0.0001,0.003977,0.003977,205,635,5
FAC20250812128186,AI/ML,English,Text,Europe,120,0,user_70192,0.000176,0.016856,0.016856,441,1431,12
FAC20250812128199,Climate,German,Image,Europe,9035,0,user_332493,0.000088,0.002782,0.002782,166,517,0
FAC20250812128203,Gaming,English,Image,Asia,75707,1,user_361219,0.000146,0.009436,0.009436,346,1121,13
FAC20250812128215,Food,English,Video,Asia,2527,1,user_109044,0.000159,0.010385,0.010385,378,1191,3
FAC20250812128251,Health,French,Video,North America,410,0,user_382359,0.000081,0.005058,0.005058,160,495,7
FAC20250812128283,Sports,English,Text,Oceania,171,0,user_499911,0.000183,0.011674,0.011674,444,1439,5
FAC20250812128298,Education,Chinese,Text,North America,53095,0,user_214921,0.000084,0.005851,0.005851,177,537,2
FAC20250812128305,Food,Portuguese,Video,North America,3113,1,user_373129,0.00008,0.002322,0.002322,145,450,3
FAC20250812128324,Health,English,Text,Europe,11276,1,user_19359,0.000167,0.017877,0.017877,426,1401,7
FAC20250812128351,Politics,Arabic,Image,North America,334,0,user_142225,0.000091,0.003788,0.003788,182,568,4
FAC20250812128396,Travel,English,Text,Europe,2376,0,user_443690,0.000181,0.017052,0.017052,460,1509,8
FAC20250812128421,Politics,Spanish,Image,Europe,32586,0,user_461337,0.000098,0.003511,0.003511,194,596,4
FAC20250813128491,Food,English,Video,Asia,55,0,user_99382,0.000145,0.009252,0.009252,339,1072,3
FAC20250813128497,Technology,English,Video,North America,56,0,user_243892,0.000156,0.01811,0.01811,395,1277,1
FAC20250813128526,Food,English,Image,Asia,974,0,user_77318,0.000186,0.013457,0.013457,457,1485,3
FAC20250813128536,Sports,English,Text,North America,2238,0,user_420573,0.000182,0.012326,0.012326,443,1434,5
FAC20250813128552,Health,Japanese,Poll,North America,6,0,user_22254,0.000043,0.000982,0.000982,52,157,7
FAC20250813128566,Technology,Spanish,Video,North America,599,0,user_147234,0.000109,0.007403,0.007403,236,746,1
FAC20250813128577,Finance,Chinese,Image,Europe,34483,1,user_222806,0.00008,0.003122,0.003122,154,470,10
FAC20250813128613,Technology,English,Image,North America,2309,0,user_338726,0.000181,0.021083,0.021083,469,1532,1
FAC20250813128621,Education,German,Image,Asia,1412,0,user_138355,0.000097,0.006285,0.006285,207,640,2
FAC20250813128638,Science,English,Image,Asia,381,0,user_350655,0.000174,0.009937,0.009937,413,1335,14
FAC20250813128639,Food,German,Text,Europe,1815,0,user_88027,0.000102,0.004771,0.004771,213,650,3
FAC20250813128642,Food,Japanese,Video,Asia,12232,0,user_130260,0.000065,0.001693,0.001693,107,327,3
FAC20250813128646,Technology,German,Text,Europe,60483,1,user_494171,0.000083,0.007198,0.007198,178,540,1
FAC20250813128649,Sports,English,Text,North America,730,0,user_187018,0.000186,0.012219,0.012219,452,1471,5
FAC20250813128660,Education,Portuguese,Video,South America,29117,0,user_32268,0.000084,0.003955,0.003955,163,500,2
FAC20250813128673,Fashion,Portuguese,Text,Europe,158,0,user_173876,0.000114,0.005614,0.005614,246,766,9
FAC20250813128736,Science,English,Image,Asia,6329,1,user_120543,0.000163,0.008645,0.008645,381,1234,14
FAC20250813128738,Finance,English,Video,Europe,199,0,user_413932,0.000156,0.010495,0.010495,371,1190,10
FAC20250814128790,Food,English,Link,Asia,27183,0,user_2253,0.000134,0.008319,0.008319,307,957,3
FAC20250814128816,Climate,English,Image,North America,1514,0,user_897,0.000179,0.011762,0.011762,429,1378,0
FAC20250814128880,Entertainment,Korean,Text,Asia,5635,1,user_404202,0.0001,0.011146,0.011147,230,703,6
FAC20250814128893,Politics,English,Video,North America,18,0,user_109608,0.00014,0.009098,0.009098,328,1056,4
FAC20250814128904,Technology,English,Text,North America,9556,0,user_48787,0.00017,0.020007,0.020007,437,1413,1
FAC20250814128908,Business,English,Text,North America,14620,0,user_353629,0.000162,0.01212,0.01212,399,1314,11
FAC20250814128915,Health,Arabic,Video,Asia,30721,0,user_298511,0.000067,0.003828,0.003828,124,376,7
FAC20250814128944,Climate,Japanese,Image,Asia,5142,1,user_19272,0.000083,0.002641,0.002641,155,482,0
FAC20250814128946,Gaming,English,Text,Europe,352,1,user_84335,0.00019,0.015732,0.015731,478,1568,13
FAC20250814128954,Travel,Chinese,Image,Europe,174,0,user_376401,0.000086,0.005036,0.005036,176,539,8
FAC20250814128977,Business,Spanish,Image,North America,79,0,user_404400,0.0001,0.004865,0.004865,211,657,11
FAC20250814128992,Education,English,Poll,North America,134,0,user_381709,0.000134,0.012978,0.012978,325,1005,2
FAC20250814129051,AI/ML,Japanese,Link,North America,21,0,user_160978,0.000055,0.001618,0.001617,81,244,12
FAC20250814129075,Food,English,Image,Asia,145,0,user_307650,0.000177,0.01205,0.01205,431,1409,3
FAC20250814129083,Health,English,Image,North America,155,0,user_158935,0.000187,0.01922,0.01922,479,1546,7
FAC20250815129120,Technology,Arabic,Text,Europe,6486,1,user_271640,0.000091,0.007831,0.007831,199,605,1
FAC20250815129197,Entertainment,English,Text,North America,776,0,user_458717,0.000193,0.025764,0.025765,509,1671,6
FAC20250815129203,Politics,English,Video,Unknown,27146,1,user_442263,0.00014,0.009043,0.009043,330,1063,4
FAC20250815129210,Technology,English,Link,Unknown,11,0,user_342714,0.000132,0.016412,0.016412,328,1017,1
FAC20250815129250,Climate,Hindi,Video,Europe,711228,1,user_153097,0.000067,0.001569,0.001569,111,336,0
FAC20250815129266,Science,English,Text,North America,2041,0,user_255533,0.000187,0.011757,0.011757,452,1463,14
FAC20250815129280,Education,English,Image,Africa,22,0,user_152463,0.000155,0.014513,0.014513,387,1266,2
FAC20250815129303,Finance,English,Link,Africa,11999,1,user_1442,0.000131,0.008756,0.008756,303,943,10
FAC20250815129328,Health,English,Image,Asia,361,0,user_179324,0.000189,0.019576,0.019575,483,1563,7
FAC20250815129339,Fashion,English,Image,Europe,73,0,user_422045,0.000158,0.011405,0.011405,386,1269,9
FAC20250815129347,Education,Spanish,Image,Europe,553,0,user_457034,0.000109,0.006746,0.006745,237,758,2
FAC20250815129348,Health,English,Text,North America,6363,1,user_199492,0.000175,0.018717,0.018717,450,1467,7
FAC20250815129378,Finance,Hindi,Image,Asia,587,0,user_229913,0.000091,0.003945,0.003945,183,561,10
FAC20250815129386,Health,Portuguese,Video,Asia,36,0,user_243014,0.000078,0.004394,0.004394,151,463,7
FAC20250815129402,Politics,English,Video,Europe,651,0,user_132769,0.000166,0.011712,0.011712,401,1291,4
FAC20250816129416,Food,Spanish,Text,Asia,1524,0,user_43026,0.000122,0.005556,0.005556,265,829,3
FAC20250816129453,Science,Portuguese,Video,North America,502,0,user_19435,0.000093,0.002362,0.002362,174,543,14
FAC20250816129456,Health,Spanish,Text,North America,19,0,user_430036,0.000101,0.008092,0.008091,225,703,7
FAC20250816129461,Science,English,Image,North America,16766,1,user_162518,0.000156,0.007865,0.007865,360,1159,14
FAC20250816129479,Fashion,Japanese,Text,Europe,833,0,user_222158,0.0001,0.005253,0.005253,214,660,9
FAC20250816129481,Gaming,English,Link,South America,3490,0,user_64829,0.000139,0.00945,0.00945,326,1014,13
FAC20250816129482,Health,English,Text,Unknown,71,0,user_261006,0.000176,0.018708,0.018708,453,1480,7
FAC20250816129485,Food,English,Text,Asia,1840,1,user_312245,0.000186,0.013685,0.013685,461,1499,3
FAC20250816129541,Fashion,English,Text,Europe,15610,1,user_97544,0.000163,0.011497,0.011497,398,1300,9
FAC20250816129565,Food,Portuguese,Video,Europe,1656,0,user_69062,0.000086,0.002559,0.002558,159,490,3
FAC20250816129576,Politics,Arabic,Text,North America,24,0,user_384738,0.00009,0.004562,0.004562,187,568,4
FAC20250816129583,Education,Portuguese,Image,Europe,496,0,user_131295,0.000108,0.006683,0.006683,234,729,2
FAC20250816129597,Sports,French,Text,Europe,1705,0,user_179666,0.000106,0.004225,0.004225,221,682,5
FAC20250816129669,Science,Spanish,Text,Europe,92,0,user_77555,0.000115,0.00375,0.00375,236,732,14
FAC20250816129670,AI/ML,Korean,Poll,Asia,1889,0,user_349373,0.000054,0.001853,0.001853,79,243,12
FAC20250816129702,Fashion,English,Image,Asia,3074,1,user_228140,0.000166,0.012445,0.012445,408,1334,9
FAC20250816129713,Science,French,Video,Europe,194,0,user_19747,0.000086,0.00219,0.00219,159,489,14
FAC20250817129760,Business,Spanish,Text,Unknown,1735,0,user_12521,0.000112,0.006106,0.006106,245,773,11
FAC20250817129768,Travel,English,Image,Europe,38,0,user_497085,0.000155,0.013392,0.013392,382,1248,8
FAC20250817129777,Travel,English,Image,North America,1346,0,user_71951,0.000178,0.016371,0.016371,449,1466,8
FAC20250817129852,Health,English,Text,Asia,220,0,user_227208,0.000184,0.019982,0.019982,475,1564,7
FAC20250817129875,Sports,Spanish,Poll,Europe,586,0,user_215453,0.000066,0.001418,0.001418,108,332,5
FAC20250817129885,Sports,English,Text,Asia,298,0,user_378696,0.000186,0.012758,0.012758,453,1478,5
FAC20250817129913,Finance,English,Text,North America,189,0,user_56485,0.000175,0.012973,0.012973,431,1422,10
FAC20250817129926,Gaming,Japanese,Link,North America,120,0,user_191381,0.000057,0.001335,0.001335,87,264,13
FAC20250817129948,Finance,English,Text,Europe,518,1,user_120646,0.00018,0.014475,0.014475,449,1477,10
FAC20250817129952,Science,English,Image,South America,121,0,user_313776,0.000173,0.009891,0.009891,410,1319,14
FAC20250817129958,Sports,English,Text,South America,1532,0,user_125870,0.000184,0.012133,0.012133,447,1459,5
FAC20250817129973,Health,English,Video,North America,1347,1,user_325939,0.000164,0.017212,0.017211,413,1326,7
FAC20250817129985,Gaming,English,Text,Unknown,20409,0,user_378658,0.000158,0.01089,0.01089,382,1265,13
FAC20250817130008,Entertainment,English,Text,North America,1504,0,user_407008,0.000191,0.025526,0.025526,504,1658,6
FAC20250817130014,Climate,Arabic,Link,Oceania,20753,1,user_455424,0.000055,0.001181,0.001181,81,244,0
FAC20250817130033,Entertainment,English,Video,Europe,811,1,user_225733,0.000169,0.021969,0.021969,434,1395,6
FAC20250817130038,Entertainment,English,Image,North America,5695,1,user_374731,0.000183,0.023455,0.023455,476,1530,6
FAC20250818130086,Politics,English,Image,North America,1093,0,user_447653,0.000186,0.013858,0.013858,457,1470,4
FAC20250818130125,Business,Korean,Image,Unknown,1794,0,user_493155,0.000093,0.004819,0.004819,195,593,11
FAC20250818130138,Business,Japanese,Text,North America,681,0,user_57082,0.000102,0.00581,0.00581,220,679,11
FAC20250818130154,Science,Korean,Text,Asia,2831,0,user_29112,0.000096,0.003424,0.003424,193,601,14
FAC20250818130201,Politics,Arabic,Image,Asia,106,0,user_475402,0.000085,0.003268,0.003268,166,516,4
FAC20250818130202,Travel,English,Text,Asia,4002,0,user_361753,0.000183,0.017092,0.017092,466,1524,8
FAC20250818130215,Health,Hindi,Image,Europe,3805,0,user_178919,0.000096,0.006884,0.006884,208,643,7
FAC20250818130233,Health,English,Text,South America,8505,0,user_234864,0.000173,0.018471,0.018471,444,1457,7
FAC20250818130243,Entertainment,English,Image,Oceania,11418,1,user_274679,0.000171,0.022241,0.022242,443,1429,6
FAC20250818130246,Sports,English,Image,North America,85,0,user_275373,0.000169,0.010007,0.010007,400,1299,5
FAC20250818130258,Business,English,Image,Asia,45,0,user_352264,0.00016,0.011969,0.011969,392,1273,11
FAC20250818130260,Education,German,Text,South America,833,0,user_63208,0.000107,0.00716,0.00716,233,714,2
FAC20250818130294,Business,English,Image,North America,774,0,user_133453,0.000179,0.014388,0.014388,446,1452,11
FAC20250818130312,Technology,Spanish,Image,North America,6619,1,user_151948,0.000112,0.00857,0.00857,251,782,1
FAC20250818130334,Health,French,Link,North America,48,0,user_333948,0.000058,0.002677,0.002677,98,299,7
FAC20250818130351,Business,English,Link,North America,158,0,user_259390,0.000142,0.010657,0.010657,338,1064,11
FAC20250818130372,Education,English,Video,Europe,8533,0,user_12305,0.000163,0.01485,0.01485,403,1283,2
FAC20250818130382,Gaming,Korean,Link,North America,235,0,user_132029,0.000059,0.001737,0.001736,93,289,13
FAC20250818130388,Climate,French,Image,Africa,1209,1,user_134762,0.000102,0.003528,0.003528,202,623,0
FAC20250819130398,Climate,Hindi,Text,Asia,471,0,user_478967,0.000104,0.004572,0.004572,217,674,0
FAC20250819130402,AI/ML,English,Video,Europe,294,0,user_430339,0.000166,0.015872,0.015872,412,1324,12
FAC20250819130429,Science,Chinese,Video,North America,836,0,user_119878,0.000084,0.00222,0.00222,155,476,14
FAC20250819130463,Education,English,Image,North America,532,0,user_265869,0.000175,0.016367,0.016367,440,1442,2
FAC20250819130464,Politics,English,Image,Asia,243,0,user_493313,0.000176,0.012389,0.012389,429,1383,4
FAC20250819130478,Fashion,English,Video,North America,27836,0,user_193734,0.000138,0.00932,0.00932,323,1027,9
FAC20250819130487,Business,English,Poll,Unknown,2939,1,user_358731,0.000132,0.010094,0.010094,312,971,11
FAC20250819130522,Travel,English,Text,Asia,10872,1,user_250721,0.000167,0.014641,0.014641,417,1366,8
FAC20250819130527,Fashion,Arabic,Text,Europe,15136,0,user_386712,0.000095,0.00485,0.00485,199,611,9
FAC20250819130533,Climate,English,Text,Asia,21662,1,user_76764,0.000161,0.009491,0.009491,383,1255,0
FAC20250819130538,Education,English,Link,Europe,2285,0,user_198848,0.000151,0.014017,0.014017,369,1151,2
FAC20250819130548,Finance,English,Text,North America,4009,0,user_352164,0.000177,0.01348,0.01348,437,1430,10
FAC20250819130562,Health,English,Link,Asia,664,0,user_288403,0.000145,0.015735,0.015734,361,1136,7
FAC20250819130584,Travel,English,Link,Asia,1152,1,user_477890,0.000145,0.012602,0.012602,350,1109,8
FAC20250819130588,Fashion,German,Text,Asia,16192,0,user_335801,0.000093,0.004801,0.004801,194,593,9
FAC20250819130589,Health,English,Text,Asia,160,0,user_164362,0.000185,0.019865,0.019865,477,1565,7
FAC20250819130597,Sports,Spanish,Text,Europe,27089,1,user_284895,0.000106,0.003936,0.003936,217,672,5
FAC20250819130688,Technology,Japanese,Image,Asia,39345,1,user_489519,0.000089,0.00732,0.00732,193,589,1
FAC20250819130696,Travel,Arabic,Link,Africa,17251,0,user_464156,0.000052,0.001667,0.001667,79,241,8
FAC20250820130704,Travel,Portuguese,Video,North America,502,0,user_486616,0.000089,0.003929,0.003929,174,542,8
FAC20250820130738,Technology,English,Image,North America,7,0,user_430536,0.000155,0.018177,0.018177,393,1271,1
FAC20250820130746,AI/ML,English,Video,Europe,2780,0,user_318913,0.000167,0.01588,0.01588,415,1326,12
FAC20250820130749,Fashion,Portuguese,Poll,Europe,210,0,user_242794,0.000059,0.001544,0.001544,93,285,9
FAC20250820130760,Technology,French,Link,Europe,21,0,user_332600,0.000056,0.002574,0.002574,91,277,1
FAC20250820130780,Education,English,Image,Africa,1754,0,user_119020,0.000184,0.01756,0.017559,468,1517,2
FAC20250820130797,Food,Spanish,Image,Europe,4082,0,user_12900,0.000113,0.004707,0.004707,239,743,3
FAC20250820130799,Climate,Portuguese,Video,Europe,210,0,user_437679,0.000085,0.002252,0.002252,155,482,0
FAC20250820130802,Travel,Portuguese,Video,Asia,83,0,user_50824,0.000085,0.003567,0.003567,163,505,8
FAC20250820130823,Gaming,English,Text,North America,198,0,user_204626,0.000175,0.013133,0.013133,433,1433,13
FAC20250820130868,Travel,English,Image,Asia,143,0,user_264368,0.000178,0.015798,0.015798,445,1449,8
FAC20250820130888,Food,English,Image,Europe,6,0,user_72810,0.000148,0.009045,0.009045,350,1140,3
FAC20250820130902,Sports,English,Image,South America,1490,1,user_496371,0.000181,0.011746,0.011746,438,1418,5
FAC20250820130981,Fashion,English,Text,Asia,31695,1,user_379975,0.000154,0.01054,0.01054,373,1225,9
FAC20250820130997,Technology,Spanish,Video,North America,51882,1,user_337834,0.000092,0.005997,0.005997,193,599,1
FAC20250820131004,Health,Portuguese,Video,North America,21184,1,user_268839,0.000079,0.004598,0.004598,154,474,7
FAC20250821131032,Fashion,English,Text,Europe,16,0,user_444088,0.000152,0.010388,0.010388,366,1193,9
FAC20250821131040,Health,Spanish,Text,North America,3969,1,user_153083,0.000114,0.008767,0.008766,257,813,7
FAC20250821131065,Fashion,English,Text,Asia,461,0,user_188165,0.000194,0.016029,0.016029,489,1590,9
FAC20250821131090,Science,Korean,Video,North America,9700,1,user_200532,0.00008,0.002092,0.002092,145,442,14
FAC20250821131097,Technology,English,Video,Asia,360,0,user_47386,0.000168,0.019415,0.019415,430,1383,1
FAC20250821131120,Gaming,English,Video,South America,304,0,user_439779,0.000166,0.011204,0.011204,395,1250,13
FAC20250821131148,Finance,English,Text,Europe,79328,1,user_187294,0.000145,0.009457,0.009457,344,1136,10
FAC20250821131152,Gaming,Spanish,Image,South America,18329,1,user_80850,0.000098,0.004156,0.004156,202,638,13
FAC20250821131159,Science,Spanish,Video,North America,27581,1,user_60718,0.00009,0.002134,0.002134,167,523,14
FAC20250821131197,Finance,Japanese,Text,North America,1598,0,user_387781,0.000102,0.005051,0.005051,214,655,10
FAC20250821131204,Fashion,English,Image,North America,224833,1,user_464735,0.00014,0.009546,0.009546,333,1091,9
FAC20250821131206,Politics,English,Image,Asia,94,0,user_264248,0.000174,0.011697,0.011697,419,1342,4
FAC20250821131219,Travel,English,Text,Europe,36,0,user_430241,0.000168,0.014526,0.014525,418,1369,8
FAC20250821131284,Business,Portuguese,Text,Europe,18116,1,user_70741,0.000101,0.005502,0.005502,216,668,11
FAC20250821131311,AI/ML,Portuguese,Link,South America,3572,0,user_71429,0.000065,0.002464,0.002464,109,337,12
FAC20250821131350,Gaming,Spanish,Video,Asia,747,0,user_295609,0.000095,0.003128,0.003128,183,567,13
FAC20250822131413,Climate,Spanish,Image,Asia,6208,1,user_237164,0.000103,0.003212,0.003212,203,632,0
FAC20250822131432,Politics,Hindi,Video,North America,304,0,user_15209,0.000081,0.003089,0.003089,155,474,4
FAC20250822131451,Sports,English,Text,Asia,349,0,user_273723,0.00019,0.013744,0.013744,467,1519,5
FAC20250822131455,Fashion,English,Image,Oceania,29922,1,user_353845,0.000149,0.010381,0.010381,359,1181,9
FAC20250822131490,Food,English,Text,North America,857,0,user_246267,0.000186,0.01369,0.01369,461,1500,3
FAC20250822131535,Gaming,Spanish,Text,Asia,50,0,user_323783,0.000108,0.005387,0.005387,231,720,13
FAC20250822131536,Fashion,Spanish,Link,North America,4788,0,user_111882,0.000078,0.002113,0.002113,138,425,9
FAC20250822131548,AI/ML,English,Link,North America,880,0,user_319781,0.000153,0.014494,0.014494,372,1172,12
FAC20250822131583,AI/ML,Portuguese,Text,Asia,577,0,user_477581,0.000104,0.006927,0.006927,224,692,12
FAC20250822131608,Fashion,English,Image,Asia,33470,0,user_229593,0.000149,0.010314,0.010314,358,1176,9
FAC20250822131669,Gaming,Japanese,Text,Asia,786166,0,user_120921,0.000091,0.004783,0.004783,191,582,13
FAC20250822131688,Technology,Portuguese,Video,Asia,870,0,user_340641,0.000095,0.006594,0.006594,200,628,1
FAC20250823131696,Business,Portuguese,Video,Oceania,665,0,user_308118,0.000081,0.003114,0.003114,152,476,11
FAC20250823131733,Technology,Spanish,Video,Asia,419,0,user_277815,0.000102,0.007097,0.007097,220,688,1
FAC20250823131768,Climate,English,Text,Europe,51,0,user_467312,0.000169,0.010114,0.010114,403,1317,0
FAC20250823131770,Education,English,Video,North America,946,0,user_405667,0.000168,0.015342,0.015342,416,1347,2
FAC20250823131780,Science,English,Video,Asia,100290,1,user_388096,0.000138,0.006408,0.006408,309,994,14
FAC20250823131782,Entertainment,English,Text,North America,1132,0,user_106828,0.000191,0.025852,0.025852,506,1665,6
FAC20250823131849,Education,English,Image,North America,12540,0,user_226920,0.000161,0.014985,0.014985,402,1312,2
FAC20250823131876,Science,English,Text,North America,3,0,user_496058,0.000145,0.006772,0.006772,331,1074,14
FAC20250823131879,Gaming,Portuguese,Video,Asia,1773,0,user_483779,0.000086,0.002675,0.002675,157,491,13
FAC20250823131884,Fashion,English,Video,Europe,713,0,user_485658,0.000163,0.011955,0.011955,395,1249,9
FAC20250823131888,AI/ML,Arabic,Image,South America,319,0,user_397609,0.000097,0.007003,0.007003,211,644,12
FAC20250823131897,Business,English,Text,Europe,43578,1,user_16711,0.000152,0.011024,0.011024,370,1214,11
FAC20250823131901,Education,English,Text,South America,1643,0,user_260097,0.000188,0.018245,0.018244,480,1556,2
FAC20250823131902,Sports,Spanish,Text,South America,130,0,user_19294,0.000111,0.004138,0.004138,229,717,5
FAC20250823131908,Health,English,Image,Asia,1742,0,user_224819,0.000189,0.0198,0.019799,486,1563,7
FAC20250823131923,Politics,English,Text,North America,383,0,user_448660,0.000188,0.01534,0.01534,471,1533,4
FAC20250823131965,Health,English,Text,Europe,4725,1,user_165700,0.000183,0.019566,0.019566,471,1539,7
FAC20250823131966,AI/ML,Portuguese,Image,North America,598,0,user_327620,0.00011,0.007531,0.007531,242,756,12
FAC20250823132001,AI/ML,English,Image,Asia,167,0,user_352648,0.000178,0.017377,0.017376,452,1481,12
FAC20250824132090,Gaming,English,Text,Europe,38008,0,user_495273,0.000147,0.00986,0.009859,352,1167,13
FAC20250824132119,Fashion,English,Image,Asia,1695,0,user_220283,0.000176,0.013416,0.013416,436,1429,9
FAC20250824132134,Education,English,Text,North America,253,0,user_94634,0.000189,0.018453,0.018453,484,1572,2
FAC20250824132147,Entertainment,Portuguese,Text,South America,4355,0,user_418905,0.000114,0.012007,0.012007,267,835,6
FAC20250824132162,Politics,English,Text,North America,73,0,user_75728,0.000168,0.011723,0.011723,409,1342,4
FAC20250824132163,Education,German,Image,Europe,121,0,user_364779,0.000091,0.00576,0.00576,192,593,2
FAC20250824132181,Politics,English,Text,Europe,296,0,user_492297,0.000185,0.014522,0.014521,462,1512,4
FAC20250824132199,Science,Portuguese,Video,Europe,4570,1,user_447540,0.000092,0.002308,0.002308,172,528,14
FAC20250824132202,Health,English,Text,North America,461,0,user_413582,0.000194,0.021988,0.021988,506,1646,7
FAC20250824132253,Politics,English,Video,Asia,3104,0,user_125860,0.000158,0.010944,0.010944,379,1233,4
FAC20250824132259,Politics,English,Text,Europe,45,0,user_265218,0.00016,0.010868,0.010868,385,1266,4
FAC20250824132265,Education,Spanish,Image,North America,2275,0,user_214023,0.00011,0.006889,0.006889,241,758,2
FAC20250824132306,Business,Chinese,Text,Europe,2273,0,user_442985,0.000096,0.005636,0.005636,207,639,11
FAC20250825132329,Finance,English,Text,Unknown,60,0,user_212510,0.000165,0.011511,0.011511,402,1315,10
FAC20250825132336,Politics,Portuguese,Text,North America,15,0,user_347496,0.000102,0.004713,0.004713,211,645,4
FAC20250825132338,Sports,French,Text,Asia,1655,1,user_443526,0.000107,0.004236,0.004236,222,685,5
FAC20250825132402,Finance,English,Text,Asia,39,0,user_383415,0.000156,0.010564,0.010564,376,1236,10
FAC20250825132419,Gaming,English,Video,Asia,848,0,user_499141,0.000162,0.011068,0.011068,384,1218,13
FAC20250825132421,Entertainment,English,Image,Asia,113687,1,user_22695,0.000157,0.020932,0.020933,403,1292,6
FAC20250825132450,AI/ML,Spanish,Video,North America,558,0,user_178140,0.000096,0.004884,0.004884,194,607,12
FAC20250825132457,AI/ML,Korean,Image,Europe,55,0,user_299057,0.000092,0.006479,0.006479,196,598,12
FAC20250825132458,Politics,Portuguese,Text,Europe,1147,0,user_135032,0.000116,0.005485,0.005485,248,773,4
FAC20250825132490,Finance,Japanese,Poll,Europe,2986,0,user_194894,0.000046,0.000791,0.000791,58,177,10
FAC20250825132493,Fashion,English,Image,North America,1911,0,user_185210,0.000177,0.013572,0.013572,439,1438,9
FAC20250825132503,Politics,English,Text,Asia,1275,0,user_432653,0.00018,0.013764,0.013764,447,1471,4
FAC20250825132511,Technology,Portuguese,Image,North America,3502,1,user_84297,0.000105,0.008566,0.008566,234,730,1
FAC20250825132551,Climate,English,Video,North America,84,0,user_93933,0.000154,0.008515,0.008515,355,1125,0
FAC20250825132561,Science,English,Text,Europe,105327,1,user_11661,0.000147,0.006989,0.006989,338,1102,14
FAC20250825132587,Finance,French,Video,Europe,705,0,user_305803,0.000081,0.002857,0.002857,151,464,10
FAC20250825132595,Climate,Korean,Video,Asia,124,0,user_103812,0.000076,0.002045,0.002045,134,413,0
FAC20250825132604,Technology,Spanish,Image,North America,4455,0,user_80942,0.000115,0.009001,0.009001,260,820,1
FAC20250825132609,Technology,Spanish,Image,Africa,2899,0,user_422503,0.000119,0.009372,0.009372,272,861,1
FAC20250825132625,Technology,English,Video,Asia,2840,0,user_97030,0.000171,0.019427,0.019427,436,1410,1
FAC20250826132653,Climate,English,Poll,Europe,116,0,user_320563,0.000126,0.007301,0.007301,285,889,0
FAC20250826132659,Finance,English,Poll,Asia,596,0,user_369370,0.000133,0.008864,0.008864,309,956,10
FAC20250826132701,Science,English,Link,Asia,672,0,user_44959,0.000145,0.007362,0.007362,330,1038,14
FAC20250826132713,Technology,English,Link,North America,1026,0,user_409740,0.000148,0.01759,0.01759,372,1175,1
FAC20250826132734,Technology,English,Link,North America,181,0,user_587,0.000148,0.017615,0.017615,371,1159,1
FAC20250826132740,Technology,English,Image,Europe,0,0,user_483314,0.00015,0.017846,0.017846,381,1235,1
FAC20250826132748,Travel,English,Image,Europe,532,0,user_165005,0.000169,0.015128,0.015128,423,1384,8
FAC20250826132760,Entertainment,Spanish,Image,Asia,61,0,user_150554,0.000111,0.009715,0.009716,250,782,6
FAC20250826132807,Politics,Spanish,Text,Europe,1573,0,user_155593,0.000113,0.005522,0.005522,244,776,4
FAC20250826132816,Fashion,Spanish,Text,Unknown,108,0,user_413193,0.000115,0.005552,0.005552,248,786,9
FAC20250826132819,Travel,English,Text,North America,226,0,user_169122,0.000185,0.016891,0.016891,469,1528,8
FAC20250826132826,Politics,Spanish,Video,Asia,468,1,user_407173,0.000093,0.003409,0.003409,183,571,4
FAC20250826132862,Education,Portuguese,Image,North America,9,0,user_354046,0.000094,0.005694,0.005694,197,601,2
FAC20250826132867,Gaming,Spanish,Text,North America,1799,0,user_161486,0.00012,0.006093,0.006093,264,831,13
FAC20250826132894,Travel,Korean,Text,Asia,4232,1,user_108915,0.000099,0.006634,0.006634,215,665,8
FAC20250826132917,Technology,English,Video,North America,210,0,user_277787,0.000169,0.019247,0.019247,429,1376,1
FAC20250826132927,Technology,Portuguese,Video,North America,677,0,user_413262,0.000095,0.006526,0.006526,199,623,1
FAC20250827133011,Finance,German,Image,Europe,1274,0,user_429793,0.000094,0.003894,0.003894,189,576,10
FAC20250827133027,AI/ML,English,Video,Europe,272,0,user_449316,0.000165,0.015906,0.015906,411,1323,12
FAC20250827133035,Climate,English,Text,South America,4068,0,user_129369,0.000184,0.012313,0.012313,446,1454,0
FAC20250827133068,Finance,Spanish,Text,Asia,633,0,user_488555,0.000111,0.005358,0.005358,238,750,10
FAC20250827133089,Gaming,English,Text,North America,1984,1,user_18723,0.000182,0.014091,0.014091,451,1481,13
FAC20250827133152,Entertainment,Spanish,Video,Oceania,758,0,user_455475,0.0001,0.007448,0.007449,214,674,6
FAC20250827133161,Entertainment,Portuguese,Image,North America,520,0,user_122956,0.000105,0.009645,0.009645,237,747,6
FAC20250827133209,Health,English,Text,North America,17505,0,user_282778,0.000165,0.017505,0.017505,419,1379,7
FAC20250827133218,Travel,English,Text,Europe,1377,1,user_477392,0.000185,0.017227,0.017227,470,1549,8
FAC20250827133227,Entertainment,Arabic,Video,Europe,1103,0,user_462438,0.000081,0.006578,0.006578,166,506,6
FAC20250827133228,Travel,English,Video,Europe,1808,1,user_317691,0.000166,0.014155,0.014154,407,1306,8
FAC20250827133242,Entertainment,English,Text,Asia,987,0,user_48951,0.000191,0.025734,0.025734,505,1664,6
FAC20250827133249,AI/ML,English,Video,Europe,298,0,user_450016,0.000166,0.015875,0.015875,412,1324,12
FAC20250827133275,Politics,English,Text,North America,1795,0,user_97245,0.000179,0.013679,0.013679,444,1466,4
FAC20250827133279,Education,Portuguese,Video,North America,20809,0,user_258596,0.000083,0.003929,0.003929,161,495,2
FAC20250828133336,Food,Hindi,Image,Europe,167,0,user_259104,0.000097,0.00428,0.00428,201,624,3
FAC20250828133357,Technology,Portuguese,Video,Asia,8,0,user_436519,0.000081,0.005299,0.005299,162,496,1
FAC20250828133363,Fashion,Arabic,Text,North America,6973,1,user_464365,0.0001,0.00506,0.00506,211,646,9
FAC20250828133376,Health,Spanish,Link,Asia,189,0,user_302168,0.000074,0.004121,0.004121,142,444,7
FAC20250828133382,Technology,Arabic,Poll,Asia,1443,0,user_489536,0.000052,0.002592,0.002592,81,246,1
FAC20250828133385,Gaming,English,Poll,North America,904,0,user_71509,0.00013,0.008997,0.008997,302,936,13
FAC20250828133423,Technology,Portuguese,Image,North America,141,0,user_215065,0.000104,0.008092,0.008092,230,713,1
FAC20250828133429,AI/ML,English,Text,Europe,420,0,user_475776,0.000195,0.020371,0.02037,501,1616,12
FAC20250828133438,Fashion,Portuguese,Image,Asia,5179,1,user_380015,0.000106,0.004895,0.004895,223,694,9
FAC20250828133490,Technology,English,Image,Africa,445,0,user_246359,0.000184,0.02122,0.02122,477,1551,1
FAC20250828133507,AI/ML,Hindi,Link,South America,18364,1,user_160532,0.000051,0.001648,0.001648,72,221,12
FAC20250828133513,Fashion,Spanish,Text,Europe,3202,1,user_231165,0.000114,0.005615,0.005615,246,783,9
FAC20250828133515,Business,English,Text,Asia,3485,0,user_62181,0.000185,0.014979,0.014979,463,1516,11
FAC20250828133516,Finance,English,Text,Europe,1249,0,user_74107,0.00018,0.013604,0.013604,444,1453,10
FAC20250828133518,Sports,English,Image,Asia,5452,0,user_210822,0.000169,0.009878,0.009878,400,1306,5
FAC20250828133531,Education,Spanish,Image,Europe,1811,0,user_279594,0.000109,0.0067,0.0067,239,756,2
FAC20250828133535,Politics,English,Text,North America,20383,1,user_306553,0.000155,0.010653,0.010653,376,1237,4
FAC20250828133540,Finance,English,Image,North America,70,0,user_343692,0.000166,0.011052,0.011052,398,1279,10
FAC20250828133570,Business,Chinese,Image,Europe,16,0,user_327203,0.000081,0.004114,0.004114,163,494,11
FAC20250828133575,Finance,English,Image,South America,5141,0,user_428758,0.000169,0.0114,0.0114,407,1318,10
FAC20250828133606,Science,English,Image,Unknown,793,0,user_25379,0.000182,0.010858,0.010857,433,1395,14
FAC20250829133612,Education,English,Text,Europe,14,0,user_186436,0.000154,0.014262,0.014262,382,1241,2
FAC20250829133624,Finance,Japanese,Link,Oceania,1361,0,user_71497,0.000061,0.001703,0.001703,98,304,10
FAC20250829133646,Sports,English,Text,Unknown,29342,0,user_239642,0.000158,0.008646,0.008646,370,1200,5
FAC20250829133657,AI/ML,German,Image,North America,512,0,user_136639,0.000104,0.007242,0.007242,227,700,12
FAC20250829133689,AI/ML,English,Image,Europe,727,0,user_433332,0.000182,0.017765,0.017765,461,1522,12
FAC20250829133709,Technology,English,Video,North America,8386,0,user_75728,0.000163,0.018758,0.018758,414,1323,1
FAC20250829133731,Gaming,French,Image,Asia,16493,1,user_19894,0.000096,0.004015,0.004015,194,598,13
FAC20250829133777,Travel,Japanese,Image,Unknown,15811,0,user_329812,0.000084,0.004742,0.004742,169,511,8
FAC20250829133811,Health,English,Video,Europe,165,0,user_48896,0.000155,0.016332,0.016332,387,1252,7
FAC20250829133821,Science,Spanish,Image,Europe,69,0,user_78040,0.000105,0.003046,0.003046,208,647,14
FAC20250829133841,Technology,English,Image,Europe,565,0,user_281596,0.000181,0.020667,0.020667,466,1526,1
FAC20250829133855,Food,English,Poll,Asia,37,0,user_55176,0.000124,0.007956,0.007956,283,871,3
FAC20250829133873,Sports,English,Image,Unknown,481,0,user_465922,0.00017,0.01012,0.01012,404,1314,5
FAC20250829133882,Fashion,Spanish,Video,North America,8682,0,user_139859,0.000086,0.00266,0.00266,162,507,9
FAC20250830133915,Politics,Spanish,Text,Asia,12687,1,user_112834,0.0001,0.004859,0.004859,211,658,4
FAC20250830133932,Travel,English,Text,North America,15,0,user_278725,0.000155,0.013266,0.013266,381,1249,8
FAC20250830133939,Fashion,English,Image,Asia,10795,1,user_88809,0.00016,0.011084,0.011084,387,1264,9
FAC20250830133942,Health,Korean,Video,Europe,5175,0,user_498459,0.000072,0.004342,0.004342,138,423,7
FAC20250830133945,Food,Spanish,Text,Europe,45250,1,user_492917,0.000105,0.004627,0.004627,220,686,3
FAC20250830133984,Health,Japanese,Text,Europe,1901,0,user_198936,0.000105,0.008481,0.008481,234,717,7
FAC20250830133998,Food,English,Text,North America,146,0,user_262465,0.000176,0.012371,0.012371,432,1414,3
FAC20250830134005,Business,English,Image,Europe,108555,1,user_296802,0.000146,0.010721,0.010721,353,1150,11
FAC20250830134030,Science,French,Video,North America,1657,0,user_399828,0.000088,0.002382,0.002382,166,516,14
FAC20250830134034,Gaming,English,Text,South America,866,0,user_186459,0.000182,0.014301,0.0143,454,1496,13
FAC20250830134143,Gaming,English,Image,Europe,29,0,user_180217,0.000156,0.010428,0.010428,375,1216,13
FAC20250830134153,Education,German,Link,South America,836,0,user_426715,0.000063,0.002621,0.002621,107,332,2
FAC20250830134177,Technology,English,Poll,North America,15794,1,user_144744,0.000132,0.016464,0.016464,328,1007,1
FAC20250830134187,Business,English,Text,Europe,506,0,user_371404,0.000194,0.01686,0.01686,494,1608,11
FAC20250830134191,Entertainment,English,Text,Europe,804,0,user_404352,0.000192,0.025781,0.025781,509,1676,6
FAC20250830134206,Travel,Korean,Text,North America,57368,1,user_476873,0.000092,0.006099,0.006099,196,594,8
FAC20250830134218,Travel,English,Video,Oceania,19008,1,user_206018,0.000149,0.012554,0.012554,359,1133,8
FAC20250830134219,Politics,Korean,Text,Asia,824,0,user_58238,0.000102,0.005065,0.005065,215,667,4
FAC20250830134221,Food,English,Video,North America,185480,1,user_412502,0.000131,0.008087,0.008087,302,949,3
FAC20250830134224,Politics,English,Text,Europe,1444,1,user_365260,0.000178,0.013432,0.013432,440,1450,4
FAC20250830134236,Business,English,Video,Asia,521,1,user_67229,0.000165,0.012696,0.012696,402,1273,11
FAC20250831134257,Business,Portuguese,Text,Asia,5940,0,user_231093,0.000107,0.00577,0.00577,231,718,11
FAC20250831134260,Finance,English,Text,Europe,1572,0,user_334013,0.00018,0.013605,0.013605,445,1456,10
FAC20250831134274,Travel,English,Text,Asia,174,0,user_72410,0.000184,0.016795,0.016795,466,1521,8
FAC20250831134323,Sports,French,Image,North America,80,0,user_459723,0.00009,0.003145,0.003145,177,553,5
FAC20250831134344,Sports,English,Image,North America,6003,0,user_135312,0.000164,0.009439,0.009439,387,1262,5
FAC20250831134382,Politics,English,Image,North America,2323,0,user_498381,0.000174,0.012016,0.012016,421,1361,4
FAC20250831134436,AI/ML,Portuguese,Poll,Asia,1161,0,user_412781,0.000061,0.002231,0.002231,97,297,12
FAC20250831134465,Science,English,Text,Europe,86444,1,user_471738,0.000149,0.007141,0.007141,343,1117,14
FAC20250831134491,AI/ML,German,Text,North America,1129,0,user_367073,0.000093,0.006465,0.006465,197,615,12
FAC20250831134515,Gaming,English,Text,Asia,1667,0,user_266864,0.000179,0.013671,0.013671,443,1466,13
FAC20250901134578,Technology,English,Image,Asia,2922,0,user_335250,0.000175,0.020475,0.020475,451,1484,1
FAC20250901134620,Health,English,Text,Unknown,4893,0,user_12320,0.000182,0.019343,0.019343,467,1527,7
FAC20250901134672,Technology,English,Video,North America,239001,1,user_45826,0.000143,0.017015,0.017015,358,1145,1
FAC20250901134676,Politics,English,Video,North America,1051,0,user_303061,0.000159,0.010927,0.010927,383,1246,4
FAC20250901134690,Gaming,Portuguese,Image,Asia,857,0,user_431354,0.00011,0.004731,0.004731,230,706,13
FAC20250901134712,Technology,Chinese,Text,Europe,6855,1,user_392930,0.000086,0.007586,0.007586,187,571,1
FAC20250901134758,Gaming,Portuguese,Link,Europe,307,0,user_111866,0.000069,0.002056,0.002056,118,365,13
FAC20250901134788,AI/ML,English,Image,North America,872,0,user_42428,0.000187,0.018845,0.018845,478,1573,12
FAC20250901134794,Travel,Spanish,Image,Europe,672,0,user_91882,0.000107,0.006177,0.006177,232,723,8
FAC20250901134825,Climate,Chinese,Text,North America,307,0,user_198279,0.0001,0.004424,0.004424,207,634,0
FAC20250901134846,Politics,English,Text,South America,231,0,user_164968,0.00018,0.013475,0.013475,445,1455,4
FAC20250901134872,Education,Chinese,Image,Oceania,179260,0,user_345319,0.00008,0.005266,0.005266,165,499,2
FAC20250902134920,Health,English,Image,South America,16326,1,user_343856,0.000169,0.017229,0.017229,427,1378,7
FAC20250902134921,Food,English,Text,North America,22,0,user_474753,0.000152,0.009554,0.009554,363,1189,3
FAC20250902134927,Education,German,Video,South America,98,0,user_384303,0.000081,0.004044,0.004044,158,486,2
FAC20250902134929,Food,English,Text,Europe,53814,1,user_475010,0.000148,0.009111,0.009111,351,1150,3
FAC20250902134953,AI/ML,Hindi,Image,Asia,6528,0,user_220096,0.000096,0.00686,0.00686,207,634,12
FAC20250902134957,Travel,English,Image,Europe,27202,1,user_228838,0.000155,0.013242,0.013242,381,1234,8
FAC20250902134985,Gaming,French,Poll,Asia,17,0,user_475389,0.000048,0.000756,0.000756,63,191,13
FAC20250902134991,Health,Arabic,Text,North America,1337,0,user_398087,0.000101,0.008573,0.008573,226,695,7
FAC20250902134992,Fashion,Portuguese,Image,North America,10,0,user_26948,0.000094,0.004234,0.004234,192,593,9
FAC20250902135007,Technology,French,Video,North America,63,0,user_315386,0.000084,0.005666,0.005666,171,531,1
FAC20250902135009,Education,Portuguese,Link,North America,1086,0,user_461258,0.000074,0.003156,0.003156,133,407,2
FAC20250902135027,AI/ML,Japanese,Text,South America,312,0,user_347792,0.000095,0.006621,0.006621,203,625,12
FAC20250902135051,Science,English,Image,North America,1,0,user_43652,0.000142,0.006609,0.006609,323,1042,14
FAC20250902135145,Fashion,English,Video,North America,3370,1,user_382419,0.00016,0.011429,0.011429,385,1218,9
FAC20250902135173,Business,English,Poll,Asia,10680,0,user_52409,0.000126,0.009756,0.009756,297,911,11
FAC20250902135199,Science,Arabic,Link,Europe,3,0,user_152581,0.000048,0.000698,0.000698,63,189,14
FAC20250902135201,Education,English,Poll,Asia,3685,0,user_350728,0.000133,0.013052,0.013052,324,1019,2
FAC20250903135215,Fashion,English,Video,Europe,2347,1,user_422657,0.000158,0.011053,0.011053,379,1201,9
FAC20250903135218,Health,German,Text,Europe,10085,1,user_413654,0.000099,0.008054,0.008054,218,670,7
FAC20250903135225,Travel,English,Text,Europe,421,0,user_186975,0.000191,0.01888,0.01888,492,1611,8
FAC20250903135242,Sports,English,Text,Europe,42,0,user_426026,0.00016,0.009171,0.009171,379,1231,5
FAC20250903135291,Food,Portuguese,Text,Asia,2242,0,user_190724,0.000106,0.004815,0.004815,224,701,3
FAC20250903135321,Fashion,English,Text,North America,22231,1,user_297845,0.00016,0.011293,0.011293,391,1272,9
FAC20250903135375,Technology,English,Text,Asia,1912,0,user_312363,0.000188,0.022276,0.022276,489,1592,1
FAC20250903135380,Travel,English,Video,Europe,720,0,user_230614,0.000171,0.014771,0.014771,422,1339,8
FAC20250903135382,Sports,English,Video,North America,1768,0,user_386886,0.000166,0.009279,0.009279,388,1246,5
FAC20250903135383,AI/ML,English,Image,Unknown,26048,0,user_438174,0.000158,0.015142,0.015142,395,1301,12
FAC20250903135410,Food,English,Video,Africa,557,0,user_323304,0.000164,0.011148,0.011148,393,1240,3
FAC20250903135421,Technology,Hindi,Image,North America,128,0,user_183299,0.000092,0.007556,0.007556,199,612,1
FAC20250903135424,Politics,English,Text,North America,54,0,user_499050,0.000164,0.011311,0.011311,398,1310,4
FAC20250903135525,Business,Korean,Text,Asia,6071,0,user_418031,0.000097,0.00549,0.00549,206,633,11
FAC20250903135526,Technology,English,Image,South America,955,0,user_78446,0.00019,0.022341,0.022341,494,1599,1
FAC20250904135537,AI/ML,English,Text,Europe,200471,1,user_96289,0.00015,0.01434,0.01434,370,1201,12
FAC20250904135541,Business,English,Text,Europe,361,0,user_132310,0.000193,0.016971,0.016971,490,1594,11
FAC20250904135550,Food,English,Image,Europe,144,0,user_460178,0.000176,0.011987,0.011987,429,1403,3
FAC20250904135551,Science,French,Text,North America,605,0,user_166849,0.000105,0.003696,0.003696,214,661,14
FAC20250904135564,Education,English,Text,North America,4548,1,user_17979,0.000182,0.017686,0.017685,464,1507,2
FAC20250904135570,Technology,Chinese,Text,South America,11986,1,user_5056,0.000085,0.007492,0.007492,184,560,1
FAC20250904135585,Science,Hindi,Video,South America,8882,0,user_10211,0.000078,0.002017,0.002017,141,436,14
FAC20250904135598,Health,French,Text,North America,1030,0,user_102800,0.000106,0.008775,0.008775,240,746,7
FAC20250904135606,Education,Spanish,Image,Europe,471,0,user_80020,0.00011,0.006777,0.006777,241,766,2
FAC20250904135667,Entertainment,Portuguese,Image,North America,5914,1,user_30705,0.000104,0.009309,0.009309,233,726,6
FAC20250904135693,Food,English,Image,Asia,1306,0,user_467518,0.00018,0.012886,0.012886,442,1443,3
FAC20250904135719,Food,Portuguese,Text,North America,51,0,user_36041,0.000101,0.004645,0.004645,212,657,3
FAC20250904135737,Gaming,English,Text,Asia,34,0,user_90355,0.000157,0.010706,0.010706,379,1251,13
FAC20250904135749,Gaming,English,Text,Europe,6309,1,user_203561,0.000169,0.012005,0.012005,413,1359,13
FAC20250904135768,Finance,Portuguese,Video,Asia,323,0,user_32736,0.000082,0.002778,0.002778,152,470,10
FAC20250904135815,Travel,Portuguese,Video,North America,32204,0,user_429111,0.000081,0.003264,0.003264,152,467,8
FAC20250904135833,Travel,Portuguese,Link,South America,1296,0,user_102659,0.000074,0.003107,0.003107,135,415,8
FAC20250905135853,Science,Korean,Image,Africa,4691,0,user_43135,0.000089,0.002711,0.002711,171,524,14
FAC20250905135887,Food,English,Link,Unknown,147,0,user_143835,0.000143,0.008945,0.008945,332,1043,3
FAC20250905135896,Finance,English,Image,Asia,1767,0,user_127398,0.000181,0.012925,0.012925,443,1424,10
FAC20250905135939,Science,Japanese,Video,Africa,1898,0,user_424680,0.000086,0.002377,0.002377,160,493,14
FAC20250905135945,Business,Portuguese,Link,Europe,140,0,user_342435,0.000065,0.002031,0.002031,109,337,11
FAC20250905135950,Fashion,English,Video,South America,2027,0,user_114701,0.000158,0.011028,0.011028,378,1205,9
FAC20250905135999,Sports,English,Link,North America,81871,0,user_265053,0.000127,0.006884,0.006884,284,882,5
FAC20250905136018,Technology,Portuguese,Link,Asia,677,0,user_16645,0.000073,0.004128,0.004128,137,420,1
FAC20250905136027,Fashion,Japanese,Text,Asia,446,0,user_338975,0.000104,0.005359,0.005359,223,694,9
FAC20250905136044,Climate,English,Text,North America,1057,0,user_166572,0.000186,0.012709,0.012709,455,1495,0
FAC20250905136048,Business,English,Image,Asia,2273,0,user_226966,0.000172,0.013561,0.013561,426,1390,11
FAC20250905136054,Food,Spanish,Text,North America,2670,1,user_405210,0.000117,0.005143,0.005143,249,786,3
FAC20250905136060,Entertainment,English,Video,North America,315,0,user_456644,0.000167,0.021737,0.021737,427,1362,6
FAC20250905136063,Travel,English,Link,Europe,1627,0,user_465654,0.000144,0.01258,0.01258,349,1106,8
FAC20250905136110,Gaming,English,Link,North America,12,0,user_360643,0.000127,0.00865,0.00865,294,911,13
FAC20250905136125,Science,Spanish,Text,North America,48366,1,user_206588,0.000107,0.003461,0.003461,216,665,14
FAC20250906136158,Food,English,Text,Asia,200,0,user_475591,0.000182,0.012859,0.012859,448,1456,3
FAC20250906136163,Entertainment,Korean,Video,Europe,19,0,user_161957,0.000069,0.004759,0.004759,130,393,6
FAC20250906136165,Technology,English,Image,Asia,118,0,user_54877,0.000185,0.021246,0.021246,480,1550,1
FAC20250906136166,AI/ML,English,Image,Europe,65917,0,user_282843,0.000149,0.014534,0.014534,371,1223,12
FAC20250906136170,AI/ML,English,Link,North America,146,0,user_370206,0.000151,0.01415,0.01415,365,1140,12
FAC20250906136242,Politics,Arabic,Image,Asia,2601,0,user_55917,0.000089,0.00375,0.00375,178,558,4
FAC20250906136243,Food,English,Video,South America,47,0,user_249177,0.000141,0.008883,0.008883,329,1042,3
FAC20250906136245,Sports,Hindi,Link,Asia,26655,1,user_106249,0.000052,0.000833,0.000833,72,219,5
FAC20250906136265,Health,Portuguese,Text,Europe,1557,0,user_404559,0.000112,0.008854,0.008854,253,780,7
FAC20250906136269,Entertainment,English,Image,North America,204,0,user_122619,0.000187,0.024179,0.024179,488,1566,6
FAC20250906136277,Gaming,English,Image,Unknown,2011,0,user_466823,0.000182,0.013217,0.013217,446,1441,13
FAC20250906136300,Climate,English,Link,North America,243,0,user_223305,0.000139,0.00821,0.00821,319,1005,0
FAC20250906136307,Climate,English,Text,South America,7832,0,user_199302,0.000177,0.010519,0.010519,423,1380,0
FAC20250906136396,Entertainment,Portuguese,Video,North America,31748,0,user_98592,0.000081,0.005655,0.005656,164,502,6
FAC20250906136404,Gaming,Spanish,Image,Europe,200,0,user_89557,0.000113,0.004829,0.004829,239,751,13
FAC20250906136415,Education,French,Text,Europe,16,0,user_343709,0.000092,0.006092,0.006092,195,599,2
FAC20250906136424,Technology,English,Video,Asia,117728,1,user_121319,0.000144,0.017069,0.017069,361,1154,1
FAC20250906136448,Food,English,Video,Europe,27367,1,user_247112,0.000138,0.008443,0.008443,320,1013,3
FAC20250906136459,Politics,English,Video,Asia,1415,0,user_77981,0.000164,0.011269,0.011269,396,1280,4
FAC20250907136497,AI/ML,English,Image,North America,12105,1,user_442567,0.000164,0.015698,0.015698,411,1351,12
FAC20250907136512,Education,Chinese,Image,North America,1936,0,user_986,0.000092,0.006115,0.006115,197,607,2
FAC20250907136529,Entertainment,Arabic,Text,Asia,9320,0,user_263625,0.0001,0.0108,0.0108,227,698,6
FAC20250907136546,Science,English,Text,Europe,29,0,user_190346,0.000161,0.008185,0.008185,376,1217,14
FAC20250907136547,AI/ML,English,Image,Asia,11027,1,user_212251,0.000164,0.015742,0.015741,411,1354,12
FAC20250907136551,Technology,English,Image,Asia,658,0,user_377856,0.000182,0.021025,0.021025,470,1540,1
FAC20250907136558,Technology,Japanese,Image,North America,600,0,user_366356,0.000103,0.008679,0.008679,230,717,1
FAC20250907136563,Technology,Spanish,Image,Europe,2287,0,user_446866,0.000119,0.009324,0.009324,270,851,1
FAC20250907136564,Finance,Portuguese,Image,Europe,1235,0,user_345959,0.000101,0.004041,0.004041,205,636,10
FAC20250907136656,Education,French,Text,North America,954,0,user_302370,0.000106,0.00705,0.00705,230,716,2
FAC20250907136661,Health,Spanish,Text,North America,2139,0,user_355097,0.000115,0.008953,0.008953,262,824,7
FAC20250907136665,AI/ML,English,Image,Europe,111408,1,user_91097,0.00015,0.014611,0.014611,374,1228,12
FAC20250907136679,Finance,English,Text,Asia,11632,1,user_67552,0.000158,0.010904,0.010904,381,1250,10
FAC20250907136685,Technology,English,Video,South America,4571,0,user_245214,0.000159,0.018558,0.018558,403,1310,1
FAC20250907136728,Business,Spanish,Image,South America,384,0,user_497700,0.000105,0.005235,0.005235,223,695,11
FAC20250907136765,Technology,English,Text,Europe,8085,1,user_191275,0.000172,0.020182,0.020182,444,1435,1
FAC20250908136790,Gaming,Arabic,Video,North America,2896,1,user_115661,0.00007,0.001951,0.001951,116,353,13
FAC20250908136794,Technology,English,Link,Europe,17,0,user_321512,0.000131,0.016383,0.016383,326,1016,1
FAC20250908136842,Climate,English,Video,Asia,1468,0,user_27199,0.000169,0.009921,0.009921,396,1261,0
FAC20250908136892,Business,English,Text,Africa,57,0,user_217863,0.000171,0.013094,0.013094,424,1384,11
FAC20250908136915,Health,English,Link,North America,203,0,user_430194,0.000143,0.015639,0.015639,356,1130,7
FAC20250908136954,Science,English,Image,Asia,126,0,user_207672,0.000172,0.00987,0.00987,408,1311,14
FAC20250908136978,Education,English,Link,South America,107520,1,user_248239,0.000133,0.01281,0.01281,322,993,2
FAC20250908136993,Climate,German,Image,Europe,9852,0,user_107965,0.000085,0.002681,0.002681,160,499,0
FAC20250908137058,Health,English,Image,North America,129297,1,user_28294,0.000158,0.016209,0.016209,396,1271,7
FAC20250908137070,Finance,Japanese,Image,Europe,11514,0,user_379075,0.00009,0.003429,0.003429,176,538,10
FAC20250909137083,Gaming,English,Poll,Asia,6197,0,user_24992,0.000129,0.008759,0.008759,298,915,13
FAC20250909137108,Science,English,Image,Europe,648,0,user_380769,0.000176,0.010007,0.010007,416,1343,14
FAC20250909137119,Sports,English,Video,North America,6784,1,user_101377,0.000155,0.008648,0.008648,359,1154,5
FAC20250909137135,AI/ML,Portuguese,Image,Europe,457,0,user_201252,0.000104,0.007222,0.007222,227,712,12
FAC20250909137166,Business,Portuguese,Image,North America,218,0,user_465345,0.000104,0.005136,0.005136,221,691,11
FAC20250909137173,Fashion,English,Video,Africa,50673,1,user_31469,0.000138,0.009315,0.009315,323,1020,9
FAC20250909137177,AI/ML,Japanese,Text,North America,908,0,user_79005,0.000096,0.006714,0.006714,205,641,12
FAC20250909137197,Business,English,Text,Africa,27367,1,user_69624,0.000159,0.011834,0.011834,391,1284,11
FAC20250909137199,Education,Portuguese,Text,North America,180,0,user_97175,0.000103,0.006592,0.006592,221,689,2
FAC20250909137215,Health,English,Poll,Europe,139,0,user_79510,0.000137,0.01499,0.01499,336,1043,7
FAC20250909137227,Politics,Korean,Poll,Europe,4059,0,user_279861,0.000043,0.000889,0.000889,54,164,4
FAC20250909137231,Gaming,Portuguese,Text,Asia,8615,1,user_71483,0.000106,0.005357,0.005357,225,697,13
FAC20250909137251,Health,English,Image,Europe,77,0,user_41923,0.000175,0.018095,0.018095,446,1435,7
FAC20250909137268,Gaming,Spanish,Video,North America,111,0,user_110543,0.000086,0.002374,0.002374,156,486,13
FAC20250909137270,Business,English,Text,Europe,17128,1,user_374534,0.000164,0.012375,0.012375,404,1325,11
FAC20250909137285,AI/ML,English,Link,Africa,10566,0,user_424348,0.000142,0.013658,0.013658,343,1070,12
FAC20250909137292,Education,English,Image,North America,284,0,user_475442,0.000184,0.017479,0.017479,468,1523,2
FAC20250909137311,Gaming,German,Text,North America,583,0,user_11006,0.000099,0.005238,0.005238,212,652,13
FAC20250909137361,Education,Spanish,Image,North America,3184,0,user_496961,0.000112,0.007111,0.007111,248,779,2
FAC20250909137363,Health,English,Text,Europe,539,0,user_371318,0.000188,0.021041,0.021041,489,1596,7
FAC20250909137368,Gaming,English,Text,Europe,2550,0,user_97401,0.000178,0.013954,0.013954,443,1449,13
FAC20250909137404,Science,Portuguese,Text,Oceania,318,1,user_278854,0.000105,0.003612,0.003612,213,664,14
FAC20250909137414,Entertainment,English,Text,Asia,4125,0,user_186429,0.000186,0.024958,0.024958,490,1611,6
FAC20250909137429,Fashion,English,Video,North America,6290,0,user_443036,0.000155,0.010883,0.010883,370,1173,9
FAC20250910137444,Entertainment,English,Link,North America,406,0,user_466933,0.000142,0.019709,0.019709,360,1135,6
FAC20250910137449,Politics,Portuguese,Link,Asia,803,0,user_153797,0.000073,0.00191,0.00191,125,394,4
FAC20250910137491,Science,English,Text,North America,1129,0,user_115931,0.000187,0.0119,0.0119,453,1459,14
FAC20250910137505,Entertainment,English,Text,Asia,7715,0,user_369984,0.000175,0.023302,0.023302,456,1501,6
FAC20250910137559,Climate,English,Video,North America,656,0,user_221516,0.000171,0.010424,0.010424,402,1280,0
FAC20250910137561,Politics,English,Image,North America,311,0,user_363673,0.00018,0.012789,0.012789,439,1412,4
FAC20250910137574,Education,Spanish,Image,Asia,55995,1,user_493004,0.000095,0.005856,0.005856,201,627,2
FAC20250910137576,Fashion,English,Text,North America,2288,0,user_431156,0.000184,0.014519,0.014519,460,1495,9
FAC20250910137588,Science,English,Text,North America,1529,0,user_119196,0.000185,0.011397,0.011397,446,1443,14
FAC20250910137600,Science,English,Link,Asia,170,0,user_205831,0.000143,0.007258,0.007258,324,1016,14
FAC20250910137609,Business,English,Text,Asia,27434,1,user_221757,0.000159,0.011834,0.011834,391,1284,11
FAC20250910137619,AI/ML,English,Link,Unknown,51,0,user_303916,0.000139,0.013554,0.013554,336,1047,12
FAC20250910137638,Fashion,English,Video,North America,366,0,user_237146,0.000161,0.011396,0.011396,388,1230,9
FAC20250910137644,Finance,English,Image,Europe,55247,0,user_416024,0.000147,0.009135,0.009135,345,1111,10
FAC20250910137648,Business,English,Link,North America,99,0,user_21936,0.000136,0.010385,0.010385,323,1011,11
FAC20250910137664,AI/ML,English,Text,Europe,24832,0,user_483037,0.00016,0.015315,0.015315,399,1298,12
FAC20250910137729,Food,English,Video,Asia,18,0,user_33422,0.000137,0.008531,0.008531,317,997,3
FAC20250910137732,Education,Japanese,Image,Asia,416,0,user_10838,0.000099,0.006487,0.006487,213,657,2
FAC20250910137753,Finance,Spanish,Image,Europe,15516,1,user_87274,0.000093,0.003516,0.003516,184,574,10
FAC20250911137790,Health,Korean,Video,North America,774,0,user_381779,0.000075,0.004593,0.004593,147,450,7
FAC20250911137852,Gaming,English,Image,South America,126,0,user_423710,0.000179,0.012667,0.012667,437,1403,13
FAC20250911137898,Entertainment,Chinese,Link,North America,633,0,user_308238,0.000058,0.003944,0.003944,101,309,6
FAC20250911137909,Education,English,Text,Europe,187,0,user_210134,0.000186,0.017926,0.017925,475,1535,2
FAC20250911137979,Fashion,French,Text,Asia,588,0,user_147490,0.000107,0.005536,0.005536,231,709,9
FAC20250911137980,Health,French,Text,Unknown,3964,1,user_373712,0.000101,0.008173,0.008173,224,703,7
FAC20250911137986,AI/ML,English,Image,North America,152,0,user_498679,0.00018,0.017559,0.017559,457,1497,12
FAC20250911138040,Gaming,Korean,Text,Europe,28,0,user_462821,0.000092,0.004836,0.004836,192,584,13
FAC20250911138078,Climate,English,Image,Asia,17344,1,user_123932,0.000155,0.008775,0.008775,361,1157,0
FAC20250912138174,Food,German,Poll,North America,3,0,user_407528,0.000037,0.000444,0.000444,37,113,3
FAC20250912138176,Technology,English,Text,Africa,813,0,user_162059,0.000192,0.022642,0.022642,501,1628,1
FAC20250912138189,Food,Arabic,Text,North America,159,0,user_248806,0.000097,0.004668,0.004668,203,623,3
FAC20250912138194,Fashion,Portuguese,Link,Europe,68623,1,user_351407,0.000059,0.001194,0.001194,89,276,9
FAC20250912138225,Gaming,English,Text,Oceania,498,1,user_99849,0.000186,0.015332,0.015332,466,1531,13
FAC20250912138247,Climate,Spanish,Text,North America,3,0,user_458202,0.000104,0.004265,0.004265,215,665,0
FAC20250912138295,Education,English,Text,Europe,150,0,user_422435,0.000186,0.017736,0.017736,474,1525,2
FAC20250912138297,Gaming,Spanish,Image,North America,12107,0,user_259910,0.000099,0.00415,0.00415,204,643,13
FAC20250912138303,Fashion,English,Video,North America,107,0,user_144668,0.000149,0.010195,0.010195,354,1130,9
FAC20250912138330,Politics,Spanish,Link,North America,19,0,user_261554,0.000062,0.001237,0.001237,96,291,4
FAC20250912138331,Sports,Chinese,Text,Asia,395,0,user_8995,0.000095,0.00394,0.00394,194,601,5
FAC20250912138349,Science,Arabic,Image,North America,17,0,user_383640,0.00008,0.002322,0.002322,148,450,14
FAC20250912138365,Health,Japanese,Image,Europe,9718,1,user_270136,0.000101,0.006854,0.006854,217,669,7
FAC20250912138372,AI/ML,French,Text,Asia,246,0,user_85389,0.000097,0.006679,0.006679,208,647,12
FAC20250912138383,Food,English,Link,Europe,10737,0,user_301960,0.000137,0.008457,0.008456,315,979,3
FAC20250912138407,Health,Chinese,Text,Europe,28,0,user_395695,0.00009,0.007534,0.007534,197,600,7
FAC20250913138470,Science,Portuguese,Link,North America,867,1,user_445082,0.00007,0.001363,0.001363,115,358,14
FAC20250913138486,Health,English,Text,Europe,1824,0,user_119029,0.00019,0.020927,0.020927,494,1608,7
FAC20250913138498,Education,French,Image,Europe,6188,1,user_267574,0.0001,0.006135,0.006135,214,652,2
FAC20250913138503,Climate,English,Text,North America,479144,1,user_15064,0.000147,0.008037,0.008037,343,1125,0
FAC20250913138513,Business,Chinese,Text,North America,266,0,user_155386,0.000098,0.005739,0.005739,212,652,11
FAC20250913138531,Science,Korean,Text,North America,886,0,user_320745,0.000097,0.003487,0.003487,195,606,14
FAC20250913138538,Fashion,English,Image,Asia,84425,1,user_102385,0.000144,0.00982,0.00982,344,1125,9
FAC20250913138540,Finance,English,Text,Europe,185,0,user_39477,0.000175,0.013117,0.013117,433,1428,10
FAC20250913138556,AI/ML,Spanish,Image,Asia,2106,1,user_287452,0.000112,0.007511,0.007511,247,781,12
FAC20250913138559,Fashion,English,Text,Asia,7235,1,user_471461,0.000172,0.012301,0.012301,422,1375,9
FAC20250913138583,Education,English,Video,North America,69,0,user_461550,0.000158,0.014476,0.014476,390,1245,2
FAC20250913138610,Travel,Arabic,Text,North America,5169,1,user_8744,0.0001,0.006553,0.006553,216,661,8
FAC20250913138683,Travel,English,Link,North America,18719,1,user_239398,0.000136,0.011921,0.011921,326,1014,8
FAC20250913138738,Gaming,German,Text,Asia,177,0,user_241997,0.000101,0.005358,0.005358,216,666,13
FAC20250913138740,Sports,Spanish,Text,North America,228,0,user_463978,0.000119,0.004755,0.004755,252,797,5
FAC20250913138743,Sports,English,Image,Asia,8341,0,user_149134,0.000161,0.009086,0.009086,378,1227,5
FAC20250913138749,Fashion,German,Text,North America,1003,0,user_115583,0.000102,0.005368,0.005368,219,675,9
FAC20250913138754,Politics,English,Text,North America,47230,1,user_450150,0.000145,0.009392,0.009392,346,1140,4
FAC20250914138812,Fashion,English,Video,Asia,10233,0,user_84847,0.000149,0.010357,0.010357,355,1129,9
FAC20250914138819,Entertainment,English,Image,Asia,802,0,user_471310,0.000192,0.024851,0.024851,504,1628,6
FAC20250914138826,Finance,Spanish,Image,Europe,5883,1,user_327083,0.000098,0.003702,0.003702,196,618,10
FAC20250914138839,Science,English,Video,Europe,594,0,user_124899,0.000169,0.009409,0.009409,397,1271,14
FAC20250914138895,Health,Portuguese,Video,Asia,108,0,user_144171,0.00008,0.004502,0.004502,155,477,7
FAC20250914138910,Travel,Arabic,Text,Africa,21653,1,user_20639,0.000091,0.006134,0.006133,194,592,8
FAC20250914138930,Fashion,English,Text,Europe,1879,0,user_174287,0.000186,0.014523,0.014523,466,1522,9
FAC20250914138933,Health,English,Video,Asia,2837,0,user_399612,0.000164,0.017321,0.01732,414,1327,7
FAC20250914138962,Entertainment,English,Text,North America,2170,0,user_366456,0.000185,0.025038,0.025039,488,1612,6
FAC20250914138984,Finance,English,Text,Africa,169,0,user_87109,0.000173,0.012808,0.012808,427,1415,10
FAC20250914138993,Fashion,English,Text,North America,50,0,user_478748,0.000165,0.011768,0.011768,403,1316,9
FAC20250914138995,Food,Spanish,Poll,Asia,307,0,user_166788,0.000072,0.001912,0.001912,124,377,3
FAC20250914139003,Technology,French,Text,South America,286,0,user_410860,0.000098,0.008349,0.008349,217,674,1
FAC20250914139028,Finance,English,Text,North America,5122,0,user_255677,0.00017,0.012198,0.012198,415,1368,10
FAC20250914139046,Education,Portuguese,Text,North America,352,0,user_294996,0.000107,0.006876,0.006876,231,721,2
FAC20250914139051,Fashion,Korean,Video,North America,16879,1,user_183220,0.000063,0.001955,0.001955,106,322,9
FAC20250915139064,Food,English,Image,Asia,348,0,user_217715,0.00018,0.012381,0.012381,440,1431,3
FAC20250915139075,Food,Spanish,Text,North America,97,0,user_21587,0.000115,0.005076,0.005076,245,769,3
FAC20250915139110,Food,Portuguese,Image,Europe,1897,0,user_328803,0.00011,0.00468,0.00468,231,723,3
FAC20250915139112,AI/ML,French,Text,North America,127,0,user_242924,0.000095,0.006262,0.006262,200,626,12
FAC20250915139134,AI/ML,French,Image,North America,3829,0,user_209620,0.0001,0.006911,0.006911,217,671,12
FAC20250915139136,Sports,English,Video,Asia,5776,1,user_474372,0.000156,0.008692,0.008692,361,1164,5
FAC20250915139145,Gaming,English,Text,North America,5165,1,user_499067,0.00017,0.012315,0.012315,416,1368,13
FAC20250915139157,Science,Spanish,Image,Europe,1272,0,user_93048,0.00011,0.003338,0.003338,221,691,14
FAC20250915139174,Health,Portuguese,Text,Europe,10296,0,user_62246,0.000107,0.008381,0.008381,240,743,7
FAC20250915139187,Food,Portuguese,Text,Europe,40,0,user_268381,0.000103,0.004624,0.004624,216,666,3
FAC20250915139200,Gaming,Japanese,Image,North America,237,0,user_368383,0.000097,0.004249,0.004249,198,617,13
FAC20250915139230,Sports,Japanese,Text,Unknown,3103,1,user_456396,0.000098,0.003882,0.003882,201,620,5
FAC20250915139238,Sports,English,Image,Asia,9736,0,user_133657,0.00016,0.009045,0.009045,377,1221,5
FAC20250915139277,Travel,English,Link,Asia,391,1,user_220808,0.000144,0.01256,0.012559,348,1106,8
FAC20250915139280,Politics,English,Video,Europe,13304,1,user_226130,0.000143,0.009435,0.009435,337,1084,4
FAC20250915139300,Food,English,Poll,Asia,749,0,user_494015,0.000134,0.008491,0.00849,309,962,3
FAC20250915139331,Gaming,English,Image,Europe,30845,1,user_241406,0.000153,0.010045,0.010045,366,1184,13
FAC20250915139353,AI/ML,English,Text,Africa,6729,0,user_444124,0.000172,0.016547,0.016547,432,1408,12
FAC20250915139357,Sports,English,Image,Oceania,6524,0,user_7532,0.000164,0.009404,0.009404,387,1260,5
FAC20250915139367,Food,English,Image,North America,82,0,user_309197,0.000173,0.011462,0.011462,421,1373,3
FAC20250915139372,Fashion,English,Video,Asia,7229,1,user_339718,0.000155,0.010832,0.010832,370,1171,9
FAC20250915139380,Fashion,Spanish,Image,Europe,167,0,user_179912,0.000114,0.005128,0.005128,244,768,9
FAC20250916139395,Fashion,English,Text,North America,57,0,user_69005,0.00017,0.012153,0.012153,417,1358,9
FAC20250916139397,Gaming,English,Text,Asia,2451,1,user_248306,0.000176,0.013776,0.013776,438,1437,13
FAC20250916139404,Technology,Spanish,Video,Asia,592,1,user_347552,0.000108,0.007301,0.007301,234,741,1
FAC20250916139468,Sports,German,Image,Europe,181,0,user_69760,0.000093,0.00332,0.00332,185,574,5
FAC20250916139477,AI/ML,English,Link,Europe,26580,1,user_18851,0.000143,0.01363,0.01363,344,1067,12
FAC20250916139524,Politics,Portuguese,Text,North America,1785,0,user_368886,0.000113,0.005271,0.005271,239,752,4
FAC20250916139528,Travel,English,Poll,Africa,136,0,user_78382,0.000132,0.011963,0.011963,316,985,8
FAC20250916139531,Travel,English,Text,North America,22,0,user_48595,0.000155,0.013483,0.013483,385,1267,8
FAC20250916139540,Health,English,Video,North America,3322,1,user_379016,0.000166,0.017386,0.017386,417,1339,7
FAC20250916139547,AI/ML,Spanish,Video,North America,65,0,user_391781,0.000089,0.004405,0.004405,176,540,12
FAC20250916139561,Finance,Chinese,Link,North America,5307,1,user_412539,0.000055,0.001605,0.001605,86,263,10
FAC20250916139596,Health,Spanish,Image,North America,19,0,user_128764,0.000099,0.006523,0.006523,213,668,7
FAC20250916139613,Sports,English,Text,Asia,78,0,user_188152,0.000169,0.010046,0.010046,404,1315,5
FAC20250916139620,Education,French,Video,Asia,91,0,user_237040,0.000083,0.004089,0.004089,163,507,2
FAC20250916139634,Finance,English,Link,North America,6419,1,user_297324,0.000129,0.008637,0.008637,299,940,10
FAC20250916139648,Climate,English,Text,Europe,546,0,user_368163,0.000186,0.012951,0.012951,455,1491,0
FAC20250916139708,Sports,English,Image,Asia,360,0,user_18991,0.000175,0.010801,0.010801,418,1361,5
FAC20250916139713,Finance,French,Image,Asia,72,0,user_296887,0.000091,0.003465,0.003465,178,544,10
FAC20250917139735,Gaming,Spanish,Text,Asia,997,0,user_367361,0.000116,0.005939,0.005939,254,794,13
FAC20250917139745,Climate,Spanish,Video,Europe,3073,0,user_82738,0.000091,0.002331,0.002331,168,527,0
FAC20250917139757,Business,English,Video,North America,142,0,user_235282,0.00015,0.011253,0.011253,361,1156,11
FAC20250917139764,Climate,German,Text,North America,1752,1,user_286329,0.000107,0.004763,0.004763,225,688,0
FAC20250917139788,Fashion,English,Image,Europe,181,0,user_186733,0.000171,0.012781,0.012781,422,1380,9
FAC20250917139836,Food,English,Image,Europe,656,0,user_200292,0.00018,0.012221,0.012221,438,1427,3
FAC20250917139853,Technology,Chinese,Video,Europe,462,0,user_341367,0.000084,0.00624,0.00624,174,531,1
FAC20250917139857,Finance,Portuguese,Link,Asia,285,0,user_102033,0.000067,0.001924,0.001924,113,347,10
FAC20250917139878,Health,English,Video,Europe,1082,0,user_381774,0.000164,0.017278,0.017277,412,1322,7
FAC20250917139893,Science,Portuguese,Text,North America,4933,1,user_177945,0.000107,0.003664,0.003664,219,680,14
FAC20250917139925,Health,Hindi,Text,Europe,2415,0,user_286663,0.000095,0.008099,0.008098,212,651,7
FAC20250917139935,Entertainment,English,Video,Africa,78539,1,user_158252,0.000144,0.019466,0.019467,362,1149,6
FAC20250917139947,Science,Spanish,Text,Asia,591,1,user_434561,0.000121,0.004094,0.004094,253,785,14
FAC20250917139948,AI/ML,French,Text,North America,35,0,user_163553,0.000092,0.006121,0.006121,192,590,12
FAC20250917139962,Food,French,Text,North America,2714,0,user_250820,0.000108,0.004815,0.004815,227,704,3
FAC20250917139968,Education,English,Text,North America,4157,0,user_256346,0.000184,0.018007,0.018007,470,1527,2
FAC20250917140010,Fashion,English,Video,Asia,1587,0,user_154577,0.000161,0.01141,0.01141,388,1237,9
FAC20250917140020,Food,English,Text,North America,189,0,user_245955,0.000183,0.01292,0.01292,449,1458,3
FAC20250918140049,Business,Spanish,Text,Europe,59,0,user_204556,0.000104,0.005727,0.005727,225,699,11
FAC20250918140073,Politics,Chinese,Image,Africa,801,0,user_285572,0.000092,0.00386,0.00386,185,564,4
FAC20250918140100,Technology,Spanish,Text,Unknown,9558,0,user_457501,0.000106,0.008476,0.008476,237,740,1
FAC20250918140151,Technology,English,Text,Europe,671,0,user_420746,0.000191,0.022601,0.022601,499,1616,1
FAC20250918140170,Business,Japanese,Image,Asia,81,0,user_59149,0.000091,0.004593,0.004593,188,578,11
FAC20250918140172,Sports,Portuguese,Image,North America,66,0,user_77335,0.000098,0.003397,0.003397,198,609,5
FAC20250918140192,Technology,English,Video,Asia,1259,0,user_13330,0.000173,0.019598,0.019598,440,1420,1
FAC20250918140211,Travel,Arabic,Image,Asia,40,0,user_3124,0.000084,0.004843,0.004843,172,529,8
FAC20250918140228,Politics,Japanese,Link,Europe,1984,1,user_415534,0.000061,0.001717,0.001717,97,294,4
FAC20250918140239,Science,Portuguese,Text,North America,19436,0,user_267801,0.000095,0.003177,0.003177,188,579,14
FAC20250918140289,Climate,Japanese,Video,Europe,70,0,user_294356,0.000078,0.00185,0.00185,135,411,0
FAC20250918140331,AI/ML,Spanish,Image,North America,1968,0,user_19046,0.000113,0.007489,0.007488,249,790,12
FAC20250918140337,Technology,English,Text,North America,47,0,user_239256,0.000166,0.01945,0.01945,426,1380,1
FAC20250918140338,AI/ML,English,Poll,Africa,220,0,user_257874,0.00014,0.01343,0.013429,336,1039,12
FAC20250919140364,Fashion,English,Image,Africa,231,0,user_60136,0.000174,0.013166,0.013166,431,1403,9
FAC20250919140368,Finance,English,Image,Europe,136,0,user_386311,0.000179,0.012494,0.012493,436,1407,10
FAC20250919140384,Finance,Japanese,Image,North America,8246,1,user_149770,0.000092,0.003547,0.003547,181,558,10
FAC20250919140395,Food,English,Image,North America,3196,0,user_384832,0.000172,0.011602,0.011602,416,1354,3
FAC20250919140411,Travel,English,Video,Asia,5492,0,user_13804,0.000162,0.013808,0.013808,396,1256,8
FAC20250919140460,Fashion,Spanish,Image,Europe,1432,0,user_169597,0.000118,0.005402,0.005402,254,793,9
FAC20250919140461,Climate,Japanese,Image,Europe,37,0,user_180142,0.000079,0.002584,0.002584,147,453,0
FAC20250919140462,Technology,Portuguese,Poll,South America,109,0,user_28766,0.000058,0.002533,0.002533,96,295,1
FAC20250919140486,Climate,German,Text,Asia,1136,0,user_169968,0.000103,0.004532,0.004532,216,678,0
FAC20250919140501,Technology,English,Text,Asia,5598236,1,user_206788,0.000148,0.017757,0.017757,376,1220,1
FAC20250919140507,Gaming,English,Video,North America,436,0,user_35004,0.000165,0.011027,0.011027,391,1236,13
FAC20250919140525,Politics,Korean,Image,North America,207,0,user_61341,0.00009,0.003628,0.003628,178,555,4
FAC20250919140548,Politics,Portuguese,Link,North America,2432,0,user_20634,0.00007,0.001958,0.001958,119,372,4
FAC20250919140553,Gaming,English,Image,Asia,32516,1,user_474839,0.000152,0.009943,0.009943,362,1172,13
FAC20250919140584,Technology,Spanish,Image,Europe,439,0,user_69145,0.000121,0.009432,0.009432,275,862,1
FAC20250919140606,Business,Portuguese,Image,Europe,3311,0,user_102654,0.000105,0.005438,0.005438,225,692,11
FAC20250919140624,Science,English,Text,North America,9362,0,user_181228,0.000168,0.009102,0.009102,396,1286,14
FAC20250919140626,AI/ML,French,Link,Europe,101,1,user_41923,0.000064,0.002402,0.002402,106,323,12
FAC20250919140631,Politics,Portuguese,Text,South America,50824,1,user_381020,0.000101,0.004685,0.004685,210,645,4
FAC20250919140637,Business,Korean,Text,Europe,12,0,user_341428,0.000091,0.005201,0.005201,193,584,11
FAC20250919140662,AI/ML,English,Video,North America,23,0,user_150591,0.000147,0.014007,0.014006,360,1143,12
FAC20250919140667,Food,Spanish,Text,Europe,74,0,user_152418,0.00011,0.004853,0.004853,233,733,3
FAC20250919140676,Entertainment,English,Text,North America,54,0,user_162951,0.000171,0.023022,0.023022,447,1475,6
FAC20250919140678,Gaming,English,Text,Unknown,9079,1,user_411402,0.000164,0.011795,0.011795,401,1329,13
FAC20250920140698,Travel,Hindi,Link,Asia,85,1,user_419460,0.000057,0.00197,0.00197,90,275,8
FAC20250920140711,Politics,Portuguese,Text,North America,4215,1,user_395547,0.000112,0.005176,0.005176,236,729,4
FAC20250920140735,Politics,English,Text,Asia,2275,0,user_74752,0.00018,0.013815,0.013815,445,1460,4
FAC20250920140778,Gaming,Spanish,Text,Europe,336,0,user_19801,0.00012,0.00598,0.00598,262,815,13
FAC20250920140784,Business,Korean,Text,Asia,13343,0,user_11605,0.000095,0.00546,0.00546,203,617,11
FAC20250920140814,Education,English,Image,Africa,6,0,user_234692,0.00015,0.013911,0.013911,370,1205,2
FAC20250920140951,Technology,English,Image,Europe,83,0,user_265494,0.000175,0.020323,0.020323,453,1478,1
FAC20250920140952,Climate,Arabic,Text,Asia,69,0,user_49639,0.000099,0.004359,0.004359,205,628,0
FAC20250921141007,Fashion,English,Text,North America,48,0,user_20906,0.000164,0.011735,0.011735,401,1311,9
FAC20250921141055,Travel,English,Text,Africa,1479,0,user_3271,0.000186,0.017349,0.017349,473,1556,8
FAC20250921141074,Health,Portuguese,Image,Europe,338,0,user_83963,0.000104,0.007329,0.007329,227,713,7
FAC20250921141082,Food,English,Image,North America,151,0,user_383690,0.000175,0.01189,0.01189,426,1394,3
FAC20250921141098,Finance,Japanese,Text,Asia,503,0,user_372272,0.000099,0.004925,0.004925,207,649,10
FAC20250921141129,Climate,English,Image,Asia,131,0,user_262789,0.000173,0.011072,0.011072,414,1324,0
FAC20250921141141,Food,English,Image,North America,94944,1,user_44052,0.000149,0.009164,0.009164,353,1151,3
FAC20250921141143,Fashion,English,Text,North America,11983,1,user_171594,0.000162,0.011424,0.011424,395,1290,9
FAC20250921141144,Entertainment,English,Text,Asia,15182,1,user_123896,0.000165,0.022294,0.022295,427,1404,6
FAC20250921141169,Entertainment,Hindi,Image,North America,9876,0,user_302457,0.000092,0.008359,0.008359,201,611,6
FAC20250921141177,Travel,English,Link,North America,3021,1,user_471437,0.000143,0.012602,0.012602,346,1083,8
FAC20250921141204,Sports,English,Poll,Europe,1250,0,user_194283,0.000127,0.007213,0.007213,289,889,5
FAC20250921141215,Gaming,Spanish,Text,Asia,47,0,user_316287,0.000107,0.005341,0.005341,229,714,13
FAC20250921141227,Health,Portuguese,Image,Asia,4144,0,user_250851,0.000105,0.007167,0.007167,228,716,7
FAC20250921141233,Technology,Portuguese,Image,Europe,4673,0,user_320984,0.000104,0.008424,0.008424,231,720,1
FAC20250921141281,Business,Hindi,Text,Asia,212,0,user_365531,0.000103,0.00585,0.00585,221,677,11
FAC20250922141317,Fashion,Japanese,Image,North America,2317,1,user_409906,0.000091,0.004535,0.004535,189,584,9
FAC20250922141325,Entertainment,Arabic,Video,Europe,2789,0,user_402058,0.000081,0.006317,0.006317,163,504,6
FAC20250922141334,Politics,Korean,Text,Unknown,5121,1,user_326390,0.000096,0.004785,0.004785,200,618,4
FAC20250922141356,Finance,Spanish,Image,Asia,933,0,user_429831,0.000105,0.004282,0.004282,216,681,10
FAC20250922141357,Education,Spanish,Image,Asia,717,1,user_332905,0.00011,0.006776,0.006776,240,770,2
FAC20250922141384,Education,English,Text,North America,6,0,user_52615,0.000152,0.014039,0.014039,375,1218,2
FAC20250922141388,Gaming,French,Text,Europe,251,0,user_331715,0.000108,0.005549,0.005549,232,722,13
FAC20250922141405,AI/ML,English,Image,Asia,244,1,user_83885,0.00018,0.017687,0.017687,458,1505,12
FAC20250922141418,Politics,English,Image,North America,3740,1,user_83330,0.000173,0.012095,0.012095,419,1347,4
FAC20250922141423,Education,English,Link,North America,215649,1,user_78975,0.000131,0.012661,0.012661,316,973,2
FAC20250922141482,Climate,Japanese,Text,Asia,1078,0,user_300610,0.000105,0.004512,0.004512,219,689,0
FAC20250922141504,Fashion,English,Video,North America,3689,0,user_438216,0.000158,0.011161,0.011161,379,1206,9
FAC20250922141506,Gaming,French,Text,North America,9544,1,user_243267,0.000105,0.005314,0.005313,224,696,13
FAC20250922141560,Sports,German,Link,South America,102,0,user_490726,0.000059,0.001119,0.001119,89,272,5
FAC20250922141562,Gaming,English,Video,South America,38004,1,user_478253,0.000141,0.009017,0.009017,326,1022,13
FAC20250922141566,Entertainment,English,Video,Unknown,16,0,user_83930,0.000147,0.019757,0.019757,372,1179,6
FAC20250922141568,Gaming,English,Video,Africa,278,0,user_234924,0.000166,0.011256,0.011256,395,1248,13
FAC20250922141593,Politics,English,Text,North America,21110,1,user_400216,0.000156,0.010644,0.010644,376,1236,4
FAC20250922141597,Health,Portuguese,Image,North America,277,0,user_348580,0.000107,0.007317,0.007317,234,734,7
FAC20250922141612,Entertainment,English,Video,Asia,171,0,user_435334,0.000162,0.02095,0.02095,411,1310,6
FAC20250923141630,Science,English,Video,North America,8371,0,user_463339,0.000156,0.008039,0.008039,360,1157,14
FAC20250923141636,Business,English,Link,North America,61,0,user_244420,0.000137,0.010341,0.010341,324,1005,11
FAC20250923141647,Food,English,Link,Asia,99,0,user_396164,0.000138,0.008705,0.008705,320,1003,3
FAC20250923141676,Technology,English,Video,Asia,586,0,user_185243,0.000176,0.020078,0.020078,451,1455,1
FAC20250923141684,Finance,Spanish,Video,North America,22181,1,user_336741,0.000076,0.002388,0.002388,138,425,10
FAC20250923141694,Fashion,English,Text,North America,66,0,user_282784,0.000171,0.012268,0.012268,421,1374,9
FAC20250923141704,Sports,Arabic,Image,Unknown,871,0,user_469360,0.000093,0.003278,0.003278,185,574,5
FAC20250923141706,Finance,English,Text,Asia,31,0,user_77632,0.000155,0.010272,0.010272,371,1221,10
FAC20250923141743,Travel,English,Text,Asia,2554,0,user_441042,0.000181,0.017026,0.017026,460,1509,8
FAC20250923141784,Education,Portuguese,Text,North America,12957,1,user_61215,0.000099,0.006409,0.006409,212,655,2
FAC20250923141797,Finance,English,Video,South America,967,0,user_50530,0.00016,0.010783,0.010783,380,1217,10
FAC20250923141800,AI/ML,English,Video,North America,546537,1,user_277251,0.000139,0.01349,0.013489,339,1078,12
FAC20250923141803,Business,French,Link,Europe,7713,0,user_251067,0.000056,0.001625,0.001625,86,263,11
FAC20250923141821,Food,English,Image,Europe,2870,0,user_274510,0.000176,0.011851,0.011851,426,1387,3
FAC20250923141825,Health,English,Image,Asia,167,0,user_492496,0.000185,0.019023,0.019023,472,1525,7
FAC20250923141938,Technology,Hindi,Video,Europe,221,0,user_393385,0.000082,0.00568,0.00568,166,506,1
FAC20250923141945,AI/ML,English,Image,North America,1768,0,user_22243,0.000181,0.017917,0.017916,460,1515,12
FAC20250924141960,Business,Chinese,Text,Asia,76,0,user_250740,0.000094,0.005421,0.005421,201,613,11
FAC20250924141973,Food,Korean,Video,North America,226079,1,user_85685,0.000057,0.001427,0.001427,89,270,3
FAC20250924141976,Politics,Spanish,Video,Asia,2582,0,user_461795,0.000095,0.003569,0.003569,190,593,4
FAC20250924141977,Business,English,Text,Europe,84,0,user_50897,0.000173,0.013331,0.013331,430,1407,11
FAC20250924142015,Gaming,French,Video,Asia,10,0,user_120172,0.00007,0.001843,0.001843,119,368,13
FAC20250924142039,Business,Arabic,Poll,North America,1588,0,user_343962,0.000047,0.001048,0.001048,60,180,11
FAC20250924142058,Climate,English,Video,Oceania,123,0,user_292385,0.000155,0.008698,0.008698,357,1137,0
FAC20250924142061,Education,Portuguese,Text,North America,446,0,user_309480,0.000109,0.006934,0.006934,236,739,2
FAC20250924142115,Climate,English,Video,Asia,6801,1,user_69169,0.000161,0.009068,0.009068,373,1181,0
FAC20250924142134,Entertainment,English,Text,Asia,14756,1,user_278565,0.000164,0.022315,0.022316,427,1404,6
FAC20250924142140,Gaming,Portuguese,Link,Asia,5211,0,user_331496,0.000062,0.001534,0.001534,99,304,13
FAC20250924142154,Science,Korean,Text,Europe,374,0,user_275859,0.000094,0.003363,0.003363,188,584,14
FAC20250924142166,Business,German,Video,Asia,127387,1,user_62367,0.000062,0.002057,0.002057,103,311,11
FAC20250924142206,Science,English,Image,Europe,146,0,user_10962,0.000172,0.009961,0.009961,408,1315,14
FAC20250924142221,Gaming,English,Poll,North America,342,0,user_122733,0.000132,0.008947,0.008947,306,950,13
FAC20250924142233,AI/ML,English,Image,Unknown,722,0,user_87570,0.00018,0.01765,0.01765,457,1510,12
FAC20250925142298,Food,Spanish,Text,Europe,233,0,user_79162,0.000117,0.005314,0.005314,252,797,3
FAC20250925142317,Politics,Spanish,Video,Asia,45777,1,user_454398,0.000081,0.0028,0.0028,154,475,4
FAC20250925142331,Entertainment,Spanish,Text,Africa,264,0,user_123024,0.000122,0.012366,0.012367,287,899,6
FAC20250925142333,Science,French,Text,Africa,1105,0,user_222375,0.000101,0.003594,0.003594,205,638,14
FAC20250925142351,Entertainment,Spanish,Video,Europe,399,0,user_324028,0.000099,0.007777,0.007777,212,660,6
FAC20250925142388,Climate,German,Poll,Asia,734,0,user_263421,0.000053,0.001206,0.001206,76,233,0
FAC20250925142397,AI/ML,English,Text,North America,83,0,user_19942,0.000171,0.016615,0.016614,431,1396,12
FAC20250925142415,Travel,Korean,Link,Europe,301,0,user_282368,0.000066,0.002726,0.002726,115,351,8
FAC20250925142445,Science,English,Image,Oceania,701,0,user_55809,0.000174,0.009794,0.009794,412,1335,14
FAC20250925142475,Gaming,English,Text,Oceania,1640,0,user_328165,0.000178,0.01352,0.01352,441,1460,13
FAC20250925142487,Politics,Arabic,Image,Oceania,202,0,user_222186,0.000087,0.003531,0.003531,171,536,4
FAC20250925142515,Sports,Hindi,Video,Asia,3252,0,user_44526,0.000081,0.002068,0.002068,145,448,5
FAC20250925142528,Entertainment,English,Image,Asia,131,0,user_107843,0.000188,0.024073,0.024074,490,1574,6
FAC20250925142543,Education,English,Video,Asia,1329,0,user_378436,0.000173,0.015881,0.015881,432,1390,2
FAC20250926142595,Health,English,Video,North America,19002,0,user_332616,0.000142,0.015291,0.015291,352,1140,7
FAC20250926142600,Sports,English,Video,Unknown,259,0,user_6282,0.000169,0.009821,0.009821,396,1267,5
FAC20250926142601,Fashion,English,Video,Oceania,5872,1,user_494214,0.000155,0.01087,0.01087,371,1178,9
FAC20250926142604,Technology,French,Text,Oceania,2992,0,user_355738,0.000104,0.008843,0.008843,233,719,1
FAC20250926142613,Travel,French,Text,Europe,58,0,user_191915,0.000096,0.006361,0.006361,208,643,8
FAC20250926142627,Business,English,Link,North America,4151,0,user_210678,0.000139,0.01063,0.01063,332,1039,11
FAC20250926142628,Science,English,Poll,North America,219,0,user_469831,0.000126,0.006369,0.006369,283,867,14
FAC20250926142629,Business,Spanish,Image,Asia,17600,1,user_313118,0.000096,0.004702,0.004702,201,623,11
FAC20250926142656,AI/ML,Hindi,Text,Europe,11568,0,user_449336,0.000087,0.005963,0.005963,180,551,12
FAC20250926142723,Science,English,Image,Europe,1559,0,user_323893,0.000179,0.010758,0.010758,427,1377,14
FAC20250926142738,Climate,English,Text,South America,217,0,user_283904,0.000184,0.012225,0.012225,447,1455,0
FAC20250926142752,Entertainment,Portuguese,Video,North America,103588,0,user_407591,0.000079,0.005606,0.005606,159,482,6
FAC20250926142787,Food,Korean,Image,Asia,936,0,user_25497,0.0001,0.004328,0.004328,206,631,3
FAC20250926142827,Gaming,English,Text,Asia,125944,1,user_218679,0.000144,0.009649,0.009649,345,1143,13
FAC20250926142844,Fashion,English,Text,Europe,4274,0,user_434440,0.000183,0.014073,0.014073,456,1485,9
FAC20250926142847,Gaming,English,Image,Asia,58,0,user_345009,0.000163,0.010873,0.010873,391,1266,13
FAC20250926142850,Food,English,Text,Europe,201,0,user_250597,0.000181,0.012802,0.012802,446,1449,3
FAC20250926142863,Health,English,Text,North America,24443,1,user_260189,0.000163,0.017231,0.017231,414,1356,7
FAC20250926142879,Fashion,English,Image,North America,68,0,user_192987,0.000159,0.011323,0.011323,387,1269,9
FAC20250926142891,Finance,Japanese,Text,Asia,219,0,user_336922,0.000101,0.005053,0.005053,213,659,10
FAC20250926142893,AI/ML,English,Text,North America,2771,1,user_217402,0.000183,0.018259,0.018259,466,1512,12
FAC20250926142895,Politics,English,Image,North America,64,0,user_102083,0.000163,0.010584,0.010584,390,1263,4
FAC20250927142901,Politics,English,Image,Europe,118,0,user_290869,0.000179,0.012338,0.012338,435,1392,4
FAC20250927142908,Fashion,English,Video,North America,81,0,user_345309,0.000149,0.010234,0.010234,354,1133,9
FAC20250927142926,Technology,English,Text,Oceania,19,0,user_351355,0.000154,0.018178,0.018178,392,1275,1
FAC20250927142938,Science,English,Video,Asia,8240,0,user_269573,0.000157,0.008123,0.008123,363,1167,14
FAC20250927142988,Politics,English,Text,South America,1871,0,user_441008,0.000179,0.013664,0.013664,444,1467,4
FAC20250927142992,Education,English,Image,Europe,19750,1,user_168511,0.00016,0.014875,0.014874,399,1291,2
FAC20250927142993,Entertainment,Spanish,Video,Europe,860,0,user_178937,0.000101,0.007892,0.007892,219,691,6
FAC20250927143007,AI/ML,English,Text,South America,59316,1,user_316560,0.000151,0.014485,0.014485,374,1218,12
FAC20250927143024,Entertainment,English,Text,Europe,69159,1,user_186582,0.000153,0.021227,0.021228,395,1303,6
FAC20250927143032,Technology,English,Video,North America,312,0,user_22084,0.000168,0.019414,0.019414,429,1383,1
FAC20250927143062,Health,English,Image,North America,16,0,user_480989,0.000162,0.016564,0.016564,406,1306,7
FAC20250927143099,Science,English,Image,South America,99,0,user_141044,0.000171,0.00966,0.00966,405,1303,14
FAC20250927143171,AI/ML,English,Link,South America,34214,0,user_419520,0.000138,0.013281,0.013281,330,1024,12
FAC20250927143187,Business,Portuguese,Text,North America,29,0,user_109191,0.000099,0.005437,0.005437,211,654,11
FAC20250928143232,Politics,English,Poll,North America,470,1,user_369335,0.000129,0.008764,0.008764,300,928,4
FAC20250928143339,Climate,Portuguese,Image,Asia,8867,0,user_85356,0.000097,0.003,0.003,188,587,0
FAC20250928143378,Fashion,Portuguese,Image,Asia,35219,1,user_415472,0.000097,0.004424,0.004424,200,617,9
FAC20250928143416,Travel,German,Image,North America,17015215,1,user_368304,0.000078,0.004455,0.004455,156,471,8
FAC20250928143419,Politics,English,Link,North America,6409,1,user_120182,0.000135,0.008745,0.008745,312,968,4
FAC20250928143468,Sports,Japanese,Video,North America,1447805,1,user_185626,0.000073,0.001741,0.001741,126,382,5
FAC20250928143493,Sports,English,Image,North America,17825,0,user_212753,0.000153,0.008466,0.008466,358,1159,5
FAC20250928143529,Science,Spanish,Video,Asia,320973,1,user_108364,0.000085,0.002,0.002,156,486,14
FAC20250928143531,Technology,English,Link,Asia,377,0,user_259668,0.000144,0.017293,0.017293,361,1134,1
FAC20250928143538,Science,Spanish,Video,Asia,789,0,user_401384,0.000103,0.002718,0.002718,200,629,14
FAC20250928143553,Finance,English,Text,North America,489,0,user_143509,0.000182,0.014701,0.014701,454,1493,10
FAC20250928143567,Fashion,English,Text,North America,37,0,user_221952,0.000164,0.011473,0.011473,399,1301,9
FAC20250929143589,Sports,Spanish,Video,North America,102,0,user_136716,0.000097,0.002383,0.002383,182,564,5
FAC20250929143608,Politics,French,Image,Asia,120,0,user_387005,0.000093,0.003536,0.003536,183,565,4
FAC20250929143640,Technology,English,Video,Asia,21,0,user_457615,0.00015,0.017533,0.017533,378,1211,1
FAC20250929143645,Technology,Japanese,Image,North America,73,0,user_342143,0.000093,0.007745,0.007745,203,633,1
FAC20250929143648,Business,English,Text,North America,10268,1,user_488366,0.000167,0.012737,0.012737,412,1353,11
FAC20250929143652,Fashion,English,Video,South America,891,1,user_425388,0.00016,0.011412,0.011412,384,1222,9
FAC20250929143696,Gaming,Spanish,Image,Asia,7940,0,user_264258,0.000104,0.004423,0.004423,217,683,13
FAC20250929143734,Entertainment,French,Text,North America,56792,1,user_225411,0.000094,0.010406,0.010406,213,650,6
FAC20250929143766,Health,English,Image,North America,254,0,user_261574,0.000189,0.019548,0.019548,484,1564,7
FAC20250929143787,Science,English,Text,Asia,57,0,user_73246,0.000169,0.009052,0.009052,398,1286,14
FAC20250929143809,Finance,English,Video,North America,9,0,user_98148,0.000134,0.008623,0.008623,312,990,10
FAC20250929143820,AI/ML,Spanish,Video,Unknown,1569,0,user_147977,0.000095,0.0051,0.0051,192,597,12
FAC20250929143846,Travel,English,Text,Europe,365,0,user_448972,0.000193,0.018919,0.018919,496,1624,8
FAC20250929143860,Education,Spanish,Link,Asia,257,0,user_255275,0.000076,0.003282,0.003282,141,435,2
FAC20250929143894,Entertainment,Korean,Text,North America,14,0,user_297962,0.000092,0.010386,0.010386,210,633,6
FAC20250929143898,Fashion,English,Image,North America,879,0,user_208420,0.000179,0.014247,0.014247,446,1455,9
FAC20250930143922,Sports,Chinese,Image,Asia,191,0,user_154027,0.000092,0.003391,0.003391,184,567,5
FAC20250930143936,Education,English,Text,Unknown,7338,0,user_348556,0.000175,0.016356,0.016356,441,1428,2
FAC20250930143944,Sports,Japanese,Image,Asia,739,0,user_374423,0.000097,0.003442,0.003442,195,605,5
FAC20250930143963,Business,Portuguese,Image,South America,556,0,user_498629,0.000103,0.005192,0.005192,219,686,11
FAC20250930143965,Business,Arabic,Video,North America,42426,1,user_151728,0.000061,0.002089,0.002089,101,306,11
FAC20250930143979,Science,Spanish,Video,Oceania,2414,0,user_476287,0.000099,0.002609,0.002609,191,608,14
FAC20250930143987,Education,French,Text,South America,7,0,user_404670,0.00009,0.005931,0.005931,189,582,2
FAC20250930143992,Gaming,Korean,Video,Asia,6028,0,user_172581,0.000071,0.001969,0.001969,120,368,13
FAC20250930144028,Science,English,Link,South America,403,0,user_339798,0.000139,0.006992,0.006992,315,990,14
FAC20250930144039,Health,English,Link,North America,8497,0,user_14490,0.000137,0.015054,0.015054,339,1069,7
FAC20250930144044,Science,English,Video,South America,1783,0,user_51288,0.000164,0.00864,0.00864,382,1230,14
FAC20250930144075,Health,English,Video,North America,324,0,user_164981,0.000164,0.017239,0.017239,413,1333,7
FAC20250930144112,Education,English,Video,North America,1,0,user_331740,0.000143,0.01318,0.013179,349,1113,2
FAC20250930144115,Politics,Spanish,Link,North America,448,0,user_138081,0.000069,0.001732,0.001732,116,357,4
FAC20250930144120,Sports,Japanese,Text,Europe,664390,1,user_323966,0.000089,0.003538,0.003538,179,544,5
FAC20250930144140,Gaming,Portuguese,Text,Europe,1570,0,user_137796,0.000108,0.005542,0.005542,232,725,13
FAC20250930144208,Politics,English,Text,Europe,1013,0,user_333977,0.000184,0.013942,0.013942,457,1501,4
FAC20251001144251,Gaming,Hindi,Text,Africa,5,0,user_230223,0.000091,0.004813,0.004812,190,572,13
FAC20251001144268,Climate,English,Text,Europe,94,0,user_237994,0.00017,0.010319,0.010319,406,1332,0
FAC20251001144309,Finance,English,Image,Africa,135,1,user_379609,0.000179,0.012588,0.012588,437,1409,10
FAC20251001144347,Entertainment,English,Image,North America,25,0,user_379267,0.000164,0.021671,0.021671,424,1362,6
FAC20251001144373,Entertainment,Chinese,Image,Europe,1649,0,user_276827,0.000099,0.009076,0.009076,220,678,6
FAC20251001144378,Technology,English,Image,Europe,1805,0,user_410506,0.000191,0.022094,0.022094,496,1603,1
FAC20251001144403,Travel,French,Image,Europe,10543,0,user_391665,0.000088,0.005045,0.005045,181,554,8
FAC20251001144422,Science,German,Text,North America,553,0,user_267815,0.000099,0.003488,0.003488,200,620,14
FAC20251001144444,AI/ML,English,Video,Asia,1861,1,user_112538,0.000167,0.015852,0.015852,416,1334,12
FAC20251001144465,AI/ML,Japanese,Image,North America,33289,1,user_406049,0.000093,0.006441,0.006441,199,609,12
FAC20251001144479,Climate,English,Text,Europe,88,0,user_352347,0.000172,0.010664,0.010664,414,1355,0
FAC20251001144526,Politics,English,Link,Asia,181,0,user_323282,0.000143,0.009541,0.009541,334,1036,4
FAC20251001144533,Gaming,German,Image,North America,2959,0,user_174114,0.00009,0.003986,0.003986,181,554,13
FAC20251001144543,Finance,English,Image,Unknown,1871,0,user_346079,0.000181,0.012952,0.012952,443,1425,10
FAC20251002144550,Sports,Spanish,Text,North America,354,0,user_357701,0.000116,0.004523,0.004523,244,772,5
FAC20251002144559,Business,English,Text,Oceania,135766,1,user_451031,0.000151,0.011051,0.011051,368,1205,11
FAC20251002144565,Fashion,Arabic,Text,Unknown,5225,1,user_418523,0.000103,0.005232,0.005232,220,680,9
FAC20251002144566,Politics,English,Image,Asia,16157,0,user_164767,0.000161,0.010438,0.010438,386,1237,4
FAC20251002144578,AI/ML,English,Text,Europe,538,0,user_86478,0.00019,0.019458,0.019458,487,1575,12
FAC20251002144580,Entertainment,Chinese,Image,North America,13939,0,user_68377,0.000092,0.008307,0.008308,200,607,6
FAC20251002144589,Climate,English,Text,Asia,17928,0,user_312395,0.000163,0.009602,0.009602,387,1267,0
FAC20251002144608,Technology,English,Video,South America,1704,1,user_156396,0.00017,0.019304,0.019304,434,1397,1
FAC20251002144619,Health,English,Text,Oceania,1869,0,user_224861,0.000189,0.020887,0.020887,492,1601,7
FAC20251002144644,Climate,English,Link,South America,54464,0,user_268631,0.000125,0.007117,0.007117,281,878,0
FAC20251002144649,Business,English,Text,North America,26649,1,user_245812,0.00016,0.011888,0.011888,393,1291,11
FAC20251002144678,Entertainment,French,Image,North America,371,1,user_470140,0.0001,0.009411,0.009412,224,698,6
FAC20251002144716,Food,Spanish,Image,Oceania,1614,0,user_108341,0.000117,0.004898,0.004898,249,789,3
FAC20251002144772,Business,Spanish,Video,Asia,3952,0,user_83471,0.000078,0.002906,0.002906,146,452,11
FAC20251002144791,Food,Hindi,Video,Asia,1537,1,user_282277,0.000073,0.002294,0.002294,130,398,3
FAC20251002144794,Technology,English,Image,North America,36,0,user_29503,0.000163,0.019019,0.019019,417,1348,1
FAC20251002144845,Sports,Spanish,Video,North America,644568,1,user_421490,0.000086,0.002044,0.002044,157,483,5
FAC20251002144855,Sports,Spanish,Image,North America,34241,0,user_38935,0.000101,0.003227,0.003227,201,621,5
FAC20251003144861,Science,Portuguese,Link,Asia,319,0,user_171601,0.000069,0.001367,0.001367,113,349,14
FAC20251003144862,AI/ML,German,Video,Africa,279,0,user_424969,0.000076,0.004213,0.004213,146,454,12
FAC20251003144899,Business,Hindi,Image,South America,32,0,user_265841,0.000085,0.004295,0.004295,172,523,11
FAC20251003144918,Sports,English,Video,North America,55,0,user_344993,0.000152,0.008231,0.00823,350,1114,5
FAC20251003144926,Technology,Arabic,Image,South America,298,0,user_194974,0.000095,0.008217,0.008217,211,645,1
FAC20251003144930,Politics,Portuguese,Poll,Oceania,2438,0,user_365707,0.000065,0.001693,0.001693,105,316,4
FAC20251003144949,Entertainment,English,Video,North America,435,0,user_338853,0.000167,0.021691,0.021691,427,1371,6
FAC20251003144953,Finance,English,Text,North America,1342,0,user_162292,0.000182,0.013859,0.013859,451,1474,10
FAC20251003144965,Education,English,Video,Unknown,0,0,user_308640,0.000143,0.01318,0.013179,349,1112,2
FAC20251003144974,Education,English,Link,Europe,11497,1,user_2358,0.000137,0.013063,0.013063,332,1033,2
FAC20251003144998,Sports,English,Video,Asia,250,0,user_205,0.000167,0.009592,0.009592,392,1257,5
FAC20251003145012,Food,English,Text,Europe,49503,1,user_385066,0.000147,0.008975,0.008975,347,1141,3
FAC20251003145034,Finance,English,Video,Asia,2530,1,user_314617,0.000158,0.010782,0.010782,377,1201,10
FAC20251003145042,Travel,English,Link,Unknown,2381,1,user_464086,0.000145,0.012771,0.012771,351,1108,8
FAC20251003145045,Gaming,French,Text,Asia,172,0,user_165827,0.000107,0.005418,0.005418,229,712,13
FAC20251003145048,Technology,Spanish,Text,North America,27781,1,user_313074,0.000103,0.008196,0.008196,229,713,1
FAC20251003145059,AI/ML,English,Text,Europe,16544,0,user_481390,0.000164,0.015779,0.015779,410,1331,12
FAC20251003145074,Education,English,Text,North America,6752236,1,user_413636,0.00015,0.013924,0.013924,371,1202,2
FAC20251003145097,Technology,English,Image,Europe,235,0,user_273162,0.000185,0.021422,0.021422,480,1558,1
FAC20251003145120,Education,Portuguese,Video,Africa,2012,1,user_323754,0.000096,0.004838,0.004838,194,603,2
FAC20251003145136,Finance,English,Image,Africa,24,0,user_154989,0.000155,0.010039,0.010039,369,1190,10
FAC20251003145148,Climate,Hindi,Link,North America,14240,0,user_89062,0.000053,0.001082,0.001082,77,232,0
FAC20251003145158,Gaming,English,Image,South America,1178,0,user_2080,0.000176,0.013266,0.013266,433,1407,13
FAC20251003145169,Travel,Spanish,Image,North America,3590,1,user_109878,0.000103,0.005707,0.005707,220,683,8
FAC20251003145187,Gaming,English,Text,South America,2240,0,user_250808,0.00018,0.014096,0.014096,447,1468,13
FAC20251004145252,AI/ML,English,Video,Europe,3292,0,user_202232,0.000166,0.015816,0.015816,413,1319,12
FAC20251004145268,Health,English,Image,Europe,24495,1,user_488151,0.000166,0.016839,0.016839,418,1344,7
FAC20251004145281,Gaming,English,Text,South America,1830,0,user_110232,0.00018,0.013825,0.013825,447,1475,13
FAC20251004145301,Entertainment,German,Poll,Europe,17130,1,user_31259,0.000042,0.001748,0.001748,56,170,6
FAC20251004145364,Politics,English,Text,North America,646,0,user_378919,0.000185,0.01433,0.01433,460,1502,4
FAC20251004145366,Education,Spanish,Video,Europe,6945,0,user_89941,0.000097,0.004747,0.004747,198,611,2
FAC20251004145385,Finance,French,Text,Asia,2069,1,user_189168,0.000099,0.005094,0.005094,209,640,10
FAC20251004145399,Health,English,Text,North America,332,0,user_117476,0.000193,0.021494,0.021494,503,1644,7
FAC20251004145409,Health,Portuguese,Video,North America,299,0,user_224652,0.000089,0.00537,0.00537,180,561,7
FAC20251004145415,Finance,Hindi,Video,North America,309,0,user_482282,0.000071,0.002436,0.002436,126,390,10
FAC20251004145418,Entertainment,English,Video,Europe,34595,1,user_326615,0.000146,0.019607,0.019607,369,1170,6
FAC20251004145431,Business,French,Video,Asia,2148,1,user_60470,0.000078,0.003014,0.003014,145,443,11
FAC20251004145435,Sports,Spanish,Image,Europe,170,0,user_65153,0.000113,0.003823,0.003823,232,725,5
FAC20251004145442,Travel,English,Image,Europe,559,0,user_147254,0.000169,0.014976,0.014976,422,1384,8
FAC20251004145459,Education,English,Text,Asia,32000,0,user_402379,0.00016,0.014677,0.014677,398,1288,2
FAC20251004145460,Finance,English,Text,North America,77291,1,user_188745,0.000145,0.009475,0.009475,344,1136,10
FAC20251004145471,Business,French,Text,Europe,8662,0,user_429702,0.000101,0.005642,0.005642,218,673,11
FAC20251004145472,Science,Japanese,Text,North America,3143,0,user_497946,0.000097,0.003496,0.003496,196,609,14
FAC20251005145494,Education,Portuguese,Text,Europe,226,0,user_99826,0.000109,0.006933,0.006933,237,741,2
FAC20251005145511,Fashion,English,Image,Asia,906,0,user_119076,0.000179,0.014216,0.014216,445,1451,9
FAC20251005145538,Gaming,Portuguese,Text,Europe,1383,0,user_229076,0.000109,0.005674,0.005674,234,728,13
FAC20251005145553,Sports,Spanish,Text,Asia,112,0,user_126716,0.000113,0.004214,0.004214,235,735,5
FAC20251005145568,Health,English,Image,North America,339,0,user_329612,0.00019,0.019647,0.019647,486,1572,7
FAC20251005145632,Science,French,Image,Europe,25483,1,user_132366,0.000086,0.002448,0.002448,162,497,14
FAC20251005145650,Entertainment,English,Text,North America,7448,1,user_343040,0.000174,0.023209,0.02321,453,1490,6
FAC20251005145664,Fashion,English,Text,North America,4546,0,user_52167,0.000181,0.013648,0.013648,448,1460,9
FAC20251005145667,Food,English,Text,Asia,1323,0,user_37554,0.000185,0.013564,0.013564,458,1495,3
FAC20251005145676,Travel,English,Text,North America,2197,1,user_178088,0.000181,0.017151,0.017151,462,1521,8
FAC20251005145681,Finance,English,Image,Europe,9052,1,user_144283,0.000164,0.010645,0.010645,393,1267,10
FAC20251005145702,Politics,Japanese,Image,Oceania,5639,1,user_146517,0.000092,0.003594,0.003594,182,559,4
FAC20251005145716,Food,English,Text,North America,108,0,user_470130,0.000165,0.011034,0.011034,400,1318,3
FAC20251005145718,Climate,English,Text,North America,461,0,user_273570,0.000192,0.014094,0.014094,473,1547,0
FAC20251005145752,Fashion,English,Link,North America,21543,0,user_28339,0.000133,0.009202,0.009201,309,951,9
FAC20251005145763,Health,Arabic,Text,North America,273,0,user_334549,0.000102,0.008495,0.008495,229,709,7
FAC20251005145765,Education,French,Text,North America,1374,0,user_169903,0.000102,0.006715,0.006715,222,699,2
FAC20251006145879,Education,English,Image,Europe,78707,1,user_172091,0.00015,0.013982,0.013982,371,1204,2
FAC20251006145909,Entertainment,German,Text,Europe,209,0,user_303600,0.000104,0.011198,0.011198,239,735,6
FAC20251006145943,Finance,English,Video,Africa,20866,1,user_175380,0.000137,0.008901,0.008901,319,1022,10
FAC20251006145945,Health,English,Image,North America,4970,0,user_327226,0.000181,0.018684,0.018683,462,1489,7
FAC20251006145956,Sports,Portuguese,Image,South America,8710,0,user_81152,0.000098,0.003311,0.003311,196,604,5
FAC20251006145960,Food,English,Text,Europe,46398,1,user_55060,0.000147,0.008967,0.008967,348,1144,3
FAC20251006145969,Health,English,Video,Europe,796,0,user_175480,0.000164,0.017437,0.017437,413,1324,7
FAC20251006145999,Business,English,Text,North America,1660,1,user_171580,0.000184,0.015154,0.015154,464,1514,11
FAC20251006146020,Education,Chinese,Image,Africa,8084,1,user_478150,0.000085,0.005587,0.005587,177,541,2
FAC20251006146031,Gaming,Japanese,Text,Asia,15,0,user_140748,0.000096,0.004877,0.004877,200,610,13
FAC20251006146051,Health,English,Video,Europe,9656,1,user_219592,0.000156,0.016344,0.016344,391,1256,7
FAC20251006146063,Education,English,Poll,South America,762,0,user_355229,0.000139,0.013255,0.013255,339,1067,2
FAC20251006146072,Technology,English,Image,North America,25,0,user_386899,0.000163,0.019004,0.019004,416,1347,1
FAC20251006146073,Business,English,Image,Europe,680,0,user_150310,0.000171,0.013412,0.013412,423,1388,11
FAC20251006146100,Food,English,Poll,South America,19,0,user_251893,0.000121,0.007917,0.007917,278,850,3
FAC20251006146129,Politics,Portuguese,Image,North America,121,0,user_120814,0.000105,0.003873,0.003873,211,655,4
FAC20251007146171,Education,English,Link,Asia,804,0,user_416238,0.00015,0.0141,0.0141,368,1159,2
FAC20251007146179,AI/ML,Portuguese,Text,Europe,7736,0,user_298407,0.000098,0.006609,0.006609,210,648,12
FAC20251007146194,Finance,English,Link,Unknown,251,0,user_417708,0.000141,0.009599,0.009599,333,1051,10
FAC20251007146199,Health,Spanish,Image,Africa,201,0,user_106866,0.000114,0.007609,0.007609,253,795,7
FAC20251007146218,Entertainment,English,Video,North America,1536,1,user_310254,0.000172,0.02209,0.02209,442,1414,6
FAC20251007146234,Finance,English,Video,North America,6039,0,user_340557,0.000152,0.010256,0.010256,361,1150,10
FAC20251007146287,Business,English,Text,Asia,2683,0,user_384161,0.000182,0.014811,0.014811,457,1501,11
FAC20251007146319,Business,English,Image,North America,306,0,user_478190,0.000176,0.014178,0.014178,439,1430,11
FAC20251007146342,Fashion,English,Video,Europe,57,0,user_459818,0.000148,0.010267,0.010267,351,1115,9
FAC20251007146345,Education,English,Text,Asia,25,0,user_78423,0.000163,0.015067,0.015067,409,1327,2
FAC20251007146360,Health,German,Link,Europe,200,0,user_170446,0.000058,0.003081,0.003081,98,302,7
FAC20251007146364,Entertainment,Spanish,Image,North America,15632,0,user_136915,0.000109,0.009276,0.009277,243,757,6
FAC20251007146376,Gaming,English,Text,North America,212711,1,user_301867,0.000143,0.009503,0.009503,340,1126,13
FAC20251007146397,Climate,English,Video,Europe,1540,1,user_337421,0.000168,0.009773,0.009773,392,1246,0
FAC20251007146413,Climate,English,Text,Europe,75837,1,user_226931,0.000151,0.008422,0.008422,354,1159,0
FAC20251007146446,AI/ML,German,Video,Asia,869,0,user_395140,0.000081,0.004624,0.004624,158,488,12
FAC20251007146459,Travel,English,Video,Asia,155276,1,user_423904,0.000141,0.011955,0.011955,339,1070,8
FAC20251007146462,Technology,French,Video,North America,549,0,user_128386,0.00009,0.006572,0.006572,189,592,1
FAC20251007146466,AI/ML,English,Text,Asia,419,0,user_18382,0.000194,0.020283,0.020283,499,1610,12
FAC20251007146486,Gaming,Portuguese,Link,North America,1136,0,user_30870,0.000065,0.001817,0.001817,106,329,13
FAC20251008146487,Food,Japanese,Link,Europe,1038,0,user_230200,0.000064,0.001784,0.001784,104,319,3
FAC20251008146502,Entertainment,English,Link,Africa,107,0,user_36142,0.000139,0.019404,0.019405,350,1096,6
FAC20251008146557,Education,English,Image,Asia,26,0,user_46589,0.000157,0.014789,0.014789,393,1284,2
FAC20251008146564,AI/ML,English,Video,North America,144,0,user_99791,0.000158,0.014891,0.014891,388,1246,12
FAC20251008146600,Gaming,English,Poll,Europe,148,0,user_303728,0.000129,0.008848,0.008848,299,921,13
FAC20251008146604,Food,Portuguese,Text,North America,15150,0,user_454591,0.0001,0.004454,0.004454,208,641,3
FAC20251008146605,Business,English,Video,North America,9708,1,user_407263,0.000149,0.011273,0.011273,359,1143,11
FAC20251008146621,Education,English,Link,North America,2174,0,user_158012,0.000154,0.014172,0.014171,376,1170,2
FAC20251008146638,Finance,Spanish,Link,Europe,359,0,user_468146,0.000069,0.002119,0.002119,119,364,10
FAC20251008146641,Education,English,Text,Asia,228,0,user_340224,0.000185,0.017898,0.017898,473,1539,2
FAC20251008146649,Sports,English,Video,Europe,24,0,user_499105,0.000145,0.007526,0.007526,331,1052,5
FAC20251008146666,Travel,English,Image,Europe,24,0,user_36009,0.000154,0.01338,0.01338,378,1229,8
FAC20251008146726,Fashion,English,Image,North America,1262,0,user_398946,0.000174,0.013551,0.013551,432,1408,9
FAC20251008146756,Fashion,Spanish,Video,Asia,7253,1,user_347256,0.00009,0.002792,0.002792,171,532,9
FAC20251009146779,Science,English,Text,North America,307,0,user_385883,0.000188,0.012344,0.012344,456,1468,14
FAC20251009146823,AI/ML,English,Image,Africa,56,0,user_432738,0.000165,0.015884,0.015884,414,1362,12
FAC20251009146844,Business,English,Image,North America,360,0,user_491411,0.000174,0.013864,0.013864,434,1415,11
FAC20251009146861,Food,English,Video,Africa,311,0,user_494500,0.000159,0.010577,0.010577,378,1202,3
FAC20251009146891,Food,English,Video,North America,6136,0,user_258691,0.000151,0.009861,0.009861,357,1122,3
FAC20251009146980,Food,English,Text,Europe,95,0,user_269638,0.000167,0.011019,0.011019,404,1326,3
FAC20251009146981,Health,English,Video,North America,1366,0,user_27455,0.000164,0.017198,0.017197,412,1323,7
FAC20251009147001,Gaming,English,Text,North America,1385,0,user_257682,0.000179,0.013984,0.013984,445,1473,13
FAC20251009147004,Travel,Portuguese,Image,North America,8269,0,user_234414,0.000093,0.005285,0.005285,195,607,8
FAC20251009147045,Sports,English,Image,Asia,4834,0,user_411367,0.00017,0.010026,0.010026,403,1310,5
FAC20251009147078,Health,English,Text,Asia,622,0,user_144402,0.000193,0.021436,0.021435,503,1637,7
FAC20251009147103,Health,Portuguese,Image,North America,731,0,user_137990,0.000107,0.007113,0.007113,233,729,7
FAC20251009147110,AI/ML,Spanish,Text,Unknown,88,0,user_316638,0.000107,0.006714,0.006714,230,711,12
FAC20251010147130,Gaming,English,Image,Asia,1591,0,user_163820,0.000183,0.013392,0.013392,449,1459,13
FAC20251010147135,Science,Spanish,Image,Asia,1659,0,user_289847,0.000114,0.003479,0.003479,231,725,14
FAC20251010147151,Science,Chinese,Image,Asia,1463,1,user_28228,0.000087,0.002715,0.002715,168,520,14
FAC20251010147186,Business,Spanish,Image,Europe,193,0,user_273341,0.000109,0.005291,0.005291,233,729,11
FAC20251010147234,Science,English,Text,Unknown,9537,0,user_438020,0.000168,0.009011,0.009011,394,1281,14
FAC20251010147246,Health,English,Text,North America,15,0,user_205411,0.000154,0.016539,0.016539,390,1278,7
FAC20251010147275,Technology,English,Text,Asia,24659,1,user_495865,0.00016,0.018838,0.018839,409,1326,1
FAC20251010147276,Fashion,Arabic,Link,North America,19,0,user_34969,0.00005,0.00093,0.00093,68,205,9
FAC20251010147289,Entertainment,Spanish,Text,North America,6409,0,user_407284,0.000117,0.011876,0.011877,272,854,6
FAC20251010147299,Fashion,Spanish,Video,Asia,443616,1,user_267400,0.00008,0.002429,0.002429,148,453,9
FAC20251010147302,Health,Spanish,Text,Asia,1016,0,user_358411,0.000117,0.00934,0.00934,268,845,7
FAC20251010147306,Climate,English,Image,Europe,780,0,user_69220,0.000177,0.011761,0.011761,426,1369,0
FAC20251010147338,Travel,English,Video,North America,12127,0,user_2405,0.000154,0.012916,0.012916,372,1178,8
FAC20251010147339,Climate,Chinese,Link,North America,151661,1,user_95374,0.000046,0.000856,0.000856,60,181,0
FAC20251010147428,Technology,Korean,Text,North America,3365,0,user_139738,0.000095,0.008567,0.008567,212,652,1
FAC20251010147429,Food,Arabic,Text,North America,49,0,user_8609,0.000093,0.00443,0.00443,192,584,3
FAC20251011147460,Technology,English,Video,Africa,5379,0,user_115984,0.000161,0.018683,0.018683,409,1317,1
FAC20251011147469,Sports,English,Image,Africa,754,0,user_456328,0.000177,0.011078,0.011078,425,1380,5
FAC20251011147484,Technology,Hindi,Image,Asia,11890,0,user_222389,0.000089,0.007335,0.007335,193,589,1
FAC20251011147491,Science,English,Text,Europe,12,0,user_82178,0.000149,0.007141,0.007141,342,1108,14
FAC20251011147494,Climate,English,Image,North America,18,0,user_106457,0.000147,0.008064,0.008064,337,1081,0
FAC20251011147538,Climate,English,Link,Oceania,32,0,user_398729,0.000128,0.007402,0.007402,291,910,0
FAC20251011147593,Sports,Hindi,Video,Asia,591,0,user_81967,0.000084,0.002283,0.002283,153,474,5
FAC20251011147596,Entertainment,English,Image,Europe,268375,1,user_18528,0.000153,0.020586,0.020586,391,1256,6
FAC20251011147640,Finance,English,Link,Unknown,126,0,user_239756,0.000134,0.009058,0.009058,314,992,10
FAC20251011147658,Fashion,French,Video,North America,4254,0,user_217419,0.000075,0.002606,0.002606,137,418,9
FAC20251011147666,Technology,Spanish,Text,North America,1603,0,user_267739,0.000117,0.009106,0.009106,264,837,1
FAC20251011147715,AI/ML,English,Image,North America,93,0,user_27564,0.000175,0.017004,0.017004,442,1443,12
FAC20251011147754,Gaming,French,Image,Asia,21040,1,user_308687,0.000094,0.003966,0.003966,191,594,13
FAC20251012147813,Science,English,Text,Asia,57,0,user_389133,0.000169,0.009052,0.009052,398,1286,14
FAC20251012147816,Finance,Spanish,Text,Europe,8427,1,user_198416,0.000102,0.004985,0.004985,216,669,10
FAC20251012147824,Education,Spanish,Text,North America,602,0,user_221385,0.000122,0.007682,0.007682,272,847,2
FAC20251012147833,Technology,English,Image,Asia,2352,0,user_219096,0.00018,0.020841,0.020841,464,1520,1
FAC20251012147836,Politics,Portuguese,Link,South America,57,0,user_163630,0.000064,0.001493,0.001493,102,321,4
FAC20251012147843,Entertainment,English,Video,South America,6303,0,user_474351,0.000163,0.021231,0.021232,417,1326,6
FAC20251012147850,Politics,German,Image,North America,5446,0,user_80839,0.00009,0.003586,0.003586,178,548,4
FAC20251012147856,Politics,Spanish,Text,Europe,11,0,user_388127,0.000096,0.004636,0.004636,200,620,4
FAC20251012147879,AI/ML,Portuguese,Image,North America,16617,1,user_12183,0.000098,0.006647,0.006647,211,649,12
FAC20251012147908,Entertainment,German,Video,Asia,133,0,user_450143,0.000078,0.00575,0.00575,155,479,6
FAC20251012147968,Business,English,Image,Europe,120,0,user_16150,0.000174,0.013657,0.013657,432,1415,11
FAC20251012147972,Technology,Arabic,Video,Africa,3919,0,user_113114,0.000083,0.006215,0.006215,173,533,1
FAC20251012148023,Finance,English,Video,Europe,9243,1,user_145054,0.000153,0.010155,0.010155,362,1152,10
FAC20251012148032,Climate,English,Image,North America,1060,0,user_84133,0.000181,0.012367,0.012367,436,1402,0
FAC20251012148059,Food,English,Link,South America,306,0,user_329529,0.000143,0.008928,0.008928,331,1042,3
FAC20251012148068,Education,English,Text,North America,930,0,user_457887,0.000194,0.018824,0.018823,496,1608,2
FAC20251012148073,Sports,English,Poll,North America,2186,1,user_372535,0.000125,0.007158,0.007158,284,877,5
FAC20251013148079,Politics,English,Text,Asia,1589,1,user_13485,0.000177,0.013317,0.013317,438,1444,4
FAC20251013148083,AI/ML,English,Image,Europe,51,0,user_60467,0.000161,0.015616,0.015616,404,1332,12
FAC20251013148103,Finance,Portuguese,Text,Asia,8347,1,user_228717,0.0001,0.004984,0.004984,210,650,10
FAC20251013148131,Entertainment,English,Image,Asia,2240,0,user_478906,0.000183,0.023787,0.023788,477,1551,6
FAC20251013148135,Fashion,English,Text,Europe,27720,0,user_159966,0.000156,0.010807,0.010807,378,1239,9
FAC20251013148137,Gaming,English,Link,North America,1338,0,user_346873,0.000137,0.009376,0.009376,322,1020,13
FAC20251013148140,Fashion,English,Image,Asia,878,0,user_374680,0.000179,0.014182,0.014182,445,1452,9
FAC20251013148157,Gaming,English,Text,North America,813,0,user_173687,0.000181,0.014185,0.014185,452,1492,13
FAC20251013148166,Travel,Korean,Link,North America,30,0,user_296917,0.000057,0.001943,0.001943,90,274,8
FAC20251013148178,Gaming,English,Text,North America,240,0,user_254899,0.00018,0.013756,0.013756,446,1474,13
FAC20251013148187,Politics,Hindi,Poll,Unknown,35707,0,user_22757,0.000035,0.000396,0.000396,34,103,4
FAC20251013148199,Travel,Korean,Video,Africa,687,0,user_100792,0.000083,0.003613,0.003613,158,488,8
FAC20251013148218,Sports,English,Text,North America,232,0,user_95671,0.000179,0.011715,0.011715,435,1430,5
FAC20251013148247,Politics,Korean,Video,North America,602,0,user_295069,0.000082,0.002992,0.002992,156,476,4
FAC20251013148258,Entertainment,English,Video,North America,5182,1,user_238976,0.000163,0.021152,0.021153,414,1321,6
FAC20251013148285,Business,English,Text,Asia,7532,0,user_187552,0.000172,0.013129,0.013129,426,1392,11
FAC20251013148290,Gaming,English,Link,North America,114699,1,user_159976,0.000126,0.008583,0.008583,292,903,13
FAC20251013148359,Technology,English,Video,North America,3649,0,user_277868,0.000164,0.018918,0.018918,417,1354,1
FAC20251013148369,Entertainment,Spanish,Image,Asia,1417,0,user_68094,0.000119,0.010217,0.010218,271,859,6
FAC20251014148416,AI/ML,Japanese,Video,North America,86,0,user_355391,0.000078,0.003926,0.003926,147,445,12
FAC20251014148450,Politics,English,Text,Unknown,332,0,user_197403,0.000185,0.014817,0.014817,461,1507,4
FAC20251014148533,Climate,Spanish,Text,Europe,3975,0,user_26670,0.000114,0.004639,0.004639,239,754,0
FAC20251014148536,Fashion,Spanish,Text,North America,512,0,user_447555,0.000123,0.006022,0.006022,270,856,9
FAC20251014148550,Education,English,Video,Europe,5343,1,user_111486,0.000165,0.015082,0.015082,409,1304,2
FAC20251014148553,Sports,Spanish,Image,North America,11317,1,user_279566,0.000103,0.003337,0.003337,207,640,5
FAC20251014148561,Politics,English,Image,North America,6,0,user_44091,0.000149,0.0093,0.0093,350,1124,4
FAC20251014148593,AI/ML,French,Link,Europe,143,0,user_410052,0.000064,0.002383,0.002383,104,322,12
FAC20251014148595,Science,English,Image,South America,7967,0,user_427737,0.000162,0.008344,0.008343,376,1217,14
FAC20251014148605,Education,English,Image,South America,3283,1,user_368883,0.000171,0.01627,0.01627,430,1412,2
FAC20251014148607,Travel,English,Image,Asia,1318,0,user_101891,0.000178,0.016354,0.016354,448,1461,8
FAC20251014148619,Climate,Spanish,Video,North America,151,0,user_179852,0.000091,0.002451,0.002451,169,529,0
FAC20251014148683,Entertainment,English,Image,North America,7909,1,user_21191,0.000177,0.022656,0.022657,458,1471,6
FAC20251014148685,Fashion,English,Image,Unknown,12,0,user_127268,0.000144,0.009946,0.009946,346,1133,9
FAC20251015148724,Education,English,Image,North America,16,0,user_478325,0.000154,0.0143,0.0143,382,1245,2
FAC20251015148739,Sports,Spanish,Link,Europe,30,0,user_368114,0.000069,0.001359,0.001359,114,353,5
FAC20251015148742,Food,Spanish,Link,Oceania,2360,0,user_198577,0.000079,0.001973,0.001973,138,429,3
FAC20251015148766,Travel,English,Image,North America,50,0,user_435122,0.000161,0.014036,0.014036,399,1293,8
FAC20251015148768,Politics,Spanish,Video,Asia,7637,0,user_436458,0.000088,0.003049,0.003049,170,529,4
FAC20251015148797,Travel,Portuguese,Image,North America,12087,0,user_301745,0.000095,0.005167,0.005167,197,610,8
FAC20251015148823,Climate,English,Video,North America,26240,1,user_410772,0.000145,0.007711,0.00771,329,1042,0
FAC20251015148855,Finance,Portuguese,Text,Oceania,2888,1,user_333587,0.000101,0.004981,0.004981,212,654,10
FAC20251015148866,Business,English,Image,North America,12631,1,user_417658,0.000158,0.011756,0.011756,385,1263,11
FAC20251015148901,Business,English,Text,North America,7834,0,user_400880,0.000171,0.013103,0.013103,424,1387,11
FAC20251015148905,Business,English,Video,Asia,119,0,user_100328,0.000149,0.010986,0.010986,356,1138,11
FAC20251015148909,Finance,Japanese,Video,Unknown,197,0,user_203928,0.000079,0.002715,0.002715,146,451,10
FAC20251015148947,Sports,Japanese,Video,North America,4347,1,user_475482,0.000083,0.00232,0.00232,153,471,5
FAC20251015148949,Science,Spanish,Text,North America,110,0,user_399537,0.000114,0.003745,0.003745,233,722,14
FAC20251015148985,Fashion,English,Text,Europe,1364,0,user_239753,0.000187,0.014653,0.014652,468,1522,9
FAC20251015149012,Fashion,Korean,Image,Unknown,358,0,user_455556,0.000092,0.004579,0.004579,191,585,9
FAC20251015149040,Gaming,English,Text,Europe,19451,1,user_400275,0.000157,0.010747,0.010747,379,1257,13
FAC20251016149062,Climate,Korean,Video,North America,586,0,user_499245,0.000081,0.002326,0.002326,148,462,0
FAC20251016149098,Health,Spanish,Image,North America,228,0,user_213803,0.000115,0.007757,0.007757,256,808,7
FAC20251016149111,Food,Spanish,Image,Europe,48055,1,user_388162,0.000102,0.004227,0.004227,212,664,3
FAC20251016149116,Politics,English,Video,North America,2679,0,user_25896,0.000159,0.010981,0.010981,382,1245,4
FAC20251016149117,Health,English,Text,North America,46,0,user_36994,0.000168,0.017801,0.017801,427,1399,7
FAC20251016149126,Finance,English,Text,North America,8195,1,user_29957,0.000163,0.011443,0.011443,397,1305,10
FAC20251016149137,Politics,Portuguese,Video,Europe,335,0,user_126056,0.000092,0.00341,0.00341,180,567,4
FAC20251016149148,AI/ML,English,Link,Asia,1807,0,user_147879,0.000153,0.01442,0.01442,371,1163,12
FAC20251016149171,Travel,Arabic,Text,North America,357,0,user_270874,0.000099,0.006879,0.006879,218,678,8
FAC20251016149185,Food,English,Video,Asia,56884,0,user_85702,0.000135,0.008348,0.008348,312,983,3
FAC20251016149208,Entertainment,Spanish,Image,Asia,22,0,user_357942,0.000105,0.008909,0.008909,234,727,6
FAC20251016149239,Entertainment,English,Image,North America,119,0,user_361071,0.000185,0.023779,0.023779,482,1550,6
FAC20251016149284,Politics,French,Video,North America,537,0,user_318996,0.000084,0.003128,0.003128,161,499,4
FAC20251016149326,Finance,English,Image,Europe,4701,0,user_342340,0.000171,0.011734,0.011734,414,1337,10
FAC20251017149357,Health,Japanese,Image,Asia,13045,1,user_15860,0.000095,0.006417,0.006417,202,621,7
FAC20251017149372,Technology,Spanish,Link,North America,1077,0,user_258304,0.00008,0.004768,0.004768,158,494,1
FAC20251017149441,Sports,English,Link,Asia,62,0,user_408291,0.000134,0.007424,0.007424,303,948,5
FAC20251017149456,Business,English,Image,Unknown,3374,0,user_94937,0.00017,0.013288,0.013288,419,1376,11
FAC20251017149489,Science,English,Image,North America,649,0,user_70171,0.000176,0.009995,0.009995,416,1343,14
FAC20251017149521,Health,Japanese,Video,North America,16018,1,user_167084,0.000073,0.004376,0.004376,140,428,7
FAC20251017149534,Politics,Spanish,Image,North America,3841,0,user_146255,0.000106,0.004095,0.004095,217,667,4
FAC20251017149541,Climate,English,Image,Unknown,1682,0,user_226584,0.000176,0.01153,0.01153,423,1361,0
FAC20251017149548,Climate,Korean,Text,Asia,32142,0,user_218160,0.000097,0.004258,0.004258,201,614,0
FAC20251017149551,Education,English,Text,Unknown,8064,1,user_109672,0.000174,0.016311,0.016311,439,1419,2
FAC20251017149562,Entertainment,Arabic,Poll,Asia,3428,1,user_243325,0.000049,0.00277,0.00277,74,228,6
FAC20251017149609,Health,English,Image,North America,4566,0,user_289223,0.000184,0.019018,0.019018,469,1513,7
FAC20251017149640,Sports,French,Text,Asia,693,1,user_391512,0.000109,0.00435,0.00435,228,705,5
FAC20251018149677,Health,English,Link,Unknown,17376,0,user_321718,0.000133,0.014764,0.014764,328,1034,7
FAC20251018149686,Technology,Portuguese,Poll,Europe,199,0,user_210950,0.000057,0.002636,0.002636,95,291,1
FAC20251018149734,Finance,English,Text,Europe,305,0,user_96584,0.000184,0.014508,0.014508,457,1490,10
FAC20251018149785,Entertainment,English,Image,Asia,1129,0,user_402165,0.000184,0.024372,0.024373,483,1569,6
FAC20251018149798,Entertainment,English,Text,Asia,4061,0,user_186908,0.000185,0.02491,0.024911,487,1602,6
FAC20251018149809,Science,English,Text,Asia,1616,0,user_380067,0.000184,0.011294,0.011294,442,1433,14
FAC20251018149826,Fashion,English,Video,North America,89,0,user_16033,0.000147,0.01,0.01,347,1111,9
FAC20251018149899,Food,English,Image,South America,286,0,user_271827,0.00018,0.012445,0.012445,441,1446,3
FAC20251018149925,Technology,Spanish,Video,Asia,17716,1,user_295281,0.000093,0.006252,0.006252,197,613,1
FAC20251018149939,Entertainment,English,Video,North America,6145,0,user_274343,0.000163,0.021154,0.021154,415,1320,6
FAC20251018149998,Health,French,Text,Asia,565,0,user_400308,0.000103,0.008307,0.008307,230,716,7
FAC20251018149999,Science,Hindi,Link,Asia,7656,1,user_382528,0.000058,0.001072,0.001072,87,266,14
