Id,Label,topic,language,media_type,location,followers,popularity,user_id
FAC20250419000006,FAC20250419000006,Finance,English,Text,North America,265,0,user_157662
FAC20250419000037,FAC20250419000037,Health,English,Video,Asia,252,0,user_497853
FAC20250419000049,FAC20250419000049,Sports,French,Image,Europe,472,0,user_161936
FAC20250419000094,FAC20250419000094,Education,English,Video,North America,2590,0,user_21763
FAC20250419000108,FAC20250419000108,Climate,Portuguese,Text,South America,119,0,user_432291
FAC20250419000144,FAC20250419000144,Technology,English,Video,Asia,3949,1,user_184676
FAC20250419000145,FAC20250419000145,Health,French,Image,North America,3623,0,user_458936
FAC20250419000150,FAC20250419000150,Technology,English,Image,North America,28504,1,user_448725
FAC20250419000158,FAC20250419000158,Sports,Spanish,Text,Asia,1708,1,user_436599
FAC20250419000175,FAC20250419000175,Health,Japanese,Text,Asia,149,0,user_409955
FAC20250419000189,FAC20250419000189,Travel,Spanish,Video,Asia,70,0,user_246975
FAC20250419000223,FAC20250419000223,Science,German,Poll,Asia,79,0,user_458951
FAC20250419000243,FAC20250419000243,Finance,English,Text,Asia,26718,0,user_186108
FAC20250419000262,FAC20250419000262,Food,Portuguese,Text,North America,10177,1,user_143978
FAC20250419000287,FAC20250419000287,Gaming,French,Video,North America,1040,0,user_298376
FAC20250419000290,FAC20250419000290,Business,English,Text,North America,48,0,user_418344
FAC20250419000293,FAC20250419000293,Business,English,Text,Asia,9506,1,user_428171
FAC20250419000329,FAC20250419000329,Climate,Spanish,Poll,North America,11121,0,user_208191
FAC20250419000337,FAC20250419000337,Science,Spanish,Image,Asia,35790,0,user_194697
FAC20250419000340,FAC20250419000340,Science,Spanish,Text,Europe,212,0,user_426044
FAC20250419000359,FAC20250419000359,Climate,Hindi,Video,Europe,3302,0,user_130828
FAC20250419000360,FAC20250419000360,Gaming,English,Text,South America,5,0,user_200544
FAC20250419000384,FAC20250419000384,Entertainment,English,Text,South America,89174,1,user_233015
FAC20250420000426,FAC20250420000426,Climate,Spanish,Video,Asia,2621,0,user_235322
FAC20250420000431,FAC20250420000431,Food,Chinese,Text,North America,626,0,user_83253
FAC20250420000474,FAC20250420000474,Business,Spanish,Video,North America,6601,1,user_29911
FAC20250420000541,FAC20250420000541,Science,English,Text,North America,2010,0,user_71082
FAC20250420000568,FAC20250420000568,Health,Arabic,Image,Europe,1070,0,user_293306
FAC20250420000581,FAC20250420000581,Politics,English,Image,Europe,3791,0,user_247816
FAC20250420000593,FAC20250420000593,Food,English,Text,Asia,1057,0,user_322718
FAC20250420000597,FAC20250420000597,Sports,English,Text,Europe,1724,1,user_78721
FAC20250420000632,FAC20250420000632,Food,English,Text,North America,1358,0,user_69842
FAC20250420000646,FAC20250420000646,AI/ML,French,Video,Africa,47932,0,user_352894
FAC20250420000650,FAC20250420000650,Science,Korean,Text,North America,613,0,user_327890
FAC20250420000665,FAC20250420000665,Entertainment,English,Image,North America,162,0,user_153137
FAC20250420000681,FAC20250420000681,Finance,English,Text,Asia,769,0,user_263599
FAC20250420000685,FAC20250420000685,AI/ML,English,Text,South America,323,0,user_143363
FAC20250420000770,FAC20250420000770,Science,Korean,Text,Europe,216,0,user_77455
FAC20250420000772,FAC20250420000772,Climate,French,Image,North America,3,0,user_402857
FAC20250420000782,FAC20250420000782,Science,French,Image,Europe,969,0,user_175063
FAC20250420000810,FAC20250420000810,Gaming,Spanish,Image,Asia,3644,1,user_316078
FAC20250420000875,FAC20250420000875,Technology,French,Text,Europe,355,0,user_357668
FAC20250420000892,FAC20250420000892,Entertainment,English,Link,North America,14,0,user_407535
FAC20250420000893,FAC20250420000893,Gaming,English,Link,South America,173,0,user_163106
FAC20250420000925,FAC20250420000925,Fashion,English,Text,North America,254,0,user_384948
FAC20250420000939,FAC20250420000939,Business,English,Image,Asia,575,1,user_326454
FAC20250420000944,FAC20250420000944,Gaming,English,Image,Europe,507,0,user_437812
FAC20250420000951,FAC20250420000951,Food,English,Video,Asia,30246,1,user_254423
FAC20250420000966,FAC20250420000966,Travel,English,Text,North America,2095,0,user_59516
FAC20250420000975,FAC20250420000975,Climate,Korean,Video,South America,3671,0,user_482079
FAC20250420000991,FAC20250420000991,Gaming,English,Image,Asia,344,0,user_49819
FAC20250421001021,FAC20250421001021,Gaming,Portuguese,Text,Europe,867,0,user_128958
FAC20250421001061,FAC20250421001061,Business,English,Text,Europe,153,0,user_194433
FAC20250421001076,FAC20250421001076,AI/ML,English,Text,Unknown,297,0,user_406670
FAC20250421001083,FAC20250421001083,Climate,English,Image,North America,2175,1,user_172011
FAC20250421001096,FAC20250421001096,Health,English,Text,North America,155,0,user_442519
FAC20250421001098,FAC20250421001098,Business,Portuguese,Image,North America,1196,0,user_112447
FAC20250421001099,FAC20250421001099,Politics,English,Image,Asia,13,0,user_231935
FAC20250421001108,FAC20250421001108,Sports,Portuguese,Text,Asia,118,0,user_106372
FAC20250421001135,FAC20250421001135,Education,English,Image,Europe,5,0,user_296652
FAC20250421001158,FAC20250421001158,Sports,French,Image,North America,18,0,user_187602
FAC20250421001164,FAC20250421001164,Gaming,Spanish,Text,Asia,2657,1,user_64780
FAC20250421001183,FAC20250421001183,Health,French,Poll,Unknown,4833,1,user_422406
FAC20250421001198,FAC20250421001198,Health,Spanish,Image,Europe,687,0,user_111135
FAC20250421001220,FAC20250421001220,Entertainment,Chinese,Image,Europe,939,0,user_454266
FAC20250421001252,FAC20250421001252,Climate,English,Image,North America,905,0,user_457669
FAC20250421001267,FAC20250421001267,Business,English,Link,South America,425,0,user_295146
FAC20250421001272,FAC20250421001272,Travel,Portuguese,Image,Asia,4393,0,user_473516
FAC20250421001278,FAC20250421001278,Gaming,Chinese,Image,Europe,296,0,user_99193
FAC20250421001283,FAC20250421001283,Health,Portuguese,Text,Europe,3956,0,user_77009
FAC20250421001364,FAC20250421001364,Entertainment,Spanish,Image,Europe,2753,1,user_67232
FAC20250421001389,FAC20250421001389,Business,English,Video,Unknown,549,0,user_441108
FAC20250421001461,FAC20250421001461,Science,English,Image,Europe,1735,0,user_196012
FAC20250421001464,FAC20250421001464,Fashion,English,Image,Europe,3009,0,user_473058
FAC20250421001501,FAC20250421001501,Business,English,Link,Europe,389,0,user_166987
FAC20250421001520,FAC20250421001520,Travel,Portuguese,Text,Europe,318,0,user_167222
FAC20250421001523,FAC20250421001523,Education,English,Text,North America,3710,0,user_458837
FAC20250421001524,FAC20250421001524,Sports,English,Text,Africa,32,0,user_198065
FAC20250421001531,FAC20250421001531,Climate,Arabic,Text,North America,1668,0,user_477655
FAC20250421001565,FAC20250421001565,Education,Chinese,Text,North America,281,0,user_89483
FAC20250421001583,FAC20250421001583,Entertainment,Spanish,Text,Europe,414,0,user_150652
FAC20250421001596,FAC20250421001596,Education,Portuguese,Image,Europe,44,0,user_327398
FAC20250421001630,FAC20250421001630,AI/ML,English,Video,Africa,1525,0,user_297164
FAC20250421001632,FAC20250421001632,Politics,Hindi,Video,North America,10831,0,user_375610
FAC20250421001639,FAC20250421001639,Education,Korean,Video,Asia,18690,0,user_434133
FAC20250421001655,FAC20250421001655,Technology,Spanish,Text,Europe,751,0,user_477031
FAC20250421001676,FAC20250421001676,Climate,Portuguese,Image,North America,758,0,user_159046
FAC20250421001725,FAC20250421001725,Health,Portuguese,Image,Asia,2359,0,user_127696
FAC20250421001760,FAC20250421001760,Gaming,English,Image,Europe,115,0,user_291387
FAC20250421001781,FAC20250421001781,Gaming,English,Image,Europe,1211,0,user_313198
FAC20250421001782,FAC20250421001782,AI/ML,Portuguese,Image,Europe,2259,0,user_87198
FAC20250421001796,FAC20250421001796,Sports,Chinese,Text,North America,349,0,user_155047
FAC20250421001818,FAC20250421001818,Health,Japanese,Image,Asia,13,0,user_107890
FAC20250421001819,FAC20250421001819,Travel,Chinese,Text,North America,1532,0,user_324160
FAC20250421001830,FAC20250421001830,Travel,English,Text,North America,30440,1,user_407476
FAC20250421001843,FAC20250421001843,Climate,Portuguese,Link,Europe,196,0,user_225782
FAC20250421001846,FAC20250421001846,Gaming,English,Image,Africa,628,0,user_175526
FAC20250421001871,FAC20250421001871,Politics,English,Text,Asia,1941,1,user_345692
FAC20250421001924,FAC20250421001924,Technology,English,Poll,Oceania,12510,1,user_218905
FAC20250421001949,FAC20250421001949,Technology,English,Image,South America,263,0,user_119199
FAC20250421001962,FAC20250421001962,Technology,Arabic,Image,North America,545,0,user_382022
FAC20250421001978,FAC20250421001978,Education,English,Image,South America,6544,1,user_396741
FAC20250421001993,FAC20250421001993,Education,English,Poll,South America,927,0,user_1619
FAC20250421002022,FAC20250421002022,Food,Spanish,Text,Oceania,1357,0,user_138127
FAC20250421002049,FAC20250421002049,Climate,Spanish,Image,North America,91,0,user_412927
FAC20250421002076,FAC20250421002076,Technology,Spanish,Text,North America,40715,1,user_106054
FAC20250421002096,FAC20250421002096,Fashion,English,Image,South America,106,0,user_212569
FAC20250421002106,FAC20250421002106,Food,Hindi,Video,Europe,72,0,user_172253
FAC20250421002113,FAC20250421002113,Technology,Spanish,Text,Asia,9087,1,user_458183
FAC20250421002121,FAC20250421002121,Fashion,Portuguese,Text,Europe,90,0,user_444863
FAC20250421002124,FAC20250421002124,Travel,Portuguese,Text,North America,171,0,user_218021
FAC20250421002141,FAC20250421002141,Sports,Spanish,Video,North America,1444,0,user_416954
FAC20250421002163,FAC20250421002163,Technology,English,Image,Asia,3769,0,user_72302
FAC20250421002204,FAC20250421002204,Science,English,Text,Asia,866,0,user_49903
FAC20250421002263,FAC20250421002263,Health,English,Video,Asia,461,0,user_42994
FAC20250421002284,FAC20250421002284,Fashion,Spanish,Image,North America,71,0,user_297490
FAC20250421002325,FAC20250421002325,Health,English,Text,South America,179,0,user_191005
FAC20250421002331,FAC20250421002331,Health,English,Video,Europe,1191,0,user_95144
FAC20250421002341,FAC20250421002341,Finance,English,Image,South America,883,0,user_9675
FAC20250421002387,FAC20250421002387,Climate,Spanish,Video,Oceania,1569,0,user_155241
FAC20250422002434,FAC20250422002434,AI/ML,English,Image,Europe,10152,1,user_176884
FAC20250422002436,FAC20250422002436,Gaming,English,Text,Europe,3293,0,user_25650
FAC20250422002438,FAC20250422002438,Sports,Spanish,Text,North America,603,0,user_169959
FAC20250422002470,FAC20250422002470,Politics,English,Video,Asia,352,0,user_344523
FAC20250422002542,FAC20250422002542,Fashion,English,Link,Asia,568,0,user_397362
FAC20250422002591,FAC20250422002591,Science,Spanish,Video,Asia,3381,0,user_225412
FAC20250422002609,FAC20250422002609,AI/ML,Japanese,Image,North America,5181,0,user_445976
FAC20250422002628,FAC20250422002628,AI/ML,English,Image,Europe,48,0,user_219037
FAC20250422002631,FAC20250422002631,Travel,Portuguese,Text,Europe,3642,0,user_61414
FAC20250422002642,FAC20250422002642,Education,English,Link,Europe,32,0,user_98282
FAC20250422002669,FAC20250422002669,Gaming,English,Image,North America,1053,0,user_455232
FAC20250422002697,FAC20250422002697,Food,Portuguese,Text,Europe,383,0,user_460066
FAC20250422002709,FAC20250422002709,Education,English,Video,North America,932,0,user_291387
FAC20250422002789,FAC20250422002789,Sports,Portuguese,Text,Europe,235,0,user_458548
FAC20250422002801,FAC20250422002801,Technology,English,Video,Europe,93,0,user_53871
FAC20250422002803,FAC20250422002803,Technology,Spanish,Text,Europe,483,0,user_161858
FAC20250422002815,FAC20250422002815,Climate,Portuguese,Text,North America,410,0,user_173815
FAC20250422002829,FAC20250422002829,Politics,Arabic,Text,Asia,2943,0,user_82642
FAC20250422002932,FAC20250422002932,Gaming,French,Text,Asia,1301,0,user_442503
FAC20250422002945,FAC20250422002945,AI/ML,English,Text,Asia,142,0,user_139211
FAC20250423003001,FAC20250423003001,AI/ML,French,Image,Asia,1697,1,user_20617
FAC20250423003020,FAC20250423003020,Sports,English,Text,North America,2488,1,user_152550
FAC20250423003063,FAC20250423003063,Gaming,English,Text,Europe,548,0,user_165961
FAC20250423003069,FAC20250423003069,Gaming,English,Text,Africa,16,0,user_219572
FAC20250424003138,FAC20250424003138,Finance,English,Text,North America,4537,0,user_398838
FAC20250424003254,FAC20250424003254,Sports,English,Video,North America,6497,0,user_192936
FAC20250424003283,FAC20250424003283,Education,Portuguese,Video,North America,78,0,user_189795
FAC20250424003327,FAC20250424003327,Finance,English,Image,Europe,69,0,user_79065
FAC20250424003331,FAC20250424003331,Sports,English,Image,Europe,135,0,user_55823
FAC20250424003429,FAC20250424003429,Climate,English,Image,North America,93,0,user_62043
FAC20250424003457,FAC20250424003457,AI/ML,Spanish,Video,Unknown,1,0,user_210276
FAC20250424003482,FAC20250424003482,Business,French,Image,Europe,1415,0,user_192651
FAC20250424003497,FAC20250424003497,Education,English,Image,Europe,297,0,user_359274
FAC20250424003517,FAC20250424003517,Technology,English,Text,Europe,559,0,user_197256
FAC20250424003518,FAC20250424003518,Technology,Portuguese,Text,North America,1043,0,user_21124
FAC20250424003548,FAC20250424003548,Entertainment,English,Image,North America,17,0,user_239743
FAC20250425003582,FAC20250425003582,Business,Japanese,Image,Asia,19759,1,user_18438
FAC20250425003623,FAC20250425003623,Gaming,French,Image,North America,589,0,user_345887
FAC20250426003692,FAC20250426003692,Travel,English,Poll,Europe,891,0,user_132576
FAC20250426003693,FAC20250426003693,Climate,English,Image,Europe,66,0,user_273090
FAC20250426003696,FAC20250426003696,Science,English,Image,Asia,18,0,user_264397
FAC20250426003738,FAC20250426003738,Education,Portuguese,Image,North America,497,0,user_205397
FAC20250426003762,FAC20250426003762,AI/ML,English,Video,North America,5431,0,user_48976
FAC20250426003769,FAC20250426003769,Technology,English,Text,Asia,1731,0,user_434861
FAC20250426003818,FAC20250426003818,AI/ML,English,Poll,Africa,556,0,user_46036
FAC20250426003823,FAC20250426003823,Travel,English,Image,North America,578,0,user_171322
FAC20250426003842,FAC20250426003842,Sports,English,Text,North America,1,0,user_263517
FAC20250426003851,FAC20250426003851,Entertainment,English,Video,Africa,31,0,user_367372
FAC20250426003860,FAC20250426003860,Food,French,Video,North America,393,0,user_388920
FAC20250426003938,FAC20250426003938,Food,English,Image,North America,127,0,user_256702
FAC20250426003943,FAC20250426003943,Health,English,Text,North America,3618,1,user_49956
FAC20250426003962,FAC20250426003962,AI/ML,English,Image,North America,75,0,user_306262
FAC20250426004005,FAC20250426004005,Climate,Japanese,Image,Asia,32613,1,user_172673
FAC20250427004040,FAC20250427004040,Education,English,Text,Asia,17,0,user_405581
FAC20250428004050,FAC20250428004050,Health,Hindi,Image,North America,23131,1,user_25232
FAC20250428004059,FAC20250428004059,Travel,Hindi,Video,Europe,6131,1,user_463284
FAC20250428004093,FAC20250428004093,AI/ML,English,Text,North America,1297,0,user_242659
FAC20250428004096,FAC20250428004096,Gaming,English,Text,Europe,30,0,user_276438
FAC20250428004100,FAC20250428004100,Education,English,Text,Europe,293,0,user_169635
FAC20250428004156,FAC20250428004156,Finance,English,Image,North America,22,0,user_83326
FAC20250428004220,FAC20250428004220,Food,Portuguese,Image,North America,24515,1,user_414438
FAC20250428004240,FAC20250428004240,Finance,Spanish,Video,Asia,25222,1,user_266097
FAC20250428004258,FAC20250428004258,Food,English,Text,Europe,914,0,user_140762
FAC20250428004264,FAC20250428004264,Technology,English,Text,Europe,47,0,user_105749
FAC20250428004265,FAC20250428004265,AI/ML,English,Text,Africa,1055,0,user_134890
FAC20250428004276,FAC20250428004276,Food,German,Text,Africa,1117,0,user_101102
FAC20250428004284,FAC20250428004284,Health,English,Video,Asia,44,0,user_285187
FAC20250428004287,FAC20250428004287,AI/ML,Spanish,Text,Europe,1360,1,user_398560
FAC20250428004309,FAC20250428004309,Technology,English,Video,South America,3517,0,user_360379
FAC20250428004319,FAC20250428004319,Climate,French,Text,North America,870,0,user_249553
FAC20250428004321,FAC20250428004321,AI/ML,English,Text,Asia,28428,1,user_172292
FAC20250428004339,FAC20250428004339,Business,English,Image,Asia,94,0,user_316134
FAC20250428004349,FAC20250428004349,Finance,Hindi,Link,Europe,10752,1,user_352740
FAC20250428004356,FAC20250428004356,Politics,English,Text,North America,2157,0,user_158776
FAC20250428004412,FAC20250428004412,AI/ML,English,Link,Europe,3043,0,user_249369
FAC20250428004443,FAC20250428004443,Finance,English,Image,Europe,95,0,user_81237
FAC20250428004444,FAC20250428004444,AI/ML,English,Text,North America,64,0,user_185559
FAC20250428004460,FAC20250428004460,Sports,English,Text,Asia,739,0,user_387622
FAC20250428004466,FAC20250428004466,Entertainment,English,Text,Asia,384,0,user_152358
FAC20250428004475,FAC20250428004475,Science,Portuguese,Image,Asia,207,0,user_156718
FAC20250428004494,FAC20250428004494,Technology,English,Text,Europe,614,0,user_79811
FAC20250428004510,FAC20250428004510,Food,English,Image,South America,119,0,user_25811
FAC20250428004516,FAC20250428004516,Fashion,English,Image,North America,119,0,user_406820
FAC20250428004527,FAC20250428004527,Finance,Portuguese,Text,Europe,511,0,user_483034
FAC20250428004532,FAC20250428004532,Science,Korean,Text,Oceania,243,1,user_44675
FAC20250428004537,FAC20250428004537,Technology,English,Text,Asia,36,0,user_112088
FAC20250428004543,FAC20250428004543,Politics,English,Text,Asia,833,0,user_453973
FAC20250428004544,FAC20250428004544,Climate,Korean,Video,North America,388,0,user_277186
FAC20250428004546,FAC20250428004546,Entertainment,Spanish,Video,North America,659,0,user_280115
FAC20250428004557,FAC20250428004557,Gaming,German,Image,Asia,3741,0,user_477764
FAC20250428004559,FAC20250428004559,Fashion,English,Text,Europe,508,0,user_477418
FAC20250428004612,FAC20250428004612,AI/ML,English,Video,North America,141,0,user_148669
FAC20250428004617,FAC20250428004617,Science,English,Image,North America,9,0,user_176037
FAC20250428004620,FAC20250428004620,Entertainment,Spanish,Text,North America,2616,0,user_357289
FAC20250429004642,FAC20250429004642,Science,English,Video,Unknown,651,0,user_334438
FAC20250429004647,FAC20250429004647,Food,Portuguese,Video,Oceania,3193,0,user_32390
FAC20250429004671,FAC20250429004671,Technology,English,Video,Asia,62,0,user_433121
FAC20250429004681,FAC20250429004681,Business,English,Text,Europe,6842,0,user_479139
FAC20250429004695,FAC20250429004695,Entertainment,English,Image,Unknown,4882,1,user_177804
FAC20250429004748,FAC20250429004748,Business,English,Image,North America,864,0,user_387185
FAC20250429004752,FAC20250429004752,AI/ML,English,Poll,Asia,60,0,user_144956
FAC20250429004771,FAC20250429004771,Sports,English,Image,North America,199,0,user_311623
FAC20250429004776,FAC20250429004776,Finance,Japanese,Video,Asia,358,0,user_159308
FAC20250429004886,FAC20250429004886,Science,Spanish,Video,North America,62,0,user_487491
FAC20250429004888,FAC20250429004888,Fashion,English,Image,North America,20419,1,user_489710
FAC20250429004901,FAC20250429004901,Business,Spanish,Text,Europe,1857,0,user_67423
FAC20250429004974,FAC20250429004974,AI/ML,Japanese,Text,Asia,1882,0,user_452998
FAC20250429005020,FAC20250429005020,Education,English,Video,Europe,18,0,user_218814
FAC20250429005035,FAC20250429005035,Fashion,Portuguese,Video,North America,676,0,user_264183
FAC20250429005049,FAC20250429005049,Finance,English,Video,Europe,30,0,user_247870
FAC20250429005071,FAC20250429005071,Food,French,Image,Europe,1233,1,user_475235
FAC20250429005089,FAC20250429005089,Finance,Portuguese,Image,Europe,185,0,user_111601
FAC20250429005112,FAC20250429005112,Education,Spanish,Poll,Unknown,255,0,user_57283
FAC20250429005131,FAC20250429005131,Health,French,Text,Europe,4028,0,user_433409
FAC20250429005172,FAC20250429005172,Food,English,Text,North America,625,0,user_239851
FAC20250429005269,FAC20250429005269,Climate,English,Video,North America,2826,0,user_337043
FAC20250429005350,FAC20250429005350,Business,English,Text,North America,698,0,user_1697
FAC20250429005354,FAC20250429005354,Science,Spanish,Video,Asia,578,0,user_328265
FAC20250429005369,FAC20250429005369,Education,English,Link,Asia,2838,0,user_108109
FAC20250429005371,FAC20250429005371,Technology,English,Text,Asia,175,0,user_198509
FAC20250429005374,FAC20250429005374,AI/ML,Hindi,Text,Asia,1171,0,user_281048
FAC20250429005380,FAC20250429005380,Technology,French,Text,Asia,225,0,user_61307
FAC20250429005392,FAC20250429005392,Entertainment,English,Link,Asia,83,0,user_19836
FAC20250429005414,FAC20250429005414,Travel,English,Text,Europe,12873,1,user_466430
FAC20250429005431,FAC20250429005431,Business,English,Text,North America,431,0,user_73120
FAC20250429005472,FAC20250429005472,AI/ML,English,Text,Europe,5252,0,user_157988
FAC20250429005486,FAC20250429005486,Education,English,Text,Unknown,3388,0,user_457204
FAC20250429005489,FAC20250429005489,Entertainment,English,Text,Asia,2545,0,user_219466
FAC20250429005497,FAC20250429005497,Politics,English,Image,Asia,2245,1,user_265584
FAC20250429005504,FAC20250429005504,Travel,Portuguese,Image,North America,287,0,user_466289
FAC20250429005536,FAC20250429005536,Fashion,Spanish,Poll,North America,121,0,user_145175
FAC20250429005671,FAC20250429005671,Technology,French,Text,North America,2695,0,user_32808
FAC20250430005693,FAC20250430005693,AI/ML,English,Video,Asia,33,0,user_285567
FAC20250430005696,FAC20250430005696,Gaming,Korean,Image,Asia,741,0,user_21894
FAC20250430005742,FAC20250430005742,Finance,English,Image,North America,954,0,user_1392
FAC20250430005747,FAC20250430005747,Business,English,Text,Africa,31,0,user_83905
FAC20250430005749,FAC20250430005749,Travel,English,Image,North America,119,0,user_109697
FAC20250430005765,FAC20250430005765,Science,Portuguese,Text,North America,411,0,user_271144
FAC20250430005767,FAC20250430005767,Business,Portuguese,Video,Unknown,74,0,user_434646
FAC20250430005778,FAC20250430005778,Gaming,English,Text,Europe,170,0,user_356825
FAC20250430005784,FAC20250430005784,Travel,English,Image,Unknown,1925,0,user_256613
FAC20250430005860,FAC20250430005860,Climate,English,Video,Europe,567,0,user_3202
FAC20250501005897,FAC20250501005897,Education,English,Text,Unknown,32,0,user_483957
FAC20250501005914,FAC20250501005914,Health,English,Video,Asia,264,0,user_106326
FAC20250501005947,FAC20250501005947,Health,English,Text,North America,5419,1,user_232352
FAC20250501005948,FAC20250501005948,AI/ML,English,Text,Asia,769,0,user_10186
FAC20250501005958,FAC20250501005958,Food,French,Image,Asia,868,0,user_81443
FAC20250501005970,FAC20250501005970,Travel,Korean,Image,Asia,1711,0,user_379061
FAC20250501005973,FAC20250501005973,Education,Portuguese,Poll,Asia,35,0,user_416472
FAC20250501005981,FAC20250501005981,Sports,Japanese,Image,North America,1468,0,user_169450
FAC20250501006001,FAC20250501006001,Sports,Portuguese,Text,Asia,6015,0,user_354814
FAC20250501006050,FAC20250501006050,Fashion,Korean,Video,North America,881,0,user_140850
FAC20250501006108,FAC20250501006108,Travel,English,Image,Asia,33864,0,user_129310
FAC20250501006178,FAC20250501006178,Business,English,Text,Asia,83,0,user_51998
FAC20250501006199,FAC20250501006199,Education,Chinese,Image,Europe,183,0,user_301643
FAC20250501006220,FAC20250501006220,AI/ML,English,Image,Europe,684,0,user_298661
FAC20250502006287,FAC20250502006287,Climate,Spanish,Image,Asia,181,0,user_149240
FAC20250502006298,FAC20250502006298,Sports,English,Text,Asia,62,0,user_425959
FAC20250502006303,FAC20250502006303,Gaming,English,Text,Europe,245,1,user_467266
FAC20250502006314,FAC20250502006314,Food,Spanish,Image,Asia,826,0,user_322943
FAC20250502006329,FAC20250502006329,Travel,English,Text,North America,125,0,user_364432
FAC20250502006334,FAC20250502006334,Science,Portuguese,Image,Europe,583,0,user_435856
FAC20250502006350,FAC20250502006350,Health,Portuguese,Image,Asia,918,0,user_159088
FAC20250502006392,FAC20250502006392,Climate,Portuguese,Image,North America,24,0,user_373712
FAC20250502006405,FAC20250502006405,Science,Hindi,Video,North America,7707,1,user_73540
FAC20250502006433,FAC20250502006433,AI/ML,French,Image,Asia,6821,0,user_113720
FAC20250503006465,FAC20250503006465,Technology,Japanese,Text,North America,60,0,user_297180
FAC20250503006486,FAC20250503006486,Politics,English,Image,Unknown,406,0,user_155237
FAC20250503006490,FAC20250503006490,Sports,English,Link,Asia,1724,0,user_381778
FAC20250503006508,FAC20250503006508,Education,English,Link,North America,2762,0,user_405815
FAC20250503006584,FAC20250503006584,Travel,English,Image,Europe,240,0,user_377735
FAC20250503006594,FAC20250503006594,AI/ML,English,Text,Asia,507,0,user_76260
FAC20250503006613,FAC20250503006613,AI/ML,Spanish,Link,North America,449,0,user_343684
FAC20250503006617,FAC20250503006617,Entertainment,English,Video,Europe,126,0,user_244126
FAC20250503006623,FAC20250503006623,Sports,English,Text,Asia,285,0,user_169986
FAC20250503006646,FAC20250503006646,Education,English,Text,North America,919,0,user_409708
FAC20250503006666,FAC20250503006666,Gaming,English,Link,South America,14375,1,user_261890
FAC20250503006682,FAC20250503006682,Travel,Japanese,Video,Europe,4561,0,user_78890
FAC20250503006705,FAC20250503006705,Sports,English,Text,North America,8664,0,user_227466
FAC20250503006710,FAC20250503006710,Food,Spanish,Image,North America,1550,0,user_305701
FAC20250503006726,FAC20250503006726,Health,English,Poll,Europe,317,0,user_125639
FAC20250503006811,FAC20250503006811,Gaming,English,Text,Europe,24,0,user_379041
FAC20250503006816,FAC20250503006816,AI/ML,English,Image,Europe,111,0,user_110516
FAC20250503006829,FAC20250503006829,Business,English,Image,North America,96,0,user_88800
FAC20250503006851,FAC20250503006851,Entertainment,Spanish,Image,North America,5,0,user_469980
FAC20250503006860,FAC20250503006860,Finance,English,Image,North America,9123,1,user_256450
FAC20250503006867,FAC20250503006867,Business,English,Text,South America,220,0,user_28652
FAC20250503006891,FAC20250503006891,Fashion,Spanish,Video,Oceania,6398,1,user_348159
FAC20250503006940,FAC20250503006940,Politics,German,Link,North America,80,0,user_299215
FAC20250503006987,FAC20250503006987,Health,English,Image,Europe,192,0,user_105356
FAC20250504006994,FAC20250504006994,Business,Chinese,Image,Europe,446,0,user_361297
FAC20250505007000,FAC20250505007000,Health,Spanish,Text,Europe,18,0,user_409510
FAC20250505007007,FAC20250505007007,Food,English,Image,North America,7074,0,user_44051
FAC20250505007022,FAC20250505007022,Gaming,Portuguese,Text,Europe,219,0,user_484703
FAC20250505007055,FAC20250505007055,Sports,French,Video,Oceania,9520,0,user_367730
FAC20250505007107,FAC20250505007107,Education,English,Text,North America,1107,0,user_419114
FAC20250505007118,FAC20250505007118,Finance,French,Poll,Asia,812,0,user_99450
FAC20250505007145,FAC20250505007145,AI/ML,Japanese,Link,North America,29,0,user_432467
FAC20250505007162,FAC20250505007162,Education,German,Image,Asia,31369,1,user_16657
FAC20250505007175,FAC20250505007175,Science,Arabic,Text,Europe,2450,0,user_39879
FAC20250505007182,FAC20250505007182,Health,English,Image,Europe,1077,0,user_471472
FAC20250505007207,FAC20250505007207,Politics,English,Video,North America,19051,0,user_100593
FAC20250505007216,FAC20250505007216,Entertainment,French,Text,North America,30,0,user_262112
FAC20250505007237,FAC20250505007237,Science,English,Video,Asia,2396,1,user_13944
FAC20250505007257,FAC20250505007257,Climate,Spanish,Text,Oceania,1816,0,user_229495
FAC20250505007264,FAC20250505007264,Education,Portuguese,Video,North America,13058,1,user_446451
FAC20250505007267,FAC20250505007267,Science,French,Text,North America,341,0,user_393815
FAC20250505007281,FAC20250505007281,Fashion,English,Image,North America,3298,0,user_79169
FAC20250505007349,FAC20250505007349,Gaming,English,Video,North America,1507,0,user_277524
FAC20250505007354,FAC20250505007354,Entertainment,French,Image,North America,6812,1,user_215337
FAC20250505007390,FAC20250505007390,AI/ML,English,Image,Asia,1306,0,user_238449
FAC20250505007395,FAC20250505007395,Technology,Spanish,Image,South America,2629,1,user_309091
FAC20250505007397,FAC20250505007397,Science,German,Image,Asia,64,0,user_65336
FAC20250505007414,FAC20250505007414,Sports,English,Text,Asia,4967,0,user_250297
FAC20250505007417,FAC20250505007417,Business,Portuguese,Text,Europe,573,0,user_306966
FAC20250505007479,FAC20250505007479,Climate,English,Image,North America,100,0,user_220253
FAC20250505007487,FAC20250505007487,Sports,Spanish,Text,North America,12,0,user_166135
FAC20250505007502,FAC20250505007502,Food,English,Image,North America,13789,1,user_120488
FAC20250505007507,FAC20250505007507,Science,Portuguese,Link,North America,2732,1,user_122349
FAC20250505007560,FAC20250505007560,Health,English,Text,North America,180,0,user_316583
FAC20250505007568,FAC20250505007568,Fashion,Portuguese,Link,North America,2689,1,user_133677
FAC20250505007596,FAC20250505007596,Gaming,Japanese,Text,North America,137955,1,user_142262
FAC20250506007610,FAC20250506007610,Technology,Spanish,Text,Europe,2035,0,user_369501
FAC20250506007627,FAC20250506007627,Food,English,Video,Europe,148,0,user_168660
FAC20250506007630,FAC20250506007630,Gaming,Japanese,Video,North America,6,0,user_475746
FAC20250506007633,FAC20250506007633,Gaming,Hindi,Video,North America,17,0,user_147756
FAC20250506007638,FAC20250506007638,Politics,English,Video,Asia,3152,0,user_300439
FAC20250506007659,FAC20250506007659,Education,English,Poll,Asia,26,0,user_333105
FAC20250506007674,FAC20250506007674,Fashion,English,Image,Europe,183,0,user_76530
FAC20250506007716,FAC20250506007716,Climate,Japanese,Video,Asia,2349,0,user_61379
FAC20250506007725,FAC20250506007725,Entertainment,English,Image,North America,497,0,user_498422
FAC20250506007729,FAC20250506007729,Entertainment,Portuguese,Image,Europe,134,0,user_228120
FAC20250506007733,FAC20250506007733,Gaming,English,Image,North America,207,0,user_345951
FAC20250506007749,FAC20250506007749,AI/ML,French,Link,Europe,267,0,user_159794
FAC20250506007751,FAC20250506007751,Travel,Hindi,Image,Asia,454,1,user_256432
FAC20250506007756,FAC20250506007756,Finance,English,Image,North America,38,1,user_481542
FAC20250506007757,FAC20250506007757,Business,Arabic,Link,Asia,1042,0,user_376727
FAC20250506007764,FAC20250506007764,Food,English,Image,North America,55,0,user_322821
FAC20250506007776,FAC20250506007776,Sports,English,Video,Europe,3172,1,user_206177
FAC20250506007831,FAC20250506007831,Politics,English,Image,Asia,23,0,user_100911
FAC20250506007853,FAC20250506007853,Travel,English,Video,Europe,240,0,user_498846
FAC20250506007881,FAC20250506007881,Health,German,Image,Asia,79,0,user_224549
FAC20250506007890,FAC20250506007890,Entertainment,Korean,Image,Europe,18692,0,user_314100
FAC20250506007899,FAC20250506007899,Fashion,English,Link,Africa,255,0,user_377442
FAC20250506007903,FAC20250506007903,Education,Spanish,Video,North America,52,0,user_87195
FAC20250506007913,FAC20250506007913,Science,English,Image,North America,798,1,user_166750
FAC20250506007941,FAC20250506007941,Health,Portuguese,Image,Europe,3044,0,user_444425
FAC20250506007950,FAC20250506007950,Fashion,English,Image,Europe,612,0,user_335492
FAC20250506007975,FAC20250506007975,Sports,English,Video,North America,102,0,user_23582
FAC20250506008026,FAC20250506008026,Health,English,Link,Asia,113,0,user_459738
FAC20250506008080,FAC20250506008080,Politics,English,Text,Europe,896,0,user_244987
FAC20250506008146,FAC20250506008146,Entertainment,Japanese,Image,Europe,2814,1,user_385756
FAC20250506008159,FAC20250506008159,Business,English,Image,Asia,819,0,user_218620
FAC20250506008196,FAC20250506008196,Travel,English,Image,North America,8112,1,user_189164
FAC20250506008211,FAC20250506008211,Gaming,English,Text,North America,686,1,user_94843
FAC20250506008224,FAC20250506008224,Climate,Portuguese,Link,Asia,1285,1,user_58144
FAC20250506008236,FAC20250506008236,Food,English,Link,South America,1764,0,user_191739
FAC20250506008240,FAC20250506008240,Science,English,Image,North America,8,0,user_173123
FAC20250506008269,FAC20250506008269,Sports,English,Image,Asia,97,0,user_431724
FAC20250507008319,FAC20250507008319,Food,English,Link,North America,153,0,user_44161
FAC20250507008332,FAC20250507008332,Finance,English,Image,Unknown,433,0,user_44251
FAC20250507008351,FAC20250507008351,AI/ML,English,Image,North America,4259,1,user_456230
FAC20250507008383,FAC20250507008383,Health,English,Link,Oceania,93,0,user_450283
FAC20250507008415,FAC20250507008415,Climate,Spanish,Text,Europe,91,0,user_477486
FAC20250507008449,FAC20250507008449,Food,Chinese,Image,North America,11084,1,user_470625
FAC20250507008459,FAC20250507008459,AI/ML,English,Image,Europe,259,0,user_102412
FAC20250507008489,FAC20250507008489,Politics,Spanish,Text,Asia,257,0,user_331519
FAC20250507008494,FAC20250507008494,Fashion,English,Link,North America,34,0,user_343148
FAC20250507008516,FAC20250507008516,Politics,English,Image,North America,113,0,user_235649
FAC20250508008543,FAC20250508008543,Entertainment,English,Video,Europe,233,0,user_30009
FAC20250508008552,FAC20250508008552,Gaming,English,Image,Africa,11,0,user_456120
FAC20250508008556,FAC20250508008556,Fashion,English,Text,Africa,545,0,user_390771
FAC20250508008566,FAC20250508008566,Business,Chinese,Image,North America,609,0,user_345599
FAC20250508008581,FAC20250508008581,Gaming,Spanish,Image,Africa,34,0,user_361031
FAC20250508008591,FAC20250508008591,Technology,French,Image,Europe,109,0,user_126374
FAC20250508008601,FAC20250508008601,Entertainment,English,Image,Asia,1415,0,user_164544
FAC20250508008620,FAC20250508008620,Fashion,English,Video,North America,505,0,user_437161
FAC20250508008639,FAC20250508008639,Entertainment,Chinese,Video,Unknown,3497,0,user_227722
FAC20250508008665,FAC20250508008665,Politics,English,Video,Oceania,2167,0,user_444351
FAC20250508008694,FAC20250508008694,Technology,English,Poll,Europe,495,0,user_363489
FAC20250508008696,FAC20250508008696,Finance,English,Text,Asia,271,0,user_387251
FAC20250508008705,FAC20250508008705,Business,Portuguese,Video,Asia,50251,0,user_162417
FAC20250508008728,FAC20250508008728,AI/ML,German,Image,South America,10547,0,user_71605
FAC20250508008767,FAC20250508008767,Finance,English,Text,North America,393,0,user_480087
FAC20250508008775,FAC20250508008775,Travel,English,Video,North America,494,0,user_76074
FAC20250508008787,FAC20250508008787,Food,English,Text,North America,135,0,user_275516
FAC20250508008816,FAC20250508008816,Sports,English,Image,Asia,224,0,user_290804
FAC20250508008845,FAC20250508008845,Technology,Korean,Text,Unknown,98,0,user_95549
FAC20250508008865,FAC20250508008865,Technology,English,Video,Unknown,68,0,user_117735
FAC20250508008870,FAC20250508008870,Food,English,Image,Europe,39,0,user_75477
FAC20250508008885,FAC20250508008885,Health,English,Image,Europe,1476,0,user_229080
FAC20250508008892,FAC20250508008892,Fashion,Spanish,Link,Asia,72324,1,user_127412
FAC20250508008915,FAC20250508008915,Entertainment,English,Text,Africa,188,0,user_65563
FAC20250508008938,FAC20250508008938,AI/ML,English,Text,North America,622,1,user_53235
FAC20250508008942,FAC20250508008942,Science,English,Video,North America,911,0,user_370178
FAC20250508008974,FAC20250508008974,Science,Korean,Text,North America,2149,0,user_119878
FAC20250508008997,FAC20250508008997,AI/ML,English,Image,North America,883,0,user_167814
FAC20250508009003,FAC20250508009003,Gaming,English,Text,Oceania,810,0,user_494557
FAC20250508009040,FAC20250508009040,Technology,Japanese,Image,Asia,250,0,user_219682
FAC20250508009049,FAC20250508009049,Politics,Japanese,Text,North America,15704,1,user_55293
FAC20250508009072,FAC20250508009072,Technology,English,Text,North America,498,0,user_129356
FAC20250508009075,FAC20250508009075,Education,English,Text,North America,462,0,user_392968
FAC20250508009123,FAC20250508009123,Technology,English,Link,North America,3917,1,user_14246
FAC20250509009167,FAC20250509009167,Technology,English,Image,South America,520,0,user_241414
FAC20250509009218,FAC20250509009218,Health,English,Image,North America,152,0,user_376440
FAC20250509009240,FAC20250509009240,Travel,English,Video,North America,448,0,user_435230
FAC20250509009270,FAC20250509009270,Technology,English,Text,Oceania,68,0,user_131302
FAC20250509009283,FAC20250509009283,Politics,English,Image,North America,6723,1,user_977
FAC20250509009285,FAC20250509009285,Climate,English,Link,North America,1802,0,user_404797
FAC20250509009305,FAC20250509009305,Health,English,Video,Europe,829,0,user_122971
FAC20250509009315,FAC20250509009315,Sports,English,Video,Europe,230,0,user_192351
FAC20250509009334,FAC20250509009334,Fashion,Chinese,Text,North America,8451,1,user_319544
FAC20250509009338,FAC20250509009338,Health,English,Image,Asia,216,0,user_202141
FAC20250509009362,FAC20250509009362,Finance,English,Poll,Africa,4392,0,user_422631
FAC20250509009390,FAC20250509009390,Sports,Portuguese,Text,North America,205,0,user_340551
FAC20250509009429,FAC20250509009429,Education,English,Image,Europe,3274,0,user_35284
FAC20250509009432,FAC20250509009432,Politics,French,Video,Europe,1243,0,user_457716
FAC20250509009442,FAC20250509009442,Health,Korean,Text,Oceania,688,0,user_481264
FAC20250509009468,FAC20250509009468,Finance,Spanish,Image,Europe,219,0,user_293775
FAC20250509009489,FAC20250509009489,Entertainment,English,Video,Europe,3292,1,user_206527
FAC20250509009492,FAC20250509009492,Health,French,Image,North America,1142,1,user_214635
FAC20250509009502,FAC20250509009502,AI/ML,Korean,Video,Africa,121,0,user_365230
FAC20250509009517,FAC20250509009517,Sports,English,Text,North America,1641,0,user_399364
FAC20250509009542,FAC20250509009542,Finance,English,Text,North America,576,0,user_170180
FAC20250510009602,FAC20250510009602,Entertainment,English,Link,Europe,2081,0,user_336131
FAC20250510009609,FAC20250510009609,Fashion,English,Text,North America,29907,1,user_462707
FAC20250510009627,FAC20250510009627,Entertainment,Korean,Video,North America,4021,0,user_269360
FAC20250510009632,FAC20250510009632,Politics,English,Text,Asia,1074,0,user_266626
FAC20250510009665,FAC20250510009665,Health,English,Image,Europe,10863,1,user_242621
FAC20250510009668,FAC20250510009668,Finance,French,Link,North America,993,1,user_103657
FAC20250510009696,FAC20250510009696,Science,English,Image,North America,76,0,user_69501
FAC20250510009716,FAC20250510009716,Politics,English,Text,Europe,329,0,user_1098
FAC20250510009728,FAC20250510009728,Gaming,Japanese,Text,North America,9,0,user_263292
FAC20250510009732,FAC20250510009732,Gaming,English,Image,North America,343,0,user_216924
FAC20250510009742,FAC20250510009742,Politics,Japanese,Image,North America,1170,0,user_187243
FAC20250510009747,FAC20250510009747,Food,English,Image,Asia,1801,0,user_91160
FAC20250510009756,FAC20250510009756,Entertainment,Portuguese,Text,Europe,27,0,user_487369
FAC20250510009757,FAC20250510009757,Finance,English,Video,Unknown,47,0,user_68795
FAC20250510009764,FAC20250510009764,Finance,Portuguese,Image,Asia,4585,1,user_300458
FAC20250510009784,FAC20250510009784,AI/ML,English,Text,Asia,2246,1,user_371060
FAC20250510009785,FAC20250510009785,Climate,English,Video,North America,47,0,user_60686
FAC20250510009798,FAC20250510009798,Fashion,Japanese,Text,North America,16603,1,user_458461
FAC20250510009868,FAC20250510009868,Politics,English,Image,Asia,401,0,user_460898
FAC20250510009926,FAC20250510009926,Education,Korean,Video,Asia,1059,0,user_143680
FAC20250510009938,FAC20250510009938,Entertainment,English,Link,North America,6204,0,user_283740
FAC20250510009953,FAC20250510009953,Sports,Spanish,Image,Europe,35392,1,user_405243
FAC20250510009960,FAC20250510009960,Sports,German,Text,Asia,2712,0,user_139697
FAC20250510009990,FAC20250510009990,Science,French,Text,North America,17599,1,user_114127
FAC20250510009998,FAC20250510009998,Finance,German,Link,South America,67,0,user_306107
FAC20250510010005,FAC20250510010005,Finance,Hindi,Video,North America,27140,1,user_184226
FAC20250510010008,FAC20250510010008,Food,Japanese,Link,Europe,30685,1,user_261889
FAC20250510010050,FAC20250510010050,Entertainment,English,Image,Europe,342,1,user_62141
FAC20250510010059,FAC20250510010059,Business,English,Text,North America,1812,0,user_309414
FAC20250510010075,FAC20250510010075,Education,Spanish,Text,North America,241,1,user_124793
FAC20250510010099,FAC20250510010099,Health,Chinese,Image,South America,11045,0,user_173225
FAC20250510010113,FAC20250510010113,Finance,Portuguese,Image,North America,25,0,user_227928
FAC20250510010148,FAC20250510010148,Finance,English,Image,North America,26349,0,user_255031
FAC20250510010156,FAC20250510010156,Entertainment,English,Image,Europe,2436,0,user_442935
FAC20250510010157,FAC20250510010157,Food,English,Link,Europe,331,0,user_63799
FAC20250510010171,FAC20250510010171,Technology,Spanish,Text,Asia,394,0,user_284616
FAC20250510010178,FAC20250510010178,Health,French,Text,Asia,325,0,user_335890
FAC20250510010183,FAC20250510010183,Food,English,Image,Europe,192,0,user_240084
FAC20250511010248,FAC20250511010248,Technology,English,Text,South America,464,0,user_79328
FAC20250511010260,FAC20250511010260,Politics,English,Image,North America,2944,0,user_377673
FAC20250511010262,FAC20250511010262,Food,English,Image,Asia,914,0,user_185787
FAC20250511010267,FAC20250511010267,Science,English,Image,Europe,391,0,user_493073
FAC20250512010383,FAC20250512010383,Politics,English,Image,Europe,414,0,user_439048
FAC20250512010416,FAC20250512010416,Technology,English,Video,North America,731,0,user_241605
FAC20250512010420,FAC20250512010420,Fashion,German,Text,Europe,143,0,user_282981
FAC20250512010426,FAC20250512010426,Health,English,Text,North America,394,0,user_213743
FAC20250512010443,FAC20250512010443,Sports,Hindi,Text,Europe,162,0,user_28523
FAC20250512010450,FAC20250512010450,Education,Spanish,Text,Asia,1430,0,user_107531
FAC20250512010453,FAC20250512010453,Food,Arabic,Text,North America,3216,0,user_367508
FAC20250512010456,FAC20250512010456,Climate,Portuguese,Text,Asia,3821,1,user_117444
FAC20250512010508,FAC20250512010508,Business,English,Image,South America,1096,0,user_476857
FAC20250512010541,FAC20250512010541,Fashion,English,Poll,Asia,7262,1,user_128476
FAC20250512010544,FAC20250512010544,Climate,Spanish,Text,Europe,662,0,user_164931
FAC20250512010550,FAC20250512010550,Technology,English,Image,North America,20488,1,user_99707
FAC20250512010574,FAC20250512010574,Fashion,English,Text,Europe,143,0,user_93405
FAC20250512010651,FAC20250512010651,Fashion,Spanish,Text,Europe,1124,0,user_106276
FAC20250512010678,FAC20250512010678,Food,English,Text,Europe,901,0,user_99736
FAC20250512010698,FAC20250512010698,Business,German,Text,North America,529,0,user_367394
FAC20250512010744,FAC20250512010744,Gaming,Portuguese,Text,North America,792,0,user_132977
FAC20250512010753,FAC20250512010753,Travel,Korean,Image,Europe,724,0,user_324023
FAC20250512010778,FAC20250512010778,Politics,English,Video,North America,1026,0,user_398954
FAC20250512010805,FAC20250512010805,Finance,French,Image,Asia,1951,0,user_234748
FAC20250512010816,FAC20250512010816,Entertainment,Arabic,Video,Europe,86,0,user_184835
FAC20250512010817,FAC20250512010817,Sports,Hindi,Image,Europe,194,0,user_343274
FAC20250512010840,FAC20250512010840,Business,English,Video,Europe,130,0,user_44540
FAC20250512010842,FAC20250512010842,Sports,Japanese,Video,North America,369,0,user_297628
FAC20250512010850,FAC20250512010850,Travel,English,Text,Europe,22,0,user_497548
FAC20250512010864,FAC20250512010864,Business,English,Image,Asia,142,0,user_342183
FAC20250512010889,FAC20250512010889,Climate,English,Video,North America,1402,0,user_435445
FAC20250512010890,FAC20250512010890,Gaming,Portuguese,Video,Unknown,483,0,user_245222
FAC20250513011001,FAC20250513011001,Fashion,English,Image,South America,946,0,user_296876
FAC20250513011010,FAC20250513011010,Health,English,Image,Oceania,3111,0,user_14908
FAC20250513011012,FAC20250513011012,Education,Spanish,Link,North America,740,0,user_151924
FAC20250513011057,FAC20250513011057,Climate,English,Text,North America,348,0,user_91595
FAC20250513011068,FAC20250513011068,Education,English,Image,South America,403,0,user_90765
FAC20250513011090,FAC20250513011090,Education,Spanish,Image,Europe,1298,1,user_99125
FAC20250513011098,FAC20250513011098,Travel,English,Video,North America,652,0,user_314076
FAC20250513011116,FAC20250513011116,Food,English,Poll,North America,39828,1,user_308722
FAC20250513011118,FAC20250513011118,Science,English,Text,North America,6,0,user_121487
FAC20250513011129,FAC20250513011129,AI/ML,English,Image,Europe,14,0,user_120148
FAC20250513011154,FAC20250513011154,Entertainment,Portuguese,Text,North America,260,0,user_107929
FAC20250513011173,FAC20250513011173,Science,English,Video,North America,2050,0,user_246751
FAC20250513011180,FAC20250513011180,Politics,Spanish,Video,North America,990,0,user_425764
FAC20250513011215,FAC20250513011215,Science,Spanish,Video,Asia,28809,1,user_479186
FAC20250513011236,FAC20250513011236,Technology,English,Text,Asia,53,0,user_448803
FAC20250513011249,FAC20250513011249,Fashion,French,Image,North America,801,0,user_317349
FAC20250513011251,FAC20250513011251,Technology,English,Link,Europe,2531,0,user_105401
FAC20250513011292,FAC20250513011292,Food,English,Image,Europe,81,0,user_370208
FAC20250513011322,FAC20250513011322,Finance,Hindi,Image,Europe,836,1,user_247949
FAC20250513011349,FAC20250513011349,Finance,Hindi,Text,Asia,2515,1,user_319105
FAC20250513011351,FAC20250513011351,Education,French,Video,Europe,68,0,user_47917
FAC20250513011367,FAC20250513011367,Fashion,German,Text,Asia,878,0,user_236580
FAC20250513011385,FAC20250513011385,Food,Portuguese,Link,Asia,889,0,user_97479
FAC20250513011389,FAC20250513011389,Technology,English,Image,North America,900,0,user_179532
FAC20250513011438,FAC20250513011438,Health,Korean,Link,Asia,260,0,user_280346
FAC20250513011441,FAC20250513011441,Politics,Spanish,Video,North America,418,0,user_395101
FAC20250513011459,FAC20250513011459,Travel,English,Link,Africa,397,0,user_241018
FAC20250513011477,FAC20250513011477,Travel,Portuguese,Image,Asia,15,0,user_350783
FAC20250513011505,FAC20250513011505,Food,English,Image,Europe,129,0,user_266067
FAC20250513011518,FAC20250513011518,Food,English,Poll,Europe,1702,0,user_379650
FAC20250513011575,FAC20250513011575,Climate,English,Video,South America,617,0,user_467148
FAC20250513011611,FAC20250513011611,Climate,English,Image,North America,10914,0,user_413772
FAC20250513011627,FAC20250513011627,Climate,French,Poll,Africa,270,0,user_90669
FAC20250513011662,FAC20250513011662,Climate,English,Video,North America,158,0,user_200370
FAC20250513011669,FAC20250513011669,Gaming,English,Video,North America,1335,0,user_437892
FAC20250513011674,FAC20250513011674,Health,Portuguese,Image,North America,2085,0,user_220137
FAC20250513011691,FAC20250513011691,Gaming,English,Image,North America,76,0,user_275589
FAC20250513011700,FAC20250513011700,Technology,English,Text,South America,20142,1,user_116035
FAC20250513011703,FAC20250513011703,Business,Japanese,Video,Asia,5594,1,user_312010
FAC20250513011738,FAC20250513011738,AI/ML,French,Poll,South America,2825,0,user_484054
FAC20250513011752,FAC20250513011752,Technology,English,Text,Europe,19089,0,user_84150
FAC20250513011775,FAC20250513011775,Finance,French,Link,Asia,28,0,user_347370
FAC20250513011860,FAC20250513011860,Food,Chinese,Image,Asia,256,0,user_494647
FAC20250513011933,FAC20250513011933,Sports,Korean,Text,Europe,8513,0,user_308619
FAC20250513011939,FAC20250513011939,Entertainment,English,Link,Europe,144,0,user_194413
FAC20250513012060,FAC20250513012060,Fashion,Portuguese,Text,North America,5957,0,user_257170
FAC20250513012079,FAC20250513012079,Gaming,Spanish,Text,North America,290,0,user_380473
FAC20250513012084,FAC20250513012084,Food,English,Link,North America,27460,1,user_391442
FAC20250513012093,FAC20250513012093,AI/ML,Spanish,Poll,Europe,32623,0,user_383509
FAC20250513012100,FAC20250513012100,Fashion,English,Text,North America,4810,0,user_55829
FAC20250513012116,FAC20250513012116,Health,English,Image,North America,17975,0,user_457153
FAC20250513012136,FAC20250513012136,Entertainment,Portuguese,Text,Europe,3092,0,user_99067
FAC20250513012163,FAC20250513012163,Climate,Arabic,Image,South America,764,0,user_639
FAC20250513012183,FAC20250513012183,Politics,English,Image,North America,251,0,user_221844
FAC20250513012198,FAC20250513012198,Education,English,Video,Asia,788,0,user_459917
FAC20250513012211,FAC20250513012211,Climate,English,Image,Asia,51,0,user_183243
FAC20250513012227,FAC20250513012227,Technology,English,Image,Europe,933,0,user_282463
FAC20250513012241,FAC20250513012241,AI/ML,English,Text,Asia,240,0,user_79327
FAC20250513012306,FAC20250513012306,AI/ML,Spanish,Video,North America,343,0,user_79438
FAC20250513012325,FAC20250513012325,Finance,English,Video,Asia,1919,0,user_495031
FAC20250513012360,FAC20250513012360,Gaming,English,Image,Europe,1592,0,user_205425
FAC20250513012365,FAC20250513012365,Technology,Portuguese,Link,Asia,197,0,user_477229
FAC20250515012439,FAC20250515012439,Finance,English,Image,Europe,155,0,user_67101
FAC20250515012464,FAC20250515012464,Entertainment,Spanish,Text,Asia,254,0,user_427227
FAC20250515012466,FAC20250515012466,Health,English,Image,South America,57,0,user_314756
FAC20250515012521,FAC20250515012521,Technology,English,Image,Asia,14050,0,user_141881
FAC20250515012536,FAC20250515012536,Entertainment,English,Image,Asia,44,0,user_169385
FAC20250515012537,FAC20250515012537,Finance,Korean,Text,North America,382,0,user_171747
FAC20250515012552,FAC20250515012552,Fashion,French,Text,North America,2816,1,user_174898
FAC20250515012568,FAC20250515012568,Gaming,English,Image,Asia,2482,0,user_14192
FAC20250515012581,FAC20250515012581,Business,Korean,Text,South America,330,0,user_444003
FAC20250515012605,FAC20250515012605,Sports,English,Video,Europe,216,0,user_434899
FAC20250515012629,FAC20250515012629,Travel,Portuguese,Text,Asia,284,0,user_181105
FAC20250515012654,FAC20250515012654,Health,Portuguese,Video,Europe,23297,0,user_307837
FAC20250515012688,FAC20250515012688,Sports,Hindi,Image,North America,262,0,user_421536
FAC20250515012695,FAC20250515012695,Technology,German,Poll,North America,970,0,user_47682
FAC20250515012718,FAC20250515012718,Sports,English,Text,Europe,83,0,user_429804
FAC20250515012721,FAC20250515012721,Travel,French,Text,Asia,36,0,user_160331
FAC20250515012726,FAC20250515012726,Entertainment,English,Link,Asia,684,0,user_416118
FAC20250516012745,FAC20250516012745,Education,Spanish,Text,Europe,1621,1,user_140004
FAC20250516012758,FAC20250516012758,Education,English,Image,Unknown,2969,0,user_409689
FAC20250516012829,FAC20250516012829,Health,Spanish,Image,Europe,15222,0,user_199324
FAC20250516012848,FAC20250516012848,Travel,English,Text,North America,4914,1,user_176065
FAC20250516012873,FAC20250516012873,Science,English,Image,Asia,38,0,user_468404
FAC20250516012926,FAC20250516012926,Technology,Hindi,Text,Europe,2493,1,user_263722
FAC20250516012953,FAC20250516012953,AI/ML,Spanish,Image,Asia,894,0,user_266660
FAC20250516012973,FAC20250516012973,Technology,English,Text,South America,502,0,user_102729
FAC20250516012989,FAC20250516012989,Entertainment,English,Text,Europe,1787,0,user_424403
FAC20250516013015,FAC20250516013015,Politics,Korean,Text,South America,27585,1,user_423049
FAC20250516013023,FAC20250516013023,Technology,Hindi,Link,North America,556,0,user_275175
FAC20250516013028,FAC20250516013028,Gaming,Portuguese,Image,Asia,164,0,user_86552
FAC20250516013038,FAC20250516013038,Science,German,Video,Europe,438,0,user_488969
FAC20250516013085,FAC20250516013085,Health,English,Video,Europe,261,0,user_346513
FAC20250516013092,FAC20250516013092,Gaming,English,Image,Asia,159,0,user_284758
FAC20250516013141,FAC20250516013141,Sports,Chinese,Video,South America,43,0,user_244643
FAC20250516013151,FAC20250516013151,Business,English,Text,North America,16,0,user_208584
FAC20250516013165,FAC20250516013165,Health,English,Video,Europe,84,0,user_62689
FAC20250516013174,FAC20250516013174,AI/ML,English,Video,Asia,33,0,user_45531
FAC20250516013180,FAC20250516013180,Business,English,Image,Asia,180,0,user_447389
FAC20250516013186,FAC20250516013186,Gaming,German,Link,North America,1908,0,user_262752
FAC20250516013190,FAC20250516013190,Health,French,Text,Europe,11350,1,user_324069
FAC20250516013198,FAC20250516013198,Travel,Spanish,Image,Europe,44,0,user_206443
FAC20250516013210,FAC20250516013210,Technology,English,Video,Asia,5088,1,user_309428
FAC20250516013221,FAC20250516013221,Entertainment,English,Text,Asia,9511,1,user_400811
FAC20250516013254,FAC20250516013254,Travel,Spanish,Text,Africa,369,0,user_130612
FAC20250516013278,FAC20250516013278,Business,English,Video,Europe,11126,0,user_499142
FAC20250516013282,FAC20250516013282,Health,English,Video,Europe,82,0,user_354902
FAC20250516013319,FAC20250516013319,Education,German,Text,South America,6374,1,user_60926
FAC20250516013328,FAC20250516013328,Entertainment,Portuguese,Image,Europe,1206,1,user_261274
FAC20250516013339,FAC20250516013339,Fashion,English,Video,North America,3,0,user_188870
FAC20250516013362,FAC20250516013362,Politics,English,Poll,North America,1568,0,user_260038
FAC20250517013427,FAC20250517013427,Food,Chinese,Video,Europe,595,0,user_14942
FAC20250517013456,FAC20250517013456,Sports,English,Text,North America,186,0,user_298382
FAC20250517013477,FAC20250517013477,Business,German,Image,North America,148,0,user_357236
FAC20250517013504,FAC20250517013504,Sports,English,Link,Europe,3092,1,user_400453
FAC20250517013514,FAC20250517013514,Business,English,Image,North America,44567,0,user_372407
FAC20250517013563,FAC20250517013563,Gaming,English,Image,North America,193,0,user_381161
FAC20250517013569,FAC20250517013569,Gaming,Portuguese,Video,Asia,151,0,user_271225
FAC20250517013581,FAC20250517013581,Entertainment,English,Text,Europe,1230,0,user_377150
FAC20250517013603,FAC20250517013603,Health,Portuguese,Video,Unknown,2278,0,user_238736
FAC20250517013612,FAC20250517013612,Entertainment,English,Text,North America,1025,1,user_474996
FAC20250517013624,FAC20250517013624,Education,English,Video,North America,11101,0,user_273694
FAC20250517013628,FAC20250517013628,Technology,English,Image,North America,734,0,user_316681
FAC20250517013634,FAC20250517013634,Sports,Korean,Link,Europe,4394,0,user_222347
FAC20250517013639,FAC20250517013639,Health,Japanese,Image,Europe,43,0,user_281489
FAC20250517013648,FAC20250517013648,Health,English,Video,North America,22205,1,user_167445
FAC20250517013656,FAC20250517013656,Entertainment,English,Text,Asia,303,0,user_427538
FAC20250517013709,FAC20250517013709,Science,Portuguese,Link,North America,2128,1,user_10059
FAC20250517013811,FAC20250517013811,Business,Arabic,Link,North America,3875,0,user_415632
FAC20250517013818,FAC20250517013818,Health,English,Text,Africa,779,0,user_58496
FAC20250517013833,FAC20250517013833,Technology,Hindi,Text,Unknown,2644,1,user_80291
FAC20250517013864,FAC20250517013864,Science,English,Link,Asia,4485,0,user_450349
FAC20250517013884,FAC20250517013884,Travel,English,Link,North America,97,0,user_439744
FAC20250517013940,FAC20250517013940,Travel,English,Video,Asia,688,0,user_80707
FAC20250519014000,FAC20250519014000,Politics,English,Image,Europe,50,0,user_383686
FAC20250519014015,FAC20250519014015,Finance,Chinese,Image,Asia,4914,1,user_402056
FAC20250519014057,FAC20250519014057,Entertainment,Chinese,Link,Asia,180,0,user_177371
FAC20250519014078,FAC20250519014078,Science,Hindi,Text,North America,112,0,user_455337
FAC20250519014134,FAC20250519014134,Travel,Chinese,Text,North America,3838,0,user_220887
FAC20250519014157,FAC20250519014157,AI/ML,English,Image,North America,1986,0,user_191510
FAC20250519014179,FAC20250519014179,Sports,English,Link,Africa,3073,0,user_359821
FAC20250519014180,FAC20250519014180,Gaming,English,Text,Europe,45868,1,user_102198
FAC20250519014195,FAC20250519014195,AI/ML,French,Image,Asia,3393,0,user_154830
FAC20250519014210,FAC20250519014210,Travel,English,Text,North America,4046,0,user_317324
FAC20250519014222,FAC20250519014222,Technology,Spanish,Image,South America,1387,1,user_51924
FAC20250519014224,FAC20250519014224,Climate,Portuguese,Text,Asia,2907,1,user_412343
FAC20250519014225,FAC20250519014225,Politics,Hindi,Image,Europe,1515,0,user_45537
FAC20250519014231,FAC20250519014231,Technology,French,Poll,Asia,497,0,user_187833
FAC20250519014239,FAC20250519014239,Business,English,Poll,Asia,4434,1,user_246973
FAC20250519014265,FAC20250519014265,Technology,English,Image,Europe,74,0,user_449965
FAC20250519014289,FAC20250519014289,Gaming,English,Image,Europe,19641,1,user_119543
FAC20250519014293,FAC20250519014293,Gaming,English,Text,Asia,300,0,user_259736
FAC20250519014332,FAC20250519014332,Food,Spanish,Video,Asia,219,0,user_484582
FAC20250519014333,FAC20250519014333,Education,English,Text,Africa,1174,0,user_430989
FAC20250519014349,FAC20250519014349,Technology,Chinese,Text,Asia,21156,1,user_39978
FAC20250519014360,FAC20250519014360,Health,Chinese,Image,North America,277,0,user_166866
FAC20250519014361,FAC20250519014361,Entertainment,English,Text,North America,80,0,user_260948
FAC20250519014363,FAC20250519014363,Fashion,Korean,Video,North America,2786,0,user_339699
FAC20250519014380,FAC20250519014380,Entertainment,French,Video,North America,155,0,user_408841
FAC20250519014414,FAC20250519014414,Travel,Arabic,Text,Oceania,48,0,user_215277
FAC20250519014417,FAC20250519014417,Entertainment,English,Link,Asia,58,0,user_353715
FAC20250519014422,FAC20250519014422,Fashion,English,Image,North America,526,0,user_480539
FAC20250519014425,FAC20250519014425,Politics,Spanish,Text,Asia,1074,0,user_35443
FAC20250519014430,FAC20250519014430,Travel,English,Text,North America,566,0,user_256832
FAC20250519014449,FAC20250519014449,Business,French,Text,Asia,1103,0,user_27282
FAC20250519014451,FAC20250519014451,Gaming,French,Text,Asia,691,0,user_201
FAC20250519014482,FAC20250519014482,Travel,Portuguese,Video,North America,112,0,user_248330
FAC20250519014520,FAC20250519014520,Climate,French,Text,Asia,9926,1,user_74047
FAC20250519014522,FAC20250519014522,Business,English,Video,Europe,13643,1,user_420956
FAC20250519014538,FAC20250519014538,Travel,Spanish,Video,North America,1056,0,user_134295
FAC20250519014539,FAC20250519014539,Food,Spanish,Video,North America,242,0,user_128934
FAC20250519014624,FAC20250519014624,Science,English,Link,North America,92,0,user_362230
FAC20250519014648,FAC20250519014648,Sports,Portuguese,Video,Oceania,37238,0,user_25232
FAC20250519014656,FAC20250519014656,Business,English,Link,North America,12398,1,user_443040
FAC20250519014657,FAC20250519014657,Health,English,Video,North America,4707,0,user_20390
FAC20250519014659,FAC20250519014659,Climate,Spanish,Text,South America,3563,0,user_182292
FAC20250519014727,FAC20250519014727,Politics,Spanish,Video,Europe,1871,0,user_127796
FAC20250519014730,FAC20250519014730,Technology,English,Text,Europe,820,0,user_203245
FAC20250519014739,FAC20250519014739,Politics,English,Image,Europe,1808,0,user_444656
FAC20250519014784,FAC20250519014784,Fashion,French,Image,Europe,7,0,user_59930
FAC20250519014791,FAC20250519014791,Politics,French,Text,Oceania,124,0,user_59153
FAC20250519014813,FAC20250519014813,Fashion,Hindi,Link,North America,49,0,user_123790
FAC20250519014844,FAC20250519014844,Politics,English,Text,North America,888,0,user_495152
FAC20250519014859,FAC20250519014859,Food,English,Image,North America,254,0,user_115407
FAC20250519014877,FAC20250519014877,Entertainment,Korean,Video,North America,801,0,user_6013
FAC20250519014881,FAC20250519014881,Finance,English,Image,Europe,457,0,user_448840
FAC20250519014888,FAC20250519014888,Politics,English,Text,Europe,46,0,user_288168
FAC20250519014952,FAC20250519014952,Fashion,German,Video,North America,4484,0,user_316405
FAC20250519015016,FAC20250519015016,Education,Spanish,Video,Europe,474,0,user_2211
FAC20250519015029,FAC20250519015029,Business,Spanish,Poll,South America,669,0,user_366639
FAC20250519015034,FAC20250519015034,AI/ML,Spanish,Image,North America,6307,1,user_385975
FAC20250519015062,FAC20250519015062,Science,German,Text,Oceania,316,0,user_199416
FAC20250519015156,FAC20250519015156,Finance,Hindi,Image,North America,465,0,user_31372
FAC20250519015160,FAC20250519015160,Business,English,Image,North America,674,0,user_142195
FAC20250519015185,FAC20250519015185,Climate,English,Text,North America,914,0,user_379290
FAC20250519015186,FAC20250519015186,Health,Hindi,Image,Europe,557,0,user_7951
FAC20250519015193,FAC20250519015193,AI/ML,English,Text,Asia,52,0,user_330371
FAC20250519015254,FAC20250519015254,Gaming,English,Image,Oceania,428,0,user_402083
FAC20250519015290,FAC20250519015290,Education,English,Poll,Europe,9,0,user_366009
FAC20250519015292,FAC20250519015292,Climate,French,Image,North America,5179,0,user_230321
FAC20250519015296,FAC20250519015296,Business,English,Image,Asia,4979,0,user_33893
FAC20250519015305,FAC20250519015305,Sports,French,Image,Unknown,18,0,user_379855
FAC20250519015323,FAC20250519015323,Fashion,English,Text,North America,24,0,user_163885
FAC20250519015337,FAC20250519015337,Science,English,Text,Asia,73,0,user_369983
FAC20250519015389,FAC20250519015389,AI/ML,Arabic,Text,Europe,904,0,user_491733
FAC20250519015408,FAC20250519015408,Education,English,Image,Europe,4102,1,user_212434
FAC20250519015422,FAC20250519015422,Health,English,Link,Europe,1721,0,user_100117
FAC20250519015447,FAC20250519015447,Gaming,English,Image,Europe,12515,0,user_319071
FAC20250519015455,FAC20250519015455,AI/ML,Arabic,Image,Europe,22805,1,user_408874
FAC20250519015476,FAC20250519015476,Gaming,English,Video,Asia,64,0,user_255593
FAC20250519015523,FAC20250519015523,Science,Spanish,Text,Asia,109,0,user_58191
FAC20250519015560,FAC20250519015560,Gaming,English,Link,North America,16,0,user_238178
FAC20250519015564,FAC20250519015564,Science,English,Text,South America,66,0,user_161167
FAC20250519015579,FAC20250519015579,Finance,French,Image,Europe,51,0,user_132029
FAC20250519015589,FAC20250519015589,Health,English,Image,North America,1173,0,user_158410
FAC20250519015629,FAC20250519015629,AI/ML,Spanish,Video,Asia,30,0,user_100516
FAC20250519015667,FAC20250519015667,Sports,Japanese,Image,North America,3,0,user_215808
FAC20250519015698,FAC20250519015698,Fashion,English,Video,North America,43043,1,user_442890
FAC20250519015712,FAC20250519015712,Food,Spanish,Image,Asia,113,0,user_236666
FAC20250519015730,FAC20250519015730,Fashion,Hindi,Video,North America,173,0,user_618
FAC20250519015732,FAC20250519015732,Gaming,English,Text,South America,8440,1,user_439003
FAC20250519015735,FAC20250519015735,Sports,English,Image,Asia,1886,0,user_441046
FAC20250519015738,FAC20250519015738,Politics,English,Image,Europe,3012,1,user_342183
FAC20250519015769,FAC20250519015769,AI/ML,English,Link,Europe,19695,1,user_198831
FAC20250519015811,FAC20250519015811,Travel,English,Text,Europe,204,0,user_433427
FAC20250519015825,FAC20250519015825,Gaming,Japanese,Image,North America,289,0,user_173012
FAC20250519015830,FAC20250519015830,Technology,Spanish,Text,Africa,1467,1,user_90471
FAC20250519015846,FAC20250519015846,Finance,English,Link,Europe,4702,1,user_305930
FAC20250519015866,FAC20250519015866,Travel,Spanish,Text,North America,66,0,user_360746
FAC20250519015890,FAC20250519015890,Climate,English,Link,North America,22149,1,user_164859
FAC20250519015895,FAC20250519015895,Business,English,Text,North America,1326,0,user_404500
FAC20250519015921,FAC20250519015921,Sports,Spanish,Video,Asia,207,0,user_292597
FAC20250519015927,FAC20250519015927,AI/ML,English,Link,North America,360,0,user_31323
FAC20250519015972,FAC20250519015972,Sports,English,Video,Asia,1076,0,user_146854
FAC20250519015974,FAC20250519015974,Food,English,Video,North America,319,0,user_378673
FAC20250519015979,FAC20250519015979,Technology,English,Video,Europe,656,1,user_175137
FAC20250519015994,FAC20250519015994,Health,English,Image,Europe,68,0,user_95557
FAC20250519016002,FAC20250519016002,Travel,English,Image,Asia,6423,1,user_58710
FAC20250519016023,FAC20250519016023,Science,English,Text,Asia,341,0,user_285624
FAC20250519016059,FAC20250519016059,Climate,English,Link,Asia,239,0,user_133808
FAC20250519016079,FAC20250519016079,Gaming,French,Link,North America,400,0,user_146879
FAC20250519016094,FAC20250519016094,Climate,Chinese,Video,Europe,49,0,user_459115
FAC20250519016096,FAC20250519016096,Technology,French,Image,Europe,1504,0,user_104458
FAC20250519016136,FAC20250519016136,Climate,English,Image,Oceania,4000,1,user_389812
FAC20250519016145,FAC20250519016145,Education,English,Video,Asia,11,0,user_75880
FAC20250519016157,FAC20250519016157,Food,German,Link,North America,3315,1,user_374992
FAC20250519016178,FAC20250519016178,Food,English,Image,North America,115,0,user_65688
FAC20250519016191,FAC20250519016191,Politics,English,Video,Europe,2336,0,user_73576
FAC20250519016205,FAC20250519016205,Business,English,Image,Asia,743,0,user_363030
FAC20250519016218,FAC20250519016218,AI/ML,German,Video,Europe,2723,1,user_192743
FAC20250519016219,FAC20250519016219,Science,Hindi,Link,North America,46,0,user_89802
FAC20250519016250,FAC20250519016250,Travel,English,Image,North America,78,0,user_43982
FAC20250519016255,FAC20250519016255,Health,Japanese,Text,Oceania,238,0,user_286718
FAC20250519016278,FAC20250519016278,Technology,English,Image,Unknown,6821,0,user_268972
FAC20250519016309,FAC20250519016309,Finance,English,Text,Asia,1104,0,user_308771
FAC20250519016310,FAC20250519016310,Climate,English,Poll,Europe,297,0,user_123805
FAC20250519016321,FAC20250519016321,Gaming,Spanish,Image,North America,6758,1,user_76631
FAC20250519016328,FAC20250519016328,Fashion,English,Text,Asia,3110,1,user_367827
FAC20250519016372,FAC20250519016372,Science,English,Video,Asia,34,0,user_330898
FAC20250519016394,FAC20250519016394,Travel,English,Image,Europe,1487,0,user_277293
FAC20250519016395,FAC20250519016395,Politics,English,Link,North America,468,0,user_70645
FAC20250519016414,FAC20250519016414,Technology,English,Video,North America,668,0,user_147704
FAC20250520016434,FAC20250520016434,Technology,Portuguese,Video,Asia,45399,1,user_4490
FAC20250520016435,FAC20250520016435,Business,English,Image,Europe,8498,0,user_282808
FAC20250520016471,FAC20250520016471,Food,Spanish,Link,North America,15881,0,user_8590
FAC20250520016496,FAC20250520016496,Sports,Korean,Link,North America,256,0,user_72317
FAC20250520016510,FAC20250520016510,Sports,English,Video,Europe,221,0,user_203494
FAC20250520016549,FAC20250520016549,Travel,English,Image,North America,4612,0,user_120021
FAC20250520016587,FAC20250520016587,Entertainment,German,Text,Asia,4234,0,user_312948
FAC20250520016606,FAC20250520016606,AI/ML,Hindi,Video,Asia,2093,1,user_317778
FAC20250520016607,FAC20250520016607,Food,English,Text,Europe,919,0,user_484446
FAC20250520016621,FAC20250520016621,Gaming,English,Text,Europe,971,0,user_384117
FAC20250520016675,FAC20250520016675,Business,Portuguese,Image,North America,22,0,user_239805
FAC20250520016697,FAC20250520016697,Gaming,English,Image,North America,304,0,user_209388
FAC20250520016705,FAC20250520016705,Food,English,Text,Europe,946,0,user_319019
FAC20250520016709,FAC20250520016709,Sports,English,Text,Asia,62,0,user_476879
FAC20250520016727,FAC20250520016727,Entertainment,English,Text,Asia,7302,1,user_271290
FAC20250520016731,FAC20250520016731,Food,English,Text,Asia,9171,0,user_251886
FAC20250520016746,FAC20250520016746,Gaming,English,Text,Asia,7285,0,user_133038
FAC20250520016759,FAC20250520016759,Education,French,Link,Europe,509,1,user_125145
FAC20250520016766,FAC20250520016766,Finance,English,Poll,North America,194,0,user_363973
FAC20250521016789,FAC20250521016789,Finance,Spanish,Image,Europe,255,0,user_102682
FAC20250521016805,FAC20250521016805,Finance,Korean,Video,North America,726,0,user_462229
FAC20250521016824,FAC20250521016824,Education,Arabic,Text,Oceania,3196,0,user_475145
FAC20250521016825,FAC20250521016825,AI/ML,English,Text,Asia,22192,1,user_319674
FAC20250521016834,FAC20250521016834,Food,Portuguese,Text,North America,227,0,user_125376
FAC20250521016842,FAC20250521016842,Sports,English,Text,North America,196,0,user_43326
FAC20250521016855,FAC20250521016855,Climate,English,Text,Africa,496,0,user_206133
FAC20250521016882,FAC20250521016882,Science,English,Image,North America,2766,0,user_485893
FAC20250521016884,FAC20250521016884,Science,French,Video,Asia,827,0,user_121653
FAC20250521016894,FAC20250521016894,Technology,English,Image,Asia,3514,1,user_395360
FAC20250521016901,FAC20250521016901,Climate,English,Text,Asia,7927,1,user_215542
FAC20250521016921,FAC20250521016921,Gaming,English,Text,North America,2,0,user_406508
FAC20250521016923,FAC20250521016923,AI/ML,English,Video,North America,84,0,user_321412
FAC20250521016965,FAC20250521016965,Gaming,Spanish,Image,North America,53,0,user_360524
FAC20250521016979,FAC20250521016979,Education,Spanish,Text,South America,2238,0,user_363451
FAC20250521017007,FAC20250521017007,Entertainment,German,Video,North America,2762,1,user_386290
FAC20250521017014,FAC20250521017014,Education,English,Text,North America,3630,1,user_487984
FAC20250521017046,FAC20250521017046,Finance,English,Image,Asia,75535,1,user_102194
FAC20250521017055,FAC20250521017055,Climate,Japanese,Text,North America,470,0,user_67734
FAC20250521017064,FAC20250521017064,Politics,English,Image,Europe,1641,1,user_205632
FAC20250521017076,FAC20250521017076,Business,English,Poll,Europe,488,0,user_124426
FAC20250521017091,FAC20250521017091,Travel,English,Poll,Oceania,2161,1,user_398058
FAC20250521017103,FAC20250521017103,AI/ML,English,Image,North America,107,0,user_332521
FAC20250521017118,FAC20250521017118,Health,French,Text,Europe,1449,0,user_499221
FAC20250521017151,FAC20250521017151,Science,English,Link,North America,11050,1,user_229380
FAC20250521017157,FAC20250521017157,Fashion,Spanish,Link,North America,159,0,user_240123
FAC20250521017167,FAC20250521017167,Gaming,Spanish,Video,Europe,1915,0,user_323253
FAC20250521017173,FAC20250521017173,AI/ML,English,Link,Asia,1916,0,user_92740
FAC20250521017174,FAC20250521017174,Food,English,Text,North America,296,1,user_434156
FAC20250521017204,FAC20250521017204,Finance,Portuguese,Image,North America,161,0,user_411367
FAC20250521017218,FAC20250521017218,Fashion,French,Text,Unknown,1575,0,user_321709
FAC20250521017223,FAC20250521017223,Technology,French,Video,North America,59,0,user_210424
FAC20250521017225,FAC20250521017225,Education,Spanish,Image,Europe,4,0,user_369548
FAC20250521017278,FAC20250521017278,Travel,Spanish,Video,South America,325,0,user_107482
FAC20250521017301,FAC20250521017301,Entertainment,English,Video,North America,748,0,user_40437
FAC20250521017327,FAC20250521017327,Fashion,German,Text,North America,9924,1,user_125387
FAC20250521017329,FAC20250521017329,Science,English,Link,Europe,424,0,user_67935
FAC20250521017347,FAC20250521017347,Health,English,Image,South America,106,0,user_176712
FAC20250521017353,FAC20250521017353,Sports,English,Image,South America,16827,1,user_51622
FAC20250521017355,FAC20250521017355,Climate,Chinese,Link,Asia,361,0,user_160691
FAC20250521017412,FAC20250521017412,Sports,English,Video,Europe,7981,1,user_55135
FAC20250521017423,FAC20250521017423,Climate,English,Text,Europe,123,0,user_300818
FAC20250521017435,FAC20250521017435,Health,English,Text,North America,1149,0,user_78444
FAC20250521017446,FAC20250521017446,Finance,English,Image,Unknown,2318,0,user_50477
FAC20250521017448,FAC20250521017448,Sports,Hindi,Link,Europe,138,0,user_31304
FAC20250521017457,FAC20250521017457,Science,English,Video,Unknown,3407,0,user_90727
FAC20250521017462,FAC20250521017462,Education,English,Video,North America,1241,0,user_493916
FAC20250521017476,FAC20250521017476,Science,English,Image,North America,1959,0,user_2197
FAC20250521017478,FAC20250521017478,Politics,German,Text,North America,1901,0,user_37519
FAC20250521017480,FAC20250521017480,Science,Hindi,Text,Europe,206,0,user_354866
FAC20250521017481,FAC20250521017481,Gaming,English,Text,Europe,150,0,user_150145
FAC20250521017501,FAC20250521017501,Finance,Japanese,Text,North America,211,0,user_346598
FAC20250521017507,FAC20250521017507,Gaming,Hindi,Text,North America,265,0,user_174583
FAC20250521017525,FAC20250521017525,Science,English,Video,North America,5186,1,user_466040
FAC20250521017540,FAC20250521017540,Sports,English,Link,North America,1606,1,user_321324
FAC20250521017563,FAC20250521017563,Entertainment,Spanish,Image,Asia,155,0,user_67084
FAC20250521017601,FAC20250521017601,Climate,English,Link,North America,513,0,user_274868
FAC20250521017609,FAC20250521017609,Science,English,Image,Europe,12275,1,user_299146
FAC20250521017636,FAC20250521017636,Science,English,Image,Europe,203,0,user_387882
FAC20250521017665,FAC20250521017665,Entertainment,English,Text,Asia,5445,1,user_41991
FAC20250521017669,FAC20250521017669,Entertainment,English,Image,Asia,9576,1,user_427552
FAC20250521017753,FAC20250521017753,Finance,English,Video,North America,250,0,user_183459
FAC20250521017757,FAC20250521017757,Health,English,Text,North America,71931,1,user_302462
FAC20250521017769,FAC20250521017769,Food,English,Text,Europe,50012,1,user_308019
FAC20250521017779,FAC20250521017779,Food,Spanish,Poll,Asia,13901,0,user_168471
FAC20250521017823,FAC20250521017823,Gaming,English,Video,Europe,93,0,user_275703
FAC20250521017843,FAC20250521017843,Sports,English,Video,Europe,27,0,user_178130
FAC20250521017853,FAC20250521017853,Finance,English,Text,Africa,9316,1,user_44913
FAC20250521017855,FAC20250521017855,Food,English,Text,North America,3525,1,user_111837
FAC20250521017858,FAC20250521017858,Politics,English,Text,Europe,16729,0,user_226501
FAC20250521017878,FAC20250521017878,Education,Arabic,Text,Europe,46,0,user_317219
FAC20250521017899,FAC20250521017899,Technology,Japanese,Video,Europe,977,0,user_481895
FAC20250521017910,FAC20250521017910,Science,Hindi,Text,South America,645,0,user_378730
FAC20250521017919,FAC20250521017919,Entertainment,Portuguese,Image,North America,3106,0,user_152254
FAC20250521017932,FAC20250521017932,Food,Portuguese,Image,Asia,2761,0,user_266057
FAC20250521017933,FAC20250521017933,Finance,English,Image,Asia,292,0,user_94106
FAC20250521017972,FAC20250521017972,Travel,German,Video,Europe,138,0,user_449403
FAC20250521017984,FAC20250521017984,AI/ML,English,Text,North America,123,0,user_100258
FAC20250521017994,FAC20250521017994,Travel,English,Poll,Asia,5160,1,user_430300
FAC20250521018004,FAC20250521018004,Fashion,Spanish,Text,Asia,3432,1,user_371763
FAC20250521018030,FAC20250521018030,Education,French,Video,North America,1157,0,user_402796
FAC20250521018032,FAC20250521018032,Sports,French,Video,South America,819,0,user_255609
FAC20250521018084,FAC20250521018084,Business,Portuguese,Text,North America,241,0,user_75658
FAC20250521018087,FAC20250521018087,Technology,French,Video,Asia,165,0,user_278748
FAC20250521018129,FAC20250521018129,Fashion,Chinese,Video,Asia,93,0,user_268049
FAC20250521018183,FAC20250521018183,Finance,Spanish,Text,Asia,4427,0,user_411584
FAC20250522018201,FAC20250522018201,Finance,Spanish,Image,North America,407,0,user_313900
FAC20250522018220,FAC20250522018220,Science,English,Text,Asia,185,0,user_80011
FAC20250522018237,FAC20250522018237,Business,English,Link,Asia,2442,0,user_353768
FAC20250522018241,FAC20250522018241,Sports,Hindi,Video,North America,53,0,user_299868
FAC20250522018256,FAC20250522018256,Education,English,Text,Europe,248,0,user_344767
FAC20250522018295,FAC20250522018295,Education,Arabic,Video,Asia,229,0,user_296759
FAC20250522018319,FAC20250522018319,Technology,Portuguese,Image,Europe,1892,1,user_37145
FAC20250522018357,FAC20250522018357,Politics,English,Image,Europe,115,0,user_298264
FAC20250522018361,FAC20250522018361,Politics,English,Video,North America,333,0,user_390620
FAC20250522018429,FAC20250522018429,Sports,Arabic,Video,North America,7446,0,user_95685
FAC20250522018433,FAC20250522018433,Climate,Spanish,Video,Europe,561,0,user_13389
FAC20250522018453,FAC20250522018453,Business,English,Poll,Europe,22664,1,user_86163
FAC20250522018503,FAC20250522018503,Health,English,Text,Asia,74,0,user_9505
FAC20250523018532,FAC20250523018532,Politics,English,Poll,North America,7589,0,user_415960
FAC20250523018612,FAC20250523018612,Finance,German,Video,Europe,1701,0,user_260784
FAC20250523018613,FAC20250523018613,Entertainment,English,Text,Oceania,145,0,user_287690
FAC20250523018622,FAC20250523018622,Science,English,Text,North America,2372,0,user_223140
FAC20250523018630,FAC20250523018630,Politics,English,Text,North America,4824,0,user_460767
FAC20250524018719,FAC20250524018719,Entertainment,English,Text,North America,354,0,user_182086
FAC20250524018732,FAC20250524018732,Climate,Spanish,Poll,Asia,114620,1,user_157768
FAC20250524018741,FAC20250524018741,Business,English,Text,North America,6915,1,user_207500
FAC20250524018769,FAC20250524018769,Entertainment,English,Video,North America,4006,0,user_311537
FAC20250524018773,FAC20250524018773,Finance,English,Video,Asia,3840,0,user_386999
FAC20250524018854,FAC20250524018854,Gaming,English,Text,Europe,420,0,user_222911
FAC20250524018865,FAC20250524018865,Entertainment,Portuguese,Text,Oceania,41369,1,user_488844
FAC20250524018891,FAC20250524018891,Business,English,Link,North America,42488,1,user_373185
FAC20250524018928,FAC20250524018928,Travel,English,Text,Europe,62,0,user_376627
FAC20250524018947,FAC20250524018947,Education,English,Image,Europe,467,0,user_425559
FAC20250524018987,FAC20250524018987,Fashion,English,Text,Unknown,131,0,user_485944
FAC20250524019019,FAC20250524019019,Food,French,Poll,Europe,5363,0,user_228476
FAC20250524019031,FAC20250524019031,Sports,English,Text,Europe,726,1,user_133993
FAC20250524019040,FAC20250524019040,Finance,English,Video,Asia,787,0,user_471439
FAC20250524019065,FAC20250524019065,Politics,German,Image,Asia,38,0,user_259939
FAC20250524019076,FAC20250524019076,Gaming,French,Text,North America,13106,1,user_68329
FAC20250524019099,FAC20250524019099,AI/ML,English,Video,North America,587,0,user_261815
FAC20250524019100,FAC20250524019100,Travel,Spanish,Text,Europe,11,0,user_464496
FAC20250524019103,FAC20250524019103,Politics,Spanish,Text,Asia,238,0,user_494947
FAC20250524019143,FAC20250524019143,Business,English,Image,Europe,361,0,user_179392
FAC20250524019167,FAC20250524019167,Travel,Chinese,Poll,Europe,13,0,user_70250
FAC20250524019183,FAC20250524019183,Education,Spanish,Image,North America,238,0,user_326300
FAC20250524019222,FAC20250524019222,Politics,English,Image,North America,651,0,user_387170
FAC20250524019224,FAC20250524019224,Technology,English,Link,North America,98,0,user_354853
FAC20250524019271,FAC20250524019271,Food,English,Image,Europe,105,0,user_335404
FAC20250524019305,FAC20250524019305,Business,English,Image,Asia,20,0,user_139267
FAC20250524019313,FAC20250524019313,Fashion,English,Text,Europe,927,0,user_11928
FAC20250524019350,FAC20250524019350,Education,French,Text,North America,9175,0,user_398713
FAC20250524019380,FAC20250524019380,Travel,Korean,Text,Asia,724,0,user_168162
FAC20250524019390,FAC20250524019390,Gaming,French,Image,Asia,7440,0,user_275073
FAC20250524019405,FAC20250524019405,Gaming,English,Link,Asia,668,0,user_492782
FAC20250524019412,FAC20250524019412,Business,English,Video,Europe,269,0,user_143821
FAC20250524019440,FAC20250524019440,AI/ML,Spanish,Image,Oceania,3512,0,user_393509
FAC20250524019464,FAC20250524019464,Fashion,English,Image,North America,172,0,user_86058
FAC20250524019490,FAC20250524019490,Climate,English,Video,North America,3130,1,user_274063
FAC20250524019520,FAC20250524019520,Travel,English,Video,Europe,377,0,user_346415
FAC20250524019564,FAC20250524019564,Entertainment,English,Image,Oceania,56,0,user_392842
FAC20250524019592,FAC20250524019592,AI/ML,English,Image,Asia,5405,0,user_128079
FAC20250524019607,FAC20250524019607,Science,English,Text,North America,137,0,user_436792
FAC20250524019612,FAC20250524019612,Food,English,Text,North America,2291,0,user_182405
FAC20250524019637,FAC20250524019637,Travel,Korean,Text,North America,29933,1,user_326133
FAC20250524019691,FAC20250524019691,Health,Arabic,Poll,North America,442,0,user_411311
FAC20250524019695,FAC20250524019695,Fashion,Korean,Text,Oceania,1615,0,user_442574
FAC20250524019700,FAC20250524019700,Science,Spanish,Image,North America,306,0,user_162148
FAC20250524019730,FAC20250524019730,Science,Hindi,Video,Europe,1497,0,user_421863
FAC20250524019732,FAC20250524019732,Politics,English,Image,Europe,257,0,user_122316
FAC20250524019777,FAC20250524019777,AI/ML,English,Image,Europe,2371,0,user_177079
FAC20250524019781,FAC20250524019781,Climate,Portuguese,Text,North America,3580,0,user_314043
FAC20250524019834,FAC20250524019834,AI/ML,English,Link,Europe,7,0,user_367227
FAC20250524019840,FAC20250524019840,Climate,English,Text,Asia,7281,0,user_390432
FAC20250524019841,FAC20250524019841,Travel,Spanish,Link,Asia,1510,0,user_226022
FAC20250524019849,FAC20250524019849,Travel,Spanish,Link,North America,239,0,user_350498
FAC20250524019869,FAC20250524019869,Technology,English,Video,North America,67,0,user_53517
FAC20250524019903,FAC20250524019903,Business,English,Text,North America,2102,0,user_313773
FAC20250525019944,FAC20250525019944,Education,English,Text,North America,1333,0,user_315363
FAC20250525019946,FAC20250525019946,Sports,English,Text,Europe,677,1,user_250968
FAC20250525019992,FAC20250525019992,Climate,Spanish,Text,Asia,1357,0,user_271872
FAC20250525019997,FAC20250525019997,Technology,English,Text,Asia,85,0,user_239563
FAC20250525020011,FAC20250525020011,Finance,English,Video,Africa,659,0,user_37820
FAC20250525020024,FAC20250525020024,Gaming,English,Image,Europe,1470,0,user_144877
FAC20250525020034,FAC20250525020034,Health,English,Text,Asia,136,1,user_316621
FAC20250525020099,FAC20250525020099,Education,English,Text,North America,741,0,user_233707
FAC20250525020108,FAC20250525020108,Politics,Portuguese,Video,North America,768,0,user_312365
FAC20250525020122,FAC20250525020122,Sports,English,Image,Europe,2207,0,user_133016
FAC20250525020133,FAC20250525020133,Climate,Spanish,Text,Asia,1284,0,user_291698
FAC20250525020153,FAC20250525020153,Food,English,Video,Asia,1797,1,user_105734
FAC20250525020229,FAC20250525020229,Politics,Portuguese,Image,Europe,1196,0,user_163192
FAC20250525020269,FAC20250525020269,Climate,Spanish,Image,Europe,2544,0,user_269044
FAC20250525020297,FAC20250525020297,Finance,English,Video,Asia,121,0,user_135372
FAC20250525020299,FAC20250525020299,Gaming,English,Text,North America,48,0,user_490562
FAC20250525020409,FAC20250525020409,Food,Arabic,Video,Asia,106,0,user_281532
FAC20250525020438,FAC20250525020438,Health,Spanish,Text,Europe,441,0,user_71155
FAC20250525020445,FAC20250525020445,Travel,English,Image,Africa,971,0,user_351875
FAC20250525020452,FAC20250525020452,Business,English,Video,Asia,8271,0,user_191140
FAC20250525020457,FAC20250525020457,Business,Spanish,Poll,South America,179,0,user_430980
FAC20250525020471,FAC20250525020471,Sports,Spanish,Text,North America,401,0,user_181086
FAC20250525020484,FAC20250525020484,Sports,English,Text,Europe,49,0,user_367133
FAC20250525020509,FAC20250525020509,Entertainment,Japanese,Image,Asia,8176,1,user_58379
FAC20250525020510,FAC20250525020510,Gaming,English,Poll,North America,420,0,user_261711
FAC20250525020516,FAC20250525020516,Technology,Spanish,Image,Asia,11700,1,user_450064
FAC20250525020523,FAC20250525020523,AI/ML,English,Video,Asia,990,0,user_326425
FAC20250525020533,FAC20250525020533,Food,English,Image,North America,3796,1,user_147440
FAC20250525020536,FAC20250525020536,Entertainment,Korean,Image,Asia,9033,1,user_43407
FAC20250525020546,FAC20250525020546,AI/ML,English,Text,Europe,479,0,user_40470
FAC20250525020556,FAC20250525020556,Entertainment,Portuguese,Image,Europe,667,0,user_57497
FAC20250525020637,FAC20250525020637,Education,English,Image,South America,98,0,user_450484
FAC20250525020642,FAC20250525020642,Entertainment,English,Video,Europe,864,0,user_426854
FAC20250525020696,FAC20250525020696,Education,Japanese,Video,North America,132,0,user_450474
FAC20250525020703,FAC20250525020703,Science,German,Video,Europe,483,0,user_368979
FAC20250525020742,FAC20250525020742,Business,English,Link,South America,115,0,user_435624
FAC20250525020755,FAC20250525020755,Sports,French,Text,North America,9354,1,user_225414
FAC20250525020758,FAC20250525020758,Gaming,English,Image,Europe,10655,0,user_457183
FAC20250525020773,FAC20250525020773,Education,Portuguese,Poll,North America,6834,1,user_274207
FAC20250525020816,FAC20250525020816,Technology,English,Text,Asia,233,0,user_286522
FAC20250525020832,FAC20250525020832,Sports,English,Text,Asia,63,0,user_134220
FAC20250525020862,FAC20250525020862,Business,Portuguese,Image,Asia,901,0,user_54489
FAC20250525020907,FAC20250525020907,Health,English,Text,Africa,46,0,user_249351
FAC20250525020908,FAC20250525020908,Sports,English,Text,North America,1820,0,user_153494
FAC20250525020917,FAC20250525020917,Sports,English,Image,North America,3547,0,user_411868
FAC20250525020945,FAC20250525020945,Fashion,English,Text,Africa,749,0,user_469163
FAC20250525020951,FAC20250525020951,Education,Spanish,Image,Europe,378,0,user_80844
FAC20250525020956,FAC20250525020956,Entertainment,Portuguese,Video,South America,7778,0,user_144721
FAC20250525020964,FAC20250525020964,Business,English,Image,Asia,320,0,user_398568
FAC20250525020993,FAC20250525020993,Technology,Portuguese,Video,Asia,1046,0,user_468618
FAC20250525021001,FAC20250525021001,AI/ML,Portuguese,Image,North America,7714,0,user_93471
FAC20250525021024,FAC20250525021024,Gaming,Spanish,Text,Europe,771,0,user_163159
FAC20250525021051,FAC20250525021051,Education,Hindi,Link,Europe,4245,0,user_233600
FAC20250525021066,FAC20250525021066,Gaming,Arabic,Poll,South America,49,0,user_25892
FAC20250525021077,FAC20250525021077,Climate,French,Image,North America,366,0,user_327885
FAC20250525021088,FAC20250525021088,Politics,Spanish,Text,North America,5014,0,user_336305
FAC20250525021100,FAC20250525021100,Education,French,Text,Africa,1454,1,user_307820
FAC20250525021107,FAC20250525021107,AI/ML,English,Text,Asia,45,0,user_306627
FAC20250525021122,FAC20250525021122,Health,English,Image,North America,1738,1,user_151945
FAC20250525021145,FAC20250525021145,Politics,Arabic,Text,North America,2151,0,user_182854
FAC20250525021154,FAC20250525021154,Sports,English,Text,North America,333,0,user_103305
FAC20250525021161,FAC20250525021161,Travel,English,Text,Asia,586,0,user_356959
FAC20250525021169,FAC20250525021169,Education,Hindi,Video,Europe,54,0,user_243192
FAC20250525021180,FAC20250525021180,Fashion,English,Image,North America,1804,0,user_260218
FAC20250525021225,FAC20250525021225,Business,English,Image,South America,14201,1,user_214990
FAC20250525021252,FAC20250525021252,AI/ML,English,Image,North America,6818,1,user_488673
FAC20250525021253,FAC20250525021253,Gaming,Portuguese,Image,North America,776,0,user_261084
FAC20250525021291,FAC20250525021291,Politics,English,Video,North America,766,0,user_420786
FAC20250525021306,FAC20250525021306,Business,English,Text,Europe,3858,1,user_21644
FAC20250525021319,FAC20250525021319,Fashion,Spanish,Text,Asia,4122,0,user_418293
FAC20250525021322,FAC20250525021322,Gaming,English,Video,North America,8543,1,user_478036
FAC20250525021325,FAC20250525021325,Travel,Spanish,Video,South America,383,0,user_167218
FAC20250525021355,FAC20250525021355,Climate,German,Video,Europe,711,1,user_233768
FAC20250525021401,FAC20250525021401,Finance,English,Poll,Africa,222,0,user_12208
FAC20250525021404,FAC20250525021404,Business,English,Text,Europe,3276,1,user_23678
FAC20250525021405,FAC20250525021405,Travel,Arabic,Image,South America,51,0,user_231587
FAC20250525021413,FAC20250525021413,Finance,Japanese,Image,Oceania,618,0,user_211888
FAC20250525021421,FAC20250525021421,AI/ML,English,Image,North America,10135,0,user_77658
FAC20250525021430,FAC20250525021430,Travel,English,Text,Europe,1697,1,user_457831
FAC20250525021434,FAC20250525021434,Travel,Japanese,Video,Asia,1097,1,user_237363
FAC20250525021451,FAC20250525021451,Entertainment,English,Poll,Asia,18,0,user_275787
FAC20250525021487,FAC20250525021487,Entertainment,English,Text,Europe,383,0,user_248061
FAC20250525021506,FAC20250525021506,Gaming,Portuguese,Image,North America,1366,0,user_167138
FAC20250525021508,FAC20250525021508,Climate,Japanese,Link,Asia,24,0,user_449440
FAC20250525021532,FAC20250525021532,Science,Spanish,Image,Europe,8918,0,user_134371
FAC20250525021555,FAC20250525021555,Entertainment,Japanese,Text,Asia,3006,1,user_314188
FAC20250526021573,FAC20250526021573,Business,Spanish,Video,Europe,176,0,user_217269
FAC20250526021593,FAC20250526021593,Health,English,Image,Asia,57,0,user_390362
FAC20250526021598,FAC20250526021598,Science,Spanish,Poll,North America,41422,1,user_249006
FAC20250526021599,FAC20250526021599,Politics,English,Text,Europe,189,0,user_171242
FAC20250526021601,FAC20250526021601,Travel,English,Image,North America,1770,0,user_208366
FAC20250526021629,FAC20250526021629,Entertainment,English,Text,South America,2487,0,user_204628
FAC20250526021635,FAC20250526021635,Health,English,Video,Asia,152,0,user_62606
FAC20250526021659,FAC20250526021659,Sports,English,Image,Asia,363,0,user_119984
FAC20250526021660,FAC20250526021660,Health,English,Text,Europe,319,0,user_216686
FAC20250526021667,FAC20250526021667,Education,English,Image,North America,19032,0,user_133382
FAC20250526021679,FAC20250526021679,Health,English,Link,Africa,349,0,user_458903
FAC20250526021692,FAC20250526021692,Finance,Spanish,Link,Oceania,1348,0,user_383579
FAC20250526021709,FAC20250526021709,Travel,Japanese,Video,North America,919,0,user_401814
FAC20250526021725,FAC20250526021725,Health,English,Video,Asia,16422,1,user_278122
FAC20250526021779,FAC20250526021779,Climate,English,Link,North America,110,0,user_320455
FAC20250526021807,FAC20250526021807,Finance,English,Text,Europe,545,0,user_110445
FAC20250526021813,FAC20250526021813,Travel,Chinese,Video,North America,13,0,user_86118
FAC20250526021842,FAC20250526021842,Education,Japanese,Video,North America,97,0,user_142687
FAC20250526021845,FAC20250526021845,Fashion,English,Image,North America,955,0,user_420748
FAC20250526021853,FAC20250526021853,Politics,Arabic,Text,North America,247,0,user_421450
FAC20250527021889,FAC20250527021889,Climate,English,Text,Europe,12360,1,user_126357
FAC20250527021900,FAC20250527021900,Finance,English,Link,Europe,1312,0,user_315949
FAC20250527021939,FAC20250527021939,Climate,Spanish,Text,Africa,166,0,user_174211
FAC20250527021950,FAC20250527021950,Education,English,Video,Asia,4,0,user_24866
FAC20250527021959,FAC20250527021959,Entertainment,English,Text,Asia,229,0,user_219269
FAC20250527022022,FAC20250527022022,Technology,English,Text,North America,257,0,user_104849
FAC20250527022032,FAC20250527022032,Politics,French,Image,Asia,1011,0,user_289985
FAC20250527022086,FAC20250527022086,Politics,English,Text,Europe,1460,0,user_393594
FAC20250527022092,FAC20250527022092,Science,English,Video,North America,943,0,user_322916
FAC20250527022100,FAC20250527022100,Education,English,Image,Asia,336,0,user_499983
FAC20250527022111,FAC20250527022111,Politics,English,Link,North America,3864,0,user_438976
FAC20250527022125,FAC20250527022125,Technology,Korean,Image,Europe,82,0,user_348986
FAC20250527022132,FAC20250527022132,Education,English,Image,Europe,458,0,user_142123
FAC20250527022142,FAC20250527022142,Sports,English,Image,North America,1819,0,user_200320
FAC20250527022143,FAC20250527022143,Business,Chinese,Video,North America,204,0,user_380324
FAC20250527022162,FAC20250527022162,Food,English,Text,Asia,643,0,user_304849
FAC20250529022193,FAC20250529022193,Travel,English,Text,Asia,3550,0,user_279436
FAC20250529022216,FAC20250529022216,Sports,Spanish,Text,Asia,4786,0,user_13041
FAC20250529022236,FAC20250529022236,Finance,English,Video,Africa,365,0,user_165738
FAC20250529022243,FAC20250529022243,AI/ML,English,Text,North America,65,0,user_118729
FAC20250529022251,FAC20250529022251,Food,Portuguese,Link,Europe,330,0,user_426611
FAC20250529022260,FAC20250529022260,Fashion,Spanish,Text,North America,280,0,user_20157
FAC20250529022289,FAC20250529022289,Business,English,Video,North America,31403,1,user_299268
FAC20250529022291,FAC20250529022291,Business,Japanese,Text,Africa,1922,0,user_307229
FAC20250529022297,FAC20250529022297,Science,English,Link,Asia,8574,0,user_180111
FAC20250529022320,FAC20250529022320,Gaming,Spanish,Text,North America,82,0,user_376514
FAC20250529022345,FAC20250529022345,Education,English,Image,Asia,4117,0,user_335038
FAC20250529022355,FAC20250529022355,Science,Japanese,Text,North America,19,0,user_217435
FAC20250529022362,FAC20250529022362,Science,Spanish,Video,North America,11844,1,user_440822
FAC20250529022369,FAC20250529022369,Business,Korean,Text,Europe,97,0,user_113277
FAC20250529022374,FAC20250529022374,Education,English,Video,Europe,45827,1,user_249844
FAC20250529022389,FAC20250529022389,Gaming,English,Image,South America,1,0,user_92918
FAC20250529022401,FAC20250529022401,Food,Portuguese,Link,North America,223,0,user_270199
FAC20250529022402,FAC20250529022402,Food,English,Text,North America,578,0,user_217652
FAC20250529022412,FAC20250529022412,Climate,English,Link,North America,2546,0,user_468149
FAC20250529022423,FAC20250529022423,Science,French,Image,Europe,69,0,user_18042
FAC20250530022466,FAC20250530022466,Politics,English,Text,Asia,2772,1,user_220116
FAC20250530022468,FAC20250530022468,Sports,Hindi,Image,Europe,34628,1,user_368907
FAC20250530022495,FAC20250530022495,Entertainment,English,Text,Unknown,712,0,user_244136
FAC20250530022498,FAC20250530022498,AI/ML,Spanish,Text,Europe,8584,1,user_198336
FAC20250530022514,FAC20250530022514,AI/ML,English,Text,North America,928,0,user_94630
FAC20250530022516,FAC20250530022516,Fashion,Spanish,Link,Europe,3325,0,user_481091
FAC20250530022535,FAC20250530022535,Food,Portuguese,Image,North America,11778,0,user_305632
FAC20250530022574,FAC20250530022574,Fashion,Spanish,Image,Asia,522,0,user_317127
FAC20250530022627,FAC20250530022627,Entertainment,German,Text,North America,1487,0,user_319184
FAC20250530022636,FAC20250530022636,Climate,English,Image,Asia,1638,0,user_180252
FAC20250530022656,FAC20250530022656,Politics,English,Text,Africa,588,0,user_312802
FAC20250530022677,FAC20250530022677,Gaming,English,Image,North America,1194,1,user_485136
FAC20250530022690,FAC20250530022690,AI/ML,French,Text,Europe,2219,0,user_314334
FAC20250530022692,FAC20250530022692,Fashion,English,Link,Asia,102,0,user_311531
FAC20250530022704,FAC20250530022704,Technology,English,Poll,Asia,1510,0,user_346278
FAC20250530022723,FAC20250530022723,Business,English,Text,Africa,253,0,user_120838
FAC20250530022748,FAC20250530022748,Food,English,Video,Africa,1475,0,user_119823
FAC20250530022764,FAC20250530022764,Technology,English,Text,North America,1707,0,user_287953
FAC20250530022769,FAC20250530022769,Travel,Japanese,Image,Asia,33,0,user_111967
FAC20250530022779,FAC20250530022779,Finance,Spanish,Text,North America,6349,0,user_7631
FAC20250530022784,FAC20250530022784,Sports,German,Text,North America,231,0,user_474280
FAC20250530022796,FAC20250530022796,Gaming,Spanish,Link,North America,13955,1,user_61314
FAC20250530022842,FAC20250530022842,AI/ML,English,Image,Europe,567,0,user_289664
FAC20250530022851,FAC20250530022851,Finance,English,Video,Europe,213,0,user_161887
FAC20250530022856,FAC20250530022856,Politics,Portuguese,Image,Europe,6305,1,user_266577
FAC20250530022883,FAC20250530022883,Gaming,English,Image,Europe,1565,0,user_44327
FAC20250530022915,FAC20250530022915,Finance,Korean,Text,Asia,1553,0,user_291660
FAC20250530022925,FAC20250530022925,Gaming,French,Image,North America,356,0,user_10995
FAC20250530022954,FAC20250530022954,Education,French,Link,South America,985,0,user_310230
FAC20250530022960,FAC20250530022960,Health,Spanish,Text,North America,20,0,user_266078
FAC20250530022978,FAC20250530022978,Gaming,Spanish,Text,Europe,9455,0,user_147282
FAC20250530022979,FAC20250530022979,Business,Spanish,Text,Unknown,36,0,user_404299
FAC20250530023018,FAC20250530023018,Travel,Japanese,Image,Europe,144,0,user_81265
FAC20250530023035,FAC20250530023035,Entertainment,English,Poll,Oceania,3120,1,user_295328
FAC20250530023069,FAC20250530023069,Climate,Spanish,Text,Europe,47,0,user_454464
FAC20250530023072,FAC20250530023072,Entertainment,English,Image,North America,730,0,user_138117
FAC20250530023087,FAC20250530023087,Entertainment,English,Image,South America,2498,0,user_425813
FAC20250530023118,FAC20250530023118,Gaming,Korean,Image,North America,16897,1,user_207593
FAC20250530023133,FAC20250530023133,AI/ML,Spanish,Image,North America,385,0,user_387800
FAC20250530023142,FAC20250530023142,AI/ML,English,Video,North America,952,1,user_11899
FAC20250530023154,FAC20250530023154,Sports,English,Video,Europe,10064,1,user_80078
FAC20250530023158,FAC20250530023158,AI/ML,Korean,Link,Asia,40,0,user_65374
FAC20250530023181,FAC20250530023181,Gaming,Arabic,Text,North America,435,0,user_5194
FAC20250530023189,FAC20250530023189,Education,English,Text,North America,1,0,user_229526
FAC20250530023196,FAC20250530023196,Politics,Portuguese,Video,Asia,955,0,user_227136
FAC20250530023201,FAC20250530023201,Sports,English,Image,Asia,205,0,user_241364
FAC20250530023204,FAC20250530023204,Gaming,English,Text,South America,156,0,user_250943
FAC20250530023301,FAC20250530023301,Entertainment,English,Text,North America,3885,1,user_191239
FAC20250530023305,FAC20250530023305,Education,Japanese,Text,Asia,93,0,user_153677
FAC20250530023326,FAC20250530023326,Climate,English,Text,Asia,3459,0,user_276067
FAC20250530023334,FAC20250530023334,Entertainment,English,Video,Europe,196,0,user_437111
FAC20250530023335,FAC20250530023335,Climate,English,Video,Europe,461,0,user_186862
FAC20250530023348,FAC20250530023348,Business,English,Video,North America,2212,1,user_148142
FAC20250530023352,FAC20250530023352,AI/ML,English,Link,Europe,665,0,user_493582
FAC20250530023356,FAC20250530023356,Finance,English,Image,Europe,24,0,user_192014
FAC20250530023373,FAC20250530023373,Finance,English,Image,North America,132,0,user_394142
FAC20250530023396,FAC20250530023396,AI/ML,English,Image,Asia,587,0,user_476858
FAC20250530023408,FAC20250530023408,Entertainment,English,Video,Unknown,12340,1,user_6599
FAC20250530023427,FAC20250530023427,Science,English,Video,Oceania,603,0,user_288955
FAC20250530023451,FAC20250530023451,Entertainment,Portuguese,Image,Europe,482,0,user_390176
FAC20250530023452,FAC20250530023452,Gaming,Portuguese,Video,North America,549,0,user_333650
FAC20250530023458,FAC20250530023458,Fashion,Spanish,Image,South America,137,0,user_5154
FAC20250530023459,FAC20250530023459,Finance,English,Link,Unknown,7433,1,user_448872
FAC20250530023502,FAC20250530023502,Travel,German,Image,Asia,7726,1,user_291021
FAC20250530023598,FAC20250530023598,Science,German,Text,Asia,808,0,user_3822
FAC20250530023602,FAC20250530023602,Climate,English,Link,Asia,871,0,user_319085
FAC20250530023624,FAC20250530023624,Gaming,Spanish,Image,Asia,205,0,user_100095
FAC20250530023638,FAC20250530023638,Health,French,Video,North America,37,0,user_317194
FAC20250530023654,FAC20250530023654,AI/ML,Korean,Video,Asia,289,0,user_186358
FAC20250530023690,FAC20250530023690,Science,Japanese,Image,Africa,557,0,user_301318
FAC20250530023702,FAC20250530023702,Fashion,Chinese,Video,North America,259,0,user_375216
FAC20250530023741,FAC20250530023741,Travel,Chinese,Video,Europe,225,1,user_69173
FAC20250530023745,FAC20250530023745,AI/ML,Chinese,Link,North America,7578,0,user_117857
FAC20250530023781,FAC20250530023781,Travel,Portuguese,Link,North America,765,0,user_497750
FAC20250530023788,FAC20250530023788,Entertainment,Hindi,Video,Asia,5847,0,user_229737
FAC20250530023800,FAC20250530023800,Health,Spanish,Video,North America,269,0,user_38239
FAC20250530023801,FAC20250530023801,Climate,English,Text,Asia,17287,0,user_464961
FAC20250530023838,FAC20250530023838,Entertainment,English,Image,North America,29,0,user_225457
FAC20250530023847,FAC20250530023847,Gaming,English,Text,Europe,17563,0,user_309026
FAC20250530023859,FAC20250530023859,Travel,English,Poll,Europe,600,0,user_379582
FAC20250531023885,FAC20250531023885,Finance,Chinese,Text,Oceania,2717,0,user_448859
FAC20250531023888,FAC20250531023888,AI/ML,Portuguese,Image,Europe,2380,0,user_248789
FAC20250531023900,FAC20250531023900,Food,English,Text,North America,9481,0,user_384889
FAC20250531023914,FAC20250531023914,Sports,Spanish,Link,Europe,2689,0,user_8880
FAC20250531023971,FAC20250531023971,Sports,English,Link,Europe,360,0,user_123058
FAC20250601024002,FAC20250601024002,Climate,English,Text,Asia,3701,1,user_254612
FAC20250601024010,FAC20250601024010,AI/ML,English,Video,Europe,647,0,user_288250
FAC20250601024018,FAC20250601024018,Science,English,Text,Europe,2130,0,user_265751
FAC20250601024037,FAC20250601024037,Gaming,Korean,Link,North America,7559,0,user_259352
FAC20250601024052,FAC20250601024052,Business,Spanish,Text,Asia,32887,1,user_63256
FAC20250601024056,FAC20250601024056,Health,Spanish,Text,North America,2557,1,user_462480
FAC20250601024069,FAC20250601024069,Entertainment,English,Image,Asia,8,0,user_285310
FAC20250601024082,FAC20250601024082,Gaming,Spanish,Text,North America,1133,0,user_30841
FAC20250601024124,FAC20250601024124,Entertainment,English,Text,North America,52,0,user_261339
FAC20250601024144,FAC20250601024144,Education,Arabic,Text,North America,4675,0,user_453956
FAC20250601024164,FAC20250601024164,Education,English,Text,Africa,366,0,user_38570
FAC20250601024180,FAC20250601024180,Fashion,Arabic,Text,Europe,3980,0,user_452749
FAC20250601024226,FAC20250601024226,Business,English,Text,Asia,955,0,user_157638
FAC20250601024246,FAC20250601024246,AI/ML,English,Image,Asia,37,0,user_251108
FAC20250601024264,FAC20250601024264,Education,English,Video,Europe,424,0,user_362539
FAC20250601024272,FAC20250601024272,Science,English,Image,Asia,110,0,user_101602
FAC20250601024338,FAC20250601024338,Business,Spanish,Text,Europe,2057,0,user_475526
FAC20250601024352,FAC20250601024352,Health,French,Video,Europe,26848,1,user_294233
FAC20250601024356,FAC20250601024356,Health,Arabic,Image,North America,10179,0,user_269425
FAC20250601024384,FAC20250601024384,Entertainment,English,Image,Europe,1049,0,user_405699
FAC20250601024407,FAC20250601024407,Technology,English,Text,North America,930,0,user_499117
FAC20250601024446,FAC20250601024446,Technology,Korean,Image,Africa,109,0,user_310338
FAC20250601024500,FAC20250601024500,Sports,English,Image,Europe,827,0,user_354053
FAC20250601024514,FAC20250601024514,Entertainment,English,Text,South America,19997,1,user_158295
FAC20250601024527,FAC20250601024527,Climate,German,Video,Europe,53,0,user_99843
FAC20250601024537,FAC20250601024537,Entertainment,English,Image,Asia,86,0,user_80921
FAC20250601024584,FAC20250601024584,Technology,English,Text,Europe,2556,0,user_321309
FAC20250601024599,FAC20250601024599,Sports,French,Image,Europe,108174,1,user_189793
FAC20250601024600,FAC20250601024600,Technology,English,Link,Asia,846,0,user_210455
FAC20250601024605,FAC20250601024605,Fashion,Spanish,Image,North America,1670,0,user_405624
FAC20250601024615,FAC20250601024615,Business,Portuguese,Video,Africa,21,0,user_93107
FAC20250601024620,FAC20250601024620,Entertainment,English,Text,North America,171,0,user_341829
FAC20250601024633,FAC20250601024633,Sports,English,Text,South America,1656,0,user_462508
FAC20250601024646,FAC20250601024646,Business,English,Image,South America,31,0,user_154405
FAC20250601024654,FAC20250601024654,Technology,Portuguese,Text,South America,7,0,user_207816
FAC20250601024688,FAC20250601024688,Politics,English,Text,North America,658,0,user_383948
FAC20250601024689,FAC20250601024689,Fashion,English,Poll,Europe,1047,0,user_362922
FAC20250601024691,FAC20250601024691,Travel,Portuguese,Image,Europe,37364,1,user_407614
FAC20250601024702,FAC20250601024702,Entertainment,English,Link,North America,8284,0,user_287191
FAC20250601024731,FAC20250601024731,Education,Portuguese,Image,Europe,210,0,user_162443
FAC20250601024732,FAC20250601024732,Technology,Arabic,Video,Europe,54,0,user_403522
FAC20250601024775,FAC20250601024775,Sports,English,Video,Asia,644,0,user_305021
FAC20250601024779,FAC20250601024779,Politics,English,Video,North America,145,0,user_282291
FAC20250601024843,FAC20250601024843,Technology,English,Image,North America,3797,1,user_198161
FAC20250601024867,FAC20250601024867,Technology,English,Text,Asia,2091,0,user_160173
FAC20250601024871,FAC20250601024871,Politics,German,Image,South America,423,0,user_177199
FAC20250601024873,FAC20250601024873,Health,French,Text,South America,11635,0,user_234292
FAC20250601024910,FAC20250601024910,Education,English,Text,Asia,8,0,user_178667
FAC20250602024918,FAC20250602024918,Politics,English,Video,Asia,135,0,user_65513
FAC20250602024953,FAC20250602024953,Education,Japanese,Text,Europe,262,0,user_451586
FAC20250603024968,FAC20250603024968,Entertainment,English,Image,Asia,10131,1,user_401746
FAC20250603024971,FAC20250603024971,Climate,Hindi,Text,North America,65,0,user_83565
FAC20250603025029,FAC20250603025029,Travel,Arabic,Video,Asia,8614,1,user_266008
FAC20250603025041,FAC20250603025041,Entertainment,English,Poll,Asia,2055,0,user_261418
FAC20250603025045,FAC20250603025045,Technology,English,Text,Europe,443,0,user_118146
FAC20250603025047,FAC20250603025047,Education,English,Text,Unknown,2062,0,user_234805
FAC20250603025067,FAC20250603025067,Climate,English,Text,Asia,680,0,user_230956
FAC20250603025082,FAC20250603025082,Climate,English,Link,North America,939,0,user_238409
FAC20250603025095,FAC20250603025095,Education,English,Image,North America,2322,1,user_97265
FAC20250603025096,FAC20250603025096,AI/ML,Japanese,Image,North America,172,0,user_271330
FAC20250603025151,FAC20250603025151,Climate,Korean,Text,Europe,52018,1,user_373801
FAC20250603025172,FAC20250603025172,Climate,French,Text,Asia,7616,0,user_214938
FAC20250603025239,FAC20250603025239,Entertainment,Spanish,Text,North America,147,0,user_24662
FAC20250603025267,FAC20250603025267,Politics,French,Video,Europe,1005,0,user_217729
FAC20250603025274,FAC20250603025274,Fashion,Portuguese,Video,Asia,10133,0,user_231951
FAC20250603025288,FAC20250603025288,Science,French,Image,North America,329,0,user_385390
FAC20250603025310,FAC20250603025310,Fashion,English,Image,Asia,1070,0,user_144386
FAC20250603025321,FAC20250603025321,Technology,English,Text,Unknown,1225,0,user_20836
FAC20250603025339,FAC20250603025339,Science,Portuguese,Image,Asia,11,0,user_491872
FAC20250603025351,FAC20250603025351,Education,German,Image,North America,131,0,user_19213
FAC20250603025364,FAC20250603025364,Business,Spanish,Image,Asia,9956,0,user_192415
FAC20250603025377,FAC20250603025377,Health,Korean,Image,Asia,533,0,user_70293
FAC20250603025391,FAC20250603025391,AI/ML,English,Text,North America,108,0,user_340947
FAC20250604025455,FAC20250604025455,AI/ML,English,Image,North America,48,0,user_472899
FAC20250605025511,FAC20250605025511,Gaming,English,Text,Asia,8451,1,user_356437
FAC20250605025532,FAC20250605025532,Finance,Portuguese,Image,South America,5606,1,user_475265
FAC20250605025544,FAC20250605025544,Education,English,Image,North America,204,0,user_428691
FAC20250605025554,FAC20250605025554,Education,English,Image,North America,66,0,user_286417
FAC20250605025558,FAC20250605025558,Business,English,Text,North America,1056,0,user_150321
FAC20250605025579,FAC20250605025579,Education,Korean,Image,Europe,745,0,user_59815
FAC20250605025613,FAC20250605025613,AI/ML,Japanese,Image,Europe,18340,0,user_31288
FAC20250605025615,FAC20250605025615,Technology,Portuguese,Image,North America,2543,0,user_306600
FAC20250605025617,FAC20250605025617,Health,Portuguese,Text,Europe,1903,0,user_432151
FAC20250605025630,FAC20250605025630,Health,English,Text,Europe,3336,0,user_196873
FAC20250605025642,FAC20250605025642,Technology,Arabic,Image,North America,2001,1,user_374140
FAC20250605025644,FAC20250605025644,Entertainment,English,Link,Europe,115,0,user_227593
FAC20250605025664,FAC20250605025664,Science,English,Text,Unknown,84,0,user_277294
FAC20250605025667,FAC20250605025667,AI/ML,Portuguese,Video,North America,445,0,user_147951
FAC20250605025705,FAC20250605025705,Health,English,Video,Africa,354,0,user_460017
FAC20250605025723,FAC20250605025723,Technology,English,Video,Asia,15105,0,user_395003
FAC20250605025731,FAC20250605025731,Food,English,Text,Europe,2819,0,user_331316
FAC20250605025732,FAC20250605025732,Food,German,Image,Unknown,216,0,user_129167
FAC20250605025733,FAC20250605025733,Gaming,Portuguese,Video,Asia,17,0,user_311366
FAC20250605025738,FAC20250605025738,Technology,English,Image,Oceania,1123,0,user_84556
FAC20250605025750,FAC20250605025750,Technology,English,Text,North America,45,0,user_208584
FAC20250605025762,FAC20250605025762,Technology,English,Text,Europe,2875,0,user_160759
FAC20250605025797,FAC20250605025797,Climate,Korean,Image,Europe,1074,0,user_158953
FAC20250605025801,FAC20250605025801,Science,German,Text,Asia,974,0,user_154650
FAC20250605025848,FAC20250605025848,AI/ML,English,Video,North America,6693,0,user_494071
FAC20250605025851,FAC20250605025851,Fashion,Chinese,Text,Asia,167,0,user_128995
FAC20250605025969,FAC20250605025969,Technology,English,Image,Europe,280,0,user_110427
FAC20250605025993,FAC20250605025993,Food,English,Image,Europe,1348,1,user_105334
FAC20250605026037,FAC20250605026037,AI/ML,English,Text,Oceania,851,0,user_489858
FAC20250605026050,FAC20250605026050,Technology,English,Link,South America,3414,0,user_387659
FAC20250605026077,FAC20250605026077,Business,Spanish,Text,Africa,341,0,user_394153
FAC20250605026078,FAC20250605026078,Sports,Portuguese,Text,North America,555,0,user_303275
FAC20250605026087,FAC20250605026087,Science,English,Text,Asia,15026,0,user_110354
FAC20250605026157,FAC20250605026157,Fashion,Arabic,Text,Europe,3041,1,user_241839
FAC20250605026159,FAC20250605026159,Science,German,Video,Europe,47,0,user_92857
FAC20250605026173,FAC20250605026173,Climate,English,Text,North America,1268,0,user_190177
FAC20250605026174,FAC20250605026174,AI/ML,German,Poll,North America,298,0,user_461506
FAC20250605026178,FAC20250605026178,Finance,German,Text,Africa,724,0,user_270107
FAC20250605026181,FAC20250605026181,Politics,German,Text,North America,412,0,user_371116
FAC20250605026196,FAC20250605026196,Science,English,Video,Asia,292,0,user_164229
FAC20250605026206,FAC20250605026206,Sports,English,Image,Europe,14442,1,user_446436
FAC20250605026208,FAC20250605026208,Food,French,Image,Europe,272,0,user_355119
FAC20250605026225,FAC20250605026225,Education,Spanish,Text,North America,6977,1,user_194654
FAC20250605026231,FAC20250605026231,Travel,English,Text,Asia,377,0,user_212631
FAC20250605026247,FAC20250605026247,Gaming,English,Text,North America,433,0,user_394355
FAC20250605026262,FAC20250605026262,Science,Chinese,Image,Europe,4349,0,user_353399
FAC20250605026264,FAC20250605026264,Politics,Spanish,Video,North America,88,0,user_49260
FAC20250605026309,FAC20250605026309,Finance,English,Video,North America,8830,1,user_215039
FAC20250605026311,FAC20250605026311,Food,French,Link,North America,33,0,user_9395
FAC20250605026316,FAC20250605026316,Education,French,Text,North America,1754,0,user_457662
FAC20250605026319,FAC20250605026319,Fashion,Spanish,Image,North America,3786,1,user_291082
FAC20250605026399,FAC20250605026399,Climate,English,Poll,Asia,13,0,user_467697
FAC20250605026438,FAC20250605026438,Food,Spanish,Text,North America,391,0,user_97700
FAC20250605026448,FAC20250605026448,Travel,English,Video,North America,405,0,user_192574
FAC20250605026464,FAC20250605026464,Business,German,Image,North America,65,0,user_483343
FAC20250605026465,FAC20250605026465,Politics,English,Text,Asia,928,0,user_122311
FAC20250605026485,FAC20250605026485,Education,English,Text,Oceania,1951,0,user_329848
FAC20250605026487,FAC20250605026487,Science,English,Image,North America,78,0,user_150251
FAC20250605026488,FAC20250605026488,Science,German,Text,North America,1965,1,user_184002
FAC20250605026500,FAC20250605026500,Science,English,Video,Asia,28955,1,user_125811
FAC20250605026503,FAC20250605026503,Health,Arabic,Image,Asia,55,0,user_111653
FAC20250605026507,FAC20250605026507,Food,French,Image,North America,341,0,user_161197
FAC20250605026509,FAC20250605026509,Health,English,Poll,Europe,356,0,user_21513
FAC20250605026521,FAC20250605026521,Gaming,English,Video,Unknown,14,0,user_193084
FAC20250605026525,FAC20250605026525,Fashion,English,Image,Europe,232,0,user_140569
FAC20250605026530,FAC20250605026530,Finance,English,Text,North America,731,0,user_337925
FAC20250605026545,FAC20250605026545,Fashion,Portuguese,Image,Asia,2453,0,user_199157
FAC20250605026633,FAC20250605026633,Politics,Spanish,Video,Unknown,4442,0,user_141939
FAC20250605026667,FAC20250605026667,Technology,English,Link,North America,893,0,user_399008
FAC20250606026677,FAC20250606026677,Health,French,Link,Europe,29588,1,user_54872
FAC20250606026686,FAC20250606026686,Travel,English,Text,Asia,437,1,user_296107
FAC20250606026715,FAC20250606026715,Finance,Portuguese,Image,South America,243,0,user_197768
FAC20250606026726,FAC20250606026726,Science,Spanish,Image,Europe,5256,1,user_348896
FAC20250606026744,FAC20250606026744,Entertainment,English,Image,Asia,791,0,user_37115
FAC20250606026870,FAC20250606026870,Technology,English,Text,Europe,2061,0,user_332547
FAC20250606026875,FAC20250606026875,Science,Portuguese,Text,North America,2860,0,user_276374
FAC20250606026878,FAC20250606026878,Travel,English,Link,Europe,1112,0,user_232948
FAC20250606026880,FAC20250606026880,Fashion,Spanish,Text,North America,3455,0,user_481095
FAC20250606026915,FAC20250606026915,Travel,French,Text,Europe,354,0,user_134199
FAC20250606026932,FAC20250606026932,Fashion,Chinese,Text,Europe,128,0,user_402549
FAC20250606026939,FAC20250606026939,Food,English,Poll,North America,1829,0,user_238085
FAC20250606026957,FAC20250606026957,Politics,Hindi,Image,Africa,401974,1,user_289263
FAC20250606027024,FAC20250606027024,Education,English,Text,Europe,343,0,user_127048
FAC20250606027044,FAC20250606027044,Entertainment,Spanish,Video,North America,4995,1,user_240325
FAC20250606027048,FAC20250606027048,Business,English,Image,Africa,168,0,user_14062
FAC20250606027059,FAC20250606027059,AI/ML,English,Text,Europe,17963,1,user_325069
FAC20250606027070,FAC20250606027070,Food,English,Video,North America,1603,0,user_324829
FAC20250606027085,FAC20250606027085,Politics,English,Text,Europe,578,0,user_146905
FAC20250606027100,FAC20250606027100,Science,English,Image,Asia,1336,0,user_432017
FAC20250606027105,FAC20250606027105,Gaming,English,Image,Europe,3127,1,user_77308
FAC20250606027112,FAC20250606027112,Politics,English,Image,Europe,2420,1,user_231885
FAC20250606027125,FAC20250606027125,Technology,German,Text,Europe,179,0,user_334878
FAC20250606027133,FAC20250606027133,Sports,Hindi,Image,Asia,1101,0,user_3860
FAC20250606027148,FAC20250606027148,Science,English,Text,Europe,17057,1,user_457578
FAC20250606027184,FAC20250606027184,Entertainment,English,Image,Europe,3502,0,user_71219
FAC20250606027232,FAC20250606027232,Sports,German,Text,North America,227,0,user_115238
FAC20250606027261,FAC20250606027261,Travel,English,Link,Asia,38,0,user_166172
FAC20250607027273,FAC20250607027273,Business,English,Video,South America,3505,0,user_77969
FAC20250607027275,FAC20250607027275,Finance,Arabic,Text,Asia,169,0,user_83232
FAC20250607027292,FAC20250607027292,Fashion,German,Image,North America,539,1,user_54713
FAC20250607027310,FAC20250607027310,Science,Japanese,Text,Europe,201,0,user_441822
FAC20250607027335,FAC20250607027335,Finance,English,Text,Europe,1065,0,user_267562
FAC20250607027356,FAC20250607027356,Finance,English,Text,North America,139,0,user_418348
FAC20250607027391,FAC20250607027391,Climate,English,Link,North America,799,0,user_231883
FAC20250607027404,FAC20250607027404,Technology,English,Video,North America,307,0,user_264200
FAC20250607027407,FAC20250607027407,Travel,English,Image,North America,98,0,user_474027
FAC20250607027435,FAC20250607027435,Entertainment,English,Video,Asia,1164,0,user_80892
FAC20250607027471,FAC20250607027471,Food,English,Image,Europe,60,0,user_405960
FAC20250607027515,FAC20250607027515,Education,German,Link,Oceania,0,0,user_385967
FAC20250607027539,FAC20250607027539,Sports,English,Image,South America,620,0,user_73074
FAC20250607027596,FAC20250607027596,Fashion,Portuguese,Text,North America,250,0,user_15204
FAC20250607027618,FAC20250607027618,Gaming,English,Poll,Europe,2590,0,user_469587
FAC20250607027652,FAC20250607027652,AI/ML,Spanish,Text,Africa,345,0,user_120818
FAC20250607027658,FAC20250607027658,AI/ML,English,Video,Asia,687,0,user_59234
FAC20250607027687,FAC20250607027687,Climate,Korean,Text,North America,775,0,user_264657
FAC20250607027703,FAC20250607027703,Politics,Japanese,Text,North America,81,0,user_329225
FAC20250607027710,FAC20250607027710,Politics,French,Link,Europe,54,0,user_380608
FAC20250607027720,FAC20250607027720,AI/ML,Spanish,Image,Europe,249,0,user_2454
FAC20250607027744,FAC20250607027744,AI/ML,Spanish,Text,Asia,975,0,user_289720
FAC20250607027771,FAC20250607027771,Fashion,English,Image,Asia,66,0,user_495123
FAC20250607027780,FAC20250607027780,Food,Spanish,Image,Unknown,402,0,user_33323
FAC20250607027787,FAC20250607027787,Health,English,Image,Asia,3740,0,user_174728
FAC20250607027792,FAC20250607027792,Politics,French,Text,South America,143,0,user_190191
FAC20250607027796,FAC20250607027796,Fashion,English,Text,Europe,5496,0,user_462322
FAC20250607027819,FAC20250607027819,Business,Japanese,Video,North America,57567,1,user_339846
FAC20250607027826,FAC20250607027826,Education,English,Text,South America,263,0,user_405121
FAC20250607027827,FAC20250607027827,Gaming,Spanish,Video,North America,70,0,user_19593
FAC20250607027829,FAC20250607027829,Food,English,Text,Europe,259,0,user_410043
FAC20250607027887,FAC20250607027887,Food,English,Video,North America,2331,1,user_9908
FAC20250607027890,FAC20250607027890,Education,English,Video,North America,871,0,user_443596
FAC20250607027892,FAC20250607027892,Entertainment,English,Image,Asia,1309,0,user_174688
FAC20250607027902,FAC20250607027902,Science,French,Poll,Europe,470,0,user_399096
FAC20250607027912,FAC20250607027912,AI/ML,Spanish,Text,North America,207,0,user_408354
FAC20250607027919,FAC20250607027919,Sports,Spanish,Image,North America,386,0,user_269230
FAC20250607027927,FAC20250607027927,Travel,English,Image,North America,216,0,user_5602
FAC20250607027950,FAC20250607027950,Health,Portuguese,Video,Europe,33664,1,user_67857
FAC20250607027990,FAC20250607027990,Food,English,Link,North America,278,0,user_256659
FAC20250607027991,FAC20250607027991,Travel,English,Link,Oceania,113,0,user_85045
FAC20250607028039,FAC20250607028039,Health,Korean,Image,Europe,16,0,user_473016
FAC20250607028044,FAC20250607028044,Climate,English,Text,North America,1965,0,user_135132
FAC20250607028071,FAC20250607028071,Technology,Spanish,Link,Europe,3452,1,user_436589
FAC20250607028073,FAC20250607028073,Technology,French,Text,Unknown,116,0,user_493928
FAC20250607028080,FAC20250607028080,Science,English,Video,North America,891,0,user_362266
FAC20250607028104,FAC20250607028104,Entertainment,English,Image,Asia,29,0,user_331327
FAC20250607028106,FAC20250607028106,Health,English,Image,North America,127,0,user_416624
FAC20250607028127,FAC20250607028127,Entertainment,English,Video,North America,250,0,user_459795
FAC20250607028149,FAC20250607028149,Science,English,Video,Africa,569,0,user_126712
FAC20250607028177,FAC20250607028177,AI/ML,Portuguese,Poll,North America,151,0,user_219816
FAC20250607028198,FAC20250607028198,Politics,English,Link,North America,3808,1,user_52398
FAC20250607028210,FAC20250607028210,Business,Chinese,Poll,North America,23,0,user_50319
FAC20250607028212,FAC20250607028212,Climate,German,Link,North America,118,0,user_255298
FAC20250607028216,FAC20250607028216,Politics,Portuguese,Link,North America,10,0,user_294326
FAC20250607028230,FAC20250607028230,Fashion,English,Image,Asia,332,0,user_61265
FAC20250607028237,FAC20250607028237,Gaming,Korean,Text,Asia,714,0,user_6141
FAC20250607028242,FAC20250607028242,Gaming,French,Video,North America,633,0,user_249739
FAC20250607028252,FAC20250607028252,Business,Spanish,Poll,Europe,5821,0,user_228723
FAC20250607028270,FAC20250607028270,Science,Arabic,Image,Unknown,333,0,user_76848
FAC20250607028339,FAC20250607028339,Business,English,Text,North America,146,0,user_301501
FAC20250607028365,FAC20250607028365,Entertainment,English,Text,North America,531,0,user_334029
FAC20250607028382,FAC20250607028382,Food,French,Text,Europe,607,0,user_331977
FAC20250607028388,FAC20250607028388,Technology,English,Image,North America,22,0,user_37701
FAC20250607028390,FAC20250607028390,Climate,English,Image,Asia,173,0,user_391916
FAC20250607028418,FAC20250607028418,Education,Hindi,Video,North America,898,0,user_384373
FAC20250607028438,FAC20250607028438,Business,German,Link,South America,3151,1,user_14965
FAC20250607028452,FAC20250607028452,Science,Spanish,Video,Oceania,208,0,user_267992
FAC20250607028458,FAC20250607028458,Fashion,Arabic,Image,North America,5684,0,user_363594
FAC20250607028484,FAC20250607028484,Science,English,Link,Oceania,498,0,user_338446
FAC20250607028506,FAC20250607028506,Gaming,Portuguese,Poll,North America,17,0,user_13129
FAC20250607028507,FAC20250607028507,Gaming,Japanese,Image,North America,21,0,user_179887
FAC20250607028511,FAC20250607028511,Health,English,Text,Asia,184265,1,user_297796
FAC20250607028515,FAC20250607028515,Politics,English,Link,Europe,141,0,user_257896
FAC20250607028522,FAC20250607028522,Health,English,Text,Europe,80,0,user_272117
FAC20250607028524,FAC20250607028524,Politics,English,Video,North America,1228,0,user_85729
FAC20250607028571,FAC20250607028571,Education,French,Video,Europe,328,0,user_420280
FAC20250607028620,FAC20250607028620,Climate,Arabic,Video,Europe,69,0,user_444677
FAC20250607028627,FAC20250607028627,Entertainment,Chinese,Video,North America,1598,0,user_69312
FAC20250607028647,FAC20250607028647,Finance,Spanish,Image,North America,8176,1,user_309905
FAC20250607028656,FAC20250607028656,Sports,Hindi,Video,Asia,1,0,user_476242
FAC20250607028661,FAC20250607028661,Food,English,Text,North America,4606,0,user_73549
FAC20250607028663,FAC20250607028663,Entertainment,English,Text,Europe,1345,0,user_223232
FAC20250607028723,FAC20250607028723,Education,English,Text,North America,276,0,user_25863
FAC20250607028737,FAC20250607028737,Education,English,Text,Asia,1270,0,user_163244
FAC20250607028748,FAC20250607028748,Politics,Arabic,Image,Asia,238,0,user_482245
FAC20250607028774,FAC20250607028774,Sports,Japanese,Video,North America,1323,0,user_201465
FAC20250608028829,FAC20250608028829,Food,English,Link,Asia,63,0,user_7258
FAC20250608028854,FAC20250608028854,Entertainment,Chinese,Text,North America,6833,1,user_461372
FAC20250608028857,FAC20250608028857,Politics,Spanish,Poll,North America,7408,1,user_270474
FAC20250608028861,FAC20250608028861,Travel,English,Image,North America,105635,1,user_388115
FAC20250608028863,FAC20250608028863,Food,Arabic,Image,Europe,16797,1,user_357676
FAC20250608028873,FAC20250608028873,Business,Japanese,Video,North America,3781,0,user_19752
FAC20250608028898,FAC20250608028898,Food,English,Text,North America,102,0,user_222789
FAC20250608028920,FAC20250608028920,Travel,French,Text,Asia,58,0,user_118698
FAC20250608028939,FAC20250608028939,Fashion,Korean,Link,North America,1412,1,user_409877
FAC20250608028941,FAC20250608028941,Finance,English,Text,Africa,303,0,user_354227
FAC20250608028952,FAC20250608028952,Technology,English,Link,Europe,94,0,user_382106
FAC20250608028972,FAC20250608028972,Business,English,Video,Africa,3962,1,user_95631
FAC20250608028983,FAC20250608028983,Science,Spanish,Text,North America,6101,0,user_103857
FAC20250608028985,FAC20250608028985,Gaming,English,Image,Africa,29,0,user_103870
FAC20250609029046,FAC20250609029046,Politics,English,Image,North America,216,0,user_456388
FAC20250609029047,FAC20250609029047,Politics,English,Text,Europe,52,0,user_72610
FAC20250609029048,FAC20250609029048,Fashion,English,Image,Europe,4527,1,user_72326
FAC20250609029055,FAC20250609029055,AI/ML,Japanese,Video,North America,423,0,user_81161
FAC20250609029057,FAC20250609029057,AI/ML,English,Video,Asia,11192,1,user_292434
FAC20250609029098,FAC20250609029098,Food,Spanish,Text,Europe,2646,1,user_476580
FAC20250609029202,FAC20250609029202,Health,English,Text,North America,30,0,user_242348
FAC20250609029209,FAC20250609029209,Food,English,Poll,Asia,33,0,user_154241
FAC20250609029213,FAC20250609029213,Business,Spanish,Text,North America,1467,0,user_402790
FAC20250609029217,FAC20250609029217,Business,German,Text,Africa,19,0,user_136899
FAC20250609029222,FAC20250609029222,Education,Arabic,Video,North America,256,0,user_12337
FAC20250609029235,FAC20250609029235,Travel,English,Video,North America,1197,1,user_60719
FAC20250609029259,FAC20250609029259,Travel,French,Video,Europe,78,0,user_437916
FAC20250609029287,FAC20250609029287,Politics,English,Text,Europe,1232,0,user_99302
FAC20250609029330,FAC20250609029330,Business,Hindi,Text,Asia,1492,0,user_174087
FAC20250609029346,FAC20250609029346,Gaming,English,Text,Europe,317,0,user_463651
FAC20250609029360,FAC20250609029360,AI/ML,English,Poll,North America,2934,1,user_446267
FAC20250609029370,FAC20250609029370,Gaming,English,Text,North America,8018,1,user_45228
FAC20250609029429,FAC20250609029429,Gaming,English,Image,North America,42,0,user_322793
FAC20250609029451,FAC20250609029451,Travel,English,Text,Unknown,171,0,user_33454
FAC20250609029461,FAC20250609029461,Health,Spanish,Image,Oceania,1122,0,user_34419
FAC20250609029462,FAC20250609029462,Business,English,Poll,Unknown,4882,0,user_154127
FAC20250609029474,FAC20250609029474,Technology,Portuguese,Text,Europe,521,0,user_178070
FAC20250609029479,FAC20250609029479,Gaming,Korean,Text,South America,247,0,user_132971
FAC20250609029483,FAC20250609029483,Climate,English,Text,North America,1806,0,user_74448
FAC20250609029490,FAC20250609029490,Technology,English,Video,Europe,474,0,user_158016
FAC20250609029512,FAC20250609029512,Fashion,English,Video,Unknown,53,0,user_119728
FAC20250610029536,FAC20250610029536,Travel,Spanish,Image,Asia,17702,1,user_352358
FAC20250610029569,FAC20250610029569,AI/ML,English,Video,South America,816,0,user_126907
FAC20250610029580,FAC20250610029580,Finance,English,Image,Europe,817,0,user_468974
FAC20250610029606,FAC20250610029606,Health,English,Image,North America,612,0,user_342777
FAC20250610029677,FAC20250610029677,Entertainment,English,Link,Asia,27,0,user_394171
FAC20250610029682,FAC20250610029682,Politics,English,Image,North America,910,0,user_286204
FAC20250610029711,FAC20250610029711,Gaming,Spanish,Link,Asia,2948,0,user_221231
FAC20250610029736,FAC20250610029736,Fashion,French,Text,Asia,370,0,user_346253
FAC20250610029740,FAC20250610029740,Health,French,Text,North America,13641,0,user_47023
FAC20250610029792,FAC20250610029792,Business,Portuguese,Text,Asia,43,0,user_441400
FAC20250610029800,FAC20250610029800,Technology,English,Image,Europe,1278,0,user_313797
FAC20250612029856,FAC20250612029856,Food,English,Text,Europe,2919,0,user_277974
FAC20250612029859,FAC20250612029859,Fashion,Portuguese,Image,Europe,1254,0,user_215255
FAC20250612029873,FAC20250612029873,Sports,English,Image,Asia,97,0,user_113453
FAC20250612029915,FAC20250612029915,Travel,Spanish,Image,North America,865,0,user_236344
FAC20250613029932,FAC20250613029932,Fashion,Spanish,Text,Europe,112,0,user_300222
FAC20250613029944,FAC20250613029944,Technology,English,Video,North America,273,0,user_83504
FAC20250613029955,FAC20250613029955,Politics,Korean,Text,Asia,496,0,user_484827
FAC20250613029971,FAC20250613029971,Business,English,Video,South America,529,0,user_269778
FAC20250613030009,FAC20250613030009,Business,English,Text,Asia,568,0,user_228608
FAC20250613030017,FAC20250613030017,Sports,Portuguese,Video,Asia,1690,0,user_432775
FAC20250613030023,FAC20250613030023,Education,English,Link,North America,237,0,user_157894
FAC20250613030024,FAC20250613030024,Sports,English,Video,Asia,449,0,user_149670
FAC20250613030031,FAC20250613030031,Technology,Spanish,Image,Europe,133,0,user_297955
FAC20250613030039,FAC20250613030039,Entertainment,English,Text,Asia,58,0,user_437667
FAC20250613030074,FAC20250613030074,Travel,English,Text,Asia,130,0,user_205982
FAC20250613030077,FAC20250613030077,Food,Spanish,Image,North America,6755,0,user_182931
FAC20250613030089,FAC20250613030089,Health,English,Image,Asia,278,0,user_424730
FAC20250613030128,FAC20250613030128,Fashion,English,Image,Europe,2,0,user_424930
FAC20250613030129,FAC20250613030129,Travel,Arabic,Text,North America,661,0,user_138289
FAC20250613030162,FAC20250613030162,AI/ML,English,Image,Asia,6804,0,user_79287
FAC20250613030176,FAC20250613030176,Health,French,Video,North America,286,0,user_380689
FAC20250613030213,FAC20250613030213,Health,English,Text,Europe,323,0,user_213146
FAC20250613030233,FAC20250613030233,Health,French,Video,North America,3873,1,user_114332
FAC20250613030241,FAC20250613030241,Entertainment,English,Image,Asia,323,0,user_113510
FAC20250613030245,FAC20250613030245,Business,German,Link,Asia,5417,1,user_423783
FAC20250613030250,FAC20250613030250,Finance,English,Text,Europe,138,0,user_118129
FAC20250613030264,FAC20250613030264,Technology,Chinese,Text,North America,106,0,user_108211
FAC20250613030271,FAC20250613030271,Entertainment,English,Text,Asia,2516,0,user_260727
FAC20250613030273,FAC20250613030273,Fashion,English,Text,Europe,506,0,user_132219
FAC20250613030293,FAC20250613030293,Food,Portuguese,Video,Europe,139,0,user_308389
FAC20250613030304,FAC20250613030304,Technology,English,Text,North America,277,0,user_97959
FAC20250613030325,FAC20250613030325,Travel,English,Video,Europe,620,0,user_440810
FAC20250613030335,FAC20250613030335,Finance,English,Text,Europe,136,0,user_352936
FAC20250613030377,FAC20250613030377,AI/ML,Portuguese,Text,Europe,4149,0,user_40568
FAC20250613030442,FAC20250613030442,Climate,English,Video,South America,46,0,user_209197
FAC20250613030444,FAC20250613030444,Food,English,Text,North America,1661,0,user_229469
FAC20250613030472,FAC20250613030472,Travel,English,Image,Europe,223,0,user_157034
FAC20250613030479,FAC20250613030479,Fashion,English,Poll,Europe,5950,0,user_7048
FAC20250613030511,FAC20250613030511,Entertainment,English,Image,Europe,3707,0,user_198662
FAC20250613030516,FAC20250613030516,Climate,English,Text,South America,6628,0,user_207518
FAC20250613030552,FAC20250613030552,Finance,English,Text,Oceania,453,0,user_151052
FAC20250613030628,FAC20250613030628,Finance,English,Text,North America,425,0,user_13574
FAC20250613030644,FAC20250613030644,Business,English,Video,Asia,137,0,user_114480
FAC20250613030702,FAC20250613030702,Business,German,Text,Asia,430,0,user_232264
FAC20250613030712,FAC20250613030712,Technology,English,Image,Europe,1197,0,user_409984
FAC20250613030756,FAC20250613030756,Food,Spanish,Image,Europe,36,0,user_100731
FAC20250613030759,FAC20250613030759,Entertainment,English,Image,Europe,519,0,user_343906
FAC20250613030812,FAC20250613030812,Science,Portuguese,Link,Europe,977,0,user_253923
FAC20250613030829,FAC20250613030829,Business,English,Text,Europe,135,0,user_85413
FAC20250613030831,FAC20250613030831,Business,English,Text,Europe,53,0,user_48977
FAC20250613030844,FAC20250613030844,Food,English,Video,Asia,44,0,user_21926
FAC20250613030848,FAC20250613030848,Fashion,Spanish,Video,North America,499,0,user_350204
FAC20250613030852,FAC20250613030852,Technology,Spanish,Text,North America,313,0,user_80696
FAC20250613030868,FAC20250613030868,Technology,Spanish,Text,Asia,111278,1,user_96942
FAC20250613030901,FAC20250613030901,Business,English,Image,North America,2587,0,user_373381
FAC20250613030958,FAC20250613030958,Climate,French,Image,Asia,864,0,user_242379
FAC20250613031005,FAC20250613031005,Health,English,Text,Asia,322,0,user_452807
FAC20250613031011,FAC20250613031011,Food,French,Text,South America,133,0,user_93426
FAC20250613031013,FAC20250613031013,Food,English,Image,Europe,27,0,user_90896
FAC20250613031032,FAC20250613031032,Politics,English,Text,North America,2679,1,user_192804
FAC20250613031034,FAC20250613031034,Education,English,Link,North America,676,0,user_165511
FAC20250613031119,FAC20250613031119,Food,Portuguese,Video,Europe,274,0,user_444668
FAC20250613031151,FAC20250613031151,AI/ML,English,Image,North America,47,0,user_255482
FAC20250613031155,FAC20250613031155,Finance,Japanese,Image,Europe,1530,1,user_319217
FAC20250613031162,FAC20250613031162,Health,English,Image,Asia,2244,1,user_222521
FAC20250614031236,FAC20250614031236,Entertainment,English,Text,Oceania,68,0,user_31805
FAC20250614031243,FAC20250614031243,Climate,English,Text,Europe,6051,1,user_286309
FAC20250614031244,FAC20250614031244,Politics,English,Text,Asia,7159,0,user_114624
FAC20250614031274,FAC20250614031274,Business,English,Image,Oceania,2385,1,user_139300
FAC20250614031331,FAC20250614031331,Entertainment,English,Poll,Europe,476,0,user_326289
FAC20250614031332,FAC20250614031332,Health,English,Text,Unknown,619,0,user_263494
FAC20250614031364,FAC20250614031364,Politics,English,Text,Asia,393,0,user_319051
FAC20250614031377,FAC20250614031377,Travel,Korean,Link,Europe,145,0,user_19003
FAC20250614031379,FAC20250614031379,Science,English,Video,Asia,945,0,user_233284
FAC20250614031385,FAC20250614031385,Health,Spanish,Video,Europe,921,0,user_69490
FAC20250615031486,FAC20250615031486,Climate,English,Image,Asia,16,0,user_77686
FAC20250615031508,FAC20250615031508,Education,Portuguese,Image,Asia,622,0,user_489048
FAC20250615031515,FAC20250615031515,Health,Chinese,Poll,Africa,440,0,user_392526
FAC20250615031535,FAC20250615031535,Politics,English,Text,Europe,3245,1,user_125245
FAC20250615031578,FAC20250615031578,Politics,English,Text,Asia,202,0,user_356459
FAC20250615031624,FAC20250615031624,Education,Chinese,Text,Europe,7110,1,user_11989
FAC20250615031638,FAC20250615031638,Business,English,Text,Europe,858,0,user_476667
FAC20250615031645,FAC20250615031645,Science,Spanish,Poll,North America,913,0,user_255240
FAC20250615031672,FAC20250615031672,Finance,Japanese,Image,North America,553,0,user_488014
FAC20250615031692,FAC20250615031692,Gaming,English,Text,Europe,3321,0,user_267076
FAC20250615031704,FAC20250615031704,Climate,English,Image,North America,349,0,user_79400
FAC20250615031718,FAC20250615031718,Food,French,Link,Asia,4858,0,user_36194
FAC20250615031722,FAC20250615031722,Sports,English,Text,North America,1036,0,user_131372
FAC20250615031740,FAC20250615031740,Science,English,Video,North America,251,0,user_286318
FAC20250615031757,FAC20250615031757,Finance,Portuguese,Text,Asia,9,0,user_298910
FAC20250615031803,FAC20250615031803,Technology,English,Video,North America,8022,1,user_392793
FAC20250615031804,FAC20250615031804,Food,Hindi,Video,Europe,551,0,user_166453
FAC20250615031844,FAC20250615031844,Education,English,Text,Asia,104235,1,user_480199
FAC20250615031849,FAC20250615031849,Gaming,English,Text,South America,58,0,user_247505
FAC20250615031868,FAC20250615031868,Science,English,Poll,Asia,312,0,user_407892
FAC20250615031884,FAC20250615031884,Entertainment,Spanish,Video,Europe,137,0,user_487893
FAC20250615031894,FAC20250615031894,AI/ML,Portuguese,Text,Asia,114,0,user_414143
FAC20250615031895,FAC20250615031895,Sports,Chinese,Poll,Asia,362,0,user_371296
FAC20250615031923,FAC20250615031923,Finance,Japanese,Video,North America,3107,1,user_321388
FAC20250615031933,FAC20250615031933,Education,French,Video,Africa,90,0,user_269226
FAC20250615031988,FAC20250615031988,Gaming,English,Link,Asia,303,1,user_54702
FAC20250615032000,FAC20250615032000,Education,English,Image,Asia,875,0,user_165543
FAC20250615032001,FAC20250615032001,Technology,Spanish,Text,Europe,1520,0,user_115758
FAC20250615032012,FAC20250615032012,Climate,English,Link,Asia,992,0,user_162837
FAC20250616032023,FAC20250616032023,Education,Korean,Link,Asia,53,0,user_89970
FAC20250617032031,FAC20250617032031,Technology,Spanish,Text,North America,893,0,user_32450
FAC20250617032064,FAC20250617032064,Technology,French,Image,Africa,641,0,user_363653
FAC20250617032090,FAC20250617032090,Travel,English,Image,Europe,13,0,user_341732
FAC20250617032093,FAC20250617032093,Climate,Portuguese,Link,North America,4479,0,user_147138
FAC20250617032181,FAC20250617032181,Gaming,French,Video,North America,109,0,user_393772
FAC20250617032186,FAC20250617032186,AI/ML,Spanish,Link,Europe,4235,0,user_74787
FAC20250617032228,FAC20250617032228,Climate,English,Image,South America,255,0,user_290567
FAC20250617032244,FAC20250617032244,Food,French,Text,North America,651,0,user_405326
FAC20250617032253,FAC20250617032253,Fashion,Portuguese,Video,Asia,1501,0,user_338205
FAC20250617032258,FAC20250617032258,Science,English,Text,North America,262,0,user_48429
FAC20250617032263,FAC20250617032263,Climate,English,Video,Asia,540,0,user_95965
FAC20250617032269,FAC20250617032269,Climate,English,Text,North America,969,0,user_31546
FAC20250617032279,FAC20250617032279,Travel,French,Text,Europe,100,0,user_357117
FAC20250617032283,FAC20250617032283,Technology,Hindi,Image,Asia,3195,0,user_254904
FAC20250617032303,FAC20250617032303,Technology,English,Image,North America,17359,1,user_131718
FAC20250617032316,FAC20250617032316,Finance,Portuguese,Video,Europe,1517,0,user_166468
FAC20250617032323,FAC20250617032323,Sports,Portuguese,Video,South America,516,0,user_200487
FAC20250617032325,FAC20250617032325,Entertainment,English,Image,Asia,556,0,user_80025
FAC20250617032369,FAC20250617032369,Climate,Japanese,Image,Europe,6536,0,user_457803
FAC20250617032371,FAC20250617032371,Politics,English,Video,Europe,2878,0,user_282683
FAC20250617032385,FAC20250617032385,Climate,English,Video,Asia,8729,0,user_246744
FAC20250617032401,FAC20250617032401,Fashion,English,Image,Europe,2005,1,user_327571
FAC20250617032406,FAC20250617032406,Climate,Hindi,Text,Unknown,88,0,user_30175
FAC20250617032417,FAC20250617032417,Entertainment,Spanish,Video,Asia,1705,0,user_15978
FAC20250617032457,FAC20250617032457,Politics,English,Video,Europe,64,0,user_390147
FAC20250617032464,FAC20250617032464,Gaming,Arabic,Link,Africa,1833,0,user_273709
FAC20250617032519,FAC20250617032519,Food,English,Image,Europe,462,1,user_369627
FAC20250617032525,FAC20250617032525,Business,Portuguese,Text,North America,208,0,user_239102
FAC20250617032541,FAC20250617032541,Education,Spanish,Text,North America,71141,1,user_306526
FAC20250617032558,FAC20250617032558,Health,Arabic,Video,North America,5570,1,user_236786
FAC20250617032562,FAC20250617032562,Entertainment,English,Text,North America,3697,1,user_130828
FAC20250617032574,FAC20250617032574,Food,English,Text,Africa,8,0,user_415304
FAC20250617032581,FAC20250617032581,Gaming,English,Text,South America,155,0,user_298554
FAC20250617032588,FAC20250617032588,Health,English,Video,North America,431,0,user_221878
FAC20250617032604,FAC20250617032604,Fashion,English,Text,Asia,865,0,user_306992
FAC20250617032652,FAC20250617032652,Health,English,Image,North America,507,0,user_303562
FAC20250617032683,FAC20250617032683,Technology,Spanish,Video,North America,1972,0,user_452517
FAC20250617032718,FAC20250617032718,Finance,French,Image,Asia,48,0,user_437007
FAC20250617032726,FAC20250617032726,Business,English,Video,North America,371,1,user_56071
FAC20250617032729,FAC20250617032729,Entertainment,English,Text,Asia,1398,1,user_399937
FAC20250617032730,FAC20250617032730,Fashion,Spanish,Video,Asia,68,0,user_73559
FAC20250617032734,FAC20250617032734,AI/ML,Spanish,Image,North America,1170,0,user_96068
FAC20250617032735,FAC20250617032735,Politics,Japanese,Text,Europe,893,0,user_33444
FAC20250617032775,FAC20250617032775,Business,English,Image,Europe,10,0,user_134867
FAC20250617032800,FAC20250617032800,Food,English,Link,Africa,24883,1,user_481439
FAC20250617032802,FAC20250617032802,Politics,English,Text,North America,12957,1,user_400562
FAC20250617032804,FAC20250617032804,Climate,Spanish,Text,North America,254,0,user_411658
FAC20250617032805,FAC20250617032805,Finance,Spanish,Text,North America,303,0,user_248433
FAC20250617032814,FAC20250617032814,Politics,Spanish,Text,Africa,2211,0,user_498435
FAC20250617032830,FAC20250617032830,Education,Portuguese,Link,Europe,35,0,user_304978
FAC20250617032845,FAC20250617032845,Fashion,English,Video,Africa,558,0,user_2955
FAC20250617032864,FAC20250617032864,Fashion,English,Video,Europe,1483,0,user_13332
FAC20250617032880,FAC20250617032880,Fashion,English,Text,Europe,26517,1,user_389652
FAC20250617032919,FAC20250617032919,Technology,German,Image,Europe,1110,0,user_48820
FAC20250617032922,FAC20250617032922,Food,Spanish,Text,Europe,29414,1,user_388774
FAC20250617032948,FAC20250617032948,Business,English,Text,Asia,3050,0,user_406407
FAC20250617032953,FAC20250617032953,AI/ML,English,Image,Asia,3910,1,user_167620
FAC20250617032954,FAC20250617032954,Science,Spanish,Image,Europe,18,0,user_23096
FAC20250617032962,FAC20250617032962,Technology,English,Image,Asia,319,0,user_376961
FAC20250618033014,FAC20250618033014,Health,English,Video,Africa,1551,1,user_446204
FAC20250618033019,FAC20250618033019,Business,Japanese,Image,North America,98,0,user_48144
FAC20250618033032,FAC20250618033032,Sports,English,Video,Asia,3,0,user_78613
FAC20250618033052,FAC20250618033052,Finance,English,Video,Europe,431,0,user_456367
FAC20250618033057,FAC20250618033057,Sports,German,Poll,North America,2561,0,user_441369
FAC20250618033064,FAC20250618033064,Business,French,Image,Asia,131,0,user_493452
FAC20250618033066,FAC20250618033066,Sports,Portuguese,Image,Europe,87,0,user_306017
FAC20250618033081,FAC20250618033081,Politics,English,Image,Asia,288,0,user_22025
FAC20250618033097,FAC20250618033097,Business,Spanish,Text,Asia,5692,1,user_67299
FAC20250618033099,FAC20250618033099,Fashion,English,Image,Europe,419,0,user_97101
FAC20250618033116,FAC20250618033116,Food,English,Image,Unknown,1087,0,user_362799
FAC20250618033123,FAC20250618033123,Health,Portuguese,Poll,North America,1591,0,user_25539
FAC20250618033156,FAC20250618033156,Climate,English,Image,Asia,2375,1,user_235741
FAC20250618033167,FAC20250618033167,Fashion,English,Text,Asia,1628,1,user_193633
FAC20250619033198,FAC20250619033198,Entertainment,English,Poll,Europe,1470,1,user_81121
FAC20250619033211,FAC20250619033211,Business,Hindi,Text,Europe,29,0,user_178726
FAC20250619033277,FAC20250619033277,AI/ML,English,Video,Asia,3601,1,user_219858
FAC20250619033289,FAC20250619033289,Politics,Hindi,Image,Europe,9521,0,user_386560
FAC20250619033293,FAC20250619033293,Business,Spanish,Text,North America,859,0,user_19860
FAC20250619033322,FAC20250619033322,Science,French,Text,Europe,1351,0,user_7910
FAC20250619033330,FAC20250619033330,Sports,English,Video,North America,1811,1,user_30183
FAC20250619033356,FAC20250619033356,Fashion,English,Image,North America,151,0,user_95753
FAC20250619033375,FAC20250619033375,Travel,English,Image,South America,96,0,user_442262
FAC20250619033376,FAC20250619033376,AI/ML,French,Link,Europe,2982,1,user_294960
FAC20250619033383,FAC20250619033383,Travel,Spanish,Text,Europe,76,0,user_361436
FAC20250619033414,FAC20250619033414,Food,English,Poll,Unknown,608,0,user_266970
FAC20250619033439,FAC20250619033439,Food,English,Video,Oceania,1189,0,user_257787
FAC20250619033466,FAC20250619033466,Sports,Portuguese,Text,Europe,270,0,user_429639
FAC20250619033471,FAC20250619033471,AI/ML,English,Video,Europe,212,0,user_469834
FAC20250619033474,FAC20250619033474,Politics,English,Image,Europe,2881,0,user_76362
FAC20250619033481,FAC20250619033481,Food,English,Image,Asia,187,0,user_187491
FAC20250619033512,FAC20250619033512,Gaming,Korean,Image,Europe,5805,0,user_396850
FAC20250619033570,FAC20250619033570,Sports,Portuguese,Poll,Europe,277,0,user_408699
FAC20250619033602,FAC20250619033602,Travel,English,Text,Europe,165,1,user_368093
FAC20250619033603,FAC20250619033603,Finance,English,Text,North America,194,0,user_450955
FAC20250619033630,FAC20250619033630,Sports,English,Image,South America,32,0,user_158922
FAC20250619033635,FAC20250619033635,Food,English,Text,North America,1179,0,user_106623
FAC20250619033645,FAC20250619033645,Politics,English,Text,Asia,34,0,user_96053
FAC20250619033694,FAC20250619033694,Climate,Hindi,Video,North America,9,0,user_330972
FAC20250619033729,FAC20250619033729,Climate,Chinese,Video,North America,190,0,user_320274
FAC20250619033748,FAC20250619033748,Technology,English,Image,North America,1231,0,user_478756
FAC20250619033756,FAC20250619033756,Gaming,English,Link,North America,481,0,user_228960
FAC20250619033791,FAC20250619033791,Finance,English,Video,Asia,341,0,user_317134
FAC20250619033832,FAC20250619033832,Sports,Spanish,Video,Europe,1157,0,user_23590
FAC20250619033855,FAC20250619033855,Fashion,English,Text,Asia,1634,0,user_406379
FAC20250619033872,FAC20250619033872,Health,English,Image,Europe,25,0,user_320283
FAC20250619033879,FAC20250619033879,AI/ML,Portuguese,Video,Asia,736,0,user_343613
FAC20250619033892,FAC20250619033892,Fashion,English,Image,South America,497,1,user_159824
FAC20250619033948,FAC20250619033948,AI/ML,Portuguese,Video,South America,6479,1,user_44732
FAC20250619033950,FAC20250619033950,Entertainment,Spanish,Text,South America,35,0,user_423843
FAC20250619033954,FAC20250619033954,Climate,English,Poll,Asia,2058,0,user_75620
FAC20250619034002,FAC20250619034002,Technology,Japanese,Video,North America,235,0,user_357278
FAC20250619034040,FAC20250619034040,Health,Hindi,Video,Africa,278,0,user_178639
FAC20250619034076,FAC20250619034076,Climate,Spanish,Text,Africa,54,0,user_328185
FAC20250619034112,FAC20250619034112,Entertainment,Spanish,Image,Europe,49,0,user_369393
FAC20250619034127,FAC20250619034127,Food,Japanese,Text,Asia,87,0,user_369111
FAC20250619034144,FAC20250619034144,Entertainment,Korean,Link,North America,4483,1,user_116263
FAC20250619034213,FAC20250619034213,Entertainment,Japanese,Text,Europe,1823,0,user_168153
FAC20250619034230,FAC20250619034230,Science,English,Video,Europe,123,0,user_74247
FAC20250619034306,FAC20250619034306,Technology,English,Image,Asia,2341,0,user_286283
FAC20250619034328,FAC20250619034328,Finance,German,Image,Europe,7058,1,user_5294
FAC20250619034329,FAC20250619034329,Fashion,English,Text,Africa,1798,0,user_447279
FAC20250619034334,FAC20250619034334,Business,English,Text,Asia,188,0,user_469257
FAC20250619034342,FAC20250619034342,Finance,Spanish,Text,Europe,5074,0,user_360566
FAC20250620034370,FAC20250620034370,Science,Spanish,Image,North America,2513,0,user_148944
FAC20250621034488,FAC20250621034488,Education,Portuguese,Image,Asia,111,0,user_134608
FAC20250621034497,FAC20250621034497,Climate,English,Text,Asia,135,0,user_405639
FAC20250621034529,FAC20250621034529,Education,French,Link,North America,69,0,user_299662
FAC20250621034532,FAC20250621034532,Politics,English,Poll,Europe,65802,1,user_157435
FAC20250621034555,FAC20250621034555,Gaming,English,Image,Asia,93,0,user_375502
FAC20250621034559,FAC20250621034559,Climate,Spanish,Image,Asia,506,0,user_369796
FAC20250621034561,FAC20250621034561,Climate,Arabic,Text,Europe,1016,0,user_271574
FAC20250621034565,FAC20250621034565,Finance,English,Image,South America,48,0,user_318877
FAC20250621034579,FAC20250621034579,Science,Hindi,Image,Africa,91622,1,user_241110
FAC20250621034597,FAC20250621034597,Technology,English,Poll,Europe,1224,0,user_413912
FAC20250621034611,FAC20250621034611,Education,English,Text,Asia,1576,0,user_341992
FAC20250621034613,FAC20250621034613,Science,English,Text,South America,105687,1,user_424784
FAC20250621034636,FAC20250621034636,Education,French,Link,Asia,109,0,user_212213
FAC20250621034664,FAC20250621034664,Food,English,Video,North America,76,0,user_327214
FAC20250621034681,FAC20250621034681,Gaming,English,Text,North America,424,0,user_15216
FAC20250621034682,FAC20250621034682,Health,English,Text,North America,4166,1,user_140610
FAC20250621034692,FAC20250621034692,AI/ML,English,Image,Africa,296,1,user_28230
FAC20250621034696,FAC20250621034696,AI/ML,English,Link,North America,4362,0,user_20359
FAC20250623034716,FAC20250623034716,Education,English,Text,Europe,2296,0,user_257044
FAC20250623034721,FAC20250623034721,Education,English,Video,North America,360,0,user_193501
FAC20250623034755,FAC20250623034755,Sports,German,Video,Asia,780,0,user_300532
FAC20250623034767,FAC20250623034767,Science,English,Poll,North America,300,0,user_74907
FAC20250623034792,FAC20250623034792,Business,Portuguese,Image,Africa,2243,0,user_44614
FAC20250623034822,FAC20250623034822,Travel,English,Image,Asia,6,0,user_143217
FAC20250623034826,FAC20250623034826,AI/ML,English,Image,Asia,16,0,user_61769
FAC20250623034830,FAC20250623034830,Education,English,Video,Asia,251,0,user_255765
FAC20250624034890,FAC20250624034890,Gaming,English,Image,Asia,274,0,user_191962
FAC20250624034908,FAC20250624034908,Sports,Portuguese,Video,North America,14,0,user_268382
FAC20250624034917,FAC20250624034917,Fashion,English,Link,Europe,4721,0,user_493239
FAC20250624034937,FAC20250624034937,Climate,English,Image,Europe,5100,1,user_186210
FAC20250624034945,FAC20250624034945,Food,English,Text,North America,148,0,user_173673
FAC20250624034982,FAC20250624034982,Fashion,English,Text,Europe,98,0,user_405489
FAC20250624035001,FAC20250624035001,Travel,English,Text,North America,8966,0,user_275258
FAC20250624035007,FAC20250624035007,Science,English,Video,North America,182,0,user_130735
FAC20250624035044,FAC20250624035044,Entertainment,English,Image,Europe,943,0,user_444037
FAC20250624035059,FAC20250624035059,Business,English,Image,Asia,193,0,user_207264
FAC20250624035066,FAC20250624035066,AI/ML,French,Video,Europe,1366,0,user_491709
FAC20250624035082,FAC20250624035082,Sports,Spanish,Link,Europe,90,0,user_478484
FAC20250624035083,FAC20250624035083,Climate,Portuguese,Text,Asia,256,1,user_162014
FAC20250624035110,FAC20250624035110,Education,Portuguese,Link,North America,53,0,user_325402
FAC20250624035135,FAC20250624035135,Education,Portuguese,Text,Asia,512,0,user_95715
FAC20250624035155,FAC20250624035155,Education,English,Image,Africa,13276,1,user_88186
FAC20250624035157,FAC20250624035157,Education,Korean,Image,North America,500,1,user_453824
FAC20250624035187,FAC20250624035187,Sports,English,Image,North America,252,0,user_244446
FAC20250624035227,FAC20250624035227,Finance,English,Image,Europe,18449,1,user_302404
FAC20250624035231,FAC20250624035231,Politics,Portuguese,Video,Asia,15,0,user_86727
FAC20250624035232,FAC20250624035232,Technology,Portuguese,Image,Oceania,1042,0,user_330135
FAC20250624035246,FAC20250624035246,Sports,Spanish,Video,Asia,1634,0,user_239662
FAC20250624035277,FAC20250624035277,Finance,English,Video,North America,20,0,user_448737
FAC20250624035283,FAC20250624035283,Gaming,English,Image,Europe,1475,0,user_83348
FAC20250624035284,FAC20250624035284,Food,English,Image,Oceania,1490,1,user_407821
FAC20250624035329,FAC20250624035329,Climate,Spanish,Image,Africa,2287,0,user_59878
FAC20250624035334,FAC20250624035334,Food,English,Text,Unknown,42,0,user_69881
FAC20250624035349,FAC20250624035349,Technology,Portuguese,Text,North America,149,0,user_22596
FAC20250624035377,FAC20250624035377,Sports,German,Text,North America,58,0,user_226577
FAC20250624035381,FAC20250624035381,Business,English,Text,Unknown,17720,0,user_195234
FAC20250624035383,FAC20250624035383,Business,English,Image,Europe,227,0,user_407164
FAC20250624035395,FAC20250624035395,Finance,German,Text,South America,2375,0,user_97252
FAC20250624035396,FAC20250624035396,Gaming,Korean,Video,North America,48360,1,user_307729
FAC20250624035399,FAC20250624035399,Finance,Spanish,Video,North America,85,0,user_100508
FAC20250624035403,FAC20250624035403,Fashion,Hindi,Text,Europe,1060,0,user_169717
FAC20250624035416,FAC20250624035416,Gaming,Hindi,Link,Europe,126,0,user_355382
FAC20250624035434,FAC20250624035434,Education,Spanish,Video,Europe,538,0,user_12435
FAC20250625035472,FAC20250625035472,Technology,Spanish,Text,Unknown,14216,0,user_56494
FAC20250625035519,FAC20250625035519,Politics,Arabic,Image,Europe,31208,1,user_13081
FAC20250625035542,FAC20250625035542,Entertainment,English,Text,North America,83,0,user_343381
FAC20250625035563,FAC20250625035563,Business,English,Image,North America,10518,1,user_97205
FAC20250625035587,FAC20250625035587,Technology,English,Image,Asia,10841,0,user_294822
FAC20250625035588,FAC20250625035588,Politics,Arabic,Video,Asia,3244,1,user_495009
FAC20250625035611,FAC20250625035611,AI/ML,French,Text,Europe,426,0,user_432473
FAC20250625035612,FAC20250625035612,Politics,English,Text,Europe,847,0,user_23751
FAC20250625035630,FAC20250625035630,Travel,German,Video,Europe,4467,1,user_490723
FAC20250625035643,FAC20250625035643,AI/ML,Spanish,Image,Asia,25,0,user_464689
FAC20250625035664,FAC20250625035664,Food,Spanish,Text,Europe,732,0,user_253895
FAC20250625035684,FAC20250625035684,Health,English,Video,Asia,3683,0,user_143587
FAC20250625035695,FAC20250625035695,Gaming,Arabic,Video,Europe,913,0,user_269788
FAC20250625035697,FAC20250625035697,Food,French,Text,Europe,650,0,user_465841
FAC20250625035711,FAC20250625035711,Education,English,Text,South America,57,0,user_312760
FAC20250625035719,FAC20250625035719,Climate,English,Text,North America,881,0,user_371758
FAC20250625035723,FAC20250625035723,Gaming,English,Image,North America,7884,0,user_404920
FAC20250625035726,FAC20250625035726,Food,English,Image,Africa,125,0,user_41080
FAC20250625035731,FAC20250625035731,Sports,English,Image,Europe,419,0,user_308388
FAC20250625035741,FAC20250625035741,Fashion,English,Link,Europe,225,0,user_180309
FAC20250625035762,FAC20250625035762,Technology,Japanese,Image,Europe,129199,1,user_426551
FAC20250625035787,FAC20250625035787,Sports,Arabic,Text,Asia,1464,0,user_221671
FAC20250625035827,FAC20250625035827,Travel,English,Image,Europe,38,0,user_199000
FAC20250625035840,FAC20250625035840,Fashion,French,Text,Asia,236,0,user_216325
FAC20250625035876,FAC20250625035876,Sports,French,Image,North America,102,0,user_142679
FAC20250625035885,FAC20250625035885,Food,English,Text,Asia,62,0,user_393345
FAC20250625035886,FAC20250625035886,Fashion,Spanish,Image,North America,36,0,user_277521
FAC20250625035951,FAC20250625035951,Fashion,Arabic,Image,Africa,1517,0,user_223645
FAC20250625035978,FAC20250625035978,Fashion,Spanish,Text,North America,3119,0,user_216608
FAC20250625035983,FAC20250625035983,Business,English,Image,North America,2881,0,user_360176
FAC20250625035988,FAC20250625035988,Science,Japanese,Image,North America,16876,1,user_98023
FAC20250625035996,FAC20250625035996,AI/ML,English,Image,North America,1105,0,user_334265
FAC20250625036004,FAC20250625036004,Travel,German,Text,North America,117,0,user_391238
FAC20250625036005,FAC20250625036005,Travel,English,Text,South America,228,0,user_247106
FAC20250625036007,FAC20250625036007,Business,English,Text,North America,5342,0,user_216189
FAC20250625036032,FAC20250625036032,Gaming,French,Text,Europe,5575,0,user_300327
FAC20250625036043,FAC20250625036043,Politics,English,Text,North America,108,0,user_5533
FAC20250625036044,FAC20250625036044,Entertainment,English,Image,Asia,2327,0,user_197065
FAC20250625036045,FAC20250625036045,Politics,English,Video,Asia,189,0,user_428478
FAC20250625036050,FAC20250625036050,Education,Portuguese,Text,Asia,378,0,user_119826
FAC20250625036060,FAC20250625036060,Food,Hindi,Text,North America,918,0,user_208690
FAC20250625036091,FAC20250625036091,Gaming,English,Image,Europe,23458,1,user_254130
FAC20250625036112,FAC20250625036112,Finance,Korean,Video,Africa,167,0,user_22608
FAC20250625036124,FAC20250625036124,Technology,English,Image,Asia,8230,0,user_271665
FAC20250625036125,FAC20250625036125,Education,Hindi,Video,Europe,864,0,user_127423
FAC20250625036135,FAC20250625036135,Travel,Japanese,Text,North America,2,0,user_290895
FAC20250625036148,FAC20250625036148,Health,English,Link,Europe,56,0,user_381209
FAC20250625036158,FAC20250625036158,Finance,English,Image,Europe,111,0,user_31992
FAC20250625036185,FAC20250625036185,Politics,French,Image,South America,411,0,user_299435
FAC20250625036225,FAC20250625036225,Food,French,Image,Europe,333,0,user_387604
FAC20250625036226,FAC20250625036226,Entertainment,Spanish,Text,Europe,2049,0,user_471706
FAC20250625036241,FAC20250625036241,Technology,English,Video,North America,5995,1,user_354168
FAC20250625036282,FAC20250625036282,Science,Spanish,Image,Asia,196,0,user_73368
FAC20250625036296,FAC20250625036296,Business,French,Text,Asia,47,0,user_61672
FAC20250625036297,FAC20250625036297,Sports,Japanese,Image,North America,396,0,user_40451
FAC20250625036300,FAC20250625036300,Finance,Arabic,Image,Unknown,585,1,user_142304
FAC20250625036305,FAC20250625036305,Education,Hindi,Text,North America,48,0,user_443537
FAC20250625036346,FAC20250625036346,Fashion,Spanish,Video,Europe,11116,1,user_105099
FAC20250626036379,FAC20250626036379,Business,French,Image,North America,7743,0,user_170742
FAC20250626036386,FAC20250626036386,Education,Portuguese,Text,Europe,1070,0,user_377226
FAC20250626036410,FAC20250626036410,Technology,English,Text,North America,29,0,user_317123
FAC20250626036422,FAC20250626036422,Gaming,Korean,Image,North America,196,0,user_78270
FAC20250626036425,FAC20250626036425,Science,English,Text,Asia,389,0,user_227301
FAC20250626036465,FAC20250626036465,Climate,French,Video,Africa,1304,0,user_457487
FAC20250626036468,FAC20250626036468,Technology,English,Image,Europe,365,1,user_392653
FAC20250626036508,FAC20250626036508,Fashion,Arabic,Image,Europe,534,0,user_473699
FAC20250626036532,FAC20250626036532,Food,Chinese,Video,Africa,1040,0,user_170020
FAC20250627036613,FAC20250627036613,Education,English,Text,North America,1120,0,user_182923
FAC20250627036625,FAC20250627036625,Health,German,Image,South America,345,0,user_185914
FAC20250627036650,FAC20250627036650,Politics,Arabic,Image,Europe,45,0,user_107697
FAC20250627036712,FAC20250627036712,Entertainment,Spanish,Video,North America,1694,0,user_238709
FAC20250627036730,FAC20250627036730,Finance,English,Video,Asia,148,0,user_298410
FAC20250627036764,FAC20250627036764,Travel,English,Video,North America,102,0,user_353680
FAC20250627036792,FAC20250627036792,Business,Portuguese,Text,North America,2036,0,user_24406
FAC20250627036795,FAC20250627036795,Travel,Portuguese,Link,North America,682,0,user_247089
FAC20250627036813,FAC20250627036813,Entertainment,Spanish,Text,Asia,885,0,user_138720
FAC20250627036817,FAC20250627036817,AI/ML,English,Image,North America,1855,0,user_489193
FAC20250627036820,FAC20250627036820,Fashion,English,Text,North America,59816,0,user_227798
FAC20250627036824,FAC20250627036824,Science,English,Video,Europe,223,0,user_273332
FAC20250627036830,FAC20250627036830,Science,Japanese,Text,North America,2781,0,user_147596
FAC20250627036831,FAC20250627036831,Entertainment,Japanese,Image,Oceania,814,0,user_235717
FAC20250627036869,FAC20250627036869,Finance,English,Image,Europe,287,0,user_245433
FAC20250628036886,FAC20250628036886,Education,English,Text,Asia,131,0,user_55158
FAC20250629036921,FAC20250629036921,Technology,Portuguese,Poll,North America,131,0,user_158968
FAC20250629036948,FAC20250629036948,Education,English,Link,Europe,28,0,user_498848
FAC20250629036965,FAC20250629036965,Health,English,Image,Asia,135,0,user_58580
FAC20250629036976,FAC20250629036976,Fashion,English,Text,Asia,3290,0,user_386305
FAC20250629036979,FAC20250629036979,Travel,English,Image,North America,1161,0,user_346113
FAC20250629036983,FAC20250629036983,Gaming,Arabic,Image,North America,1261,1,user_402500
FAC20250629036984,FAC20250629036984,Politics,Portuguese,Video,Europe,77,0,user_315993
FAC20250629036995,FAC20250629036995,Fashion,English,Video,Europe,9289,1,user_374426
FAC20250629037013,FAC20250629037013,Travel,Hindi,Video,Oceania,174,0,user_319597
FAC20250629037044,FAC20250629037044,Fashion,English,Link,North America,2183,0,user_24841
FAC20250629037047,FAC20250629037047,Entertainment,Spanish,Text,North America,428,0,user_433199
FAC20250629037065,FAC20250629037065,Food,English,Video,Europe,352,0,user_225109
FAC20250629037106,FAC20250629037106,Politics,English,Image,North America,52,0,user_121696
FAC20250629037116,FAC20250629037116,Climate,English,Text,Asia,191,0,user_435136
FAC20250629037172,FAC20250629037172,Politics,English,Video,North America,1199,0,user_353327
FAC20250629037179,FAC20250629037179,Health,English,Link,North America,485,0,user_210025
FAC20250629037181,FAC20250629037181,Education,English,Text,Africa,200,0,user_454313
FAC20250629037203,FAC20250629037203,Gaming,French,Video,Africa,56,0,user_312192
FAC20250629037213,FAC20250629037213,Climate,English,Link,Oceania,85,0,user_295546
FAC20250629037235,FAC20250629037235,AI/ML,French,Text,Asia,3118,0,user_369567
FAC20250629037276,FAC20250629037276,Entertainment,English,Image,North America,122,0,user_59527
FAC20250629037304,FAC20250629037304,Fashion,English,Poll,Asia,55,0,user_384989
FAC20250629037356,FAC20250629037356,Finance,English,Video,Asia,8525,1,user_89936
FAC20250629037360,FAC20250629037360,Gaming,English,Text,North America,4459,0,user_301943
FAC20250629037387,FAC20250629037387,Finance,Portuguese,Poll,North America,36,0,user_340695
FAC20250629037413,FAC20250629037413,Education,French,Text,Asia,2194,0,user_245676
FAC20250630037443,FAC20250630037443,Education,Portuguese,Video,North America,1939,0,user_446393
FAC20250630037472,FAC20250630037472,Food,Spanish,Text,Asia,7263,0,user_71415
FAC20250630037477,FAC20250630037477,AI/ML,English,Link,Europe,6091,1,user_125910
FAC20250630037535,FAC20250630037535,Technology,English,Video,Europe,99,0,user_197015
FAC20250630037542,FAC20250630037542,AI/ML,Chinese,Text,Europe,26024,1,user_286252
FAC20250630037543,FAC20250630037543,Politics,English,Text,Europe,2926,0,user_178497
FAC20250630037555,FAC20250630037555,Education,English,Text,Asia,1653,0,user_101647
FAC20250630037566,FAC20250630037566,Finance,English,Video,Asia,106,0,user_458442
FAC20250630037572,FAC20250630037572,Education,Japanese,Image,Asia,433,1,user_267762
FAC20250630037608,FAC20250630037608,Gaming,German,Text,North America,2972,0,user_280880
FAC20250630037632,FAC20250630037632,Technology,Spanish,Link,Europe,1151,0,user_185869
FAC20250630037679,FAC20250630037679,Gaming,German,Image,Europe,406,0,user_294037
FAC20250630037690,FAC20250630037690,Gaming,Arabic,Image,Asia,20932,0,user_301314
FAC20250630037701,FAC20250630037701,Business,English,Link,Asia,287,0,user_53377
FAC20250630037710,FAC20250630037710,Food,English,Link,North America,100,0,user_80738
FAC20250630037711,FAC20250630037711,Entertainment,English,Text,Asia,424,0,user_159320
FAC20250630037712,FAC20250630037712,Sports,Portuguese,Text,North America,5420,0,user_336280
FAC20250630037832,FAC20250630037832,Finance,English,Link,North America,235,0,user_151493
FAC20250630037852,FAC20250630037852,Climate,English,Image,Oceania,132,0,user_234125
FAC20250630037854,FAC20250630037854,Fashion,English,Text,North America,43,0,user_106103
FAC20250630037868,FAC20250630037868,Travel,English,Text,North America,2240,0,user_318395
FAC20250630037873,FAC20250630037873,AI/ML,English,Video,Europe,1040,0,user_386930
FAC20250630037877,FAC20250630037877,Science,English,Image,South America,142,0,user_469258
FAC20250630037902,FAC20250630037902,AI/ML,English,Image,Europe,30,0,user_330666
FAC20250630037918,FAC20250630037918,Fashion,English,Image,North America,9838,0,user_437093
FAC20250630037925,FAC20250630037925,Business,English,Text,Europe,116,0,user_84637
FAC20250630037926,FAC20250630037926,Health,Spanish,Text,North America,31017,1,user_158964
FAC20250630037929,FAC20250630037929,Business,English,Video,North America,2891,1,user_209158
FAC20250630037930,FAC20250630037930,Health,English,Video,Europe,482,0,user_329768
FAC20250630037967,FAC20250630037967,Politics,Spanish,Text,Oceania,3202,1,user_135444
FAC20250630037989,FAC20250630037989,Technology,English,Text,Oceania,172,0,user_297596
FAC20250630038035,FAC20250630038035,Education,English,Image,Asia,1219,1,user_210310
FAC20250630038072,FAC20250630038072,Business,Spanish,Text,Europe,1902,1,user_471751
FAC20250630038116,FAC20250630038116,Sports,Spanish,Text,Europe,31,0,user_64153
FAC20250630038129,FAC20250630038129,Politics,Korean,Image,North America,27,0,user_190796
FAC20250630038131,FAC20250630038131,Travel,Korean,Poll,Asia,1665,0,user_137232
FAC20250630038141,FAC20250630038141,Science,English,Text,North America,146,0,user_248404
FAC20250630038147,FAC20250630038147,Health,English,Image,Asia,3421,1,user_277928
FAC20250630038172,FAC20250630038172,Gaming,English,Text,Asia,53,0,user_234717
FAC20250630038180,FAC20250630038180,Sports,Spanish,Link,Europe,1909,1,user_353890
FAC20250630038195,FAC20250630038195,Travel,English,Text,Asia,9263,1,user_366425
FAC20250630038208,FAC20250630038208,Education,English,Image,North America,639,0,user_37727
FAC20250630038217,FAC20250630038217,Fashion,Spanish,Text,Asia,2200,0,user_113301
FAC20250630038224,FAC20250630038224,Fashion,English,Video,Europe,65,0,user_172847
FAC20250630038308,FAC20250630038308,Gaming,Chinese,Text,North America,14450,0,user_78509
FAC20250630038312,FAC20250630038312,Travel,Arabic,Video,North America,290,0,user_255007
FAC20250630038315,FAC20250630038315,Fashion,Spanish,Image,Europe,96,0,user_335143
FAC20250630038332,FAC20250630038332,AI/ML,English,Text,Oceania,374,0,user_228912
FAC20250630038363,FAC20250630038363,Climate,French,Video,Europe,1125,0,user_464675
FAC20250630038380,FAC20250630038380,AI/ML,Spanish,Image,Europe,863,0,user_309350
FAC20250630038407,FAC20250630038407,Climate,Portuguese,Video,Asia,315,0,user_45006
FAC20250630038410,FAC20250630038410,Finance,Japanese,Image,Europe,7647,0,user_182244
FAC20250630038430,FAC20250630038430,Science,French,Image,North America,979,0,user_497124
FAC20250630038444,FAC20250630038444,Business,English,Text,Asia,1562,0,user_43548
FAC20250630038445,FAC20250630038445,AI/ML,Chinese,Text,South America,243,0,user_319265
FAC20250630038479,FAC20250630038479,Climate,English,Poll,Europe,1722,0,user_449036
FAC20250630038485,FAC20250630038485,Education,English,Link,Europe,773,0,user_344781
FAC20250630038504,FAC20250630038504,Travel,English,Text,Asia,1155,0,user_445491
FAC20250630038509,FAC20250630038509,Fashion,English,Image,Asia,81,0,user_496353
FAC20250630038511,FAC20250630038511,Science,English,Text,Asia,1091,0,user_396494
FAC20250630038583,FAC20250630038583,Gaming,French,Text,Asia,4044,0,user_492055
FAC20250630038616,FAC20250630038616,Finance,French,Video,Asia,3400,1,user_498466
FAC20250630038648,FAC20250630038648,Travel,English,Image,Asia,2240,0,user_83589
FAC20250630038657,FAC20250630038657,Politics,Korean,Image,North America,103,0,user_355946
FAC20250630038658,FAC20250630038658,Education,English,Image,Asia,6,0,user_257001
FAC20250630038685,FAC20250630038685,Finance,English,Text,Asia,197,0,user_90712
FAC20250630038735,FAC20250630038735,Food,Spanish,Image,Europe,10,0,user_64277
FAC20250630038763,FAC20250630038763,Food,English,Image,North America,260,0,user_196035
FAC20250630038770,FAC20250630038770,Politics,Hindi,Text,Asia,19909,1,user_50847
FAC20250630038786,FAC20250630038786,Travel,French,Text,North America,59,0,user_340184
FAC20250630038800,FAC20250630038800,Climate,English,Text,North America,1936,0,user_434313
FAC20250630038824,FAC20250630038824,Climate,English,Text,Asia,31560,1,user_476261
FAC20250630038833,FAC20250630038833,Business,English,Video,North America,2425,0,user_424635
FAC20250630038878,FAC20250630038878,Climate,English,Video,North America,1979,0,user_395036
FAC20250701038955,FAC20250701038955,Sports,English,Image,Europe,2485,0,user_29807
FAC20250701038971,FAC20250701038971,Gaming,English,Image,South America,77,0,user_146969
FAC20250701038991,FAC20250701038991,Fashion,Portuguese,Link,Europe,497,0,user_206248
FAC20250701039001,FAC20250701039001,Finance,Spanish,Image,North America,3539,1,user_183531
FAC20250701039011,FAC20250701039011,Politics,Spanish,Text,South America,291,0,user_411483
FAC20250701039035,FAC20250701039035,Travel,English,Text,Europe,121,0,user_489391
FAC20250701039038,FAC20250701039038,AI/ML,Japanese,Text,North America,452,0,user_468531
FAC20250701039052,FAC20250701039052,Finance,English,Image,Oceania,6172,0,user_32482
FAC20250701039062,FAC20250701039062,Food,Chinese,Text,Europe,3538,0,user_72575
FAC20250701039063,FAC20250701039063,Entertainment,English,Text,South America,409,0,user_90929
FAC20250701039079,FAC20250701039079,Politics,Hindi,Poll,Asia,219,0,user_439310
FAC20250701039109,FAC20250701039109,AI/ML,Portuguese,Poll,North America,130,0,user_235265
FAC20250701039117,FAC20250701039117,Entertainment,English,Image,North America,2505,0,user_97801
FAC20250701039118,FAC20250701039118,Gaming,Japanese,Image,North America,2155,0,user_489672
FAC20250701039126,FAC20250701039126,Sports,Arabic,Text,North America,9136,1,user_209462
FAC20250701039133,FAC20250701039133,Finance,English,Link,Europe,2162,0,user_413881
FAC20250701039160,FAC20250701039160,AI/ML,Chinese,Link,South America,2784,0,user_234144
FAC20250701039165,FAC20250701039165,Finance,English,Text,South America,28,0,user_142946
FAC20250701039190,FAC20250701039190,Health,English,Text,Africa,158,0,user_387096
FAC20250701039195,FAC20250701039195,Politics,English,Text,Asia,1562,0,user_485491
FAC20250701039196,FAC20250701039196,Politics,Japanese,Image,Europe,370,0,user_145298
FAC20250701039203,FAC20250701039203,Education,English,Image,Asia,667,0,user_253340
FAC20250701039240,FAC20250701039240,Health,English,Image,North America,2696,0,user_221592
FAC20250701039275,FAC20250701039275,Business,Hindi,Poll,Asia,828,0,user_125803
FAC20250701039276,FAC20250701039276,Technology,English,Video,Asia,16341,1,user_70223
FAC20250701039297,FAC20250701039297,Food,English,Text,Asia,11,0,user_236335
FAC20250701039329,FAC20250701039329,Science,German,Link,North America,751,0,user_303307
FAC20250701039401,FAC20250701039401,Travel,English,Image,North America,230,0,user_222882
FAC20250701039408,FAC20250701039408,Technology,English,Video,North America,3257,0,user_449402
FAC20250701039413,FAC20250701039413,Science,English,Link,Europe,53134,1,user_416341
FAC20250701039417,FAC20250701039417,Science,English,Link,Unknown,68179,1,user_82295
FAC20250701039426,FAC20250701039426,Climate,English,Text,Unknown,288,0,user_68282
FAC20250701039427,FAC20250701039427,AI/ML,German,Text,Europe,891,1,user_384288
FAC20250701039431,FAC20250701039431,Climate,English,Text,Asia,279,0,user_77414
FAC20250701039452,FAC20250701039452,Food,Spanish,Text,Asia,8783,0,user_258656
FAC20250701039479,FAC20250701039479,Health,Spanish,Text,Europe,14328,1,user_208383
FAC20250701039493,FAC20250701039493,Fashion,English,Video,Asia,6109,1,user_375624
FAC20250701039505,FAC20250701039505,Travel,Korean,Text,Asia,12040,0,user_180869
FAC20250701039525,FAC20250701039525,Science,English,Text,North America,1242,0,user_314286
FAC20250701039535,FAC20250701039535,Business,Spanish,Video,Europe,1418,1,user_97277
FAC20250701039539,FAC20250701039539,Business,German,Text,North America,465,0,user_86266
FAC20250702039568,FAC20250702039568,Technology,English,Video,North America,740,0,user_418076
FAC20250702039571,FAC20250702039571,Finance,Portuguese,Text,Asia,2381,0,user_214138
FAC20250702039587,FAC20250702039587,Travel,English,Text,Asia,125,1,user_151169
FAC20250703039591,FAC20250703039591,Entertainment,Chinese,Video,Unknown,23951,0,user_28127
FAC20250703039618,FAC20250703039618,Science,English,Image,South America,9998,0,user_56192
FAC20250704039652,FAC20250704039652,Sports,English,Video,Europe,37972,1,user_93351
FAC20250704039663,FAC20250704039663,Travel,English,Link,North America,159,0,user_494511
FAC20250704039679,FAC20250704039679,Travel,Japanese,Video,Europe,1036,0,user_275399
FAC20250704039680,FAC20250704039680,Food,German,Video,Asia,218,0,user_409160
FAC20250704039695,FAC20250704039695,Health,Spanish,Image,Asia,77,0,user_308375
FAC20250704039700,FAC20250704039700,Sports,Portuguese,Text,North America,327,0,user_177947
FAC20250704039706,FAC20250704039706,Education,Spanish,Text,Asia,4858,1,user_276339
FAC20250704039717,FAC20250704039717,Climate,English,Video,Europe,95,0,user_450683
FAC20250704039721,FAC20250704039721,Travel,Portuguese,Text,Unknown,550,0,user_40538
FAC20250704039725,FAC20250704039725,Education,English,Text,Asia,418,1,user_92224
FAC20250705039766,FAC20250705039766,Health,Korean,Link,Asia,4047,1,user_103286
FAC20250705039775,FAC20250705039775,Food,Spanish,Image,Asia,171,0,user_172263
FAC20250705039787,FAC20250705039787,Gaming,English,Text,Europe,160,0,user_281337
FAC20250705039798,FAC20250705039798,Technology,German,Text,Asia,10202,1,user_15664
FAC20250705039809,FAC20250705039809,Fashion,English,Image,Asia,3162,1,user_190203
FAC20250705039841,FAC20250705039841,Business,English,Image,North America,41416,0,user_21524
FAC20250705039847,FAC20250705039847,Climate,French,Text,Asia,212,0,user_375624
FAC20250705039850,FAC20250705039850,Finance,English,Text,Europe,896,1,user_47462
FAC20250705039851,FAC20250705039851,Sports,Spanish,Link,North America,11815,1,user_81413
FAC20250705039872,FAC20250705039872,Science,English,Image,North America,15,0,user_340164
FAC20250705039874,FAC20250705039874,Technology,Spanish,Video,North America,3120,0,user_72942
FAC20250705039940,FAC20250705039940,Fashion,French,Image,North America,939,0,user_280936
FAC20250705039950,FAC20250705039950,Fashion,English,Image,Europe,1177,0,user_211660
FAC20250705039965,FAC20250705039965,AI/ML,English,Link,Asia,38,0,user_449118
FAC20250705039975,FAC20250705039975,Food,English,Image,Oceania,21,0,user_38510
FAC20250705039993,FAC20250705039993,Science,Spanish,Text,Europe,670,0,user_177308
FAC20250705040051,FAC20250705040051,Business,English,Text,Asia,848,0,user_250675
FAC20250705040077,FAC20250705040077,Science,English,Text,North America,25,0,user_84538
FAC20250705040080,FAC20250705040080,Entertainment,English,Link,North America,1949,1,user_429973
FAC20250705040187,FAC20250705040187,Entertainment,English,Video,Unknown,16649,1,user_137063
FAC20250705040194,FAC20250705040194,Business,English,Link,North America,219,0,user_299428
FAC20250705040204,FAC20250705040204,Fashion,Arabic,Image,North America,953,0,user_141691
FAC20250705040214,FAC20250705040214,Technology,Japanese,Text,Asia,107,0,user_19223
FAC20250705040251,FAC20250705040251,Gaming,English,Video,Asia,41,0,user_70621
FAC20250705040258,FAC20250705040258,Gaming,Korean,Video,Asia,4283,0,user_254651
FAC20250705040272,FAC20250705040272,Entertainment,English,Text,Europe,33,0,user_169330
FAC20250705040287,FAC20250705040287,Fashion,German,Image,North America,203,0,user_43626
FAC20250705040305,FAC20250705040305,Entertainment,English,Image,Europe,86,0,user_498098
FAC20250705040338,FAC20250705040338,Fashion,Spanish,Image,North America,150,0,user_106832
FAC20250705040339,FAC20250705040339,Science,Korean,Image,Europe,616,0,user_496548
FAC20250705040363,FAC20250705040363,Technology,English,Text,Europe,744,0,user_338255
FAC20250705040370,FAC20250705040370,Technology,English,Text,North America,6315,0,user_324790
FAC20250705040373,FAC20250705040373,Technology,Spanish,Image,Asia,567,0,user_416823
FAC20250705040396,FAC20250705040396,AI/ML,English,Text,Asia,231,0,user_209653
FAC20250705040406,FAC20250705040406,Entertainment,English,Video,Europe,388,0,user_468788
FAC20250705040407,FAC20250705040407,Sports,English,Video,Europe,44,0,user_155463
FAC20250705040426,FAC20250705040426,Food,Portuguese,Image,Africa,54,0,user_224964
FAC20250705040434,FAC20250705040434,Travel,French,Image,Europe,59983,1,user_210746
FAC20250705040450,FAC20250705040450,Fashion,English,Link,Asia,1356,0,user_61154
FAC20250705040461,FAC20250705040461,Politics,Arabic,Text,Asia,713,0,user_316350
FAC20250705040475,FAC20250705040475,Business,Korean,Video,Europe,59,0,user_480200
FAC20250705040488,FAC20250705040488,Gaming,Hindi,Image,North America,1211,0,user_370777
FAC20250705040518,FAC20250705040518,Climate,English,Image,Europe,25,0,user_124417
FAC20250705040545,FAC20250705040545,Business,Spanish,Image,Asia,474,0,user_451245
FAC20250705040550,FAC20250705040550,Sports,Spanish,Video,North America,200,0,user_264096
FAC20250705040615,FAC20250705040615,Technology,English,Video,Asia,353,0,user_112176
FAC20250705040623,FAC20250705040623,Finance,Chinese,Image,North America,174,0,user_70051
FAC20250705040641,FAC20250705040641,Technology,English,Image,Europe,16280,1,user_447946
FAC20250705040709,FAC20250705040709,Politics,English,Text,Europe,51,0,user_59676
FAC20250705040741,FAC20250705040741,Business,French,Link,North America,21,0,user_416318
FAC20250705040763,FAC20250705040763,Food,Japanese,Link,South America,1649,0,user_439357
FAC20250705040863,FAC20250705040863,AI/ML,English,Link,Europe,82662,0,user_477615
FAC20250705040891,FAC20250705040891,Politics,English,Video,Europe,30,0,user_379548
FAC20250705040894,FAC20250705040894,Technology,English,Video,North America,102,0,user_172229
FAC20250705040932,FAC20250705040932,Travel,English,Text,Asia,161,0,user_485665
FAC20250705040941,FAC20250705040941,Food,English,Image,North America,1300,0,user_407455
FAC20250705040954,FAC20250705040954,Gaming,Portuguese,Video,Oceania,1875,0,user_406403
FAC20250705040958,FAC20250705040958,Travel,English,Image,Asia,267,0,user_157192
FAC20250705040959,FAC20250705040959,Finance,English,Text,Asia,901,1,user_180684
FAC20250705040962,FAC20250705040962,Health,French,Video,North America,717,0,user_11109
FAC20250705040967,FAC20250705040967,Education,Portuguese,Poll,Europe,1892,0,user_154211
FAC20250705040973,FAC20250705040973,Technology,English,Poll,North America,255,0,user_340246
FAC20250705040978,FAC20250705040978,Fashion,English,Image,South America,367,0,user_114509
FAC20250705040984,FAC20250705040984,Education,English,Video,Unknown,314,0,user_358508
FAC20250705040987,FAC20250705040987,Business,English,Link,South America,39,0,user_360493
FAC20250705040999,FAC20250705040999,Health,English,Text,North America,749,0,user_148667
FAC20250705041001,FAC20250705041001,Gaming,English,Text,Europe,1375,0,user_489166
FAC20250705041026,FAC20250705041026,Business,English,Text,Europe,200410,1,user_460545
FAC20250705041036,FAC20250705041036,AI/ML,English,Text,North America,1832,0,user_292556
FAC20250705041041,FAC20250705041041,Gaming,English,Video,North America,498,0,user_388782
FAC20250705041044,FAC20250705041044,Fashion,German,Video,Europe,460,0,user_58737
FAC20250705041050,FAC20250705041050,Food,Portuguese,Text,Europe,1216,0,user_250723
FAC20250705041052,FAC20250705041052,Entertainment,English,Image,Unknown,86,0,user_381459
FAC20250705041053,FAC20250705041053,Technology,English,Image,North America,793,0,user_89817
FAC20250705041062,FAC20250705041062,Education,English,Text,Europe,196,0,user_24174
FAC20250705041075,FAC20250705041075,Gaming,English,Text,North America,4949,0,user_143774
FAC20250705041110,FAC20250705041110,Politics,English,Image,South America,9152,0,user_79397
FAC20250705041133,FAC20250705041133,Finance,English,Text,North America,153,0,user_353028
FAC20250705041162,FAC20250705041162,Travel,English,Link,Asia,2347,0,user_378841
FAC20250705041185,FAC20250705041185,Technology,English,Link,Asia,43299,1,user_152614
FAC20250705041254,FAC20250705041254,Food,English,Image,Europe,160,0,user_331352
FAC20250705041296,FAC20250705041296,Fashion,English,Text,Asia,199,0,user_450949
FAC20250705041303,FAC20250705041303,Gaming,English,Video,Europe,686,0,user_326418
FAC20250705041308,FAC20250705041308,Fashion,French,Video,Europe,1753,0,user_322048
FAC20250705041345,FAC20250705041345,Food,English,Image,Africa,33,0,user_142779
FAC20250705041357,FAC20250705041357,Education,English,Image,North America,89,0,user_357003
FAC20250705041358,FAC20250705041358,Climate,French,Text,North America,10658,0,user_465249
FAC20250705041362,FAC20250705041362,Fashion,English,Video,Asia,556,0,user_129305
FAC20250705041387,FAC20250705041387,AI/ML,English,Poll,Asia,85,0,user_70487
FAC20250705041424,FAC20250705041424,Education,English,Video,North America,2,0,user_97191
FAC20250705041426,FAC20250705041426,Fashion,English,Text,Asia,1061,0,user_72262
FAC20250705041428,FAC20250705041428,Fashion,English,Image,Asia,1783,0,user_457024
FAC20250705041429,FAC20250705041429,Education,Japanese,Image,South America,65,0,user_479344
FAC20250705041432,FAC20250705041432,Fashion,English,Poll,North America,88,0,user_111718
FAC20250705041435,FAC20250705041435,Travel,English,Text,Unknown,2381,0,user_250643
FAC20250705041463,FAC20250705041463,Science,Hindi,Image,Oceania,87,0,user_353686
FAC20250705041466,FAC20250705041466,Fashion,English,Video,Asia,38,0,user_261618
FAC20250705041470,FAC20250705041470,Finance,Chinese,Image,Asia,32702,0,user_442545
FAC20250705041477,FAC20250705041477,Politics,French,Video,North America,49,0,user_472153
FAC20250705041478,FAC20250705041478,Technology,English,Image,Asia,1606,0,user_24384
FAC20250706041509,FAC20250706041509,Education,German,Poll,Asia,2377,0,user_155222
FAC20250706041541,FAC20250706041541,Technology,English,Image,North America,9,0,user_318467
FAC20250706041573,FAC20250706041573,Business,Hindi,Video,Africa,342,0,user_196133
FAC20250706041607,FAC20250706041607,Travel,English,Text,Africa,36,0,user_180258
FAC20250706041612,FAC20250706041612,Education,English,Video,Asia,1717,1,user_68621
FAC20250706041616,FAC20250706041616,Food,French,Image,North America,341,0,user_93741
FAC20250706041617,FAC20250706041617,Gaming,English,Video,Europe,1149,0,user_7838
FAC20250706041627,FAC20250706041627,Health,English,Image,North America,221,0,user_367521
FAC20250706041642,FAC20250706041642,Travel,English,Text,Europe,4165,0,user_476970
FAC20250706041653,FAC20250706041653,AI/ML,French,Video,Asia,139,0,user_40295
FAC20250706041661,FAC20250706041661,Travel,English,Image,North America,346,0,user_72767
FAC20250706041669,FAC20250706041669,Finance,English,Text,Europe,1268,0,user_72423
FAC20250706041671,FAC20250706041671,Entertainment,English,Video,Asia,889,0,user_408358
FAC20250706041713,FAC20250706041713,Fashion,English,Video,North America,8228,0,user_40497
FAC20250706041747,FAC20250706041747,Education,French,Image,Europe,7128,0,user_107864
FAC20250706041750,FAC20250706041750,Travel,Portuguese,Image,Asia,496,0,user_238395
FAC20250706041760,FAC20250706041760,Science,English,Text,North America,1347,0,user_266205
FAC20250706041780,FAC20250706041780,Technology,English,Text,Europe,2299,0,user_418702
FAC20250706041823,FAC20250706041823,Health,English,Text,Europe,31,0,user_454568
FAC20250706041844,FAC20250706041844,Education,English,Video,South America,1951,0,user_290183
FAC20250706041868,FAC20250706041868,Education,Arabic,Text,Asia,1252,0,user_339966
FAC20250706041871,FAC20250706041871,Fashion,Spanish,Text,Asia,1213,0,user_21686
FAC20250706041897,FAC20250706041897,Finance,English,Video,North America,37,0,user_386130
FAC20250706041899,FAC20250706041899,Technology,Spanish,Text,North America,234,0,user_41643
FAC20250706041900,FAC20250706041900,Entertainment,English,Text,North America,499,0,user_197556
FAC20250706041915,FAC20250706041915,Technology,French,Image,Asia,475,0,user_416483
FAC20250706041922,FAC20250706041922,Sports,English,Video,North America,629,0,user_395984
FAC20250706041937,FAC20250706041937,Travel,English,Text,Asia,484,0,user_135452
FAC20250706041967,FAC20250706041967,Sports,Portuguese,Text,Europe,114,0,user_68220
FAC20250706041968,FAC20250706041968,Fashion,Hindi,Video,North America,411,0,user_146204
FAC20250706041979,FAC20250706041979,Gaming,English,Image,Europe,788,0,user_81838
FAC20250706041986,FAC20250706041986,Travel,Portuguese,Image,Asia,20085,1,user_204682
FAC20250706042044,FAC20250706042044,Gaming,Spanish,Text,North America,254,0,user_254656
FAC20250706042100,FAC20250706042100,Entertainment,English,Text,Europe,9963,1,user_397385
FAC20250706042108,FAC20250706042108,Finance,English,Text,Europe,762,1,user_42319
FAC20250706042181,FAC20250706042181,Travel,Spanish,Link,Asia,271,0,user_265855
FAC20250706042224,FAC20250706042224,Education,English,Image,Unknown,721,1,user_267924
FAC20250706042243,FAC20250706042243,Travel,English,Text,North America,8572,0,user_301951
FAC20250706042270,FAC20250706042270,Entertainment,English,Poll,North America,1606,0,user_475108
FAC20250706042300,FAC20250706042300,Business,English,Text,Asia,2050,0,user_278648
FAC20250706042302,FAC20250706042302,Travel,English,Image,Europe,389,0,user_451788
FAC20250706042316,FAC20250706042316,Food,French,Image,Asia,643,0,user_278368
FAC20250706042330,FAC20250706042330,Gaming,Arabic,Text,North America,23,0,user_147755
FAC20250706042335,FAC20250706042335,Climate,Portuguese,Text,Europe,5448,0,user_411905
FAC20250706042457,FAC20250706042457,Food,Spanish,Text,Europe,11285,1,user_392887
FAC20250706042470,FAC20250706042470,Fashion,French,Image,Europe,444,0,user_205289
FAC20250706042475,FAC20250706042475,Entertainment,Chinese,Video,North America,495,0,user_424103
FAC20250706042484,FAC20250706042484,Climate,English,Text,Europe,427,0,user_16080
FAC20250706042545,FAC20250706042545,Education,Chinese,Text,Europe,19620,1,user_266039
FAC20250706042549,FAC20250706042549,Entertainment,Portuguese,Video,Africa,154,0,user_278283
FAC20250706042564,FAC20250706042564,Science,English,Text,Europe,1101,0,user_94177
FAC20250707042616,FAC20250707042616,Science,Portuguese,Video,North America,1449,0,user_490703
FAC20250707042634,FAC20250707042634,Climate,English,Text,North America,113,0,user_161113
FAC20250707042653,FAC20250707042653,Education,English,Image,North America,6773,0,user_274119
FAC20250707042671,FAC20250707042671,Health,German,Image,Asia,4555,0,user_327312
FAC20250707042680,FAC20250707042680,Politics,English,Video,Asia,3328,1,user_164375
FAC20250707042711,FAC20250707042711,Business,English,Text,Europe,489,0,user_354388
FAC20250707042729,FAC20250707042729,Health,Portuguese,Image,North America,8356,0,user_261298
FAC20250707042743,FAC20250707042743,Entertainment,English,Text,Asia,1220,0,user_96121
FAC20250707042753,FAC20250707042753,Health,English,Video,North America,599,0,user_440124
FAC20250707042760,FAC20250707042760,Entertainment,Portuguese,Image,North America,99,0,user_248478
FAC20250707042788,FAC20250707042788,Gaming,Japanese,Link,South America,169,0,user_444573
FAC20250707042840,FAC20250707042840,Sports,English,Image,Asia,3752,0,user_469210
FAC20250707042851,FAC20250707042851,Health,English,Image,North America,9,0,user_91344
FAC20250708042901,FAC20250708042901,Travel,Portuguese,Text,North America,1676,0,user_400768
FAC20250708042916,FAC20250708042916,Politics,English,Image,North America,339,0,user_421571
FAC20250708042921,FAC20250708042921,Food,French,Image,North America,8855,1,user_407485
FAC20250708042930,FAC20250708042930,AI/ML,English,Text,Asia,5927,0,user_1674
FAC20250708042933,FAC20250708042933,Sports,Spanish,Image,Europe,411,0,user_178188
FAC20250708042939,FAC20250708042939,Science,Korean,Poll,North America,91,0,user_436080
FAC20250708042952,FAC20250708042952,Travel,French,Text,Europe,799,0,user_25563
FAC20250708042956,FAC20250708042956,Business,English,Text,North America,15519,0,user_17930
FAC20250708042988,FAC20250708042988,Health,English,Text,Oceania,439,0,user_396344
FAC20250708043038,FAC20250708043038,Travel,English,Text,Asia,364,0,user_388353
FAC20250708043062,FAC20250708043062,Finance,Chinese,Text,North America,1132,0,user_233804
FAC20250708043063,FAC20250708043063,AI/ML,English,Text,Asia,711,0,user_454341
FAC20250708043071,FAC20250708043071,Entertainment,English,Image,Asia,715,0,user_251704
FAC20250708043114,FAC20250708043114,Fashion,English,Text,Asia,1490,0,user_453619
FAC20250709043124,FAC20250709043124,Education,German,Link,North America,3054,1,user_365932
FAC20250709043131,FAC20250709043131,AI/ML,English,Video,North America,56704,1,user_228111
FAC20250709043150,FAC20250709043150,Gaming,German,Image,North America,59453,1,user_306697
FAC20250709043202,FAC20250709043202,Gaming,English,Link,Asia,266,0,user_212975
FAC20250709043205,FAC20250709043205,AI/ML,English,Image,North America,70,0,user_300330
FAC20250709043211,FAC20250709043211,Health,English,Image,North America,15209,0,user_439956
FAC20250709043215,FAC20250709043215,Food,Korean,Poll,South America,1537,0,user_333457
FAC20250709043244,FAC20250709043244,Travel,Portuguese,Image,North America,6330,1,user_492059
FAC20250709043262,FAC20250709043262,Business,English,Image,Asia,948,0,user_25643
FAC20250709043301,FAC20250709043301,Education,German,Image,Asia,131,0,user_363540
FAC20250709043310,FAC20250709043310,Climate,English,Text,Europe,698,0,user_126272
FAC20250709043349,FAC20250709043349,AI/ML,English,Image,North America,1042,0,user_357256
FAC20250709043362,FAC20250709043362,Finance,English,Image,North America,794,0,user_199443
FAC20250710043433,FAC20250710043433,Entertainment,English,Image,Europe,303,0,user_142134
FAC20250710043443,FAC20250710043443,Food,German,Text,Asia,5259,0,user_190783
FAC20250710043449,FAC20250710043449,Fashion,Portuguese,Link,North America,195,0,user_105999
FAC20250710043461,FAC20250710043461,Sports,Arabic,Text,Europe,225,0,user_407969
FAC20250710043468,FAC20250710043468,Gaming,Japanese,Text,Asia,2843,1,user_448479
FAC20250710043502,FAC20250710043502,Politics,Portuguese,Image,North America,7,0,user_323562
FAC20250710043511,FAC20250710043511,Politics,English,Video,South America,770,0,user_331213
FAC20250710043561,FAC20250710043561,Finance,Spanish,Image,North America,157,0,user_123616
FAC20250710043577,FAC20250710043577,Technology,English,Image,South America,4553,1,user_50829
FAC20250710043619,FAC20250710043619,Food,Hindi,Text,Europe,3643,0,user_201771
FAC20250710043661,FAC20250710043661,AI/ML,English,Text,Europe,266,0,user_247810
FAC20250710043662,FAC20250710043662,Finance,Spanish,Text,Asia,1093,0,user_310174
FAC20250710043678,FAC20250710043678,Entertainment,Korean,Image,Africa,2067,0,user_344787
FAC20250710043709,FAC20250710043709,Education,Spanish,Text,North America,6272,1,user_379768
FAC20250710043754,FAC20250710043754,Sports,Arabic,Video,Europe,21276,1,user_451123
FAC20250710043773,FAC20250710043773,Food,Hindi,Link,North America,4741,1,user_1980
FAC20250710043796,FAC20250710043796,Health,Japanese,Image,Europe,124,0,user_429467
FAC20250710043932,FAC20250710043932,Gaming,French,Link,Asia,275,0,user_305958
FAC20250710043949,FAC20250710043949,Fashion,English,Text,North America,3982,1,user_374188
FAC20250710043974,FAC20250710043974,Sports,English,Text,Europe,62,0,user_461881
FAC20250710043992,FAC20250710043992,Food,English,Text,Europe,68,0,user_235511
FAC20250710044017,FAC20250710044017,Food,English,Link,Asia,33912,1,user_381999
FAC20250710044025,FAC20250710044025,Climate,Portuguese,Text,Europe,1255,0,user_20187
FAC20250710044031,FAC20250710044031,Business,Portuguese,Text,Europe,1111,1,user_417588
FAC20250711044115,FAC20250711044115,Science,Portuguese,Link,Asia,533,0,user_159993
FAC20250711044235,FAC20250711044235,Science,English,Image,Europe,8784,1,user_266857
FAC20250711044250,FAC20250711044250,Climate,Portuguese,Video,Asia,2202,0,user_105122
FAC20250711044262,FAC20250711044262,Politics,English,Text,Asia,171,0,user_498290
FAC20250711044271,FAC20250711044271,Technology,English,Image,Asia,9,0,user_190014
FAC20250711044305,FAC20250711044305,Travel,English,Video,North America,3191,1,user_2526
FAC20250711044350,FAC20250711044350,Food,English,Text,Europe,11032,1,user_81419
FAC20250711044426,FAC20250711044426,Technology,English,Text,Unknown,16056,1,user_234161
FAC20250711044440,FAC20250711044440,Health,Portuguese,Poll,Europe,362,0,user_5059
FAC20250711044447,FAC20250711044447,Education,Portuguese,Video,North America,1496,0,user_98231
FAC20250711044457,FAC20250711044457,Sports,English,Link,Europe,13,0,user_88361
FAC20250711044464,FAC20250711044464,Finance,English,Poll,Asia,2126,0,user_403827
FAC20250711044508,FAC20250711044508,Sports,English,Video,Africa,506,0,user_472055
FAC20250711044555,FAC20250711044555,Technology,Spanish,Poll,Europe,8646,1,user_344334
FAC20250711044573,FAC20250711044573,Education,English,Link,Unknown,67,0,user_284676
FAC20250711044582,FAC20250711044582,Business,English,Text,Asia,2199,0,user_198813
FAC20250711044586,FAC20250711044586,Entertainment,English,Text,North America,132,0,user_40975
FAC20250711044608,FAC20250711044608,Food,Spanish,Text,Europe,35794,1,user_322406
FAC20250711044628,FAC20250711044628,Food,English,Text,North America,73,0,user_310769
FAC20250711044637,FAC20250711044637,Science,English,Video,Asia,405,0,user_261434
FAC20250711044653,FAC20250711044653,Travel,English,Image,Europe,281,0,user_431682
FAC20250711044700,FAC20250711044700,Fashion,Arabic,Image,North America,427,0,user_187468
FAC20250711044725,FAC20250711044725,Health,Portuguese,Image,Asia,180,0,user_383494
FAC20250711044734,FAC20250711044734,AI/ML,Arabic,Image,North America,634,0,user_383630
FAC20250711044746,FAC20250711044746,Politics,Japanese,Text,Europe,1587,0,user_293321
FAC20250712044756,FAC20250712044756,Business,Hindi,Text,North America,2498,0,user_358337
FAC20250712044772,FAC20250712044772,Science,Arabic,Text,Asia,5629,0,user_312800
FAC20250712044778,FAC20250712044778,Sports,Hindi,Image,North America,2809,0,user_28646
FAC20250712044800,FAC20250712044800,Politics,English,Video,Asia,146,0,user_403056
FAC20250712044813,FAC20250712044813,Health,English,Link,Oceania,3413,0,user_486234
FAC20250712044824,FAC20250712044824,Science,Japanese,Text,North America,198,0,user_493103
FAC20250712044861,FAC20250712044861,Sports,Portuguese,Video,Europe,4779,0,user_326170
FAC20250712044882,FAC20250712044882,Entertainment,English,Text,Asia,100,0,user_31057
FAC20250712044904,FAC20250712044904,Finance,Japanese,Video,Africa,16,0,user_323221
FAC20250712044932,FAC20250712044932,Science,Hindi,Text,North America,216,0,user_61608
FAC20250712044933,FAC20250712044933,Science,English,Video,North America,1360,0,user_211867
FAC20250712044969,FAC20250712044969,Sports,Portuguese,Link,Europe,146,0,user_103961
FAC20250712044994,FAC20250712044994,Sports,Portuguese,Image,Europe,9875,1,user_385200
FAC20250712045033,FAC20250712045033,Fashion,English,Text,North America,56,0,user_377150
FAC20250712045036,FAC20250712045036,Education,Portuguese,Text,Asia,2817,0,user_368009
FAC20250712045056,FAC20250712045056,Finance,English,Link,North America,4056,0,user_236942
FAC20250712045064,FAC20250712045064,Travel,English,Text,Europe,2337,0,user_71809
FAC20250712045074,FAC20250712045074,AI/ML,English,Text,North America,704,0,user_132893
FAC20250712045076,FAC20250712045076,Business,French,Text,North America,62,0,user_230716
FAC20250712045118,FAC20250712045118,Entertainment,English,Image,North America,1090,0,user_325814
FAC20250712045130,FAC20250712045130,Science,Japanese,Image,Asia,26,0,user_368256
FAC20250712045131,FAC20250712045131,Education,English,Text,South America,171,0,user_162492
FAC20250712045147,FAC20250712045147,Sports,English,Poll,Asia,68,0,user_284536
FAC20250712045195,FAC20250712045195,Travel,English,Image,Oceania,363,0,user_249993
FAC20250713045226,FAC20250713045226,Technology,English,Text,North America,3870,1,user_88237
FAC20250713045235,FAC20250713045235,Entertainment,Japanese,Link,North America,150,0,user_432369
FAC20250713045262,FAC20250713045262,AI/ML,English,Image,Europe,36713,1,user_108625
FAC20250713045271,FAC20250713045271,Fashion,English,Video,Africa,685,0,user_342815
FAC20250713045303,FAC20250713045303,Finance,English,Text,Europe,494,0,user_375082
FAC20250713045304,FAC20250713045304,Business,Portuguese,Text,Asia,142,0,user_458204
FAC20250713045324,FAC20250713045324,Entertainment,Spanish,Image,Africa,1273,0,user_60648
FAC20250713045332,FAC20250713045332,Travel,English,Text,North America,975,1,user_262043
FAC20250713045340,FAC20250713045340,Health,English,Image,Asia,19936,1,user_445137
FAC20250713045343,FAC20250713045343,Food,Portuguese,Poll,Asia,12765,1,user_248495
FAC20250713045344,FAC20250713045344,Travel,English,Image,Europe,3180,1,user_204711
FAC20250713045354,FAC20250713045354,Sports,Korean,Video,Europe,5475,0,user_474776
FAC20250713045367,FAC20250713045367,AI/ML,English,Image,North America,1961,0,user_113139
FAC20250713045372,FAC20250713045372,Science,Portuguese,Link,North America,1696,1,user_313782
FAC20250713045411,FAC20250713045411,Health,Japanese,Video,Asia,24130,1,user_18537
FAC20250713045436,FAC20250713045436,Finance,German,Video,Asia,29739,1,user_315020
FAC20250713045437,FAC20250713045437,Entertainment,English,Text,North America,2595,0,user_344838
FAC20250713045456,FAC20250713045456,Climate,English,Image,Europe,1723,0,user_463674
FAC20250713045475,FAC20250713045475,Education,English,Image,Asia,28,0,user_265838
FAC20250713045509,FAC20250713045509,Food,English,Image,North America,702,0,user_243030
FAC20250713045519,FAC20250713045519,Health,English,Text,Asia,930,0,user_274628
FAC20250713045520,FAC20250713045520,Climate,English,Text,Asia,194,0,user_375879
FAC20250714045530,FAC20250714045530,Gaming,Portuguese,Text,Europe,137,0,user_318530
FAC20250714045557,FAC20250714045557,Sports,German,Image,North America,439,0,user_356094
FAC20250714045558,FAC20250714045558,Science,English,Image,Asia,141,0,user_194947
FAC20250714045732,FAC20250714045732,Climate,English,Poll,Asia,5443,0,user_21971
FAC20250714045738,FAC20250714045738,AI/ML,English,Image,Asia,973,0,user_450028
FAC20250714045739,FAC20250714045739,Business,English,Text,South America,970,0,user_10016
FAC20250714045745,FAC20250714045745,Food,Korean,Link,Asia,3113,0,user_316521
FAC20250714045752,FAC20250714045752,Health,French,Image,North America,722,0,user_9865
FAC20250714045762,FAC20250714045762,Sports,Spanish,Image,Asia,3025,0,user_59136
FAC20250714045785,FAC20250714045785,Politics,Spanish,Image,Europe,786,0,user_216226
FAC20250714045799,FAC20250714045799,Gaming,English,Text,Asia,470,0,user_438560
FAC20250714045810,FAC20250714045810,Science,Spanish,Image,North America,1713,1,user_240601
FAC20250714045819,FAC20250714045819,Entertainment,Japanese,Poll,North America,283,0,user_235988
FAC20250714045837,FAC20250714045837,Fashion,Portuguese,Video,North America,595,0,user_495770
FAC20250714045842,FAC20250714045842,Science,English,Text,Africa,795,0,user_309930
FAC20250714045876,FAC20250714045876,Finance,Japanese,Poll,South America,1016,1,user_2416
FAC20250714045881,FAC20250714045881,Sports,English,Image,Europe,4697,0,user_255495
FAC20250714045895,FAC20250714045895,Politics,Spanish,Image,Asia,78,0,user_403664
FAC20250714045912,FAC20250714045912,Fashion,English,Text,Africa,40,0,user_46147
FAC20250714045915,FAC20250714045915,Politics,English,Image,Unknown,92,0,user_353241
FAC20250714045942,FAC20250714045942,Technology,English,Video,Europe,588,0,user_36668
FAC20250714045948,FAC20250714045948,Business,French,Text,North America,1163,0,user_315778
FAC20250714045961,FAC20250714045961,Technology,English,Image,North America,106,0,user_183642
FAC20250714046010,FAC20250714046010,Education,German,Video,Africa,2504,1,user_26609
FAC20250714046017,FAC20250714046017,Finance,French,Image,Europe,219,0,user_448577
FAC20250714046021,FAC20250714046021,Fashion,English,Image,Asia,58,0,user_270418
FAC20250714046051,FAC20250714046051,Science,Japanese,Text,Asia,4051,0,user_347098
FAC20250714046091,FAC20250714046091,Sports,Portuguese,Text,Asia,232,0,user_47743
FAC20250715046126,FAC20250715046126,Education,English,Poll,Europe,47015,1,user_138173
FAC20250716046146,FAC20250716046146,Entertainment,Portuguese,Video,South America,1769,0,user_83715
FAC20250716046216,FAC20250716046216,Gaming,Spanish,Image,North America,5,0,user_120170
FAC20250716046239,FAC20250716046239,Education,English,Video,North America,47,0,user_204839
FAC20250716046240,FAC20250716046240,Entertainment,English,Poll,Asia,19439,1,user_51521
FAC20250716046255,FAC20250716046255,Sports,French,Image,Asia,23904,1,user_481105
FAC20250716046264,FAC20250716046264,Science,Spanish,Video,North America,2685,0,user_467788
FAC20250716046282,FAC20250716046282,Education,French,Text,North America,11520,1,user_39927
FAC20250716046292,FAC20250716046292,Fashion,Spanish,Text,North America,55,0,user_216072
FAC20250716046312,FAC20250716046312,Food,English,Text,Asia,70,0,user_105191
FAC20250716046342,FAC20250716046342,Food,Portuguese,Link,Europe,5367,1,user_180459
FAC20250716046379,FAC20250716046379,Climate,Portuguese,Text,Asia,14771,1,user_252424
FAC20250716046403,FAC20250716046403,Entertainment,English,Video,Asia,208,0,user_493568
FAC20250716046430,FAC20250716046430,Food,Japanese,Text,Asia,68,0,user_434976
FAC20250716046436,FAC20250716046436,Science,Japanese,Text,Europe,2250,0,user_251525
FAC20250716046443,FAC20250716046443,Education,English,Text,Europe,485,0,user_472467
FAC20250716046464,FAC20250716046464,Education,Portuguese,Text,Asia,236,0,user_45487
FAC20250716046473,FAC20250716046473,Health,Spanish,Image,Europe,10,0,user_463500
FAC20250716046485,FAC20250716046485,Business,Spanish,Text,North America,55622,1,user_93518
FAC20250716046501,FAC20250716046501,Entertainment,Portuguese,Text,Europe,322,0,user_176278
FAC20250716046520,FAC20250716046520,Gaming,Arabic,Poll,North America,18,0,user_68815
FAC20250716046538,FAC20250716046538,Science,French,Text,North America,465,0,user_497540
FAC20250716046550,FAC20250716046550,Science,English,Text,Africa,6562,1,user_233572
FAC20250716046556,FAC20250716046556,Fashion,Portuguese,Video,Unknown,912,0,user_375912
FAC20250716046560,FAC20250716046560,Fashion,English,Link,Asia,101,0,user_352598
FAC20250716046582,FAC20250716046582,Gaming,French,Image,Europe,5,0,user_228521
FAC20250716046641,FAC20250716046641,Technology,Portuguese,Text,Europe,49,0,user_7841
FAC20250716046646,FAC20250716046646,Education,Spanish,Video,Asia,71,0,user_333230
FAC20250716046676,FAC20250716046676,Finance,Korean,Image,Asia,16851,0,user_389727
FAC20250716046677,FAC20250716046677,Entertainment,Spanish,Link,Europe,8841,1,user_33880
FAC20250716046694,FAC20250716046694,Science,English,Text,Asia,207,0,user_790
FAC20250716046707,FAC20250716046707,Health,Chinese,Image,North America,10298,1,user_26190
FAC20250716046727,FAC20250716046727,Health,Spanish,Image,South America,37,0,user_5520
FAC20250716046745,FAC20250716046745,Business,English,Text,North America,313,0,user_172591
FAC20250716046751,FAC20250716046751,Health,English,Image,Europe,146,1,user_474250
FAC20250716046773,FAC20250716046773,AI/ML,English,Text,Europe,4325,1,user_155634
FAC20250716046793,FAC20250716046793,Food,Hindi,Image,Europe,580,0,user_93373
FAC20250716046794,FAC20250716046794,AI/ML,Spanish,Video,Europe,501,0,user_395654
FAC20250716046796,FAC20250716046796,Science,Spanish,Text,North America,1521,0,user_17866
FAC20250716046836,FAC20250716046836,Fashion,Chinese,Link,North America,5404,0,user_2594
FAC20250716046845,FAC20250716046845,Education,English,Link,North America,652,1,user_83365
FAC20250716046853,FAC20250716046853,Business,English,Video,North America,208,0,user_20919
FAC20250716046882,FAC20250716046882,Sports,English,Text,North America,558,0,user_249516
FAC20250716046884,FAC20250716046884,Finance,French,Text,Asia,136,0,user_345122
FAC20250716046911,FAC20250716046911,Food,Korean,Text,Europe,1421,0,user_481826
FAC20250716046922,FAC20250716046922,Climate,English,Link,North America,5024,1,user_166729
FAC20250716046947,FAC20250716046947,Education,English,Image,Unknown,478,0,user_345862
FAC20250717046971,FAC20250717046971,Climate,French,Link,North America,1692,0,user_385146
FAC20250717047021,FAC20250717047021,AI/ML,English,Image,Africa,427,0,user_432188
FAC20250717047023,FAC20250717047023,Politics,Portuguese,Image,South America,213,0,user_136178
FAC20250717047029,FAC20250717047029,Entertainment,Korean,Image,North America,608,0,user_451050
FAC20250717047065,FAC20250717047065,Business,English,Text,North America,794,0,user_287172
FAC20250717047078,FAC20250717047078,Fashion,English,Video,Oceania,363,0,user_39884
FAC20250717047084,FAC20250717047084,Entertainment,English,Text,Europe,96,0,user_406281
FAC20250717047091,FAC20250717047091,Politics,English,Text,North America,953,0,user_434377
FAC20250717047101,FAC20250717047101,Entertainment,Spanish,Image,North America,1384,0,user_154240
FAC20250717047127,FAC20250717047127,Travel,English,Link,South America,69,0,user_95934
FAC20250718047166,FAC20250718047166,Science,Spanish,Text,South America,92,0,user_50272
FAC20250718047184,FAC20250718047184,Science,Spanish,Text,Europe,85,0,user_336492
FAC20250718047188,FAC20250718047188,Finance,English,Text,Europe,609,0,user_97808
FAC20250718047208,FAC20250718047208,Food,English,Text,Europe,252,0,user_93810
FAC20250718047226,FAC20250718047226,Travel,English,Link,Asia,682,0,user_74552
FAC20250718047238,FAC20250718047238,Politics,English,Text,Europe,1521,0,user_406389
FAC20250718047249,FAC20250718047249,Travel,Portuguese,Text,South America,1036,0,user_188681
FAC20250718047292,FAC20250718047292,AI/ML,Arabic,Text,Unknown,33,0,user_331436
FAC20250718047305,FAC20250718047305,Politics,Japanese,Video,North America,910,0,user_268441
FAC20250718047329,FAC20250718047329,Finance,English,Text,Asia,295,0,user_241130
FAC20250718047331,FAC20250718047331,Science,Chinese,Video,North America,10053,1,user_490317
FAC20250719047422,FAC20250719047422,Travel,English,Text,Europe,71,0,user_112439
FAC20250719047434,FAC20250719047434,Sports,English,Link,Asia,3915,1,user_76169
FAC20250719047470,FAC20250719047470,Technology,English,Image,North America,81679,0,user_326412
FAC20250719047482,FAC20250719047482,Climate,English,Video,Europe,1122,0,user_449073
FAC20250719047487,FAC20250719047487,Entertainment,English,Text,Europe,2235,0,user_444931
FAC20250719047495,FAC20250719047495,Finance,Arabic,Image,Europe,269,0,user_456875
FAC20250719047545,FAC20250719047545,Politics,Arabic,Video,Asia,2185,0,user_103810
FAC20250719047563,FAC20250719047563,Science,Arabic,Text,North America,778,0,user_482982
FAC20250719047600,FAC20250719047600,Food,Spanish,Image,Asia,377,0,user_66481
FAC20250719047643,FAC20250719047643,Business,English,Text,North America,1220,0,user_410972
FAC20250719047656,FAC20250719047656,Climate,English,Text,Africa,169,0,user_209872
FAC20250719047657,FAC20250719047657,Finance,English,Text,North America,63,0,user_487952
FAC20250719047675,FAC20250719047675,Travel,English,Video,North America,2630,0,user_190532
FAC20250719047701,FAC20250719047701,Travel,English,Text,Asia,1087,0,user_429382
FAC20250719047739,FAC20250719047739,Gaming,English,Image,Oceania,164,0,user_330558
FAC20250719047756,FAC20250719047756,Technology,French,Text,North America,2158,0,user_63291
FAC20250719047759,FAC20250719047759,Sports,English,Video,Asia,6498,1,user_161931
FAC20250719047774,FAC20250719047774,Politics,English,Link,Unknown,58,0,user_13407
FAC20250719047809,FAC20250719047809,Education,English,Text,North America,484,0,user_479474
FAC20250719047811,FAC20250719047811,Gaming,French,Text,Europe,159,0,user_171651
FAC20250720047826,FAC20250720047826,Education,English,Link,Asia,193,0,user_150015
FAC20250720047859,FAC20250720047859,Education,Korean,Text,Unknown,361,0,user_253643
FAC20250720047877,FAC20250720047877,Sports,German,Image,Asia,144,0,user_189614
FAC20250720047881,FAC20250720047881,Health,Spanish,Image,North America,587,0,user_498391
FAC20250720047886,FAC20250720047886,Travel,Portuguese,Video,Europe,5921,0,user_419102
FAC20250720047898,FAC20250720047898,Climate,English,Video,Asia,2829,0,user_261401
FAC20250720047945,FAC20250720047945,Science,Japanese,Text,Europe,30,0,user_244794
FAC20250720047970,FAC20250720047970,Education,English,Text,Oceania,14394,1,user_487894
FAC20250720047985,FAC20250720047985,Climate,Spanish,Video,North America,594,0,user_490523
FAC20250720047993,FAC20250720047993,Science,English,Link,North America,4057,0,user_460833
FAC20250720048011,FAC20250720048011,Fashion,Portuguese,Link,Europe,162,0,user_281778
FAC20250720048012,FAC20250720048012,Climate,Portuguese,Text,Africa,210,0,user_196731
FAC20250720048016,FAC20250720048016,Gaming,Spanish,Image,Europe,71187,1,user_133245
FAC20250720048038,FAC20250720048038,Technology,English,Image,North America,3603,1,user_20660
FAC20250720048053,FAC20250720048053,Technology,English,Image,Europe,229,0,user_367566
FAC20250720048109,FAC20250720048109,Gaming,English,Video,Europe,1877,0,user_147869
FAC20250720048162,FAC20250720048162,Sports,English,Video,North America,1912,0,user_386550
FAC20250720048173,FAC20250720048173,Gaming,Arabic,Text,Asia,1056,0,user_269219
FAC20250720048182,FAC20250720048182,Education,English,Image,North America,54,0,user_270754
FAC20250720048190,FAC20250720048190,Climate,English,Text,Europe,28651,1,user_140335
FAC20250720048214,FAC20250720048214,Education,English,Image,Unknown,369,1,user_383730
FAC20250720048262,FAC20250720048262,Health,English,Link,North America,1685,1,user_108003
FAC20250720048276,FAC20250720048276,Business,English,Image,Asia,4867,1,user_330532
FAC20250720048279,FAC20250720048279,Entertainment,German,Image,South America,113,0,user_483329
FAC20250720048305,FAC20250720048305,Finance,English,Image,Asia,33,0,user_4495
FAC20250721048337,FAC20250721048337,Finance,English,Video,Africa,823,0,user_419960
FAC20250721048340,FAC20250721048340,AI/ML,Spanish,Image,Asia,412,0,user_111945
FAC20250721048341,FAC20250721048341,Entertainment,Chinese,Video,North America,59,0,user_388316
FAC20250721048349,FAC20250721048349,Travel,Arabic,Image,Europe,1269,0,user_445121
FAC20250721048358,FAC20250721048358,Entertainment,French,Text,Europe,558,0,user_153345
FAC20250721048365,FAC20250721048365,Travel,Spanish,Image,North America,334,0,user_224673
FAC20250721048396,FAC20250721048396,Sports,English,Text,North America,1912,0,user_263317
FAC20250721048408,FAC20250721048408,Fashion,English,Text,Asia,31892,1,user_40637
FAC20250721048429,FAC20250721048429,Business,Portuguese,Text,Asia,966,0,user_439345
FAC20250721048431,FAC20250721048431,Science,English,Image,Europe,2405,0,user_279391
FAC20250721048442,FAC20250721048442,Gaming,English,Image,Asia,762,0,user_481572
FAC20250721048444,FAC20250721048444,Technology,Spanish,Link,North America,1012,0,user_274041
FAC20250721048516,FAC20250721048516,Fashion,Hindi,Text,Europe,79,0,user_201427
FAC20250721048553,FAC20250721048553,Business,Portuguese,Text,Europe,259,0,user_255667
FAC20250721048573,FAC20250721048573,Finance,English,Link,Europe,14440,0,user_173407
FAC20250721048579,FAC20250721048579,Travel,Portuguese,Image,Europe,2115,1,user_175424
FAC20250721048582,FAC20250721048582,Food,English,Text,Europe,238,0,user_117438
FAC20250721048592,FAC20250721048592,Education,Portuguese,Text,South America,48,0,user_92870
FAC20250721048610,FAC20250721048610,Technology,Portuguese,Video,North America,57,0,user_422330
FAC20250721048623,FAC20250721048623,Entertainment,English,Image,North America,108,0,user_158736
FAC20250721048624,FAC20250721048624,Sports,English,Video,Asia,244,0,user_464947
FAC20250721048629,FAC20250721048629,Entertainment,Spanish,Poll,Europe,753,0,user_459162
FAC20250721048637,FAC20250721048637,Science,English,Video,Asia,10431,1,user_278385
FAC20250721048651,FAC20250721048651,Sports,Spanish,Poll,South America,3969,0,user_440181
FAC20250721048695,FAC20250721048695,Gaming,English,Text,North America,34,0,user_458467
FAC20250721048746,FAC20250721048746,Climate,French,Image,Asia,8168,0,user_404478
FAC20250721048756,FAC20250721048756,Education,Hindi,Image,North America,1752,0,user_317909
FAC20250721048765,FAC20250721048765,Health,Hindi,Text,North America,2476,0,user_25171
FAC20250721048799,FAC20250721048799,Sports,Spanish,Video,North America,302,0,user_80314
FAC20250722048815,FAC20250722048815,Science,English,Text,Europe,60,0,user_286103
FAC20250722048838,FAC20250722048838,AI/ML,Spanish,Video,Asia,547,0,user_168758
FAC20250722048887,FAC20250722048887,Technology,English,Text,South America,14,0,user_254695
FAC20250722048941,FAC20250722048941,Fashion,English,Video,Europe,212,0,user_148746
FAC20250722049036,FAC20250722049036,Fashion,English,Image,North America,13585,1,user_357731
FAC20250722049066,FAC20250722049066,AI/ML,English,Video,North America,318,0,user_278052
FAC20250723049099,FAC20250723049099,Entertainment,English,Text,Asia,50,0,user_56848
FAC20250723049159,FAC20250723049159,Business,Hindi,Poll,Europe,69281,1,user_2185
FAC20250724049204,FAC20250724049204,Education,English,Video,North America,100,0,user_377132
FAC20250724049217,FAC20250724049217,Science,English,Image,Asia,5421,0,user_135222
FAC20250724049230,FAC20250724049230,Technology,French,Video,Europe,38,0,user_16871
FAC20250724049256,FAC20250724049256,Sports,English,Link,North America,438,0,user_165240
FAC20250724049266,FAC20250724049266,Entertainment,Japanese,Video,Asia,2929,0,user_434422
FAC20250724049274,FAC20250724049274,Entertainment,Portuguese,Text,North America,9923,1,user_153593
FAC20250724049296,FAC20250724049296,Science,English,Video,North America,157,0,user_66133
FAC20250724049298,FAC20250724049298,Sports,Arabic,Text,Europe,113,0,user_89504
FAC20250724049324,FAC20250724049324,Climate,Portuguese,Text,North America,3486,0,user_175355
FAC20250724049328,FAC20250724049328,Health,Spanish,Video,Africa,152261,1,user_14810
FAC20250724049335,FAC20250724049335,Politics,English,Image,Asia,240,0,user_128643
FAC20250724049340,FAC20250724049340,Science,English,Image,South America,120,0,user_362882
FAC20250724049342,FAC20250724049342,Technology,Portuguese,Image,Oceania,2748,1,user_434166
FAC20250724049383,FAC20250724049383,Sports,German,Text,Europe,2556,1,user_257660
FAC20250724049387,FAC20250724049387,Climate,English,Video,Europe,392,0,user_357890
FAC20250724049397,FAC20250724049397,Business,Portuguese,Text,Europe,232,0,user_298548
FAC20250724049463,FAC20250724049463,Science,English,Poll,Oceania,4743,1,user_223004
FAC20250724049467,FAC20250724049467,Sports,Portuguese,Text,Asia,1012,0,user_72715
FAC20250724049475,FAC20250724049475,Education,English,Poll,Asia,5889,0,user_422903
FAC20250724049482,FAC20250724049482,Politics,Spanish,Image,Asia,246,0,user_241396
FAC20250724049496,FAC20250724049496,Health,Chinese,Text,Oceania,331,0,user_488593
FAC20250724049507,FAC20250724049507,Technology,English,Text,Asia,94,0,user_17100
FAC20250724049513,FAC20250724049513,Entertainment,English,Text,Europe,121,0,user_350820
FAC20250724049533,FAC20250724049533,Business,English,Image,North America,221,0,user_39454
FAC20250724049564,FAC20250724049564,Business,English,Video,Asia,5454,1,user_179990
FAC20250724049573,FAC20250724049573,Finance,English,Text,South America,1373,0,user_184825
FAC20250724049579,FAC20250724049579,Gaming,Japanese,Text,Asia,206,0,user_444466
FAC20250724049628,FAC20250724049628,Technology,English,Link,North America,571,0,user_321165
FAC20250724049669,FAC20250724049669,Gaming,English,Video,South America,504,0,user_288198
FAC20250724049683,FAC20250724049683,Climate,Portuguese,Poll,Europe,416,0,user_388297
FAC20250724049738,FAC20250724049738,Politics,English,Text,North America,50267,0,user_69367
FAC20250724049745,FAC20250724049745,Climate,English,Poll,North America,128,0,user_383048
FAC20250724049748,FAC20250724049748,Travel,English,Text,Europe,1120,0,user_373633
FAC20250724049762,FAC20250724049762,Education,German,Image,North America,13986,0,user_70835
FAC20250724049768,FAC20250724049768,Politics,Korean,Image,Unknown,79,0,user_403632
FAC20250724049771,FAC20250724049771,Politics,Korean,Text,Asia,1054,0,user_240276
FAC20250724049784,FAC20250724049784,Business,English,Text,Asia,310,1,user_473279
FAC20250724049785,FAC20250724049785,Fashion,Portuguese,Image,North America,2206,1,user_422867
FAC20250724049803,FAC20250724049803,Politics,English,Video,Europe,879,0,user_291785
FAC20250724049831,FAC20250724049831,Food,Arabic,Image,Europe,2,0,user_89552
FAC20250724049840,FAC20250724049840,Climate,English,Link,Europe,767,0,user_444429
FAC20250725049876,FAC20250725049876,Gaming,English,Link,North America,1899,0,user_71114
FAC20250725049877,FAC20250725049877,AI/ML,Spanish,Image,Europe,25352,0,user_304947
FAC20250725049958,FAC20250725049958,Climate,Spanish,Text,North America,116,0,user_199882
FAC20250725049959,FAC20250725049959,Travel,Chinese,Image,Europe,798,0,user_476180
FAC20250725049976,FAC20250725049976,Climate,English,Text,Unknown,2022,0,user_434266
FAC20250725050011,FAC20250725050011,Entertainment,English,Text,North America,59,0,user_495914
FAC20250725050031,FAC20250725050031,Health,English,Text,North America,1049,0,user_159873
FAC20250725050042,FAC20250725050042,Health,English,Link,South America,64,0,user_96288
FAC20250725050082,FAC20250725050082,Gaming,English,Link,Asia,157,0,user_34901
FAC20250725050084,FAC20250725050084,Education,English,Image,Europe,445,0,user_117465
FAC20250725050116,FAC20250725050116,Education,English,Image,North America,1564,0,user_330958
FAC20250725050180,FAC20250725050180,Sports,English,Text,Asia,21,0,user_386014
FAC20250725050185,FAC20250725050185,Education,German,Image,Europe,669,0,user_316701
FAC20250725050186,FAC20250725050186,Travel,Spanish,Link,Asia,68,0,user_257331
FAC20250725050193,FAC20250725050193,Finance,Portuguese,Text,North America,811,0,user_489975
FAC20250725050215,FAC20250725050215,Science,English,Video,Europe,48325,1,user_357182
FAC20250725050219,FAC20250725050219,AI/ML,English,Text,North America,31,0,user_300630
FAC20250725050252,FAC20250725050252,Travel,Portuguese,Video,North America,282,0,user_262991
FAC20250726050311,FAC20250726050311,Sports,French,Text,Asia,37,0,user_63773
FAC20250726050333,FAC20250726050333,Business,Chinese,Text,Oceania,2180,0,user_490850
FAC20250726050391,FAC20250726050391,Technology,English,Image,North America,2082,1,user_164094
FAC20250727050428,FAC20250727050428,Finance,English,Image,Europe,99,0,user_404646
FAC20250727050429,FAC20250727050429,Business,English,Video,Asia,115,0,user_235031
FAC20250727050436,FAC20250727050436,AI/ML,English,Video,Asia,3678,1,user_437911
FAC20250727050470,FAC20250727050470,Entertainment,English,Image,Asia,358,0,user_47107
FAC20250727050486,FAC20250727050486,Education,English,Text,South America,3559,0,user_117634
FAC20250727050489,FAC20250727050489,Technology,English,Text,North America,131,0,user_124880
FAC20250727050500,FAC20250727050500,Science,Arabic,Video,North America,1,0,user_176966
FAC20250727050530,FAC20250727050530,Business,Japanese,Text,North America,26288,1,user_494328
FAC20250727050548,FAC20250727050548,Travel,English,Text,North America,73,0,user_87525
FAC20250727050579,FAC20250727050579,Travel,French,Image,Asia,764,0,user_242075
FAC20250727050604,FAC20250727050604,Education,English,Image,Asia,4014,0,user_440521
FAC20250727050609,FAC20250727050609,Fashion,Spanish,Text,Europe,1166,0,user_152345
FAC20250728050615,FAC20250728050615,Sports,English,Image,Africa,97,0,user_285475
FAC20250728050618,FAC20250728050618,Technology,English,Video,Oceania,153,0,user_187258
FAC20250728050641,FAC20250728050641,Food,English,Text,North America,250,0,user_313089
FAC20250728050670,FAC20250728050670,Science,Portuguese,Image,North America,110,0,user_315866
FAC20250728050674,FAC20250728050674,Entertainment,English,Text,Europe,3098,1,user_473785
FAC20250728050686,FAC20250728050686,Climate,Korean,Image,Asia,6842,1,user_149242
FAC20250728050725,FAC20250728050725,Food,French,Text,Asia,93,0,user_115948
FAC20250728050727,FAC20250728050727,Climate,English,Text,Europe,44,0,user_480205
FAC20250728050757,FAC20250728050757,Gaming,English,Image,Europe,193,0,user_396769
FAC20250728050822,FAC20250728050822,Education,German,Video,North America,2134,0,user_131151
FAC20250729050836,FAC20250729050836,Entertainment,German,Image,Asia,53,0,user_219713
FAC20250729050844,FAC20250729050844,Fashion,English,Link,Europe,4274,0,user_323766
FAC20250729050857,FAC20250729050857,AI/ML,English,Text,North America,862,1,user_233709
FAC20250729050875,FAC20250729050875,Entertainment,English,Text,North America,760,0,user_196510
FAC20250729050877,FAC20250729050877,Finance,English,Text,North America,702,0,user_304834
FAC20250729050918,FAC20250729050918,Health,English,Text,North America,4112,1,user_19594
FAC20250729050931,FAC20250729050931,Food,English,Text,Europe,67,0,user_21549
FAC20250729050934,FAC20250729050934,Science,English,Text,Asia,1782,1,user_167372
FAC20250729050951,FAC20250729050951,Education,Arabic,Link,Asia,3821,0,user_446338
FAC20250729051005,FAC20250729051005,Climate,German,Video,North America,116,0,user_66442
FAC20250729051024,FAC20250729051024,Gaming,English,Text,North America,159,0,user_41570
FAC20250729051026,FAC20250729051026,Technology,English,Text,Africa,1393,0,user_58950
FAC20250729051030,FAC20250729051030,Technology,Portuguese,Link,Europe,260,0,user_78662
FAC20250729051043,FAC20250729051043,Food,English,Image,Europe,1979,0,user_1128
FAC20250729051059,FAC20250729051059,Finance,English,Image,Asia,16949,0,user_166399
FAC20250729051117,FAC20250729051117,Education,Korean,Image,North America,841,0,user_27812
FAC20250729051119,FAC20250729051119,Business,English,Image,Asia,462,0,user_11186
FAC20250729051132,FAC20250729051132,Business,English,Image,Europe,123,0,user_198500
FAC20250729051139,FAC20250729051139,Food,English,Image,North America,55,0,user_113396
FAC20250729051144,FAC20250729051144,Finance,English,Link,North America,1678,1,user_308835
FAC20250729051151,FAC20250729051151,Sports,English,Video,North America,890,0,user_286282
FAC20250729051155,FAC20250729051155,Science,English,Image,Asia,656,0,user_349834
FAC20250729051184,FAC20250729051184,Health,English,Text,Asia,4523,0,user_158460
FAC20250729051185,FAC20250729051185,Science,Hindi,Video,Europe,2179,1,user_261539
FAC20250729051206,FAC20250729051206,Entertainment,English,Link,North America,756,1,user_138621
FAC20250729051217,FAC20250729051217,Sports,English,Image,Asia,238,0,user_205256
FAC20250729051257,FAC20250729051257,Food,English,Link,Africa,507,0,user_43693
FAC20250729051288,FAC20250729051288,Climate,Spanish,Video,Asia,181,0,user_206233
FAC20250729051299,FAC20250729051299,Food,English,Text,North America,512,0,user_233338
FAC20250729051313,FAC20250729051313,Food,French,Image,North America,815,0,user_24936
FAC20250729051362,FAC20250729051362,Finance,English,Text,Europe,110,0,user_76156
FAC20250729051382,FAC20250729051382,Politics,English,Image,Unknown,1575,0,user_384695
FAC20250729051386,FAC20250729051386,AI/ML,English,Text,North America,1187,0,user_214333
FAC20250729051440,FAC20250729051440,Business,English,Text,North America,1735,0,user_79141
FAC20250729051472,FAC20250729051472,Entertainment,English,Image,Asia,4737,0,user_400658
FAC20250729051479,FAC20250729051479,Sports,English,Text,Europe,30,0,user_37520
FAC20250729051485,FAC20250729051485,Gaming,Portuguese,Link,Europe,238,0,user_407393
FAC20250729051523,FAC20250729051523,Technology,English,Image,Europe,82,0,user_212862
FAC20250729051532,FAC20250729051532,Gaming,Spanish,Image,Africa,96,0,user_189711
FAC20250729051550,FAC20250729051550,Business,English,Text,Oceania,324,0,user_134950
FAC20250729051555,FAC20250729051555,Gaming,German,Image,Europe,513,1,user_144761
FAC20250729051566,FAC20250729051566,Food,Spanish,Text,Asia,580,0,user_281009
FAC20250729051575,FAC20250729051575,Politics,Japanese,Video,Asia,289,0,user_243845
FAC20250729051581,FAC20250729051581,Fashion,Spanish,Text,Europe,265,0,user_182365
FAC20250729051608,FAC20250729051608,Entertainment,English,Image,Europe,3142,0,user_437199
FAC20250729051620,FAC20250729051620,Education,English,Image,Europe,849,0,user_194626
FAC20250731051674,FAC20250731051674,Food,Japanese,Link,Europe,298,0,user_384520
FAC20250731051683,FAC20250731051683,Technology,English,Video,North America,1541,1,user_352718
FAC20250731051694,FAC20250731051694,Sports,Arabic,Video,Asia,124,0,user_15761
FAC20250731051747,FAC20250731051747,Travel,English,Image,Asia,1485,1,user_449480
FAC20250731051761,FAC20250731051761,Gaming,French,Image,Asia,446,0,user_485104
FAC20250731051827,FAC20250731051827,AI/ML,English,Video,Oceania,2568,0,user_29291
FAC20250731051843,FAC20250731051843,Education,English,Video,North America,2565,0,user_337202
FAC20250731051850,FAC20250731051850,Education,English,Video,Asia,225,0,user_341944
FAC20250731051910,FAC20250731051910,Food,Chinese,Image,Europe,11120,0,user_126366
FAC20250731051944,FAC20250731051944,Science,French,Video,North America,1154,0,user_458839
FAC20250731051980,FAC20250731051980,Education,French,Text,North America,59,0,user_218848
FAC20250731051986,FAC20250731051986,Sports,Spanish,Text,North America,907,0,user_124011
FAC20250731051994,FAC20250731051994,Climate,English,Image,Asia,66,0,user_50381
FAC20250731052032,FAC20250731052032,Food,Portuguese,Text,Asia,890,0,user_465249
FAC20250731052058,FAC20250731052058,Fashion,Korean,Video,North America,1495,1,user_334212
FAC20250731052078,FAC20250731052078,Education,German,Video,Europe,286,0,user_143973
FAC20250731052115,FAC20250731052115,Health,Japanese,Image,Asia,428,1,user_307262
FAC20250731052124,FAC20250731052124,Fashion,Chinese,Text,North America,4377,0,user_235038
FAC20250801052165,FAC20250801052165,Entertainment,Portuguese,Text,North America,1784,0,user_22726
FAC20250801052221,FAC20250801052221,Climate,French,Link,North America,863,0,user_210817
FAC20250801052230,FAC20250801052230,Business,Arabic,Text,North America,703,0,user_234601
FAC20250801052232,FAC20250801052232,Entertainment,Portuguese,Image,North America,2251,0,user_174115
FAC20250801052244,FAC20250801052244,Travel,Portuguese,Text,Europe,3637,1,user_71004
FAC20250803052339,FAC20250803052339,Food,English,Video,Africa,4808,0,user_234488
FAC20250803052375,FAC20250803052375,Food,Arabic,Image,Asia,1477,1,user_114498
FAC20250803052421,FAC20250803052421,Travel,English,Image,North America,2,0,user_107120
FAC20250804052444,FAC20250804052444,Fashion,Spanish,Text,Europe,140,0,user_124482
FAC20250804052472,FAC20250804052472,Politics,Portuguese,Video,Asia,979,0,user_377295
FAC20250804052473,FAC20250804052473,Politics,English,Image,Asia,2732,1,user_166686
FAC20250804052494,FAC20250804052494,Travel,English,Image,Asia,3837,1,user_439769
FAC20250804052510,FAC20250804052510,Climate,Portuguese,Video,Unknown,6738,1,user_70825
FAC20250804052518,FAC20250804052518,Finance,Hindi,Video,Asia,9139,0,user_201800
FAC20250804052527,FAC20250804052527,Entertainment,French,Image,South America,1469,0,user_171156
FAC20250804052529,FAC20250804052529,Sports,English,Text,Africa,255,0,user_21966
FAC20250804052536,FAC20250804052536,Entertainment,English,Image,North America,22,0,user_183647
FAC20250804052587,FAC20250804052587,Technology,English,Video,Oceania,1024,0,user_371983
FAC20250804052592,FAC20250804052592,Fashion,English,Image,Asia,284,0,user_157323
FAC20250804052607,FAC20250804052607,Education,English,Text,Asia,424,1,user_289256
FAC20250804052628,FAC20250804052628,AI/ML,English,Text,Asia,103,0,user_120138
FAC20250804052641,FAC20250804052641,Politics,English,Video,North America,71,0,user_16551
FAC20250804052649,FAC20250804052649,Business,Arabic,Image,Europe,274,0,user_498523
FAC20250804052696,FAC20250804052696,Travel,English,Image,North America,2207,0,user_356471
FAC20250804052715,FAC20250804052715,Fashion,English,Text,Africa,5123,0,user_447996
FAC20250804052722,FAC20250804052722,Climate,Portuguese,Text,North America,7882,1,user_306966
FAC20250804052738,FAC20250804052738,Health,English,Text,Asia,150,0,user_171721
FAC20250804052756,FAC20250804052756,Science,Japanese,Video,Asia,80,0,user_206339
FAC20250804052777,FAC20250804052777,Technology,Portuguese,Video,North America,2917,0,user_389242
FAC20250804052782,FAC20250804052782,Politics,Portuguese,Link,Asia,5508,1,user_421301
FAC20250804052791,FAC20250804052791,Education,English,Video,North America,225,0,user_292114
FAC20250804052795,FAC20250804052795,Travel,English,Image,Asia,777,0,user_422643
FAC20250804052801,FAC20250804052801,Health,French,Image,North America,503,1,user_325061
FAC20250804052827,FAC20250804052827,Travel,English,Video,Europe,316,0,user_93718
FAC20250804052842,FAC20250804052842,Sports,English,Text,North America,322,0,user_284069
FAC20250804052852,FAC20250804052852,Food,English,Text,Europe,296,0,user_449493
FAC20250804052855,FAC20250804052855,Climate,Spanish,Text,Oceania,14,0,user_464347
FAC20250804052883,FAC20250804052883,Technology,English,Image,Asia,2,0,user_306093
FAC20250804052901,FAC20250804052901,Sports,English,Video,North America,20,0,user_84735
FAC20250804052925,FAC20250804052925,Science,English,Image,Europe,28,0,user_230094
FAC20250804052955,FAC20250804052955,Education,English,Text,Europe,3513,1,user_127885
FAC20250804052972,FAC20250804052972,Science,English,Video,Europe,515,0,user_81178
FAC20250804052977,FAC20250804052977,Food,English,Link,Europe,34,0,user_54016
FAC20250804053013,FAC20250804053013,AI/ML,Arabic,Text,Europe,60,0,user_350246
FAC20250804053072,FAC20250804053072,Food,Korean,Text,Asia,577,0,user_488579
FAC20250804053077,FAC20250804053077,Politics,Korean,Text,North America,43,0,user_24416
FAC20250804053080,FAC20250804053080,Business,Japanese,Text,Asia,1606,0,user_403592
FAC20250804053089,FAC20250804053089,Education,Korean,Image,Europe,64,0,user_341055
FAC20250804053091,FAC20250804053091,Climate,Japanese,Text,North America,1298,0,user_71375
FAC20250804053124,FAC20250804053124,Politics,English,Image,Asia,798,0,user_336301
FAC20250804053153,FAC20250804053153,Business,French,Image,North America,91,0,user_424731
FAC20250804053155,FAC20250804053155,Travel,Japanese,Video,North America,1632,0,user_482986
FAC20250804053160,FAC20250804053160,Food,English,Image,Europe,12935,0,user_251707
FAC20250804053172,FAC20250804053172,Education,English,Text,Asia,124,0,user_396691
FAC20250804053193,FAC20250804053193,Health,English,Image,Europe,845,0,user_264841
FAC20250804053222,FAC20250804053222,Finance,English,Image,Europe,21,0,user_228499
FAC20250804053241,FAC20250804053241,Education,English,Text,Oceania,10642,0,user_102386
FAC20250805053266,FAC20250805053266,Education,Hindi,Video,North America,39,0,user_235702
FAC20250805053291,FAC20250805053291,Politics,English,Video,North America,153,0,user_433943
FAC20250805053298,FAC20250805053298,Travel,English,Link,South America,8830,0,user_77224
FAC20250805053328,FAC20250805053328,Business,Spanish,Image,Asia,3185,1,user_90870
FAC20250805053373,FAC20250805053373,Entertainment,English,Video,North America,72,0,user_315884
FAC20250805053422,FAC20250805053422,Health,Portuguese,Text,North America,121,0,user_64356
FAC20250805053434,FAC20250805053434,Sports,English,Video,North America,146,0,user_389290
FAC20250805053473,FAC20250805053473,Gaming,English,Image,Europe,2168,0,user_17127
FAC20250805053478,FAC20250805053478,Education,English,Text,North America,36415,0,user_187846
FAC20250805053482,FAC20250805053482,AI/ML,English,Text,South America,127,0,user_223227
FAC20250805053486,FAC20250805053486,AI/ML,Spanish,Text,Europe,3222,0,user_191915
FAC20250805053491,FAC20250805053491,Finance,English,Link,North America,2540,1,user_379597
FAC20250805053496,FAC20250805053496,Finance,English,Image,Europe,3460,0,user_242260
FAC20250805053497,FAC20250805053497,Technology,Japanese,Image,Asia,85,0,user_90070
FAC20250805053527,FAC20250805053527,Travel,English,Poll,Europe,1596,0,user_221986
FAC20250805053540,FAC20250805053540,Science,Spanish,Image,Unknown,39,0,user_321908
FAC20250805053543,FAC20250805053543,Gaming,English,Link,Asia,1071,0,user_491885
FAC20250805053547,FAC20250805053547,Politics,Portuguese,Video,Asia,34684,1,user_328086
FAC20250805053570,FAC20250805053570,Health,Japanese,Link,Asia,957,0,user_364152
FAC20250805053659,FAC20250805053659,Travel,English,Text,Asia,141,0,user_389762
FAC20250805053671,FAC20250805053671,Gaming,Spanish,Text,South America,23956,1,user_160956
FAC20250805053685,FAC20250805053685,Entertainment,English,Text,North America,395,1,user_20963
FAC20250805053692,FAC20250805053692,Sports,English,Image,Asia,17772,1,user_68707
FAC20250805053718,FAC20250805053718,Science,English,Text,Unknown,11884,0,user_7143
FAC20250805053721,FAC20250805053721,AI/ML,Portuguese,Image,Europe,660,0,user_105695
FAC20250805053786,FAC20250805053786,AI/ML,Japanese,Image,North America,3139,1,user_160453
FAC20250805053795,FAC20250805053795,Entertainment,Spanish,Text,North America,112,0,user_448608
FAC20250805053816,FAC20250805053816,Technology,English,Text,Europe,89,0,user_376834
FAC20250805053834,FAC20250805053834,Entertainment,English,Video,Asia,1842,0,user_422993
FAC20250805053864,FAC20250805053864,Business,English,Video,Asia,2576,0,user_191701
FAC20250805053878,FAC20250805053878,Technology,English,Image,North America,6978,0,user_10341
FAC20250805053912,FAC20250805053912,Health,Spanish,Image,Asia,341,0,user_104992
FAC20250805053914,FAC20250805053914,Entertainment,Portuguese,Text,North America,944,0,user_336402
FAC20250805053925,FAC20250805053925,Politics,English,Image,South America,5480,0,user_142507
FAC20250805053932,FAC20250805053932,Fashion,English,Text,North America,490,0,user_293774
FAC20250805053933,FAC20250805053933,Fashion,English,Video,North America,207,0,user_477778
FAC20250805053950,FAC20250805053950,Technology,Korean,Text,North America,4553,0,user_283753
FAC20250805053951,FAC20250805053951,Gaming,English,Link,North America,621,0,user_342937
FAC20250805053955,FAC20250805053955,Education,Spanish,Text,Asia,2138,0,user_46597
FAC20250805053981,FAC20250805053981,Climate,Hindi,Text,Asia,520,0,user_329541
FAC20250805053987,FAC20250805053987,Entertainment,German,Link,Unknown,157,0,user_203182
FAC20250805053990,FAC20250805053990,Sports,Portuguese,Image,Asia,15,0,user_271709
FAC20250805054024,FAC20250805054024,Health,English,Text,North America,285,0,user_497827
FAC20250806054049,FAC20250806054049,Climate,English,Image,North America,54,0,user_153104
FAC20250806054066,FAC20250806054066,Health,Japanese,Text,Europe,2603,0,user_304528
FAC20250806054067,FAC20250806054067,Climate,Portuguese,Image,North America,17966,1,user_156983
FAC20250806054097,FAC20250806054097,Politics,Spanish,Poll,Asia,781,0,user_259105
FAC20250806054117,FAC20250806054117,Science,English,Text,Asia,34,0,user_213794
FAC20250806054121,FAC20250806054121,Politics,Portuguese,Text,North America,23,0,user_448707
FAC20250806054125,FAC20250806054125,Education,Spanish,Video,Asia,725,0,user_498159
FAC20250806054149,FAC20250806054149,Entertainment,English,Text,North America,24557,1,user_174243
FAC20250806054229,FAC20250806054229,Entertainment,English,Video,Europe,1642,0,user_429039
FAC20250806054234,FAC20250806054234,Fashion,Arabic,Text,North America,16254,0,user_233795
FAC20250806054244,FAC20250806054244,Fashion,Spanish,Video,Europe,70,0,user_66199
FAC20250806054246,FAC20250806054246,AI/ML,Arabic,Text,Europe,10609,1,user_442549
FAC20250806054264,FAC20250806054264,Politics,Spanish,Text,Africa,16047,0,user_134270
FAC20250806054272,FAC20250806054272,Technology,English,Image,North America,58154,1,user_365466
FAC20250806054289,FAC20250806054289,Business,English,Image,North America,236,0,user_30000
FAC20250806054301,FAC20250806054301,Education,English,Image,North America,88,0,user_463860
FAC20250806054339,FAC20250806054339,Travel,Hindi,Link,North America,12329,0,user_15633
FAC20250806054345,FAC20250806054345,Health,English,Video,Europe,23661,0,user_296621
FAC20250806054360,FAC20250806054360,Climate,English,Image,Asia,418,0,user_62882
FAC20250806054365,FAC20250806054365,Entertainment,English,Poll,Asia,1016,0,user_462114
FAC20250806054385,FAC20250806054385,Fashion,Spanish,Video,Europe,108,0,user_85360
FAC20250806054400,FAC20250806054400,Entertainment,Portuguese,Image,Asia,1335,1,user_166042
FAC20250806054416,FAC20250806054416,AI/ML,English,Image,North America,194,0,user_139027
FAC20250806054439,FAC20250806054439,Health,English,Text,North America,143,0,user_395827
FAC20250806054440,FAC20250806054440,Sports,English,Video,Asia,7644,0,user_63003
FAC20250806054470,FAC20250806054470,Technology,Portuguese,Video,Europe,37,0,user_455118
FAC20250806054471,FAC20250806054471,Climate,English,Text,North America,158,0,user_106222
FAC20250806054490,FAC20250806054490,Sports,Spanish,Text,Europe,1674,0,user_162303
FAC20250806054520,FAC20250806054520,Technology,Spanish,Text,Asia,5368,0,user_281765
FAC20250806054524,FAC20250806054524,Fashion,Portuguese,Text,Asia,170,0,user_415298
FAC20250806054541,FAC20250806054541,Technology,Spanish,Video,North America,1527,0,user_426420
FAC20250806054546,FAC20250806054546,AI/ML,English,Video,Asia,4759,0,user_34145
FAC20250806054548,FAC20250806054548,Health,English,Link,North America,179,0,user_278382
FAC20250806054560,FAC20250806054560,Education,English,Text,North America,163,0,user_197236
FAC20250806054562,FAC20250806054562,Travel,English,Video,Asia,391,0,user_297919
FAC20250806054620,FAC20250806054620,Travel,Spanish,Video,Asia,1059,0,user_363891
FAC20250806054659,FAC20250806054659,Business,Portuguese,Text,Europe,581,0,user_470383
FAC20250806054668,FAC20250806054668,Health,English,Video,Asia,126,0,user_462975
FAC20250806054671,FAC20250806054671,Business,Spanish,Image,North America,4297,0,user_349491
FAC20250806054683,FAC20250806054683,Travel,Arabic,Text,Asia,10560,1,user_127440
FAC20250806054729,FAC20250806054729,AI/ML,Portuguese,Video,Asia,10,0,user_243464
FAC20250806054814,FAC20250806054814,Gaming,Japanese,Text,North America,87,0,user_3997
FAC20250806054827,FAC20250806054827,Fashion,Portuguese,Image,Africa,134,0,user_281079
FAC20250807054846,FAC20250807054846,AI/ML,English,Link,Europe,177,0,user_63292
FAC20250807054860,FAC20250807054860,Gaming,Japanese,Video,North America,78,0,user_232409
FAC20250807054867,FAC20250807054867,Entertainment,Japanese,Image,Europe,390,0,user_450356
FAC20250807054909,FAC20250807054909,Health,Korean,Image,North America,62,0,user_200609
FAC20250807054919,FAC20250807054919,Politics,Arabic,Image,Asia,44,0,user_39680
FAC20250807054928,FAC20250807054928,Politics,Portuguese,Text,Asia,302,0,user_120185
FAC20250807054943,FAC20250807054943,Technology,French,Video,Unknown,91,0,user_164673
FAC20250807054994,FAC20250807054994,Health,Portuguese,Link,Europe,8282,0,user_385390
FAC20250807054995,FAC20250807054995,Food,Spanish,Text,North America,120,0,user_153763
FAC20250807055065,FAC20250807055065,Entertainment,German,Text,Europe,3072,0,user_119679
FAC20250807055068,FAC20250807055068,Politics,Portuguese,Image,Asia,147,0,user_426886
FAC20250807055120,FAC20250807055120,Gaming,Korean,Link,Europe,279,0,user_471678
FAC20250807055137,FAC20250807055137,AI/ML,French,Image,Europe,1987,1,user_118334
FAC20250807055175,FAC20250807055175,Finance,Spanish,Link,Oceania,4585,0,user_287192
FAC20250807055182,FAC20250807055182,Gaming,English,Poll,North America,8308,0,user_83820
FAC20250807055229,FAC20250807055229,AI/ML,English,Image,Asia,4628,0,user_402754
FAC20250807055254,FAC20250807055254,Food,English,Text,Europe,108,0,user_15638
FAC20250807055263,FAC20250807055263,Sports,Chinese,Text,North America,1526,0,user_405857
FAC20250807055287,FAC20250807055287,AI/ML,English,Poll,North America,1565,0,user_422388
FAC20250808055309,FAC20250808055309,Gaming,English,Image,Europe,487,0,user_195671
FAC20250809055324,FAC20250809055324,Business,English,Text,North America,1522,1,user_31460
FAC20250809055348,FAC20250809055348,Entertainment,English,Video,Unknown,5118,1,user_184445
FAC20250809055358,FAC20250809055358,Gaming,Chinese,Video,Europe,8,0,user_232195
FAC20250809055388,FAC20250809055388,Food,English,Image,Europe,84,0,user_460135
FAC20250809055394,FAC20250809055394,Food,English,Image,Asia,46,0,user_366063
FAC20250809055416,FAC20250809055416,Fashion,Spanish,Image,South America,379,0,user_431349
FAC20250809055471,FAC20250809055471,Fashion,Portuguese,Video,North America,296,0,user_146006
FAC20250809055541,FAC20250809055541,Health,Portuguese,Image,Asia,1908,0,user_351090
FAC20250809055544,FAC20250809055544,Food,English,Image,Europe,5171,1,user_116531
FAC20250809055672,FAC20250809055672,Entertainment,English,Video,North America,4197,0,user_406303
FAC20250809055724,FAC20250809055724,Finance,Portuguese,Video,North America,1580,0,user_346551
FAC20250809055743,FAC20250809055743,AI/ML,French,Text,Europe,2228,0,user_403931
FAC20250809055755,FAC20250809055755,Science,English,Image,Asia,25273,1,user_346564
FAC20250809055770,FAC20250809055770,Education,Portuguese,Image,Asia,1609,0,user_138619
FAC20250809055778,FAC20250809055778,Health,English,Text,North America,72,0,user_106724
FAC20250809055798,FAC20250809055798,AI/ML,English,Image,North America,6681,1,user_307710
FAC20250809055806,FAC20250809055806,Health,English,Link,Asia,2444,0,user_338530
FAC20250809055822,FAC20250809055822,Entertainment,Spanish,Text,Oceania,949,0,user_278216
FAC20250809055909,FAC20250809055909,Entertainment,English,Text,South America,432,0,user_257245
FAC20250809055955,FAC20250809055955,Finance,English,Text,North America,5966,0,user_289747
FAC20250809055960,FAC20250809055960,Sports,Spanish,Link,Asia,7,0,user_291486
FAC20250809055961,FAC20250809055961,Health,Hindi,Link,North America,3095,0,user_190095
FAC20250809055979,FAC20250809055979,Politics,Korean,Image,Asia,11892,1,user_182069
FAC20250809056003,FAC20250809056003,Entertainment,English,Text,Europe,3682,1,user_334515
FAC20250809056018,FAC20250809056018,Gaming,German,Video,Europe,99,0,user_171023
FAC20250809056036,FAC20250809056036,Finance,English,Image,North America,123,0,user_45608
FAC20250809056064,FAC20250809056064,Fashion,English,Text,Unknown,555,0,user_62932
FAC20250809056080,FAC20250809056080,Sports,English,Poll,Oceania,11,0,user_227854
FAC20250809056113,FAC20250809056113,Business,English,Video,North America,79,0,user_161825
FAC20250809056133,FAC20250809056133,Travel,English,Link,North America,1482,0,user_957
FAC20250809056134,FAC20250809056134,Health,English,Text,Africa,267,0,user_2566
FAC20250809056146,FAC20250809056146,Business,Korean,Image,Asia,732,0,user_340665
FAC20250809056156,FAC20250809056156,Education,English,Image,North America,767,0,user_121959
FAC20250809056181,FAC20250809056181,Gaming,Portuguese,Text,North America,441,0,user_271853
FAC20250809056189,FAC20250809056189,Politics,English,Video,North America,581,0,user_478721
FAC20250809056197,FAC20250809056197,Food,Spanish,Text,Europe,2488,0,user_485468
FAC20250809056210,FAC20250809056210,Finance,English,Link,North America,2223,0,user_467034
FAC20250809056231,FAC20250809056231,Food,Korean,Image,Europe,135,0,user_441890
FAC20250809056251,FAC20250809056251,Technology,Spanish,Video,Asia,6959,1,user_488503
FAC20250809056283,FAC20250809056283,Science,English,Image,Europe,208,0,user_232973
FAC20250809056420,FAC20250809056420,Finance,Arabic,Text,Europe,4512,1,user_72260
FAC20250809056431,FAC20250809056431,Technology,English,Video,Asia,4825,1,user_206636
FAC20250809056453,FAC20250809056453,Politics,Portuguese,Video,Unknown,3845,1,user_128535
FAC20250809056496,FAC20250809056496,Climate,English,Text,North America,34,0,user_322738
FAC20250809056503,FAC20250809056503,Finance,French,Poll,Asia,1079,1,user_98391
FAC20250809056504,FAC20250809056504,Politics,English,Text,Asia,323,1,user_229600
FAC20250809056507,FAC20250809056507,Science,English,Text,Asia,470,1,user_2417
FAC20250809056543,FAC20250809056543,Sports,Japanese,Image,Africa,729,0,user_260701
FAC20250809056554,FAC20250809056554,Climate,Spanish,Poll,North America,13942,0,user_474791
FAC20250809056576,FAC20250809056576,Education,English,Poll,North America,709,0,user_60952
FAC20250809056583,FAC20250809056583,Finance,English,Text,Asia,226,0,user_186608
FAC20250809056589,FAC20250809056589,Science,English,Image,North America,1373,0,user_180190
FAC20250809056601,FAC20250809056601,Technology,English,Text,Europe,4842,0,user_107743
FAC20250810056605,FAC20250810056605,Technology,Korean,Link,Europe,6889,0,user_428058
FAC20250810056610,FAC20250810056610,Fashion,English,Text,Asia,407,0,user_444080
FAC20250810056639,FAC20250810056639,AI/ML,Spanish,Image,North America,276,1,user_441166
FAC20250810056643,FAC20250810056643,Fashion,English,Image,Asia,151,0,user_53821
FAC20250810056651,FAC20250810056651,Travel,English,Text,North America,18,0,user_399362
FAC20250810056657,FAC20250810056657,Technology,English,Image,Asia,899,0,user_363105
FAC20250810056659,FAC20250810056659,Education,Portuguese,Video,Europe,171,0,user_125395
FAC20250810056667,FAC20250810056667,Entertainment,Portuguese,Text,Europe,1028,0,user_438832
FAC20250810056685,FAC20250810056685,Politics,English,Video,Asia,2648,1,user_21284
FAC20250810056696,FAC20250810056696,Gaming,English,Text,Asia,562618,1,user_322449
FAC20250810056698,FAC20250810056698,Fashion,Korean,Video,South America,181,0,user_151817
FAC20250810056705,FAC20250810056705,Business,English,Link,Europe,175,0,user_483848
FAC20250810056715,FAC20250810056715,Education,English,Image,Unknown,711,0,user_326485
FAC20250810056744,FAC20250810056744,Health,English,Video,Asia,1556,0,user_313645
FAC20250812056811,FAC20250812056811,Business,English,Video,South America,90,0,user_335201
FAC20250813056850,FAC20250813056850,Climate,Spanish,Image,North America,6,0,user_327027
FAC20250813056863,FAC20250813056863,Travel,English,Image,Asia,26,0,user_66806
FAC20250813056887,FAC20250813056887,Politics,Chinese,Image,Europe,913,0,user_360469
FAC20250813056916,FAC20250813056916,Climate,Portuguese,Text,North America,100,0,user_312187
FAC20250813056930,FAC20250813056930,AI/ML,English,Link,North America,1532,0,user_261376
FAC20250813056931,FAC20250813056931,Technology,Japanese,Video,Asia,1001,1,user_23169
FAC20250813056936,FAC20250813056936,Sports,English,Image,Europe,276,0,user_362805
FAC20250813056977,FAC20250813056977,Entertainment,Spanish,Poll,Unknown,1603,0,user_211440
FAC20250813056985,FAC20250813056985,Travel,English,Image,North America,490,0,user_156346
FAC20250813057018,FAC20250813057018,Entertainment,Portuguese,Image,Africa,639,0,user_407837
FAC20250813057037,FAC20250813057037,Food,Portuguese,Image,Asia,584,0,user_130655
FAC20250813057038,FAC20250813057038,Food,Spanish,Image,North America,1647,0,user_77595
FAC20250813057093,FAC20250813057093,Business,English,Video,Europe,780,0,user_6213
FAC20250813057099,FAC20250813057099,AI/ML,English,Image,North America,1776,0,user_274783
FAC20250813057104,FAC20250813057104,Food,English,Video,Europe,1134,0,user_137035
FAC20250813057180,FAC20250813057180,AI/ML,English,Image,Europe,73,0,user_283249
FAC20250813057189,FAC20250813057189,Climate,Spanish,Image,Asia,799,0,user_118171
FAC20250813057233,FAC20250813057233,Education,English,Poll,North America,3819,0,user_135292
FAC20250813057296,FAC20250813057296,Travel,Chinese,Video,Asia,175,0,user_357768
FAC20250813057320,FAC20250813057320,Climate,Arabic,Text,Oceania,1475,0,user_257740
FAC20250813057349,FAC20250813057349,Politics,English,Link,Asia,1147,0,user_370600
FAC20250813057355,FAC20250813057355,Fashion,English,Image,Asia,258,0,user_276332
FAC20250813057368,FAC20250813057368,Finance,Chinese,Video,Asia,79,0,user_302182
FAC20250813057383,FAC20250813057383,Health,English,Video,Asia,379,0,user_40960
FAC20250813057442,FAC20250813057442,Technology,English,Text,Europe,1769,0,user_32753
FAC20250813057474,FAC20250813057474,AI/ML,English,Text,Europe,2076,1,user_47824
FAC20250813057478,FAC20250813057478,Sports,English,Image,North America,708,0,user_252253
FAC20250813057485,FAC20250813057485,Technology,English,Image,Europe,565,0,user_170915
FAC20250813057507,FAC20250813057507,Travel,German,Text,Asia,192,0,user_249406
FAC20250813057515,FAC20250813057515,Business,English,Video,Europe,3474,0,user_199151
FAC20250813057517,FAC20250813057517,Fashion,English,Image,Asia,1584,0,user_245869
FAC20250813057540,FAC20250813057540,Sports,English,Image,Europe,77,0,user_109097
FAC20250813057551,FAC20250813057551,Climate,Arabic,Poll,North America,4,0,user_475457
FAC20250813057614,FAC20250813057614,Climate,English,Text,North America,19700,1,user_101530
FAC20250813057620,FAC20250813057620,Health,French,Image,Europe,5134,0,user_4314
FAC20250813057648,FAC20250813057648,Health,English,Text,Europe,171,0,user_124097
FAC20250813057665,FAC20250813057665,Health,English,Text,Asia,684,0,user_277219
FAC20250813057670,FAC20250813057670,Entertainment,English,Video,Europe,1002,0,user_222749
FAC20250813057715,FAC20250813057715,Technology,English,Video,Asia,705,0,user_448627
FAC20250813057718,FAC20250813057718,Gaming,Japanese,Poll,Asia,382,0,user_329911
FAC20250813057727,FAC20250813057727,Health,German,Text,North America,2527,0,user_91722
FAC20250813057732,FAC20250813057732,Climate,English,Text,Europe,545,0,user_480130
FAC20250813057734,FAC20250813057734,Science,Chinese,Image,Unknown,6137,1,user_353487
FAC20250813057748,FAC20250813057748,Travel,English,Text,Europe,1252,1,user_497112
FAC20250813057788,FAC20250813057788,Travel,English,Image,South America,32426,1,user_446260
FAC20250813057791,FAC20250813057791,Travel,English,Text,Oceania,329,0,user_145727
FAC20250813057819,FAC20250813057819,Sports,German,Image,Asia,855,0,user_170934
FAC20250813057848,FAC20250813057848,Health,English,Text,North America,1009,0,user_222796
FAC20250813057855,FAC20250813057855,Entertainment,English,Image,Asia,355,0,user_15159
FAC20250814057887,FAC20250814057887,Sports,Chinese,Image,Africa,127,0,user_151243
FAC20250814057895,FAC20250814057895,Fashion,English,Text,Asia,366,0,user_80452
FAC20250814057913,FAC20250814057913,Entertainment,Chinese,Text,Asia,198,0,user_134787
FAC20250814057956,FAC20250814057956,Climate,German,Image,North America,52,0,user_434225
FAC20250814057965,FAC20250814057965,Sports,Portuguese,Video,North America,2334,0,user_19387
FAC20250814057966,FAC20250814057966,Travel,English,Video,North America,1190,0,user_412661
FAC20250814057972,FAC20250814057972,Politics,English,Text,Europe,4014,0,user_123331
FAC20250814057999,FAC20250814057999,Technology,Japanese,Video,Asia,604,1,user_363280
FAC20250814058049,FAC20250814058049,AI/ML,English,Poll,Europe,9,0,user_381357
FAC20250814058062,FAC20250814058062,Food,Chinese,Image,Asia,101,0,user_77844
FAC20250814058096,FAC20250814058096,Science,Spanish,Image,North America,7068,0,user_19141
FAC20250814058114,FAC20250814058114,Health,Spanish,Video,North America,819,0,user_32339
FAC20250814058125,FAC20250814058125,Finance,French,Video,Asia,4059,1,user_104116
FAC20250814058159,FAC20250814058159,Entertainment,Portuguese,Image,Africa,235,0,user_27684
FAC20250815058166,FAC20250815058166,Education,Spanish,Text,North America,4530,0,user_380985
FAC20250815058187,FAC20250815058187,Climate,English,Poll,North America,758,1,user_59781
FAC20250815058196,FAC20250815058196,Sports,Portuguese,Text,Oceania,3255,1,user_60102
FAC20250815058228,FAC20250815058228,Politics,English,Video,Asia,1532,1,user_461357
FAC20250815058230,FAC20250815058230,Science,English,Link,North America,2248,0,user_21512
FAC20250815058240,FAC20250815058240,Science,Portuguese,Image,Europe,769,1,user_488713
FAC20250815058245,FAC20250815058245,Science,Spanish,Video,North America,174,0,user_93435
FAC20250815058254,FAC20250815058254,Fashion,Portuguese,Text,Asia,35,0,user_383518
FAC20250815058292,FAC20250815058292,Gaming,English,Image,Asia,18174,1,user_95935
FAC20250815058335,FAC20250815058335,Food,English,Text,North America,1152,1,user_405194
FAC20250815058339,FAC20250815058339,Sports,Arabic,Link,Europe,31,0,user_456164
FAC20250815058351,FAC20250815058351,Health,Korean,Image,Asia,1442,0,user_461108
FAC20250815058366,FAC20250815058366,AI/ML,Spanish,Image,North America,2050,1,user_229248
FAC20250815058379,FAC20250815058379,Climate,French,Image,Unknown,216,0,user_411535
FAC20250815058385,FAC20250815058385,Fashion,German,Poll,Europe,230,0,user_451698
FAC20250815058414,FAC20250815058414,Science,Spanish,Video,North America,122,0,user_328447
FAC20250815058424,FAC20250815058424,Health,English,Text,North America,4014,0,user_304688
FAC20250815058425,FAC20250815058425,Business,English,Image,Europe,23336,1,user_200362
FAC20250815058442,FAC20250815058442,Sports,English,Image,North America,808,0,user_270549
FAC20250815058446,FAC20250815058446,Health,English,Poll,Asia,330,0,user_76938
FAC20250815058459,FAC20250815058459,AI/ML,English,Text,Europe,95,0,user_102124
FAC20250815058470,FAC20250815058470,AI/ML,English,Text,Asia,2644,0,user_137189
FAC20250815058484,FAC20250815058484,Technology,English,Text,North America,1618,0,user_205736
FAC20250815058516,FAC20250815058516,Education,English,Image,Asia,37619,0,user_388741
FAC20250815058522,FAC20250815058522,Education,English,Video,Africa,77,0,user_106405
FAC20250815058536,FAC20250815058536,Gaming,English,Video,South America,720,0,user_310628
FAC20250815058542,FAC20250815058542,Gaming,Spanish,Text,North America,165632,1,user_139901
FAC20250815058543,FAC20250815058543,Education,English,Video,Asia,3307,1,user_33717
FAC20250815058555,FAC20250815058555,Technology,Japanese,Image,Asia,73,0,user_213155
FAC20250815058590,FAC20250815058590,Technology,English,Text,North America,108,0,user_140764
FAC20250815058596,FAC20250815058596,Politics,English,Text,North America,306,0,user_306417
FAC20250815058652,FAC20250815058652,Fashion,Japanese,Text,Asia,3646,0,user_117265
FAC20250815058662,FAC20250815058662,Entertainment,Portuguese,Text,Asia,167,0,user_380344
FAC20250815058672,FAC20250815058672,Climate,English,Text,Europe,1094,0,user_19431
FAC20250815058674,FAC20250815058674,Travel,English,Image,North America,1194,1,user_89604
FAC20250815058698,FAC20250815058698,Health,English,Image,North America,911,0,user_125665
FAC20250815058741,FAC20250815058741,Entertainment,English,Text,Europe,470,0,user_277998
FAC20250815058750,FAC20250815058750,Education,English,Video,South America,91,0,user_193880
FAC20250815058764,FAC20250815058764,AI/ML,English,Text,Asia,156,0,user_70773
FAC20250815058767,FAC20250815058767,Technology,English,Image,North America,1009,0,user_5426
FAC20250815058783,FAC20250815058783,Entertainment,Arabic,Link,North America,788,0,user_83287
FAC20250815058790,FAC20250815058790,Health,English,Text,North America,549,0,user_270643
FAC20250815058816,FAC20250815058816,AI/ML,English,Image,Asia,7004,0,user_178183
FAC20250815058832,FAC20250815058832,Business,English,Text,North America,14075,1,user_266896
FAC20250815058850,FAC20250815058850,AI/ML,Portuguese,Image,Europe,1111,0,user_275063
FAC20250815058864,FAC20250815058864,Education,Chinese,Text,Asia,1518,0,user_350915
FAC20250815058915,FAC20250815058915,Business,French,Link,Europe,271,0,user_281676
FAC20250815058925,FAC20250815058925,Gaming,Portuguese,Video,Asia,667,1,user_330365
FAC20250815058973,FAC20250815058973,Science,Portuguese,Video,North America,144,0,user_260103
FAC20250815058975,FAC20250815058975,Fashion,Spanish,Image,Europe,2751,0,user_477643
FAC20250815059011,FAC20250815059011,Politics,English,Text,Asia,1795,1,user_487668
FAC20250815059017,FAC20250815059017,Finance,English,Video,Asia,1015,0,user_44704
FAC20250815059023,FAC20250815059023,Entertainment,Portuguese,Text,North America,431,0,user_421214
FAC20250815059041,FAC20250815059041,Technology,Japanese,Image,North America,70870,1,user_446506
FAC20250815059065,FAC20250815059065,Sports,English,Image,Asia,357,0,user_206243
FAC20250815059075,FAC20250815059075,Science,French,Video,Europe,13,0,user_245240
FAC20250815059079,FAC20250815059079,Technology,Portuguese,Text,Africa,423,0,user_162130
FAC20250815059089,FAC20250815059089,Sports,English,Link,Europe,129,0,user_282255
FAC20250815059139,FAC20250815059139,Sports,English,Text,Asia,35,0,user_222517
FAC20250815059140,FAC20250815059140,Politics,English,Image,North America,302,0,user_330575
FAC20250815059158,FAC20250815059158,Travel,French,Video,Europe,15,0,user_377902
FAC20250815059162,FAC20250815059162,Finance,English,Text,Unknown,2007,0,user_232049
FAC20250815059171,FAC20250815059171,Travel,English,Link,Europe,440,1,user_376135
FAC20250815059219,FAC20250815059219,Health,Japanese,Text,Europe,609,0,user_137232
FAC20250815059236,FAC20250815059236,Travel,English,Text,North America,6090,1,user_242690
FAC20250815059253,FAC20250815059253,Gaming,Japanese,Text,Europe,426,0,user_67219
FAC20250815059265,FAC20250815059265,Health,Chinese,Image,North America,3908,1,user_89369
FAC20250815059271,FAC20250815059271,Travel,Spanish,Image,North America,492,1,user_474363
FAC20250815059278,FAC20250815059278,Entertainment,Portuguese,Text,North America,854,0,user_307417
FAC20250816059337,FAC20250816059337,Politics,English,Text,Europe,76,0,user_279887
FAC20250816059424,FAC20250816059424,Politics,English,Text,Europe,15,0,user_108832
FAC20250816059431,FAC20250816059431,Politics,French,Text,North America,1243,0,user_467579
FAC20250816059445,FAC20250816059445,Travel,English,Video,Africa,384,0,user_41004
FAC20250816059455,FAC20250816059455,Fashion,Spanish,Text,Europe,2372,0,user_238110
FAC20250816059620,FAC20250816059620,Health,Chinese,Text,Asia,164,0,user_251187
FAC20250816059632,FAC20250816059632,Travel,Spanish,Text,Europe,25,0,user_252179
FAC20250816059641,FAC20250816059641,Politics,French,Image,Asia,1672,0,user_426632
FAC20250816059654,FAC20250816059654,Fashion,English,Text,North America,599,0,user_260934
FAC20250816059659,FAC20250816059659,Finance,English,Text,Asia,238,0,user_333397
FAC20250816059660,FAC20250816059660,Gaming,English,Video,Asia,4734,1,user_148230
FAC20250816059673,FAC20250816059673,Sports,Korean,Video,North America,21,0,user_314058
FAC20250816059684,FAC20250816059684,Sports,English,Video,North America,6052,0,user_183533
FAC20250816059714,FAC20250816059714,AI/ML,English,Image,North America,302,0,user_177290
FAC20250816059730,FAC20250816059730,Gaming,English,Text,North America,724,0,user_284309
FAC20250816059763,FAC20250816059763,Finance,English,Image,Europe,428,0,user_7709
FAC20250816059787,FAC20250816059787,Fashion,English,Text,Oceania,87,0,user_337889
FAC20250816059807,FAC20250816059807,Technology,Spanish,Link,Europe,3417,1,user_129889
FAC20250816059827,FAC20250816059827,Business,English,Video,Europe,101,0,user_88971
FAC20250816059849,FAC20250816059849,Food,Spanish,Link,Asia,16,0,user_74383
FAC20250816059872,FAC20250816059872,Sports,English,Image,North America,830,0,user_22728
FAC20250816059906,FAC20250816059906,Finance,Chinese,Video,North America,2439,0,user_247676
FAC20250816059932,FAC20250816059932,Sports,English,Video,Asia,5801,1,user_368987
FAC20250816059936,FAC20250816059936,Politics,Portuguese,Video,Oceania,99,0,user_221878
FAC20250816059965,FAC20250816059965,Gaming,English,Image,Asia,252,0,user_249736
FAC20250816059995,FAC20250816059995,Health,English,Video,Europe,2287,0,user_138160
FAC20250816060032,FAC20250816060032,Climate,French,Video,Africa,1086,0,user_215920
FAC20250816060059,FAC20250816060059,Fashion,English,Text,Europe,3470,0,user_29244
FAC20250816060062,FAC20250816060062,Entertainment,French,Text,Africa,3,0,user_167457
FAC20250816060067,FAC20250816060067,Sports,English,Image,Europe,282,0,user_266617
FAC20250817060096,FAC20250817060096,Education,Spanish,Video,Asia,14,0,user_228857
FAC20250817060136,FAC20250817060136,AI/ML,Arabic,Video,Europe,834,0,user_371961
FAC20250817060165,FAC20250817060165,Science,English,Poll,North America,567,0,user_431045
FAC20250817060171,FAC20250817060171,Fashion,Arabic,Poll,Asia,30,0,user_130098
FAC20250817060176,FAC20250817060176,Science,English,Text,North America,3059,0,user_134355
FAC20250817060204,FAC20250817060204,Fashion,Japanese,Image,Asia,22,0,user_443078
FAC20250817060210,FAC20250817060210,Business,French,Link,North America,5782,1,user_218072
FAC20250817060219,FAC20250817060219,Climate,English,Link,Europe,349,0,user_103082
FAC20250817060226,FAC20250817060226,Finance,English,Text,Europe,3768,0,user_126412
FAC20250817060245,FAC20250817060245,Climate,Portuguese,Image,Europe,4814,0,user_130798
FAC20250817060257,FAC20250817060257,Health,English,Text,Asia,10,0,user_386327
FAC20250817060323,FAC20250817060323,Sports,French,Link,North America,98,0,user_292590
FAC20250817060343,FAC20250817060343,Entertainment,English,Text,Asia,3627,0,user_191116
FAC20250817060349,FAC20250817060349,Fashion,Arabic,Poll,Asia,1563,0,user_189295
FAC20250817060352,FAC20250817060352,Politics,English,Text,Africa,2865,0,user_303740
FAC20250817060372,FAC20250817060372,Entertainment,English,Text,North America,5,0,user_115540
FAC20250817060375,FAC20250817060375,Travel,French,Image,North America,175,0,user_59770
FAC20250817060385,FAC20250817060385,Gaming,French,Image,North America,2293,0,user_398378
FAC20250817060395,FAC20250817060395,Travel,Korean,Video,Unknown,88,0,user_77633
FAC20250817060439,FAC20250817060439,Technology,English,Link,Unknown,82590,1,user_458365
FAC20250817060470,FAC20250817060470,Finance,English,Text,Africa,723,0,user_309848
FAC20250817060474,FAC20250817060474,Travel,English,Text,Asia,1144,0,user_174834
FAC20250817060479,FAC20250817060479,Gaming,English,Link,Europe,1225,0,user_446552
FAC20250817060550,FAC20250817060550,Technology,Spanish,Video,North America,60,0,user_246870
FAC20250817060613,FAC20250817060613,Technology,Spanish,Text,Asia,525,0,user_187636
FAC20250817060636,FAC20250817060636,Technology,English,Link,Europe,103,0,user_91772
FAC20250817060641,FAC20250817060641,Sports,English,Video,North America,27270,0,user_199007
FAC20250817060649,FAC20250817060649,Travel,Spanish,Text,Asia,464,0,user_176956
FAC20250817060659,FAC20250817060659,Entertainment,Chinese,Text,North America,2003,0,user_214078
FAC20250817060701,FAC20250817060701,Education,English,Image,Asia,101,0,user_339418
FAC20250817060705,FAC20250817060705,Politics,English,Poll,Unknown,23298,1,user_190573
FAC20250817060708,FAC20250817060708,Science,English,Text,Asia,340,1,user_332645
FAC20250817060726,FAC20250817060726,Sports,English,Video,Africa,6558,1,user_133452
FAC20250817060730,FAC20250817060730,Travel,English,Image,Europe,232,0,user_386919
FAC20250817060755,FAC20250817060755,Education,Portuguese,Image,Europe,174,0,user_464588
FAC20250817060788,FAC20250817060788,Travel,English,Image,Asia,95,0,user_252942
FAC20250817060843,FAC20250817060843,Climate,English,Text,Africa,165,1,user_136563
FAC20250817060885,FAC20250817060885,Politics,Portuguese,Link,Europe,165,0,user_23001
FAC20250817060901,FAC20250817060901,Gaming,English,Video,Europe,99,0,user_431306
FAC20250817060943,FAC20250817060943,Science,German,Image,Asia,48,0,user_180726
FAC20250817060946,FAC20250817060946,Entertainment,English,Text,North America,11216,0,user_90953
FAC20250817060965,FAC20250817060965,Entertainment,English,Link,Asia,11403,0,user_203591
FAC20250817060976,FAC20250817060976,Climate,Portuguese,Video,Europe,16947,1,user_393930
FAC20250817060990,FAC20250817060990,Gaming,German,Video,Asia,37,0,user_198270
FAC20250817061034,FAC20250817061034,Technology,Portuguese,Text,Unknown,187,0,user_442712
FAC20250817061048,FAC20250817061048,Entertainment,Portuguese,Image,Asia,762,0,user_117805
FAC20250817061068,FAC20250817061068,Education,Portuguese,Video,North America,1241,0,user_211494
FAC20250817061081,FAC20250817061081,Business,English,Image,Asia,1792,1,user_166422
FAC20250817061088,FAC20250817061088,Food,English,Text,Europe,3163,0,user_74045
FAC20250817061095,FAC20250817061095,Travel,English,Text,Africa,286,0,user_339150
FAC20250817061131,FAC20250817061131,Business,English,Link,Asia,10542,1,user_181361
FAC20250817061152,FAC20250817061152,Travel,Portuguese,Video,Asia,90,0,user_377076
FAC20250817061164,FAC20250817061164,Technology,English,Link,North America,459,0,user_73882
FAC20250817061196,FAC20250817061196,Travel,English,Video,Oceania,131,0,user_40333
FAC20250817061200,FAC20250817061200,Technology,English,Image,Asia,5256,0,user_458946
FAC20250817061205,FAC20250817061205,Gaming,Hindi,Video,North America,239,0,user_499142
FAC20250817061259,FAC20250817061259,Education,Spanish,Text,Europe,734,0,user_274299
FAC20250817061279,FAC20250817061279,Science,English,Text,North America,3311,0,user_140494
FAC20250817061301,FAC20250817061301,Health,English,Video,North America,219,0,user_148793
FAC20250817061347,FAC20250817061347,Politics,Japanese,Image,Asia,2712836,1,user_374413
FAC20250817061376,FAC20250817061376,AI/ML,English,Image,Asia,1057,0,user_152810
FAC20250817061380,FAC20250817061380,Entertainment,English,Poll,Europe,161,0,user_454192
FAC20250817061383,FAC20250817061383,Climate,French,Text,North America,57,0,user_341738
FAC20250818061464,FAC20250818061464,Finance,German,Text,Asia,553,0,user_87895
FAC20250818061508,FAC20250818061508,Politics,English,Video,North America,616,0,user_160661
FAC20250818061511,FAC20250818061511,Business,Spanish,Text,Asia,630,0,user_489971
FAC20250818061527,FAC20250818061527,Education,French,Image,North America,7,0,user_73939
FAC20250818061633,FAC20250818061633,Technology,English,Image,North America,2733,0,user_427541
FAC20250818061657,FAC20250818061657,Travel,Spanish,Text,Asia,3300,0,user_454659
FAC20250818061683,FAC20250818061683,Education,English,Image,Europe,34366,1,user_311337
FAC20250819061743,FAC20250819061743,Health,English,Link,North America,658,0,user_88077
FAC20250819061756,FAC20250819061756,Fashion,English,Text,Europe,165,0,user_479820
FAC20250819061771,FAC20250819061771,Finance,Portuguese,Video,Europe,788,0,user_343132
FAC20250819061792,FAC20250819061792,Climate,Japanese,Link,North America,9931,0,user_169377
FAC20250819061811,FAC20250819061811,Finance,Spanish,Text,North America,142,0,user_272022
FAC20250819061830,FAC20250819061830,Business,English,Video,Asia,761,0,user_9405
FAC20250819061834,FAC20250819061834,Health,English,Image,North America,180,0,user_141681
FAC20250819061840,FAC20250819061840,Climate,Korean,Text,North America,200,1,user_176318
FAC20250819061843,FAC20250819061843,Technology,English,Video,Europe,162,0,user_195145
FAC20250820061879,FAC20250820061879,Finance,English,Image,Asia,4343,0,user_38641
FAC20250820061910,FAC20250820061910,Gaming,Japanese,Text,Europe,38810,1,user_122833
FAC20250821061963,FAC20250821061963,Climate,English,Link,Asia,468,0,user_32811
FAC20250821061964,FAC20250821061964,Politics,English,Video,Asia,2008,0,user_159725
FAC20250821061973,FAC20250821061973,Travel,English,Text,North America,256,0,user_457849
FAC20250821062008,FAC20250821062008,Food,English,Video,Europe,2163,1,user_68974
FAC20250821062030,FAC20250821062030,Business,English,Text,North America,527,0,user_112387
FAC20250821062033,FAC20250821062033,Gaming,English,Text,Oceania,23603,1,user_330142
FAC20250821062035,FAC20250821062035,Sports,French,Video,Asia,81,0,user_223709
FAC20250821062055,FAC20250821062055,Finance,English,Poll,Africa,969,0,user_24136
FAC20250821062156,FAC20250821062156,Climate,English,Link,Africa,40,0,user_170757
FAC20250821062165,FAC20250821062165,Politics,English,Text,Oceania,10555,0,user_469545
FAC20250821062179,FAC20250821062179,Travel,English,Link,North America,715,0,user_335345
FAC20250821062213,FAC20250821062213,Politics,English,Text,Asia,246,0,user_243301
FAC20250821062239,FAC20250821062239,Sports,English,Video,Europe,195,0,user_242844
FAC20250821062255,FAC20250821062255,Entertainment,Portuguese,Image,North America,243,0,user_430982
FAC20250821062264,FAC20250821062264,Food,English,Video,South America,689,0,user_29502
FAC20250821062299,FAC20250821062299,Technology,English,Text,Asia,5663,1,user_204192
FAC20250821062310,FAC20250821062310,Technology,Japanese,Link,North America,61,0,user_377554
FAC20250821062355,FAC20250821062355,Fashion,German,Link,Europe,55,0,user_194004
FAC20250821062360,FAC20250821062360,Politics,French,Text,North America,3948,0,user_49412
FAC20250821062368,FAC20250821062368,Education,English,Video,Europe,234,0,user_147141
FAC20250821062375,FAC20250821062375,Politics,Portuguese,Text,Asia,48,0,user_71102
FAC20250821062398,FAC20250821062398,Gaming,English,Image,North America,377,0,user_208141
FAC20250821062431,FAC20250821062431,Science,German,Image,North America,3283,0,user_360143
FAC20250821062444,FAC20250821062444,Climate,Korean,Video,North America,560,0,user_72228
FAC20250821062449,FAC20250821062449,Politics,English,Text,North America,179,0,user_283356
FAC20250821062455,FAC20250821062455,Technology,Japanese,Image,North America,2201,1,user_93791
FAC20250821062492,FAC20250821062492,Fashion,English,Link,Europe,588,0,user_83284
FAC20250821062531,FAC20250821062531,Food,English,Text,Asia,395,0,user_161663
FAC20250821062536,FAC20250821062536,Health,English,Poll,North America,4319,0,user_300006
FAC20250821062564,FAC20250821062564,Food,English,Text,Asia,1260,0,user_437345
FAC20250821062646,FAC20250821062646,Travel,English,Image,Europe,1667,0,user_249643
FAC20250821062718,FAC20250821062718,Politics,Portuguese,Image,Asia,615,0,user_318259
FAC20250821062737,FAC20250821062737,Gaming,Spanish,Image,North America,514,0,user_307943
FAC20250821062743,FAC20250821062743,Business,English,Link,South America,237,0,user_260043
FAC20250821062752,FAC20250821062752,Science,Spanish,Link,Asia,3230,0,user_362841
FAC20250821062756,FAC20250821062756,Entertainment,Arabic,Video,Europe,199,0,user_303973
FAC20250821062765,FAC20250821062765,Travel,English,Poll,Europe,44,0,user_86315
FAC20250821062775,FAC20250821062775,Science,English,Video,North America,94,0,user_351887
FAC20250821062824,FAC20250821062824,Business,German,Image,Asia,593,0,user_323630
FAC20250821062862,FAC20250821062862,Fashion,English,Link,Asia,25652,1,user_179619
FAC20250821062868,FAC20250821062868,Business,Spanish,Image,Asia,23199,1,user_476207
FAC20250821062883,FAC20250821062883,Science,English,Link,Asia,852,0,user_369114
FAC20250821062910,FAC20250821062910,Technology,Portuguese,Image,North America,15977,0,user_412324
FAC20250821062958,FAC20250821062958,Fashion,English,Poll,Asia,509,0,user_363569
FAC20250821062965,FAC20250821062965,Health,English,Text,North America,1,0,user_327275
FAC20250821062999,FAC20250821062999,Science,German,Image,Europe,4355,0,user_232888
FAC20250821063022,FAC20250821063022,Fashion,English,Image,North America,156,0,user_17340
FAC20250821063068,FAC20250821063068,AI/ML,English,Video,Asia,4045,0,user_153153
FAC20250821063078,FAC20250821063078,Politics,English,Text,Europe,3767,0,user_496183
FAC20250821063092,FAC20250821063092,Sports,English,Text,North America,36,0,user_52972
FAC20250821063138,FAC20250821063138,Finance,Arabic,Text,Asia,239,0,user_275037
FAC20250821063155,FAC20250821063155,Sports,English,Image,North America,1,0,user_161541
FAC20250821063181,FAC20250821063181,Food,English,Image,Europe,57,0,user_479478
FAC20250821063185,FAC20250821063185,Climate,English,Image,South America,181,1,user_138604
FAC20250821063200,FAC20250821063200,Politics,English,Text,North America,2217,0,user_345904
FAC20250821063206,FAC20250821063206,Science,Hindi,Video,Europe,102,0,user_260335
FAC20250821063209,FAC20250821063209,Gaming,English,Text,Asia,104,0,user_35222
FAC20250821063239,FAC20250821063239,Technology,English,Video,Asia,1736,0,user_321910
FAC20250821063261,FAC20250821063261,Education,English,Video,Asia,26,0,user_178465
FAC20250821063268,FAC20250821063268,Education,English,Image,Asia,35,0,user_79582
FAC20250821063281,FAC20250821063281,Climate,English,Link,Europe,74,0,user_235491
FAC20250821063289,FAC20250821063289,Finance,Chinese,Video,Asia,4202,0,user_302603
FAC20250821063299,FAC20250821063299,Education,English,Text,Europe,527,0,user_43603
FAC20250821063306,FAC20250821063306,Sports,Arabic,Image,Asia,1548,0,user_415278
FAC20250821063330,FAC20250821063330,Gaming,English,Image,North America,10103,1,user_28022
FAC20250821063357,FAC20250821063357,Politics,German,Text,Europe,79,0,user_261923
FAC20250821063396,FAC20250821063396,Science,English,Video,North America,1387,0,user_26449
FAC20250821063402,FAC20250821063402,Fashion,English,Text,Europe,96,0,user_89467
FAC20250822063448,FAC20250822063448,Health,Hindi,Image,Europe,795,0,user_114123
FAC20250822063508,FAC20250822063508,Business,English,Image,Asia,1009,0,user_66223
FAC20250822063530,FAC20250822063530,Gaming,English,Video,Europe,13207,1,user_282219
FAC20250822063588,FAC20250822063588,Sports,French,Image,Asia,92,0,user_421873
FAC20250822063601,FAC20250822063601,Food,French,Video,Europe,5253,0,user_432024
FAC20250822063643,FAC20250822063643,Finance,English,Image,North America,198,0,user_267202
FAC20250822063672,FAC20250822063672,Science,French,Link,Asia,352,0,user_159568
FAC20250822063716,FAC20250822063716,Education,English,Poll,Europe,25,0,user_86699
FAC20250822063733,FAC20250822063733,Climate,French,Text,Europe,13264,0,user_424967
FAC20250822063740,FAC20250822063740,Sports,English,Text,North America,113,0,user_217816
FAC20250822063746,FAC20250822063746,Technology,English,Text,Europe,365,0,user_387954
FAC20250822063771,FAC20250822063771,Travel,German,Image,Europe,350,0,user_390365
FAC20250822063813,FAC20250822063813,Travel,English,Link,Europe,7663,0,user_332479
FAC20250822063815,FAC20250822063815,Entertainment,French,Text,Europe,5160,0,user_262473
FAC20250822063837,FAC20250822063837,Gaming,English,Text,North America,74,0,user_348840
FAC20250822063847,FAC20250822063847,Gaming,English,Image,Unknown,6704,0,user_465250
FAC20250822063916,FAC20250822063916,Entertainment,English,Video,Oceania,58,0,user_387171
FAC20250822063920,FAC20250822063920,Food,English,Text,North America,90,1,user_47575
FAC20250822063936,FAC20250822063936,Education,Chinese,Image,Europe,14988,1,user_317090
FAC20250822063942,FAC20250822063942,Health,Spanish,Text,North America,716,0,user_439397
FAC20250822063950,FAC20250822063950,Politics,German,Link,North America,56,0,user_5640
FAC20250822063953,FAC20250822063953,Politics,Portuguese,Video,Europe,854,0,user_202160
FAC20250822063978,FAC20250822063978,Gaming,English,Image,Oceania,202,0,user_172898
FAC20250822064008,FAC20250822064008,Climate,English,Video,Asia,1682,0,user_128228
FAC20250822064011,FAC20250822064011,Climate,Portuguese,Video,Europe,3114,0,user_126083
FAC20250822064015,FAC20250822064015,Politics,Spanish,Text,Europe,1739,1,user_80355
FAC20250822064020,FAC20250822064020,Finance,English,Image,South America,389,0,user_103615
FAC20250822064047,FAC20250822064047,AI/ML,German,Text,Unknown,3725,1,user_192856
FAC20250822064050,FAC20250822064050,Science,English,Image,North America,143,0,user_293990
FAC20250822064059,FAC20250822064059,Fashion,English,Image,Europe,118,0,user_83391
FAC20250822064062,FAC20250822064062,Climate,Spanish,Text,Europe,505,0,user_40274
FAC20250822064074,FAC20250822064074,Politics,English,Text,North America,151,0,user_463368
FAC20250822064093,FAC20250822064093,Science,Spanish,Link,North America,17996,1,user_162381
FAC20250822064111,FAC20250822064111,Travel,English,Video,Asia,42,0,user_406262
FAC20250822064127,FAC20250822064127,Health,Hindi,Text,Europe,1417,0,user_479288
FAC20250822064139,FAC20250822064139,Technology,French,Text,Europe,118,0,user_481991
FAC20250822064163,FAC20250822064163,Health,English,Text,Asia,10790,1,user_50941
FAC20250822064187,FAC20250822064187,Finance,English,Image,Unknown,772,0,user_450684
FAC20250822064206,FAC20250822064206,AI/ML,English,Text,North America,967,0,user_40640
FAC20250822064217,FAC20250822064217,Health,English,Poll,Africa,721,0,user_126665
FAC20250822064229,FAC20250822064229,Fashion,English,Link,Europe,177,0,user_377453
FAC20250822064239,FAC20250822064239,Finance,Arabic,Text,North America,391,0,user_168752
FAC20250822064247,FAC20250822064247,Business,English,Video,Asia,311,0,user_41860
FAC20250822064268,FAC20250822064268,Technology,English,Link,Asia,25401,1,user_484281
FAC20250822064295,FAC20250822064295,AI/ML,English,Image,Asia,59,0,user_393688
FAC20250822064305,FAC20250822064305,Climate,English,Video,Europe,555,0,user_202728
FAC20250822064310,FAC20250822064310,AI/ML,Spanish,Image,North America,693,0,user_406065
FAC20250822064355,FAC20250822064355,Climate,English,Image,North America,127,0,user_313525
FAC20250822064368,FAC20250822064368,Education,Portuguese,Text,North America,262,0,user_463123
FAC20250822064381,FAC20250822064381,Entertainment,Spanish,Image,Europe,278,0,user_385799
FAC20250823064384,FAC20250823064384,Travel,English,Image,Asia,382,0,user_8894
FAC20250823064405,FAC20250823064405,AI/ML,English,Image,North America,8073,0,user_254016
FAC20250823064478,FAC20250823064478,Finance,English,Text,Asia,188,0,user_188757
FAC20250823064533,FAC20250823064533,Business,English,Video,Asia,8179,0,user_104870
FAC20250823064567,FAC20250823064567,Business,Arabic,Text,Asia,8054,0,user_312855
FAC20250823064592,FAC20250823064592,Science,English,Link,Asia,802,0,user_226041
FAC20250823064601,FAC20250823064601,Sports,Japanese,Text,North America,6677,0,user_275145
FAC20250825064644,FAC20250825064644,Business,English,Text,North America,7569,1,user_386402
FAC20250825064646,FAC20250825064646,Science,Portuguese,Poll,North America,63,0,user_369305
FAC20250825064647,FAC20250825064647,Technology,English,Image,Europe,186,0,user_200081
FAC20250825064673,FAC20250825064673,Entertainment,French,Video,North America,3014,1,user_322026
FAC20250825064703,FAC20250825064703,Climate,English,Video,Asia,9197,0,user_292273
FAC20250825064711,FAC20250825064711,Business,French,Text,North America,2922,0,user_445563
FAC20250825064801,FAC20250825064801,Fashion,English,Image,South America,331,0,user_240243
FAC20250825064824,FAC20250825064824,Food,French,Image,Africa,158,0,user_285981
FAC20250825064846,FAC20250825064846,Health,English,Text,Asia,25874,1,user_340117
FAC20250825064861,FAC20250825064861,Science,English,Image,Asia,859,0,user_428893
FAC20250825064874,FAC20250825064874,Entertainment,English,Image,Asia,1098,0,user_293034
FAC20250825064886,FAC20250825064886,Climate,English,Video,North America,1543,0,user_150047
FAC20250825064891,FAC20250825064891,Gaming,Spanish,Image,North America,1741,1,user_55850
FAC20250825064900,FAC20250825064900,Business,English,Image,North America,9455,1,user_396940
FAC20250825064903,FAC20250825064903,Health,Japanese,Link,Oceania,38,0,user_89458
FAC20250825064932,FAC20250825064932,Food,Chinese,Text,North America,978,0,user_138199
FAC20250825064943,FAC20250825064943,Science,German,Text,North America,852,0,user_182849
FAC20250825064960,FAC20250825064960,Education,Spanish,Image,Europe,822,0,user_153801
FAC20250825065026,FAC20250825065026,Fashion,English,Text,Asia,341,0,user_369530
FAC20250825065031,FAC20250825065031,Business,English,Image,Asia,140,0,user_360141
FAC20250825065063,FAC20250825065063,Health,English,Link,North America,152,0,user_10708
FAC20250825065066,FAC20250825065066,Fashion,English,Text,North America,342,0,user_192294
FAC20250825065072,FAC20250825065072,Health,English,Text,North America,213,0,user_204287
FAC20250825065088,FAC20250825065088,Climate,Spanish,Video,Asia,97117,1,user_170564
FAC20250825065094,FAC20250825065094,Health,Hindi,Text,North America,1148,0,user_256619
FAC20250825065107,FAC20250825065107,Technology,English,Image,Asia,3397,0,user_206673
FAC20250826065180,FAC20250826065180,Education,Spanish,Video,North America,2500,0,user_498115
FAC20250826065192,FAC20250826065192,Fashion,English,Text,Europe,1302,0,user_314676
FAC20250826065221,FAC20250826065221,Technology,English,Image,North America,4477,0,user_343855
FAC20250826065307,FAC20250826065307,Entertainment,Japanese,Text,North America,77,0,user_221898
FAC20250826065309,FAC20250826065309,Gaming,English,Video,Europe,3945,0,user_103167
FAC20250826065434,FAC20250826065434,AI/ML,English,Text,Europe,7322,1,user_69987
FAC20250826065440,FAC20250826065440,Finance,English,Image,Europe,106890,0,user_23118
FAC20250826065468,FAC20250826065468,Fashion,English,Poll,Asia,348,0,user_333995
FAC20250826065471,FAC20250826065471,Fashion,Spanish,Link,Asia,17816,1,user_64732
FAC20250826065480,FAC20250826065480,Climate,English,Image,Europe,7615,1,user_65521
FAC20250826065493,FAC20250826065493,AI/ML,Portuguese,Link,North America,389,0,user_10651
FAC20250826065505,FAC20250826065505,Health,English,Video,South America,7331,1,user_378580
FAC20250826065539,FAC20250826065539,Gaming,French,Image,North America,1431,0,user_67001
FAC20250826065574,FAC20250826065574,Food,English,Text,North America,4632,0,user_6893
FAC20250826065587,FAC20250826065587,Technology,Spanish,Link,Oceania,117,0,user_123120
FAC20250826065592,FAC20250826065592,Sports,English,Image,Europe,11968,1,user_196491
FAC20250826065609,FAC20250826065609,Entertainment,Spanish,Image,Europe,61,0,user_252710
FAC20250826065612,FAC20250826065612,Travel,Portuguese,Text,Europe,149,0,user_85876
FAC20250826065633,FAC20250826065633,Climate,English,Video,Europe,28,0,user_429516
FAC20250826065642,FAC20250826065642,Technology,English,Image,North America,82,0,user_151528
FAC20250826065644,FAC20250826065644,Science,French,Image,Europe,4,0,user_29737
FAC20250826065660,FAC20250826065660,Fashion,English,Poll,Europe,6042,1,user_129399
FAC20250826065690,FAC20250826065690,Sports,English,Image,Asia,25296,1,user_182771
FAC20250826065718,FAC20250826065718,Fashion,English,Image,South America,14598,0,user_275942
FAC20250826065772,FAC20250826065772,Travel,English,Text,Africa,10797,0,user_279009
FAC20250826065789,FAC20250826065789,Entertainment,English,Text,Africa,551,0,user_482941
FAC20250826065803,FAC20250826065803,AI/ML,English,Video,Asia,1087,0,user_100696
FAC20250826065806,FAC20250826065806,Entertainment,English,Text,Europe,2410,0,user_222298
FAC20250826065833,FAC20250826065833,Climate,Spanish,Video,Asia,4797,1,user_1567
FAC20250826065842,FAC20250826065842,Education,English,Text,Africa,348,0,user_396478
FAC20250826065877,FAC20250826065877,Entertainment,Korean,Text,Europe,217,0,user_132349
FAC20250826065885,FAC20250826065885,Science,English,Text,Asia,563,1,user_382200
FAC20250826065899,FAC20250826065899,Food,Spanish,Link,North America,585,0,user_240689
FAC20250827065937,FAC20250827065937,Climate,Portuguese,Image,Asia,11262,1,user_141982
FAC20250827065965,FAC20250827065965,Climate,English,Text,Asia,902,0,user_423438
FAC20250827065975,FAC20250827065975,Entertainment,English,Text,North America,3539,0,user_28288
FAC20250827065991,FAC20250827065991,Technology,English,Video,Asia,16,0,user_433201
FAC20250827065999,FAC20250827065999,Fashion,Portuguese,Image,Europe,582,1,user_264826
FAC20250827066013,FAC20250827066013,Science,Chinese,Text,South America,178,0,user_447186
FAC20250827066014,FAC20250827066014,Sports,Portuguese,Link,Europe,564,0,user_343606
FAC20250827066016,FAC20250827066016,Finance,English,Image,Europe,3349,1,user_134855
FAC20250827066025,FAC20250827066025,Entertainment,English,Text,Asia,433,0,user_64522
FAC20250827066027,FAC20250827066027,Business,Hindi,Image,North America,132,0,user_130987
FAC20250827066030,FAC20250827066030,Health,English,Text,North America,428,0,user_253524
FAC20250827066051,FAC20250827066051,Health,English,Text,Asia,77,0,user_177616
FAC20250827066080,FAC20250827066080,Technology,Spanish,Video,North America,709,0,user_210352
FAC20250827066124,FAC20250827066124,Finance,English,Text,South America,4132,0,user_436129
FAC20250827066141,FAC20250827066141,Travel,Japanese,Text,Asia,98,0,user_424559
FAC20250827066145,FAC20250827066145,Gaming,English,Text,Asia,3624,0,user_200025
FAC20250827066177,FAC20250827066177,Health,English,Image,Europe,8447,0,user_6302
FAC20250827066244,FAC20250827066244,Food,Hindi,Video,Asia,78,0,user_277688
FAC20250827066262,FAC20250827066262,Sports,Spanish,Link,Asia,242,0,user_181334
FAC20250827066309,FAC20250827066309,Politics,Spanish,Image,North America,279,0,user_450632
FAC20250827066373,FAC20250827066373,Politics,Portuguese,Video,Europe,1478,0,user_181554
FAC20250827066375,FAC20250827066375,Entertainment,English,Text,Europe,36,0,user_168196
FAC20250827066380,FAC20250827066380,Fashion,Spanish,Text,Europe,8874,1,user_4639
FAC20250827066399,FAC20250827066399,Fashion,Hindi,Video,North America,6,0,user_348095
FAC20250827066418,FAC20250827066418,Science,English,Image,Europe,6053,0,user_83356
FAC20250827066419,FAC20250827066419,Education,English,Text,North America,13028,1,user_70062
FAC20250827066429,FAC20250827066429,Fashion,English,Poll,Asia,464,0,user_320074
FAC20250827066433,FAC20250827066433,Finance,English,Image,Europe,1035,0,user_9923
FAC20250827066447,FAC20250827066447,Fashion,English,Text,Europe,6289,0,user_404798
FAC20250827066457,FAC20250827066457,AI/ML,English,Text,Asia,210,0,user_242534
FAC20250827066474,FAC20250827066474,Gaming,English,Text,Asia,1511,0,user_334065
FAC20250827066486,FAC20250827066486,AI/ML,Spanish,Text,North America,1935,1,user_374886
FAC20250827066506,FAC20250827066506,Science,French,Image,South America,1787,0,user_378625
FAC20250827066552,FAC20250827066552,AI/ML,English,Text,North America,9578,0,user_414888
FAC20250827066566,FAC20250827066566,Food,English,Image,North America,1271,0,user_207920
FAC20250827066572,FAC20250827066572,Politics,Portuguese,Link,North America,101,0,user_246849
FAC20250827066620,FAC20250827066620,Food,Portuguese,Text,North America,5382,0,user_359483
FAC20250827066656,FAC20250827066656,Gaming,English,Text,Europe,917,0,user_237363
FAC20250827066666,FAC20250827066666,Gaming,Chinese,Image,North America,24374,0,user_31328
FAC20250827066680,FAC20250827066680,Climate,Korean,Text,Asia,3514,0,user_195389
FAC20250828066731,FAC20250828066731,Food,English,Text,Europe,2146,1,user_262940
FAC20250828066767,FAC20250828066767,Entertainment,English,Text,North America,360,0,user_328286
FAC20250828066772,FAC20250828066772,AI/ML,English,Text,North America,461,0,user_13852
FAC20250828066799,FAC20250828066799,Technology,French,Image,North America,189,0,user_403441
FAC20250828066817,FAC20250828066817,Entertainment,English,Text,Asia,39,0,user_148259
FAC20250828066825,FAC20250828066825,Politics,English,Text,Europe,25,0,user_226817
FAC20250828066837,FAC20250828066837,Technology,Spanish,Text,North America,272,0,user_349439
FAC20250828066897,FAC20250828066897,Fashion,French,Text,North America,1535,0,user_321719
FAC20250828066906,FAC20250828066906,Finance,English,Text,Asia,159,0,user_484291
FAC20250828066911,FAC20250828066911,Education,Japanese,Text,Asia,97,0,user_496032
FAC20250828066921,FAC20250828066921,Travel,English,Video,Asia,1124,0,user_262440
FAC20250828066928,FAC20250828066928,Sports,Japanese,Text,South America,4058,1,user_146668
FAC20250828067015,FAC20250828067015,Science,Portuguese,Text,Africa,3544,0,user_234358
FAC20250828067033,FAC20250828067033,Travel,Korean,Image,Asia,30,0,user_56538
FAC20250829067111,FAC20250829067111,Health,French,Text,Africa,3169,0,user_85670
FAC20250829067114,FAC20250829067114,AI/ML,English,Image,North America,367,0,user_29944
FAC20250829067120,FAC20250829067120,Entertainment,German,Image,Asia,641,0,user_231562
FAC20250829067126,FAC20250829067126,Education,English,Video,Asia,497,0,user_336148
FAC20250829067150,FAC20250829067150,Food,Portuguese,Text,Africa,281,0,user_139327
FAC20250829067174,FAC20250829067174,Travel,English,Text,North America,24,0,user_465597
FAC20250829067182,FAC20250829067182,Travel,English,Text,Asia,593,0,user_369793
FAC20250829067222,FAC20250829067222,Fashion,English,Image,Europe,81,0,user_184713
FAC20250829067230,FAC20250829067230,Sports,English,Image,North America,423,1,user_8805
FAC20250829067280,FAC20250829067280,Food,Hindi,Image,North America,216,0,user_104284
FAC20250829067288,FAC20250829067288,Technology,Spanish,Image,North America,544,0,user_447244
FAC20250830067299,FAC20250830067299,Business,Japanese,Poll,North America,7548,0,user_381038
FAC20250830067321,FAC20250830067321,Education,English,Text,Europe,123,0,user_427269
FAC20250830067348,FAC20250830067348,AI/ML,Japanese,Poll,Europe,11,0,user_376331
FAC20250830067390,FAC20250830067390,Health,English,Text,South America,3452,0,user_373449
FAC20250830067413,FAC20250830067413,Education,Spanish,Text,Europe,3501,1,user_97360
FAC20250830067428,FAC20250830067428,Health,English,Video,Europe,473,0,user_434443
FAC20250830067441,FAC20250830067441,Fashion,English,Text,North America,255,0,user_166900
FAC20250830067445,FAC20250830067445,Gaming,Spanish,Text,Unknown,343,0,user_309697
FAC20250830067457,FAC20250830067457,Climate,French,Video,Oceania,7737,1,user_283380
FAC20250830067458,FAC20250830067458,Fashion,French,Text,South America,637,0,user_479079
FAC20250830067478,FAC20250830067478,Gaming,Spanish,Text,North America,2442,0,user_273374
FAC20250830067488,FAC20250830067488,Travel,Portuguese,Text,Europe,84,0,user_166378
FAC20250831067505,FAC20250831067505,Technology,Spanish,Image,South America,3061,0,user_334167
FAC20250831067580,FAC20250831067580,Food,English,Image,South America,240,0,user_182665
FAC20250831067603,FAC20250831067603,Health,Spanish,Text,North America,154,0,user_179969
FAC20250831067637,FAC20250831067637,Climate,English,Text,Europe,4399,0,user_271835
FAC20250831067642,FAC20250831067642,Food,English,Link,Europe,277,0,user_277029
FAC20250831067650,FAC20250831067650,Fashion,English,Text,Africa,2105,1,user_41456
FAC20250831067652,FAC20250831067652,AI/ML,French,Text,Europe,51,0,user_446445
FAC20250831067665,FAC20250831067665,Health,Japanese,Image,Asia,1715,1,user_128977
FAC20250831067702,FAC20250831067702,Travel,Portuguese,Text,Asia,76,0,user_499294
FAC20250831067716,FAC20250831067716,AI/ML,Spanish,Text,North America,711,0,user_279937
FAC20250831067733,FAC20250831067733,Climate,English,Image,Europe,20,0,user_102347
FAC20250831067740,FAC20250831067740,Climate,French,Video,Europe,2083,0,user_28429
FAC20250831067746,FAC20250831067746,Technology,English,Video,Africa,2552,0,user_420332
FAC20250901067765,FAC20250901067765,Education,English,Text,Europe,214,0,user_5098
FAC20250901067794,FAC20250901067794,Finance,English,Video,Europe,18,0,user_323506
FAC20250901067802,FAC20250901067802,Fashion,Chinese,Image,Europe,2011,0,user_72789
FAC20250901067833,FAC20250901067833,Fashion,English,Image,North America,39,0,user_235988
FAC20250901067839,FAC20250901067839,AI/ML,English,Image,North America,1655,1,user_134099
FAC20250901067848,FAC20250901067848,Entertainment,Spanish,Image,Europe,65,0,user_141640
FAC20250901067875,FAC20250901067875,Education,English,Text,Africa,363,0,user_271365
FAC20250902067941,FAC20250902067941,Education,Spanish,Image,Asia,1298,1,user_123017
FAC20250902067943,FAC20250902067943,Technology,English,Poll,North America,1067,0,user_169725
FAC20250902067952,FAC20250902067952,Sports,Portuguese,Text,North America,6174,1,user_384865
FAC20250902067953,FAC20250902067953,Education,Arabic,Video,Asia,477,1,user_118338
FAC20250902067954,FAC20250902067954,Entertainment,Spanish,Video,South America,856,0,user_309268
FAC20250902067980,FAC20250902067980,Entertainment,English,Link,Oceania,66,0,user_404858
FAC20250902067997,FAC20250902067997,Travel,English,Video,North America,6629,0,user_346478
FAC20250902068002,FAC20250902068002,Food,English,Video,Europe,10126,1,user_344892
FAC20250902068010,FAC20250902068010,Entertainment,Spanish,Text,North America,61,0,user_27825
FAC20250902068014,FAC20250902068014,Travel,English,Video,Asia,130,0,user_308215
FAC20250902068022,FAC20250902068022,Gaming,English,Video,North America,51,0,user_313765
FAC20250902068035,FAC20250902068035,Business,Arabic,Text,Asia,6016,1,user_214915
FAC20250902068050,FAC20250902068050,Sports,Portuguese,Image,Asia,1429,0,user_472586
FAC20250902068059,FAC20250902068059,Fashion,French,Video,Asia,32,0,user_387520
FAC20250902068070,FAC20250902068070,Gaming,English,Image,Africa,1925,0,user_375485
FAC20250902068073,FAC20250902068073,Gaming,English,Video,Europe,95,0,user_67750
FAC20250902068082,FAC20250902068082,Climate,French,Poll,Oceania,4879,0,user_93918
FAC20250902068095,FAC20250902068095,Politics,English,Video,Asia,470,0,user_307575
FAC20250902068160,FAC20250902068160,Travel,English,Video,Asia,166,0,user_20878
FAC20250902068161,FAC20250902068161,Fashion,Japanese,Image,North America,133,0,user_459268
FAC20250902068181,FAC20250902068181,Health,English,Text,North America,212,0,user_106295
FAC20250902068212,FAC20250902068212,Climate,English,Text,Europe,297,0,user_81447
FAC20250902068219,FAC20250902068219,Politics,Spanish,Video,Europe,102,0,user_487947
FAC20250902068265,FAC20250902068265,Politics,English,Video,Asia,5764,0,user_399894
FAC20250902068277,FAC20250902068277,AI/ML,English,Text,North America,2053,1,user_336145
FAC20250902068325,FAC20250902068325,Travel,English,Image,Europe,1543,0,user_220594
FAC20250902068330,FAC20250902068330,Climate,English,Image,North America,26812,1,user_239557
FAC20250902068383,FAC20250902068383,Education,English,Poll,North America,121,0,user_214368
FAC20250902068398,FAC20250902068398,Health,English,Text,North America,53,0,user_277586
FAC20250902068402,FAC20250902068402,Climate,English,Video,Africa,1368,1,user_469715
FAC20250902068407,FAC20250902068407,Gaming,English,Link,North America,203,0,user_13034
FAC20250902068415,FAC20250902068415,Fashion,English,Text,Europe,280,0,user_7502
FAC20250902068438,FAC20250902068438,Politics,German,Image,North America,867,0,user_1804
FAC20250902068474,FAC20250902068474,Business,Arabic,Text,Europe,3578,0,user_167620
FAC20250902068479,FAC20250902068479,Politics,English,Text,North America,9308,0,user_135203
FAC20250902068524,FAC20250902068524,Gaming,English,Video,Europe,453,0,user_353737
FAC20250902068579,FAC20250902068579,Health,Spanish,Text,North America,2894,0,user_283248
FAC20250902068582,FAC20250902068582,Entertainment,English,Image,North America,3464,1,user_385704
FAC20250902068586,FAC20250902068586,Gaming,English,Text,North America,518,0,user_202233
FAC20250902068595,FAC20250902068595,Climate,Japanese,Image,Europe,10172,1,user_352271
FAC20250902068600,FAC20250902068600,Entertainment,Spanish,Image,Asia,1856,0,user_413881
FAC20250902068639,FAC20250902068639,Climate,English,Text,Asia,519,0,user_43735
FAC20250902068654,FAC20250902068654,Entertainment,French,Image,Asia,1129,0,user_284913
FAC20250902068660,FAC20250902068660,Entertainment,English,Text,Asia,721,0,user_322603
FAC20250902068670,FAC20250902068670,Sports,Arabic,Link,South America,941,0,user_270610
FAC20250902068682,FAC20250902068682,Education,English,Image,North America,797,0,user_67852
FAC20250902068744,FAC20250902068744,Sports,English,Video,Asia,189,0,user_157653
FAC20250902068750,FAC20250902068750,Health,English,Video,North America,7810,0,user_453758
FAC20250902068760,FAC20250902068760,Technology,German,Text,North America,1434,0,user_346969
FAC20250902068772,FAC20250902068772,Education,English,Image,North America,124,0,user_237840
FAC20250902068779,FAC20250902068779,Education,Spanish,Image,North America,20,0,user_136171
FAC20250902068805,FAC20250902068805,Sports,English,Link,Asia,885,0,user_67452
FAC20250902068808,FAC20250902068808,Business,English,Video,Asia,314,0,user_146333
FAC20250902068838,FAC20250902068838,Travel,Hindi,Image,Europe,34,0,user_198958
FAC20250902068879,FAC20250902068879,Finance,Portuguese,Text,Asia,516,1,user_111896
FAC20250902068896,FAC20250902068896,Fashion,Portuguese,Link,North America,313,0,user_49499
FAC20250902068902,FAC20250902068902,Business,English,Video,North America,164,0,user_416196
FAC20250902068910,FAC20250902068910,Technology,German,Image,Europe,2522,1,user_183460
FAC20250902068947,FAC20250902068947,Sports,English,Text,Asia,24,0,user_25643
FAC20250902068953,FAC20250902068953,Education,Japanese,Link,Asia,6536,1,user_85542
FAC20250902069002,FAC20250902069002,Travel,English,Text,Europe,1442,0,user_39399
FAC20250902069015,FAC20250902069015,Health,English,Link,Asia,22,0,user_34591
FAC20250902069025,FAC20250902069025,Travel,English,Text,Europe,2165,0,user_164212
FAC20250902069046,FAC20250902069046,Politics,Spanish,Image,Africa,1366,0,user_185732
FAC20250902069047,FAC20250902069047,Gaming,Spanish,Image,North America,517,0,user_402637
FAC20250902069052,FAC20250902069052,Fashion,Spanish,Text,Europe,363,0,user_33921
FAC20250902069059,FAC20250902069059,Finance,Spanish,Video,North America,2872,0,user_199979
FAC20250902069069,FAC20250902069069,Entertainment,Japanese,Text,North America,5713,0,user_25609
FAC20250902069071,FAC20250902069071,AI/ML,English,Link,North America,257,0,user_135915
FAC20250902069087,FAC20250902069087,Technology,Portuguese,Text,Unknown,1279,0,user_201849
FAC20250902069124,FAC20250902069124,Business,English,Image,North America,298,0,user_60600
FAC20250902069165,FAC20250902069165,Travel,English,Image,Asia,29,0,user_217771
FAC20250902069211,FAC20250902069211,Business,English,Image,Africa,57,0,user_484050
FAC20250902069218,FAC20250902069218,AI/ML,Portuguese,Link,North America,210,0,user_163156
FAC20250902069236,FAC20250902069236,Education,English,Image,Africa,1049,0,user_270208
FAC20250902069250,FAC20250902069250,Food,English,Image,Asia,1996,0,user_203810
FAC20250902069257,FAC20250902069257,Politics,English,Image,Asia,6481,1,user_59248
FAC20250902069281,FAC20250902069281,Travel,English,Video,Europe,1147,0,user_468693
FAC20250902069296,FAC20250902069296,Entertainment,Spanish,Text,North America,5289,0,user_311987
FAC20250902069298,FAC20250902069298,Science,English,Text,North America,11571,1,user_274210
FAC20250902069309,FAC20250902069309,AI/ML,Arabic,Text,North America,14328,0,user_397069
FAC20250902069310,FAC20250902069310,Travel,English,Link,North America,1930,0,user_140033
FAC20250902069344,FAC20250902069344,Education,Arabic,Video,North America,842,0,user_435202
FAC20250902069352,FAC20250902069352,Politics,English,Text,Europe,65,0,user_330579
FAC20250902069369,FAC20250902069369,Education,English,Video,North America,9523,0,user_102488
FAC20250903069421,FAC20250903069421,Sports,Korean,Text,Europe,142,0,user_231660
FAC20250903069470,FAC20250903069470,Health,Portuguese,Image,North America,1857,0,user_393355
FAC20250903069525,FAC20250903069525,Travel,Spanish,Video,Europe,36,0,user_163070
FAC20250903069570,FAC20250903069570,AI/ML,Korean,Video,North America,9,0,user_289922
FAC20250903069608,FAC20250903069608,Food,Korean,Video,Asia,848,0,user_134346
FAC20250903069648,FAC20250903069648,Finance,Portuguese,Poll,Europe,1227,0,user_228419
FAC20250903069655,FAC20250903069655,Finance,English,Text,Europe,912,0,user_391775
FAC20250903069656,FAC20250903069656,Politics,Japanese,Link,Oceania,17,0,user_298447
FAC20250903069663,FAC20250903069663,Health,French,Link,North America,58,0,user_150381
FAC20250903069715,FAC20250903069715,Finance,English,Text,North America,611,0,user_204386
FAC20250903069722,FAC20250903069722,Gaming,English,Image,Asia,4,0,user_492546
FAC20250903069756,FAC20250903069756,Politics,English,Text,North America,103,0,user_285599
FAC20250903069788,FAC20250903069788,Climate,English,Poll,North America,2135,0,user_88493
FAC20250903069805,FAC20250903069805,Entertainment,Spanish,Image,North America,124,0,user_460288
FAC20250903069813,FAC20250903069813,Entertainment,Japanese,Text,North America,14735,1,user_409802
FAC20250903069818,FAC20250903069818,Politics,French,Text,North America,717,0,user_161310
FAC20250903069853,FAC20250903069853,Sports,English,Link,Asia,240,0,user_162889
FAC20250903069868,FAC20250903069868,Fashion,English,Text,Unknown,1401,0,user_159308
FAC20250903069896,FAC20250903069896,Food,English,Video,Asia,9,0,user_55647
FAC20250903069912,FAC20250903069912,Fashion,English,Image,North America,232,0,user_65783
FAC20250903069914,FAC20250903069914,Climate,English,Image,North America,302,0,user_128976
FAC20250903069916,FAC20250903069916,Politics,English,Text,Asia,205,0,user_191633
FAC20250903069963,FAC20250903069963,Technology,English,Image,Europe,29,0,user_144080
FAC20250903069968,FAC20250903069968,Fashion,English,Text,North America,364,0,user_9857
FAC20250903069989,FAC20250903069989,Politics,English,Image,North America,520,0,user_478827
FAC20250903069991,FAC20250903069991,Science,English,Video,Europe,549,0,user_63478
FAC20250903069992,FAC20250903069992,AI/ML,English,Text,Oceania,2793,0,user_192148
FAC20250904070137,FAC20250904070137,Science,Portuguese,Video,Europe,28,0,user_367944
FAC20250904070191,FAC20250904070191,Fashion,Portuguese,Text,Africa,5131,1,user_469262
FAC20250904070204,FAC20250904070204,Gaming,English,Poll,Unknown,1029,1,user_166791
FAC20250904070225,FAC20250904070225,Food,Spanish,Text,Asia,202,0,user_342068
FAC20250904070282,FAC20250904070282,Health,English,Poll,South America,99456,1,user_362087
FAC20250904070283,FAC20250904070283,Travel,Chinese,Video,North America,15,0,user_439184
FAC20250904070292,FAC20250904070292,Travel,English,Link,North America,161,0,user_376713
FAC20250904070298,FAC20250904070298,Education,English,Text,Europe,1030,0,user_106019
FAC20250904070326,FAC20250904070326,Food,English,Video,North America,300,1,user_245225
FAC20250904070336,FAC20250904070336,AI/ML,English,Text,Asia,3,0,user_240418
FAC20250904070348,FAC20250904070348,Food,English,Image,Europe,93,0,user_8079
FAC20250904070358,FAC20250904070358,Finance,English,Text,Asia,770,1,user_260770
FAC20250904070370,FAC20250904070370,Fashion,English,Text,Asia,86,0,user_345922
FAC20250904070381,FAC20250904070381,Fashion,Spanish,Link,North America,768,0,user_247404
FAC20250904070382,FAC20250904070382,Travel,English,Text,North America,4738,0,user_17436
FAC20250904070392,FAC20250904070392,AI/ML,English,Video,North America,20488,1,user_83691
FAC20250904070402,FAC20250904070402,Entertainment,Chinese,Video,Europe,1000,0,user_343290
FAC20250904070426,FAC20250904070426,Education,French,Link,Asia,469,0,user_129896
FAC20250904070444,FAC20250904070444,Entertainment,English,Text,North America,419,0,user_35118
FAC20250904070475,FAC20250904070475,Entertainment,English,Image,Asia,31555,1,user_342450
FAC20250904070480,FAC20250904070480,Science,English,Poll,Europe,54,0,user_473952
FAC20250904070529,FAC20250904070529,Fashion,English,Text,North America,248,0,user_330267
FAC20250904070579,FAC20250904070579,Technology,English,Link,South America,206,0,user_389700
FAC20250904070585,FAC20250904070585,Technology,Chinese,Text,North America,94,0,user_56406
FAC20250904070586,FAC20250904070586,Business,Arabic,Image,North America,23,0,user_33324
FAC20250904070592,FAC20250904070592,Gaming,English,Image,Europe,322,0,user_178063
FAC20250905070605,FAC20250905070605,Entertainment,Spanish,Image,North America,1124,0,user_138452
FAC20250905070631,FAC20250905070631,Politics,Arabic,Image,North America,1645,1,user_306754
FAC20250905070642,FAC20250905070642,Business,English,Image,Europe,1081,1,user_38914
FAC20250905070652,FAC20250905070652,Climate,English,Video,Asia,67,0,user_27316
FAC20250905070677,FAC20250905070677,AI/ML,French,Text,North America,720,0,user_259716
FAC20250905070689,FAC20250905070689,Technology,English,Text,North America,15,0,user_487453
FAC20250905070703,FAC20250905070703,Food,English,Image,Unknown,21094,1,user_172673
FAC20250905070720,FAC20250905070720,Gaming,Spanish,Image,North America,9186,0,user_342461
FAC20250905070765,FAC20250905070765,Sports,French,Video,North America,3367,0,user_382712
FAC20250905070777,FAC20250905070777,Gaming,English,Image,Europe,1230,0,user_227277
FAC20250905070781,FAC20250905070781,Climate,English,Text,Europe,1309,0,user_160009
FAC20250905070814,FAC20250905070814,Food,Korean,Image,North America,40,0,user_29520
FAC20250905070835,FAC20250905070835,Politics,Japanese,Video,Europe,360,0,user_387057
FAC20250905070884,FAC20250905070884,Technology,Spanish,Poll,North America,98,0,user_115896
FAC20250905070900,FAC20250905070900,Business,English,Text,Asia,12,0,user_341649
FAC20250905070911,FAC20250905070911,Science,French,Image,Asia,1191,0,user_216065
FAC20250905070926,FAC20250905070926,Fashion,Portuguese,Image,Europe,704,1,user_195624
FAC20250905070931,FAC20250905070931,Technology,English,Image,Asia,13,0,user_242825
FAC20250905070942,FAC20250905070942,Finance,English,Video,North America,276,1,user_404085
FAC20250905070946,FAC20250905070946,Food,English,Text,North America,5203,0,user_218576
FAC20250905070981,FAC20250905070981,Technology,English,Image,Asia,734,0,user_23582
FAC20250905070989,FAC20250905070989,Entertainment,French,Video,Europe,8029,0,user_46148
FAC20250905070993,FAC20250905070993,Business,English,Text,South America,140,0,user_182594
FAC20250905071026,FAC20250905071026,Finance,English,Video,South America,3056,0,user_394677
FAC20250905071063,FAC20250905071063,Health,Spanish,Image,North America,4879,0,user_66180
FAC20250905071088,FAC20250905071088,Health,English,Text,Asia,1222,0,user_389795
FAC20250905071098,FAC20250905071098,Health,Japanese,Video,North America,34,0,user_261428
FAC20250905071107,FAC20250905071107,Technology,English,Text,North America,1130,0,user_184345
FAC20250905071134,FAC20250905071134,Entertainment,Spanish,Video,Africa,1736,1,user_457336
FAC20250905071146,FAC20250905071146,Gaming,French,Video,North America,42,0,user_148848
FAC20250905071148,FAC20250905071148,Politics,English,Video,Asia,3438,0,user_110716
FAC20250905071157,FAC20250905071157,Business,English,Text,Asia,3210,0,user_485311
FAC20250905071186,FAC20250905071186,Travel,English,Image,Asia,150,0,user_456209
FAC20250905071196,FAC20250905071196,Entertainment,English,Video,Asia,2754,1,user_156766
FAC20250905071199,FAC20250905071199,Travel,English,Text,Unknown,3339,0,user_112104
FAC20250905071225,FAC20250905071225,Technology,English,Text,Europe,84,0,user_373524
FAC20250905071245,FAC20250905071245,Politics,English,Image,Asia,230,0,user_279388
FAC20250905071253,FAC20250905071253,Finance,English,Link,Europe,836,0,user_151359
FAC20250905071259,FAC20250905071259,Technology,English,Link,Asia,47963,1,user_401288
FAC20250905071260,FAC20250905071260,Technology,Korean,Image,Unknown,3533,0,user_82700
FAC20250905071306,FAC20250905071306,Finance,English,Image,North America,5307,0,user_2547
FAC20250905071324,FAC20250905071324,AI/ML,English,Video,Europe,7159,1,user_36763
FAC20250905071332,FAC20250905071332,Business,English,Link,Asia,2037,0,user_216230
FAC20250905071395,FAC20250905071395,Politics,Spanish,Text,North America,6295,0,user_458833
FAC20250905071411,FAC20250905071411,AI/ML,English,Text,North America,143,0,user_278334
FAC20250905071423,FAC20250905071423,Entertainment,English,Text,Unknown,1656,0,user_128021
FAC20250906071465,FAC20250906071465,AI/ML,Spanish,Poll,Europe,23108,1,user_248417
FAC20250906071469,FAC20250906071469,Science,Portuguese,Image,North America,164,0,user_340245
FAC20250906071512,FAC20250906071512,Science,Spanish,Link,Asia,1948,1,user_25340
FAC20250906071521,FAC20250906071521,Politics,English,Poll,North America,21,0,user_51163
FAC20250906071524,FAC20250906071524,Gaming,English,Text,North America,11567,0,user_451362
FAC20250906071553,FAC20250906071553,Sports,Korean,Text,North America,464,0,user_199178
FAC20250906071564,FAC20250906071564,Travel,Spanish,Text,Asia,1334,0,user_415753
FAC20250906071577,FAC20250906071577,Entertainment,English,Image,Asia,375,0,user_306852
FAC20250906071605,FAC20250906071605,Food,English,Video,North America,1073,0,user_228034
FAC20250906071644,FAC20250906071644,Fashion,English,Video,North America,2173,1,user_168354
FAC20250906071703,FAC20250906071703,AI/ML,Portuguese,Image,Oceania,97,0,user_329451
FAC20250906071763,FAC20250906071763,Fashion,Spanish,Text,Oceania,136,0,user_438067
FAC20250906071766,FAC20250906071766,Finance,Arabic,Link,Oceania,34,0,user_163833
FAC20250906071809,FAC20250906071809,Gaming,Japanese,Video,Unknown,129,0,user_219124
FAC20250906071815,FAC20250906071815,Politics,Chinese,Text,North America,47168,0,user_427887
FAC20250906071864,FAC20250906071864,Education,Portuguese,Text,Europe,4973,0,user_307542
FAC20250906071909,FAC20250906071909,Entertainment,Japanese,Video,North America,233,0,user_428320
FAC20250906071914,FAC20250906071914,Politics,Portuguese,Video,North America,131,0,user_130360
FAC20250906071927,FAC20250906071927,Finance,English,Link,Asia,122,0,user_221691
FAC20250906071960,FAC20250906071960,Food,French,Image,Oceania,84,0,user_111865
FAC20250906071966,FAC20250906071966,Education,English,Text,Africa,2503,1,user_283997
FAC20250906071970,FAC20250906071970,Gaming,Hindi,Image,North America,33,0,user_459115
FAC20250906071998,FAC20250906071998,Politics,English,Image,Europe,210,0,user_267885
FAC20250906072009,FAC20250906072009,AI/ML,English,Image,North America,3165,0,user_181279
FAC20250906072026,FAC20250906072026,Travel,Portuguese,Text,North America,624,0,user_448251
FAC20250906072122,FAC20250906072122,Fashion,English,Image,Europe,342,0,user_412328
FAC20250906072126,FAC20250906072126,Science,Portuguese,Image,Asia,159,0,user_288026
FAC20250906072138,FAC20250906072138,Food,English,Image,Europe,492,0,user_208051
FAC20250906072198,FAC20250906072198,Finance,Spanish,Image,South America,1611,0,user_247287
FAC20250906072255,FAC20250906072255,Climate,French,Text,Unknown,2626,0,user_325894
FAC20250907072300,FAC20250907072300,Business,English,Video,Europe,3753,1,user_140475
FAC20250907072319,FAC20250907072319,Business,Portuguese,Video,Asia,144,0,user_229405
FAC20250907072326,FAC20250907072326,Politics,Japanese,Image,Africa,494,0,user_70232
FAC20250907072331,FAC20250907072331,Science,Spanish,Image,Europe,367,0,user_312757
FAC20250907072380,FAC20250907072380,Food,German,Poll,Africa,855,0,user_280088
FAC20250907072413,FAC20250907072413,Politics,English,Image,North America,15529,0,user_324159
FAC20250907072436,FAC20250907072436,Health,English,Text,Europe,1920,0,user_54441
FAC20250907072515,FAC20250907072515,AI/ML,English,Text,Africa,9,0,user_458353
FAC20250907072524,FAC20250907072524,Science,German,Text,North America,1031,0,user_5516
FAC20250907072557,FAC20250907072557,Climate,Japanese,Text,Africa,176,0,user_75571
FAC20250907072560,FAC20250907072560,Gaming,English,Text,Asia,3384,1,user_493988
FAC20250907072561,FAC20250907072561,Business,English,Video,North America,552,1,user_55157
FAC20250907072612,FAC20250907072612,Food,English,Text,Oceania,3460,0,user_322714
FAC20250907072629,FAC20250907072629,Entertainment,English,Text,Asia,402,1,user_245904
FAC20250907072647,FAC20250907072647,Finance,English,Link,Africa,1544,0,user_155114
FAC20250907072663,FAC20250907072663,Sports,English,Link,Europe,336,0,user_289154
FAC20250907072672,FAC20250907072672,Travel,English,Text,Asia,313,0,user_329571
FAC20250907072724,FAC20250907072724,Finance,French,Video,North America,438,0,user_375183
FAC20250907072729,FAC20250907072729,Climate,Spanish,Image,Europe,80,0,user_393072
FAC20250907072738,FAC20250907072738,Sports,English,Image,North America,5221,0,user_439700
FAC20250907072745,FAC20250907072745,Education,English,Link,Asia,3412,0,user_154999
FAC20250907072818,FAC20250907072818,Finance,English,Text,South America,81,0,user_470867
FAC20250907072830,FAC20250907072830,Education,English,Image,Europe,3716,0,user_36210
FAC20250907072850,FAC20250907072850,Finance,Spanish,Image,Europe,270,0,user_324023
FAC20250907072856,FAC20250907072856,Gaming,English,Text,North America,93,0,user_21890
FAC20250907072883,FAC20250907072883,Health,English,Video,Asia,550,0,user_489889
FAC20250907072906,FAC20250907072906,Travel,English,Image,Europe,46,0,user_468225
FAC20250907072910,FAC20250907072910,Entertainment,Hindi,Text,Asia,461,0,user_149159
FAC20250907072914,FAC20250907072914,Health,English,Poll,Unknown,16254,1,user_465280
FAC20250907072930,FAC20250907072930,Fashion,Portuguese,Image,Europe,4747,0,user_296412
FAC20250907072939,FAC20250907072939,Science,English,Image,North America,6620,1,user_188392
FAC20250908072947,FAC20250908072947,Gaming,English,Text,North America,897,0,user_84892
FAC20250908072971,FAC20250908072971,Gaming,English,Poll,South America,16078,1,user_413358
FAC20250908072983,FAC20250908072983,Travel,English,Text,North America,14390,1,user_217680
FAC20250908072984,FAC20250908072984,Fashion,English,Image,Asia,2045,0,user_408921
FAC20250909073037,FAC20250909073037,Sports,Portuguese,Image,South America,172,0,user_288062
FAC20250909073049,FAC20250909073049,Sports,English,Text,North America,224,0,user_78652
FAC20250909073059,FAC20250909073059,Technology,English,Link,Asia,4335,0,user_258451
FAC20250909073074,FAC20250909073074,Travel,English,Poll,Europe,302,0,user_32096
FAC20250909073082,FAC20250909073082,Sports,English,Text,North America,1083,1,user_394097
FAC20250909073124,FAC20250909073124,Gaming,English,Text,Unknown,1697,0,user_100274
FAC20250909073155,FAC20250909073155,Travel,Spanish,Image,Europe,5092,1,user_146588
FAC20250909073174,FAC20250909073174,Science,English,Video,North America,39,0,user_401175
FAC20250909073197,FAC20250909073197,Technology,English,Text,Asia,3802,0,user_202250
FAC20250909073210,FAC20250909073210,Health,Japanese,Video,Asia,576,0,user_253015
FAC20250909073212,FAC20250909073212,Gaming,English,Video,North America,219,0,user_90163
FAC20250909073237,FAC20250909073237,Health,English,Poll,Europe,2972,0,user_85775
FAC20250909073239,FAC20250909073239,Fashion,Spanish,Text,North America,25,0,user_100758
FAC20250909073245,FAC20250909073245,Sports,English,Link,North America,1061,0,user_56340
FAC20250910073268,FAC20250910073268,AI/ML,German,Poll,North America,119,0,user_350081
FAC20250910073288,FAC20250910073288,Entertainment,Japanese,Image,Europe,335,0,user_132621
FAC20250910073327,FAC20250910073327,Food,Portuguese,Image,Europe,21356,1,user_357075
FAC20250910073335,FAC20250910073335,Education,English,Text,South America,57,0,user_342704
FAC20250910073359,FAC20250910073359,Food,English,Video,Asia,3057,1,user_180465
FAC20250910073372,FAC20250910073372,Travel,Spanish,Image,North America,245,0,user_299825
FAC20250910073432,FAC20250910073432,Entertainment,French,Image,Europe,1557,0,user_453531
FAC20250910073445,FAC20250910073445,Business,English,Text,Asia,3335,0,user_39732
FAC20250910073447,FAC20250910073447,AI/ML,Korean,Poll,Asia,1223,0,user_247579
FAC20250910073449,FAC20250910073449,Entertainment,German,Text,Asia,62,0,user_3583
FAC20250910073458,FAC20250910073458,Climate,English,Poll,Europe,205,0,user_137326
FAC20250910073583,FAC20250910073583,Food,Portuguese,Text,North America,263,0,user_345689
FAC20250910073586,FAC20250910073586,Entertainment,English,Image,Europe,801,0,user_201413
FAC20250910073604,FAC20250910073604,Health,Spanish,Text,Europe,221,0,user_451020
FAC20250910073667,FAC20250910073667,Politics,French,Image,Asia,994,0,user_462398
FAC20250910073707,FAC20250910073707,Finance,English,Video,Europe,967,0,user_21366
FAC20250910073732,FAC20250910073732,Gaming,English,Video,Asia,3578,1,user_402565
FAC20250910073749,FAC20250910073749,Health,Korean,Image,Asia,209,0,user_495744
FAC20250910073791,FAC20250910073791,Science,Portuguese,Text,South America,208,0,user_29051
FAC20250910073798,FAC20250910073798,Health,English,Video,North America,64,0,user_269644
FAC20250910073812,FAC20250910073812,Health,Portuguese,Poll,Asia,133,0,user_441057
FAC20250910073888,FAC20250910073888,Education,English,Text,North America,3113,0,user_189988
FAC20250910073905,FAC20250910073905,Health,English,Link,North America,171,0,user_324906
FAC20250910073936,FAC20250910073936,Technology,Portuguese,Video,Europe,382,0,user_146840
FAC20250910073951,FAC20250910073951,Finance,English,Text,Europe,9573,0,user_18911
FAC20250910073952,FAC20250910073952,Climate,French,Video,Asia,101,0,user_207105
FAC20250910073988,FAC20250910073988,Business,English,Text,North America,796,0,user_138651
FAC20250911074028,FAC20250911074028,Fashion,English,Image,Asia,1062,0,user_486903
FAC20250911074035,FAC20250911074035,Science,English,Image,Asia,7,0,user_428454
FAC20250911074047,FAC20250911074047,Climate,Arabic,Text,North America,484,0,user_410333
FAC20250911074073,FAC20250911074073,Fashion,Arabic,Image,Asia,89,0,user_7635
FAC20250911074124,FAC20250911074124,Technology,English,Image,North America,1628,0,user_228941
FAC20250911074130,FAC20250911074130,Fashion,English,Link,North America,10,0,user_34018
FAC20250911074151,FAC20250911074151,Travel,English,Image,Europe,12458,0,user_75997
FAC20250911074165,FAC20250911074165,Travel,English,Image,Europe,164,0,user_120013
FAC20250911074168,FAC20250911074168,Climate,English,Image,North America,1467,0,user_195318
FAC20250912074192,FAC20250912074192,Education,English,Text,Europe,5941,0,user_14156
FAC20250912074238,FAC20250912074238,Entertainment,Japanese,Image,North America,42,0,user_471110
FAC20250912074258,FAC20250912074258,Travel,English,Video,Asia,152,0,user_362759
FAC20250912074281,FAC20250912074281,Finance,English,Image,North America,186,0,user_257048
FAC20250912074324,FAC20250912074324,Food,English,Image,Asia,317,0,user_329128
FAC20250912074364,FAC20250912074364,Business,German,Link,North America,180,0,user_132709
FAC20250912074365,FAC20250912074365,Sports,Hindi,Video,North America,5946,0,user_101193
FAC20250912074383,FAC20250912074383,Sports,Spanish,Image,Europe,706,0,user_421589
FAC20250912074404,FAC20250912074404,Finance,Portuguese,Image,Asia,116,0,user_16775
FAC20250912074443,FAC20250912074443,Health,English,Text,Europe,4007,0,user_336817
FAC20250912074459,FAC20250912074459,Fashion,Portuguese,Poll,Europe,426,0,user_464478
FAC20250912074483,FAC20250912074483,Health,English,Link,Asia,1129,0,user_74729
FAC20250912074527,FAC20250912074527,Science,English,Video,Asia,1169,1,user_66350
FAC20250912074587,FAC20250912074587,AI/ML,Hindi,Link,Europe,7,0,user_59372
FAC20250912074588,FAC20250912074588,Entertainment,English,Text,Europe,3889,0,user_95385
FAC20250912074590,FAC20250912074590,Technology,Spanish,Text,Europe,1910,0,user_377980
FAC20250912074615,FAC20250912074615,Fashion,English,Video,Europe,165171,1,user_469897
FAC20250912074620,FAC20250912074620,Technology,Spanish,Text,Asia,49782,1,user_39634
FAC20250912074694,FAC20250912074694,Gaming,English,Text,Asia,4436,1,user_196536
FAC20250912074695,FAC20250912074695,AI/ML,Japanese,Text,Europe,670,0,user_417741
FAC20250912074699,FAC20250912074699,Sports,English,Video,Oceania,3760,0,user_318120
FAC20250912074705,FAC20250912074705,Fashion,Portuguese,Text,Asia,52974,1,user_221238
FAC20250912074774,FAC20250912074774,Travel,English,Image,North America,346,0,user_222388
FAC20250912074799,FAC20250912074799,Entertainment,English,Image,Europe,2562,0,user_447422
FAC20250912074807,FAC20250912074807,AI/ML,English,Image,North America,97,0,user_140229
FAC20250912074823,FAC20250912074823,Business,English,Image,Europe,2030,0,user_72092
FAC20250912074842,FAC20250912074842,Sports,English,Text,Europe,3956,1,user_221496
FAC20250912074853,FAC20250912074853,Food,English,Image,Asia,5794,1,user_228938
FAC20250912074879,FAC20250912074879,Education,Korean,Video,North America,149,0,user_350575
FAC20250912074907,FAC20250912074907,Entertainment,Portuguese,Image,Asia,2690,0,user_369555
FAC20250912074910,FAC20250912074910,Entertainment,Spanish,Text,Asia,48,0,user_197563
FAC20250913074919,FAC20250913074919,Fashion,English,Poll,Oceania,471,0,user_273411
FAC20250913074942,FAC20250913074942,Business,Portuguese,Video,Europe,3144,1,user_22278
FAC20250913074949,FAC20250913074949,Business,German,Video,North America,235,0,user_280052
FAC20250913074958,FAC20250913074958,Sports,Portuguese,Image,Europe,1590,1,user_380767
FAC20250913074969,FAC20250913074969,Climate,English,Text,North America,3819,1,user_28732
FAC20250913075009,FAC20250913075009,Health,English,Link,North America,15626,1,user_452144
FAC20250913075048,FAC20250913075048,Science,English,Link,Europe,32,0,user_200820
FAC20250913075081,FAC20250913075081,Finance,English,Text,North America,39,0,user_496332
FAC20250913075083,FAC20250913075083,Entertainment,English,Link,Africa,964,0,user_407698
FAC20250913075088,FAC20250913075088,Gaming,Chinese,Text,North America,846,0,user_348947
FAC20250913075113,FAC20250913075113,Sports,Spanish,Image,North America,26,0,user_56610
FAC20250913075126,FAC20250913075126,AI/ML,Portuguese,Video,Europe,182,0,user_443758
FAC20250913075149,FAC20250913075149,Business,Japanese,Image,North America,14,0,user_232454
FAC20250913075184,FAC20250913075184,Sports,English,Link,North America,2012,0,user_317670
FAC20250914075194,FAC20250914075194,Finance,German,Text,North America,104,0,user_326539
FAC20250914075208,FAC20250914075208,Sports,English,Image,Asia,5337,0,user_26572
FAC20250914075225,FAC20250914075225,Entertainment,Portuguese,Image,Asia,33536,0,user_230605
FAC20250914075232,FAC20250914075232,Politics,Portuguese,Image,South America,189,0,user_380702
FAC20250914075240,FAC20250914075240,Climate,Spanish,Text,Asia,1330,0,user_437871
FAC20250914075267,FAC20250914075267,Politics,Portuguese,Link,Oceania,6417,1,user_155067
FAC20250914075268,FAC20250914075268,AI/ML,English,Image,Unknown,222,0,user_338194
FAC20250914075273,FAC20250914075273,Politics,Hindi,Text,North America,957,0,user_293268
FAC20250914075287,FAC20250914075287,Food,German,Video,North America,999,0,user_492746
FAC20250914075295,FAC20250914075295,Business,English,Image,Asia,8414,0,user_217817
FAC20250915075326,FAC20250915075326,Climate,English,Text,Asia,135855,1,user_451181
FAC20250915075358,FAC20250915075358,Health,English,Link,Europe,222,0,user_291685
FAC20250915075390,FAC20250915075390,Travel,English,Image,North America,342,0,user_489854
FAC20250915075417,FAC20250915075417,AI/ML,English,Link,North America,303,0,user_311367
FAC20250915075433,FAC20250915075433,Gaming,English,Text,North America,251,0,user_201238
FAC20250915075454,FAC20250915075454,Science,German,Image,Asia,621,0,user_413113
FAC20250915075457,FAC20250915075457,AI/ML,Arabic,Text,Asia,4,0,user_193973
FAC20250915075465,FAC20250915075465,Climate,German,Image,Europe,554,0,user_448589
FAC20250915075509,FAC20250915075509,Health,Hindi,Text,South America,215,0,user_468670
FAC20250915075536,FAC20250915075536,Business,English,Text,South America,678,0,user_358939
FAC20250915075542,FAC20250915075542,Food,English,Text,Asia,1135,0,user_425538
FAC20250915075565,FAC20250915075565,Finance,Arabic,Text,Europe,142,0,user_146591
FAC20250915075570,FAC20250915075570,Science,English,Video,Asia,161,0,user_470795
FAC20250915075642,FAC20250915075642,Climate,English,Image,South America,12262,1,user_469711
FAC20250915075644,FAC20250915075644,Business,Portuguese,Link,Asia,5451,0,user_61872
FAC20250915075663,FAC20250915075663,Travel,Portuguese,Image,Africa,10515,0,user_397674
FAC20250915075664,FAC20250915075664,Entertainment,English,Text,North America,567,1,user_65019
FAC20250915075668,FAC20250915075668,Travel,English,Text,Asia,2366,1,user_163036
FAC20250915075691,FAC20250915075691,Education,Spanish,Text,North America,870,0,user_374689
FAC20250915075703,FAC20250915075703,AI/ML,English,Image,North America,46,0,user_402412
FAC20250915075704,FAC20250915075704,Sports,French,Text,North America,3,0,user_353591
FAC20250915075748,FAC20250915075748,Entertainment,Spanish,Video,North America,315,0,user_311361
FAC20250915075806,FAC20250915075806,Fashion,Portuguese,Image,Asia,1656,0,user_71158
FAC20250915075809,FAC20250915075809,Food,English,Image,Europe,1570,0,user_58268
FAC20250915075827,FAC20250915075827,Climate,English,Text,North America,2438,0,user_294122
FAC20250915075864,FAC20250915075864,Business,English,Text,Europe,92,0,user_206172
FAC20250915075866,FAC20250915075866,Finance,Arabic,Poll,North America,14191,0,user_253504
FAC20250915075884,FAC20250915075884,Fashion,Spanish,Text,Europe,2239,0,user_368354
FAC20250915075991,FAC20250915075991,AI/ML,English,Text,Europe,6675,0,user_156966
FAC20250915076027,FAC20250915076027,Education,French,Image,North America,487,0,user_487921
FAC20250915076038,FAC20250915076038,Sports,English,Image,Europe,8180,0,user_41548
FAC20250915076045,FAC20250915076045,Health,Spanish,Poll,South America,1108,0,user_18080
FAC20250915076052,FAC20250915076052,Travel,Spanish,Text,Europe,37,0,user_157891
FAC20250915076069,FAC20250915076069,Technology,English,Text,Asia,125,0,user_21928
FAC20250915076073,FAC20250915076073,AI/ML,English,Image,North America,16955,1,user_311689
FAC20250915076094,FAC20250915076094,Fashion,English,Image,North America,926,1,user_424409
FAC20250915076113,FAC20250915076113,Food,Spanish,Video,Europe,262,0,user_9276
FAC20250915076144,FAC20250915076144,Finance,Spanish,Text,Europe,422,0,user_161206
FAC20250915076160,FAC20250915076160,Business,Spanish,Link,North America,3077,0,user_406644
FAC20250915076166,FAC20250915076166,Fashion,English,Video,Asia,162,0,user_308316
FAC20250915076168,FAC20250915076168,Health,English,Text,Europe,31690,1,user_216791
FAC20250915076177,FAC20250915076177,Entertainment,English,Text,North America,2509,0,user_257756
FAC20250915076260,FAC20250915076260,Business,English,Link,North America,197,0,user_153290
FAC20250915076328,FAC20250915076328,Food,English,Video,Asia,69146,1,user_488813
FAC20250915076338,FAC20250915076338,Business,English,Text,North America,606,0,user_252770
FAC20250915076340,FAC20250915076340,Sports,Spanish,Text,Asia,388,0,user_207370
FAC20250915076342,FAC20250915076342,AI/ML,English,Image,North America,6203,0,user_96371
FAC20250915076346,FAC20250915076346,Politics,Spanish,Text,Europe,645,0,user_352208
FAC20250915076350,FAC20250915076350,Finance,English,Image,Asia,1167,0,user_67888
FAC20250915076351,FAC20250915076351,Finance,Korean,Image,Asia,693,0,user_59642
FAC20250915076358,FAC20250915076358,Education,English,Text,Europe,300,0,user_111548
FAC20250915076360,FAC20250915076360,Sports,English,Image,Asia,512,0,user_64687
FAC20250915076368,FAC20250915076368,Health,Korean,Image,Africa,317,0,user_314569
FAC20250915076374,FAC20250915076374,Business,English,Video,Asia,12560,0,user_343248
FAC20250915076404,FAC20250915076404,Gaming,English,Video,South America,27,0,user_94492
FAC20250915076481,FAC20250915076481,Sports,Portuguese,Text,Asia,1620,1,user_150592
FAC20250915076493,FAC20250915076493,Finance,Portuguese,Text,Europe,14313,1,user_125236
FAC20250915076502,FAC20250915076502,Travel,German,Image,Europe,238,0,user_231537
FAC20250915076510,FAC20250915076510,Politics,English,Video,North America,530,0,user_474406
FAC20250915076515,FAC20250915076515,Business,English,Image,Asia,22876,1,user_328807
FAC20250915076523,FAC20250915076523,Science,English,Text,North America,2293,0,user_302398
FAC20250915076569,FAC20250915076569,Food,English,Text,Asia,57,0,user_413215
FAC20250915076576,FAC20250915076576,Sports,English,Text,Asia,258,0,user_437824
FAC20250915076606,FAC20250915076606,Technology,English,Text,North America,4437,0,user_130462
FAC20250915076614,FAC20250915076614,Fashion,English,Video,North America,241,0,user_381017
FAC20250915076615,FAC20250915076615,Entertainment,English,Link,North America,249,0,user_13804
FAC20250915076645,FAC20250915076645,Education,English,Image,Asia,92,0,user_82833
FAC20250916076707,FAC20250916076707,Sports,English,Video,Unknown,137370,1,user_358872
FAC20250916076773,FAC20250916076773,Travel,English,Text,Asia,516,0,user_39301
FAC20250916076774,FAC20250916076774,Finance,Spanish,Image,North America,75,0,user_54872
FAC20250916076782,FAC20250916076782,Fashion,Spanish,Image,North America,1178,1,user_338339
FAC20250916076794,FAC20250916076794,Sports,English,Image,North America,5128,1,user_282825
FAC20250916076802,FAC20250916076802,Health,Portuguese,Image,North America,927,0,user_378395
FAC20250916076806,FAC20250916076806,Science,English,Image,North America,15338,1,user_332737
FAC20250916076816,FAC20250916076816,Education,Korean,Image,North America,594,0,user_344943
FAC20250916076847,FAC20250916076847,Health,English,Video,Europe,1107,0,user_322917
FAC20250916076880,FAC20250916076880,Health,English,Image,Asia,67,0,user_262187
FAC20250917076927,FAC20250917076927,AI/ML,English,Text,North America,87,0,user_440940
FAC20250917076935,FAC20250917076935,Health,English,Text,Europe,384,0,user_489484
FAC20250917076937,FAC20250917076937,Food,English,Text,North America,128,0,user_40804
FAC20250917076962,FAC20250917076962,AI/ML,English,Image,Asia,28,0,user_148896
FAC20250917076969,FAC20250917076969,Fashion,Portuguese,Text,North America,764,1,user_13949
FAC20250917076996,FAC20250917076996,AI/ML,English,Video,Europe,693,0,user_462927
FAC20250917077076,FAC20250917077076,Entertainment,Spanish,Text,Europe,3086,0,user_451787
FAC20250918077078,FAC20250918077078,Climate,English,Link,Africa,11125,0,user_382447
FAC20250919077097,FAC20250919077097,Technology,English,Video,Asia,1455,0,user_401027
FAC20250919077099,FAC20250919077099,Fashion,English,Video,Europe,25,0,user_328870
FAC20250919077102,FAC20250919077102,Business,French,Image,North America,226,0,user_309602
FAC20250919077110,FAC20250919077110,Climate,English,Text,North America,81132,0,user_252249
FAC20250919077148,FAC20250919077148,Science,Portuguese,Text,North America,131,0,user_487738
FAC20250919077159,FAC20250919077159,Entertainment,French,Text,North America,191,0,user_101610
FAC20250919077175,FAC20250919077175,Climate,English,Text,Asia,1181,0,user_250397
FAC20250919077176,FAC20250919077176,Food,English,Image,North America,147,0,user_356617
FAC20250919077182,FAC20250919077182,Entertainment,English,Image,North America,251,0,user_208422
FAC20250919077220,FAC20250919077220,Health,English,Text,North America,283,0,user_175371
FAC20250919077224,FAC20250919077224,Climate,Spanish,Text,North America,1185,0,user_107726
FAC20250919077252,FAC20250919077252,Health,English,Image,Unknown,19,0,user_4271
FAC20250919077257,FAC20250919077257,Science,English,Image,North America,476,0,user_433362
FAC20250919077262,FAC20250919077262,Health,English,Image,Asia,96987,1,user_492070
FAC20250919077277,FAC20250919077277,Food,English,Text,Europe,35,0,user_137291
FAC20250919077280,FAC20250919077280,Travel,English,Text,Europe,391,0,user_249945
FAC20250919077292,FAC20250919077292,Food,English,Image,Oceania,7792,0,user_391481
FAC20250919077311,FAC20250919077311,Politics,English,Video,Asia,4,0,user_463823
FAC20250919077328,FAC20250919077328,Climate,English,Image,Asia,1364,0,user_468223
FAC20250919077384,FAC20250919077384,Climate,Japanese,Image,North America,7079,1,user_288654
FAC20250919077393,FAC20250919077393,Food,Arabic,Poll,Europe,1848,0,user_31308
FAC20250919077428,FAC20250919077428,Travel,English,Video,North America,1721,1,user_346699
FAC20250919077469,FAC20250919077469,Business,French,Image,Africa,115,0,user_491824
FAC20250919077487,FAC20250919077487,Technology,French,Video,North America,715,0,user_53035
FAC20250919077497,FAC20250919077497,Fashion,Japanese,Link,Unknown,108863,1,user_61294
FAC20250919077520,FAC20250919077520,Business,English,Image,North America,5170,1,user_214063
FAC20250919077543,FAC20250919077543,Climate,Arabic,Text,Asia,102,0,user_97461
FAC20250919077549,FAC20250919077549,Technology,English,Video,North America,2287,0,user_169260
FAC20250919077567,FAC20250919077567,Science,Portuguese,Image,Asia,6650,0,user_307445
FAC20250919077583,FAC20250919077583,Politics,English,Text,North America,662,0,user_363160
FAC20250919077590,FAC20250919077590,Science,Portuguese,Text,Asia,9890,0,user_252405
FAC20250919077593,FAC20250919077593,Education,Japanese,Text,North America,57853,1,user_69771
FAC20250919077614,FAC20250919077614,Fashion,Portuguese,Link,Asia,468,0,user_166533
FAC20250919077627,FAC20250919077627,Finance,English,Video,Asia,17179,0,user_53168
FAC20250919077638,FAC20250919077638,Politics,English,Video,Africa,194,0,user_245273
FAC20250919077671,FAC20250919077671,AI/ML,English,Image,North America,536,0,user_200972
FAC20250919077689,FAC20250919077689,Technology,English,Video,Asia,50,0,user_333266
FAC20250919077716,FAC20250919077716,Technology,English,Text,Asia,1303,0,user_459922
FAC20250919077718,FAC20250919077718,Education,English,Image,North America,5890,0,user_40160
FAC20250919077724,FAC20250919077724,Science,English,Video,Asia,62,0,user_118225
FAC20250919077731,FAC20250919077731,Health,English,Text,North America,9136,0,user_328692
FAC20250919077738,FAC20250919077738,Finance,English,Video,South America,291,0,user_244828
FAC20250919077772,FAC20250919077772,Finance,English,Text,North America,1222,0,user_488374
FAC20250919077785,FAC20250919077785,Entertainment,English,Text,North America,267,0,user_415780
FAC20250919077818,FAC20250919077818,Technology,Portuguese,Image,Asia,127,0,user_47659
FAC20250919077822,FAC20250919077822,AI/ML,English,Video,Europe,552,1,user_463178
FAC20250919077839,FAC20250919077839,Science,Spanish,Text,South America,712,0,user_196879
FAC20250919077949,FAC20250919077949,Technology,English,Video,North America,1749,0,user_241993
FAC20250919077957,FAC20250919077957,Education,Arabic,Text,Oceania,293,0,user_477736
FAC20250919077983,FAC20250919077983,Food,English,Image,Europe,9584,1,user_341145
FAC20250919077997,FAC20250919077997,Food,Spanish,Video,North America,38,0,user_99286
FAC20250919078008,FAC20250919078008,Sports,Korean,Image,North America,1061,0,user_158793
FAC20250919078014,FAC20250919078014,Politics,English,Image,Europe,1401,0,user_201017
FAC20250919078046,FAC20250919078046,Technology,Spanish,Link,Africa,1344,1,user_351346
FAC20250919078048,FAC20250919078048,Politics,English,Video,North America,288,0,user_480805
FAC20250919078057,FAC20250919078057,Food,English,Poll,North America,1502,0,user_275307
FAC20250920078082,FAC20250920078082,AI/ML,English,Image,North America,518,0,user_483233
FAC20250920078107,FAC20250920078107,Travel,English,Image,Europe,27,0,user_227076
FAC20250920078170,FAC20250920078170,Entertainment,English,Link,Africa,218,0,user_377892
FAC20250920078173,FAC20250920078173,Health,English,Link,North America,1480,0,user_10225
FAC20250920078207,FAC20250920078207,AI/ML,Japanese,Text,Asia,8,0,user_452976
FAC20250920078213,FAC20250920078213,Technology,Chinese,Image,Europe,232,0,user_342038
FAC20250920078254,FAC20250920078254,Technology,English,Image,North America,527,0,user_469887
FAC20250921078287,FAC20250921078287,Sports,English,Text,Asia,4,0,user_107167
FAC20250921078297,FAC20250921078297,Technology,English,Video,Asia,4061,0,user_204345
FAC20250921078305,FAC20250921078305,Education,English,Text,Europe,2777,0,user_319258
FAC20250921078309,FAC20250921078309,Technology,Japanese,Text,North America,210,0,user_226228
FAC20250921078317,FAC20250921078317,Politics,English,Text,North America,1382,0,user_276970
FAC20250921078327,FAC20250921078327,Health,English,Image,Asia,5,0,user_489398
FAC20250921078373,FAC20250921078373,Business,Hindi,Image,North America,13,0,user_8655
FAC20250921078402,FAC20250921078402,Health,Spanish,Text,Asia,63,0,user_410555
FAC20250921078415,FAC20250921078415,Gaming,English,Image,Europe,0,0,user_141159
FAC20250921078434,FAC20250921078434,Gaming,English,Text,Europe,8485,0,user_62840
FAC20250921078440,FAC20250921078440,Fashion,English,Image,Africa,565,1,user_179784
FAC20250922078471,FAC20250922078471,Politics,English,Image,Europe,46,0,user_278332
FAC20250922078489,FAC20250922078489,Education,French,Text,Europe,2680,1,user_351307
FAC20250922078515,FAC20250922078515,Entertainment,Japanese,Image,North America,31935,1,user_383596
FAC20250922078553,FAC20250922078553,Technology,Spanish,Image,North America,236,0,user_58776
FAC20250922078583,FAC20250922078583,Travel,Hindi,Video,Asia,32041,0,user_848
FAC20250922078665,FAC20250922078665,Travel,Korean,Text,Europe,1024,1,user_179659
FAC20250922078703,FAC20250922078703,Health,English,Video,Europe,214,0,user_14452
FAC20250922078787,FAC20250922078787,Food,English,Video,Asia,24,0,user_133992
FAC20250922078806,FAC20250922078806,Fashion,English,Text,North America,12716,0,user_183147
FAC20250922078808,FAC20250922078808,Food,English,Text,North America,26698,1,user_96553
FAC20250922078828,FAC20250922078828,Science,English,Video,Asia,757,0,user_335031
FAC20250922078866,FAC20250922078866,Travel,English,Link,North America,575,0,user_97864
FAC20250922078883,FAC20250922078883,Science,English,Text,Asia,2467,1,user_14622
FAC20250922078901,FAC20250922078901,Finance,Japanese,Text,North America,439,0,user_224430
FAC20250922078910,FAC20250922078910,Health,Spanish,Image,Asia,168,0,user_220981
FAC20250922078932,FAC20250922078932,Politics,English,Video,North America,5151,0,user_361868
FAC20250922078955,FAC20250922078955,Entertainment,French,Poll,Europe,3399,1,user_28642
FAC20250922078959,FAC20250922078959,Entertainment,English,Text,Asia,213,0,user_280050
FAC20250922078992,FAC20250922078992,Finance,English,Text,Asia,1569,0,user_30170
FAC20250922079075,FAC20250922079075,Health,Japanese,Text,Europe,257,0,user_246181
FAC20250922079083,FAC20250922079083,Politics,English,Text,Europe,144,0,user_28364
FAC20250922079088,FAC20250922079088,Business,Japanese,Image,North America,2467,1,user_137328
FAC20250922079118,FAC20250922079118,Finance,English,Video,Europe,3247,1,user_406660
FAC20250922079137,FAC20250922079137,Technology,English,Image,Asia,223,0,user_463678
FAC20250922079170,FAC20250922079170,Entertainment,English,Image,Asia,158,0,user_433692
FAC20250922079176,FAC20250922079176,Health,Spanish,Link,Europe,36,0,user_63201
FAC20250922079224,FAC20250922079224,AI/ML,Portuguese,Image,North America,150,0,user_275541
FAC20250922079238,FAC20250922079238,AI/ML,Portuguese,Text,Asia,20,0,user_63024
FAC20250922079239,FAC20250922079239,Technology,English,Text,Africa,13196,0,user_417896
FAC20250922079240,FAC20250922079240,Entertainment,English,Image,Asia,123,0,user_344405
FAC20250922079254,FAC20250922079254,Fashion,English,Video,Africa,289,0,user_466002
FAC20250922079272,FAC20250922079272,Entertainment,English,Video,Europe,60,0,user_6981
FAC20250922079273,FAC20250922079273,Business,English,Image,North America,73,0,user_386705
FAC20250922079315,FAC20250922079315,Finance,English,Link,North America,235,0,user_176158
FAC20250922079336,FAC20250922079336,Finance,English,Video,South America,1265,1,user_196575
FAC20250922079342,FAC20250922079342,Climate,English,Video,Asia,20,0,user_350581
FAC20250922079357,FAC20250922079357,Food,English,Link,Europe,90167,0,user_391563
FAC20250922079361,FAC20250922079361,Entertainment,Chinese,Image,Asia,14784,0,user_254105
FAC20250922079379,FAC20250922079379,Entertainment,English,Video,Asia,3133,1,user_92565
FAC20250922079380,FAC20250922079380,Food,Arabic,Link,Africa,2447,0,user_34483
FAC20250922079392,FAC20250922079392,Technology,Spanish,Image,North America,5533,1,user_443822
FAC20250922079394,FAC20250922079394,Entertainment,Portuguese,Text,Asia,832,0,user_17882
FAC20250922079398,FAC20250922079398,AI/ML,Korean,Video,North America,23,0,user_110603
FAC20250922079421,FAC20250922079421,Climate,Korean,Text,Asia,12,0,user_385022
FAC20250922079425,FAC20250922079425,Technology,English,Text,Oceania,279,0,user_207636
FAC20250922079449,FAC20250922079449,Fashion,English,Video,Europe,543,0,user_189125
FAC20250922079463,FAC20250922079463,Business,Korean,Video,Africa,214,1,user_5071
FAC20250922079505,FAC20250922079505,Climate,English,Link,Asia,403,0,user_423208
FAC20250922079531,FAC20250922079531,Sports,Japanese,Text,Asia,3282,1,user_149748
FAC20250922079542,FAC20250922079542,Travel,English,Poll,Europe,683,0,user_284312
FAC20250922079552,FAC20250922079552,Entertainment,English,Video,Asia,46689,1,user_311004
FAC20250922079598,FAC20250922079598,Technology,French,Image,Asia,94,0,user_305054
FAC20250922079605,FAC20250922079605,Health,English,Link,Europe,1147,0,user_270276
FAC20250922079617,FAC20250922079617,Travel,English,Video,Africa,307,0,user_96092
FAC20250922079628,FAC20250922079628,Technology,English,Text,Europe,2644,1,user_18006
FAC20250922079636,FAC20250922079636,AI/ML,English,Video,North America,8996,0,user_186596
FAC20250922079650,FAC20250922079650,Finance,English,Image,Asia,1849,0,user_332667
FAC20250922079670,FAC20250922079670,Education,English,Video,Europe,609,0,user_26616
FAC20250922079782,FAC20250922079782,Education,German,Image,Africa,747,0,user_315703
FAC20250922079783,FAC20250922079783,Health,Spanish,Image,North America,31,0,user_236120
FAC20250922079790,FAC20250922079790,Health,Chinese,Image,Europe,56,0,user_126927
FAC20250922079791,FAC20250922079791,Education,English,Text,Africa,375,0,user_263245
FAC20250922079867,FAC20250922079867,Food,French,Text,North America,26,0,user_125229
FAC20250922079911,FAC20250922079911,Climate,English,Video,North America,293,0,user_162547
FAC20250922079925,FAC20250922079925,Science,English,Video,North America,401,0,user_302225
FAC20250922079930,FAC20250922079930,Entertainment,Spanish,Video,North America,76,0,user_256462
FAC20250922079944,FAC20250922079944,Finance,Japanese,Image,Unknown,970,0,user_486869
FAC20250922079949,FAC20250922079949,Health,English,Image,Asia,7938,1,user_371667
FAC20250922079963,FAC20250922079963,Business,Spanish,Text,Africa,1312,0,user_385750
FAC20250922079968,FAC20250922079968,AI/ML,Hindi,Link,North America,910,0,user_124370
FAC20250922079976,FAC20250922079976,Education,Spanish,Image,Oceania,194,0,user_240308
FAC20250922080020,FAC20250922080020,Gaming,Portuguese,Poll,Asia,164,0,user_122643
FAC20250922080032,FAC20250922080032,Travel,Spanish,Link,Asia,6501,0,user_53045
FAC20250922080036,FAC20250922080036,Food,Japanese,Video,North America,161,0,user_404027
FAC20250922080055,FAC20250922080055,AI/ML,English,Image,South America,176,0,user_66077
FAC20250922080057,FAC20250922080057,Climate,English,Text,Europe,697,0,user_184623
FAC20250922080060,FAC20250922080060,Entertainment,English,Video,Asia,510,0,user_246712
FAC20250922080063,FAC20250922080063,Fashion,Arabic,Link,Asia,288,0,user_285530
FAC20250922080108,FAC20250922080108,Food,Japanese,Link,South America,80,0,user_444376
FAC20250922080117,FAC20250922080117,Entertainment,German,Image,Africa,9951,0,user_89233
FAC20250922080142,FAC20250922080142,Food,French,Image,Europe,1002,0,user_68713
FAC20250922080175,FAC20250922080175,Business,English,Image,Asia,986,0,user_433497
FAC20250922080204,FAC20250922080204,Health,Spanish,Text,Asia,106,0,user_311684
FAC20250922080259,FAC20250922080259,Climate,English,Video,Asia,212,0,user_364622
FAC20250922080276,FAC20250922080276,Science,English,Image,North America,17491,1,user_339840
FAC20250922080288,FAC20250922080288,Politics,English,Text,Africa,478,0,user_455644
FAC20250922080291,FAC20250922080291,Finance,English,Image,Asia,333,0,user_290150
FAC20250922080298,FAC20250922080298,Technology,Japanese,Image,Oceania,708,1,user_136710
FAC20250922080309,FAC20250922080309,AI/ML,Spanish,Video,Oceania,176,0,user_119633
FAC20250922080350,FAC20250922080350,Health,English,Image,Asia,97,0,user_422005
FAC20250922080384,FAC20250922080384,Technology,Spanish,Text,North America,140,0,user_465621
FAC20250922080396,FAC20250922080396,Climate,English,Image,North America,93,0,user_343554
FAC20250922080411,FAC20250922080411,Travel,English,Text,Asia,2360,0,user_198407
FAC20250922080439,FAC20250922080439,Sports,English,Text,North America,1226,1,user_74464
FAC20250922080471,FAC20250922080471,Business,Japanese,Video,South America,7966,1,user_97112
FAC20250922080504,FAC20250922080504,Climate,Chinese,Image,Europe,380,0,user_289791
FAC20250922080525,FAC20250922080525,Travel,Arabic,Image,Europe,54,0,user_430023
FAC20250922080541,FAC20250922080541,Travel,English,Text,North America,267,0,user_345138
FAC20250922080615,FAC20250922080615,Health,German,Text,Europe,2673,0,user_286839
FAC20250922080685,FAC20250922080685,Travel,English,Text,Oceania,6875,0,user_303606
FAC20250922080688,FAC20250922080688,Travel,French,Text,Asia,2603,0,user_337561
FAC20250922080693,FAC20250922080693,Gaming,Spanish,Text,North America,506,0,user_448965
FAC20250922080702,FAC20250922080702,Travel,German,Link,Unknown,56,0,user_494002
FAC20250922080707,FAC20250922080707,Health,Korean,Text,North America,1099,0,user_281486
FAC20250922080718,FAC20250922080718,Health,English,Link,North America,250,0,user_170962
FAC20250922080745,FAC20250922080745,Travel,English,Video,Europe,591,0,user_160593
FAC20250922080758,FAC20250922080758,Politics,Hindi,Text,Asia,1483,0,user_452184
FAC20250922080764,FAC20250922080764,Health,Spanish,Text,North America,3034,1,user_304445
FAC20250922080778,FAC20250922080778,Health,English,Text,Asia,2662,0,user_165880
FAC20250922080789,FAC20250922080789,Politics,Spanish,Text,Asia,983,0,user_410395
FAC20250922080832,FAC20250922080832,Science,French,Link,Asia,236,0,user_48950
FAC20250922080850,FAC20250922080850,Climate,Portuguese,Text,Asia,61,0,user_128273
FAC20250922080856,FAC20250922080856,Fashion,French,Video,North America,151,0,user_39764
FAC20250922080870,FAC20250922080870,Politics,English,Link,Europe,4194,1,user_195855
FAC20250922080904,FAC20250922080904,Food,Portuguese,Text,Europe,1253,0,user_250815
FAC20250922080905,FAC20250922080905,Fashion,English,Link,Europe,1036,0,user_493416
FAC20250922080914,FAC20250922080914,Food,English,Image,South America,326,0,user_340300
FAC20250922080936,FAC20250922080936,Technology,Spanish,Video,Asia,336,1,user_71437
FAC20250922080945,FAC20250922080945,Gaming,Japanese,Image,Asia,1551,0,user_12553
FAC20250922080946,FAC20250922080946,Travel,English,Image,Asia,89,0,user_284151
FAC20250922080956,FAC20250922080956,Finance,English,Text,Europe,720,0,user_352236
FAC20250922080964,FAC20250922080964,Climate,English,Text,North America,17161,1,user_479238
FAC20250922080978,FAC20250922080978,Travel,English,Video,Africa,22,0,user_394008
FAC20250922080980,FAC20250922080980,Science,English,Text,Asia,291,0,user_299275
FAC20250922080984,FAC20250922080984,Health,Arabic,Text,North America,192,0,user_315687
FAC20250922080989,FAC20250922080989,Climate,Portuguese,Video,North America,1060,0,user_82551
FAC20250922080999,FAC20250922080999,AI/ML,Spanish,Video,Asia,12,0,user_480158
FAC20250922081006,FAC20250922081006,Entertainment,Spanish,Image,North America,338,0,user_376769
FAC20250922081021,FAC20250922081021,Climate,English,Text,South America,526,0,user_290922
FAC20250922081036,FAC20250922081036,Finance,English,Link,Unknown,47,0,user_116769
FAC20250922081046,FAC20250922081046,Technology,English,Video,Unknown,1073,1,user_329757
FAC20250922081075,FAC20250922081075,Technology,English,Image,North America,61,0,user_174259
FAC20250922081084,FAC20250922081084,Entertainment,English,Text,Europe,4534,1,user_126194
FAC20250922081101,FAC20250922081101,Fashion,English,Text,Europe,31952,1,user_132862
FAC20250922081113,FAC20250922081113,Food,Arabic,Video,South America,165,0,user_333199
FAC20250922081141,FAC20250922081141,Entertainment,Arabic,Image,Asia,433,0,user_309832
FAC20250922081197,FAC20250922081197,Education,English,Video,Europe,723,0,user_87113
FAC20250922081207,FAC20250922081207,Entertainment,Arabic,Image,Asia,5133,1,user_97503
FAC20250922081234,FAC20250922081234,AI/ML,English,Video,Asia,182,0,user_253485
FAC20250922081236,FAC20250922081236,Technology,Chinese,Image,Africa,545,0,user_401470
FAC20250922081257,FAC20250922081257,Business,Chinese,Text,Europe,1182,0,user_225767
FAC20250922081285,FAC20250922081285,Politics,English,Image,North America,2236,0,user_286924
FAC20250922081313,FAC20250922081313,AI/ML,English,Text,North America,179,0,user_358344
FAC20250922081317,FAC20250922081317,Politics,Portuguese,Image,Asia,1289,0,user_160069
FAC20250922081330,FAC20250922081330,Food,French,Link,Asia,224,0,user_118750
FAC20250922081337,FAC20250922081337,Travel,Spanish,Text,North America,304,0,user_308792
FAC20250922081342,FAC20250922081342,Politics,French,Link,North America,431,0,user_443345
FAC20250922081377,FAC20250922081377,Fashion,English,Video,Asia,113,0,user_150488
FAC20250922081382,FAC20250922081382,Entertainment,English,Text,North America,307,1,user_405448
FAC20250922081384,FAC20250922081384,Entertainment,Arabic,Text,North America,69,0,user_481594
FAC20250922081398,FAC20250922081398,Sports,Spanish,Image,North America,841,0,user_253550
FAC20250922081412,FAC20250922081412,Travel,English,Poll,Asia,100,0,user_200842
FAC20250922081432,FAC20250922081432,Entertainment,Chinese,Video,North America,8374,0,user_349042
FAC20250922081451,FAC20250922081451,Finance,Portuguese,Image,Europe,330,0,user_206299
FAC20250922081454,FAC20250922081454,Sports,English,Image,North America,337,0,user_47867
FAC20250922081461,FAC20250922081461,Health,Korean,Image,Europe,6367,1,user_390556
FAC20250922081484,FAC20250922081484,Business,English,Image,Africa,539,0,user_106864
FAC20250922081510,FAC20250922081510,Technology,English,Image,North America,131,0,user_409926
FAC20250922081516,FAC20250922081516,Politics,Spanish,Text,Asia,5221,0,user_481970
FAC20250922081555,FAC20250922081555,Education,German,Video,Asia,1104,0,user_139597
FAC20250922081558,FAC20250922081558,Food,Hindi,Image,Africa,15,0,user_2178
FAC20250922081587,FAC20250922081587,Gaming,English,Image,Europe,1432,0,user_62670
FAC20250922081603,FAC20250922081603,Education,German,Text,South America,165,0,user_293535
FAC20250922081642,FAC20250922081642,Fashion,English,Video,Oceania,91828,1,user_373012
FAC20250922081650,FAC20250922081650,Business,English,Image,Europe,33,0,user_338456
FAC20250922081658,FAC20250922081658,Technology,English,Video,Oceania,177,0,user_231312
FAC20250922081704,FAC20250922081704,Fashion,English,Image,Unknown,37,0,user_110744
FAC20250922081765,FAC20250922081765,Business,French,Video,North America,1552,0,user_358063
FAC20250922081777,FAC20250922081777,Food,English,Video,Europe,3792,1,user_246516
FAC20250922081789,FAC20250922081789,Climate,Hindi,Image,Asia,9515,0,user_139239
FAC20250922081813,FAC20250922081813,Sports,Spanish,Text,Europe,606,0,user_340284
FAC20250922081825,FAC20250922081825,Entertainment,Hindi,Link,Europe,1805,0,user_264324
FAC20250922081826,FAC20250922081826,Technology,English,Image,Asia,86,0,user_156443
FAC20250922081863,FAC20250922081863,Business,English,Image,North America,18159,0,user_140325
FAC20250922081867,FAC20250922081867,Climate,English,Image,Europe,694,1,user_425199
FAC20250922081886,FAC20250922081886,Gaming,English,Image,Africa,9507,1,user_331011
FAC20250922081902,FAC20250922081902,Education,English,Image,Asia,26,0,user_130704
FAC20250922081905,FAC20250922081905,Entertainment,English,Text,Asia,1221,0,user_192811
FAC20250922081945,FAC20250922081945,Politics,English,Text,North America,184,0,user_202013
FAC20250922081946,FAC20250922081946,Travel,Spanish,Image,Europe,2281,0,user_439908
FAC20250922081947,FAC20250922081947,Gaming,English,Link,Europe,2111,0,user_277565
FAC20250922082006,FAC20250922082006,Science,English,Video,North America,420,0,user_260268
FAC20250922082028,FAC20250922082028,Technology,English,Video,Unknown,2724,0,user_222368
FAC20250922082034,FAC20250922082034,AI/ML,German,Image,Asia,5693,0,user_9227
FAC20250922082057,FAC20250922082057,AI/ML,English,Link,Europe,2345,1,user_396401
FAC20250922082084,FAC20250922082084,Climate,Korean,Text,North America,2801,0,user_43181
FAC20250922082088,FAC20250922082088,Food,English,Text,Oceania,31772,1,user_484805
FAC20250922082107,FAC20250922082107,Science,English,Video,North America,87,0,user_289696
FAC20250922082118,FAC20250922082118,Fashion,Portuguese,Video,Asia,110,0,user_61999
FAC20250922082125,FAC20250922082125,Travel,English,Text,North America,1267,0,user_5696
FAC20250922082127,FAC20250922082127,Food,Spanish,Video,Asia,677,0,user_302845
FAC20250922082152,FAC20250922082152,Food,Spanish,Video,Asia,626,0,user_247771
FAC20250922082185,FAC20250922082185,Education,Spanish,Image,Europe,23,0,user_151270
FAC20250922082197,FAC20250922082197,Business,English,Text,North America,35,0,user_85213
FAC20250922082201,FAC20250922082201,Science,Spanish,Text,Oceania,1423,0,user_384095
FAC20250922082214,FAC20250922082214,Science,English,Text,Europe,31,0,user_334229
FAC20250922082255,FAC20250922082255,Finance,English,Image,Asia,50771,1,user_493732
FAC20250922082325,FAC20250922082325,Sports,English,Text,Europe,162,0,user_384850
FAC20250922082332,FAC20250922082332,Fashion,English,Text,Asia,161,0,user_441071
FAC20250922082372,FAC20250922082372,Technology,French,Video,Asia,5163,0,user_133387
FAC20250922082392,FAC20250922082392,Education,Japanese,Text,Unknown,1670,0,user_473543
FAC20250923082415,FAC20250923082415,Food,English,Text,North America,5183,1,user_270934
FAC20250923082423,FAC20250923082423,Technology,French,Text,Asia,984,0,user_69780
FAC20250923082436,FAC20250923082436,Politics,Spanish,Image,Asia,9597,1,user_461909
FAC20250923082451,FAC20250923082451,Food,English,Text,Europe,3539,0,user_274665
FAC20250923082455,FAC20250923082455,Education,English,Link,Africa,258,0,user_123558
FAC20250923082492,FAC20250923082492,Finance,Portuguese,Image,Africa,961,0,user_143649
FAC20250923082500,FAC20250923082500,Sports,English,Text,Asia,180,0,user_153048
FAC20250923082507,FAC20250923082507,AI/ML,English,Text,Asia,2,0,user_74971
FAC20250923082532,FAC20250923082532,Health,English,Text,North America,4996,1,user_378656
FAC20250923082546,FAC20250923082546,Entertainment,Japanese,Image,North America,383,0,user_420229
FAC20250924082588,FAC20250924082588,Education,Spanish,Image,Asia,2324,0,user_177567
FAC20250924082615,FAC20250924082615,Education,Korean,Video,North America,30423,0,user_158403
FAC20250924082636,FAC20250924082636,Climate,English,Text,North America,7471,1,user_87027
FAC20250924082639,FAC20250924082639,Technology,English,Video,Europe,5331,1,user_94360
FAC20250924082666,FAC20250924082666,Travel,English,Video,Asia,10511,0,user_78174
FAC20250924082670,FAC20250924082670,Health,English,Video,North America,4744,0,user_28980
FAC20250924082682,FAC20250924082682,Gaming,English,Image,Asia,241,0,user_449832
FAC20250924082731,FAC20250924082731,Technology,English,Text,Europe,23,0,user_239145
FAC20250924082736,FAC20250924082736,Food,French,Image,Europe,885,0,user_332842
FAC20250924082740,FAC20250924082740,Politics,Portuguese,Image,North America,640,0,user_273501
FAC20250924082747,FAC20250924082747,AI/ML,Spanish,Poll,North America,6,0,user_155434
FAC20250924082783,FAC20250924082783,Technology,Chinese,Text,Asia,1573,0,user_122112
FAC20250924082805,FAC20250924082805,Politics,English,Text,Asia,2754,0,user_310935
FAC20250924082814,FAC20250924082814,Fashion,English,Image,North America,140,0,user_72907
FAC20250924082860,FAC20250924082860,Climate,Spanish,Image,Unknown,620,1,user_154233
FAC20250924082861,FAC20250924082861,Business,English,Text,South America,1,0,user_152343
FAC20250924082863,FAC20250924082863,Entertainment,German,Image,Europe,941,0,user_65689
FAC20250924082880,FAC20250924082880,Science,English,Text,Europe,139,0,user_278945
FAC20250924082884,FAC20250924082884,AI/ML,English,Text,North America,8672,0,user_4898
FAC20250924082913,FAC20250924082913,Finance,English,Image,Europe,25088,1,user_492081
FAC20250924082933,FAC20250924082933,Travel,English,Video,North America,34,0,user_110164
FAC20250924082945,FAC20250924082945,Health,English,Video,Oceania,412,0,user_191245
FAC20250924082978,FAC20250924082978,Health,German,Video,Oceania,261,0,user_90229
FAC20250924082997,FAC20250924082997,Technology,English,Poll,North America,8135,1,user_234968
FAC20250924083001,FAC20250924083001,Science,Hindi,Video,Europe,277,0,user_351268
FAC20250924083004,FAC20250924083004,Business,English,Image,Asia,140,0,user_8886
FAC20250924083059,FAC20250924083059,Technology,English,Text,South America,292,0,user_126262
FAC20250924083099,FAC20250924083099,Food,English,Text,Europe,2236,0,user_57158
FAC20250924083117,FAC20250924083117,Fashion,English,Image,Europe,153,0,user_335931
FAC20250924083118,FAC20250924083118,Education,Spanish,Image,North America,301,0,user_6932
FAC20250924083188,FAC20250924083188,Science,English,Text,Asia,99,0,user_498399
FAC20250924083201,FAC20250924083201,Finance,English,Text,Europe,31,0,user_230881
FAC20250924083218,FAC20250924083218,Science,Portuguese,Image,Asia,111,0,user_11285
FAC20250924083223,FAC20250924083223,Politics,French,Video,Africa,848,0,user_138264
FAC20250924083225,FAC20250924083225,Politics,Spanish,Video,North America,37983,1,user_337851
FAC20250924083229,FAC20250924083229,Travel,French,Image,Asia,35,0,user_20778
FAC20250924083237,FAC20250924083237,Food,English,Poll,Europe,708,0,user_124196
FAC20250924083277,FAC20250924083277,Food,English,Text,South America,2694,1,user_467853
FAC20250924083281,FAC20250924083281,Travel,Portuguese,Text,North America,8074,0,user_153928
FAC20250924083298,FAC20250924083298,Food,French,Text,North America,878,0,user_142163
FAC20250924083306,FAC20250924083306,Business,English,Video,North America,78323,1,user_64866
FAC20250924083324,FAC20250924083324,Technology,Portuguese,Image,North America,94,0,user_346111
FAC20250924083339,FAC20250924083339,Climate,English,Text,Africa,11,0,user_436327
FAC20250924083351,FAC20250924083351,Fashion,German,Image,Europe,69,0,user_406825
FAC20250924083352,FAC20250924083352,Food,Spanish,Image,Africa,2249,1,user_349226
FAC20250924083392,FAC20250924083392,Sports,English,Link,North America,343,0,user_11272
FAC20250924083401,FAC20250924083401,Education,English,Poll,South America,169,0,user_290452
FAC20250925083432,FAC20250925083432,Science,English,Text,North America,104,0,user_433234
FAC20250925083440,FAC20250925083440,Gaming,English,Video,Europe,7791,1,user_497401
FAC20250925083450,FAC20250925083450,Sports,English,Text,Asia,2771,1,user_66992
FAC20250925083460,FAC20250925083460,Sports,English,Text,North America,407,0,user_148904
FAC20250925083463,FAC20250925083463,Health,English,Text,Europe,390,0,user_388632
FAC20250925083469,FAC20250925083469,Finance,English,Link,Europe,28015,1,user_260304
FAC20250925083474,FAC20250925083474,Travel,English,Video,North America,63,0,user_346876
FAC20250925083475,FAC20250925083475,Health,Spanish,Text,North America,257,0,user_432093
FAC20250925083488,FAC20250925083488,AI/ML,English,Image,Oceania,302,0,user_352490
FAC20250925083528,FAC20250925083528,Food,English,Video,Africa,942,1,user_36097
FAC20250925083574,FAC20250925083574,Gaming,Spanish,Image,Europe,11501,1,user_93690
FAC20250926083599,FAC20250926083599,Education,English,Video,Asia,27,0,user_344128
FAC20250926083607,FAC20250926083607,Health,Chinese,Video,North America,3964,0,user_359850
FAC20250926083611,FAC20250926083611,Finance,English,Image,North America,89,0,user_198692
FAC20250926083618,FAC20250926083618,Entertainment,English,Video,North America,70,0,user_121223
FAC20250926083641,FAC20250926083641,Sports,English,Text,South America,4017,0,user_406220
FAC20250926083663,FAC20250926083663,Politics,Arabic,Image,Europe,53,0,user_295577
FAC20250926083700,FAC20250926083700,Gaming,Portuguese,Link,North America,662,0,user_369749
FAC20250926083702,FAC20250926083702,Politics,English,Image,North America,539,0,user_408092
FAC20250926083720,FAC20250926083720,Technology,English,Text,Asia,290,0,user_261239
FAC20250926083726,FAC20250926083726,Entertainment,German,Image,Europe,606,0,user_354736
FAC20250926083727,FAC20250926083727,Entertainment,Spanish,Image,Asia,2333,0,user_115613
FAC20250926083778,FAC20250926083778,Technology,English,Link,Africa,240,0,user_259311
FAC20250926083782,FAC20250926083782,Finance,English,Video,Asia,224,0,user_484809
FAC20250926083806,FAC20250926083806,Climate,French,Text,Europe,89,0,user_476874
FAC20250926083811,FAC20250926083811,Food,Spanish,Image,North America,4198,0,user_495954
FAC20250926083826,FAC20250926083826,Fashion,English,Text,Europe,134,0,user_350928
FAC20250926083836,FAC20250926083836,Business,Portuguese,Image,North America,6,0,user_232731
FAC20250926083854,FAC20250926083854,Fashion,English,Image,Europe,269,0,user_164827
FAC20250926083856,FAC20250926083856,AI/ML,English,Video,Europe,1813,0,user_101130
FAC20250926083884,FAC20250926083884,AI/ML,English,Image,North America,150,0,user_388629
FAC20250926083934,FAC20250926083934,Travel,English,Image,North America,32,0,user_316979
FAC20250926083944,FAC20250926083944,Science,Chinese,Image,Europe,1248,0,user_384900
FAC20250926083988,FAC20250926083988,Climate,Arabic,Image,Asia,597,0,user_183918
FAC20250926083992,FAC20250926083992,Politics,Japanese,Poll,North America,523,0,user_348422
FAC20250926083996,FAC20250926083996,Finance,Spanish,Image,North America,235,0,user_53914
FAC20250926084013,FAC20250926084013,Gaming,English,Image,Europe,866,1,user_449471
FAC20250926084022,FAC20250926084022,AI/ML,English,Image,North America,1633,0,user_103310
FAC20250926084041,FAC20250926084041,Finance,English,Text,Africa,7138,1,user_402412
FAC20250926084076,FAC20250926084076,Entertainment,Japanese,Image,Africa,457,0,user_460505
FAC20250926084084,FAC20250926084084,Entertainment,Spanish,Image,North America,64,0,user_153501
FAC20250926084086,FAC20250926084086,Politics,Portuguese,Link,Asia,863,0,user_460512
FAC20250926084094,FAC20250926084094,Climate,Spanish,Link,Europe,2184,0,user_326349
FAC20250926084095,FAC20250926084095,Travel,English,Text,Europe,589,0,user_310918
FAC20250926084105,FAC20250926084105,Travel,English,Video,North America,2145,0,user_182000
FAC20250926084109,FAC20250926084109,Climate,English,Text,North America,312,0,user_288327
FAC20250926084135,FAC20250926084135,Technology,English,Video,North America,11671,1,user_493356
FAC20250926084153,FAC20250926084153,Gaming,English,Text,North America,80,0,user_270331
FAC20250926084168,FAC20250926084168,Food,English,Video,North America,5320,1,user_100325
FAC20250926084192,FAC20250926084192,Finance,English,Image,Europe,2123,1,user_466789
FAC20250926084199,FAC20250926084199,Climate,German,Text,Asia,488,0,user_147781
FAC20250926084203,FAC20250926084203,Education,French,Video,North America,1249,0,user_379624
FAC20250927084268,FAC20250927084268,Fashion,English,Text,North America,90,0,user_236627
FAC20250927084291,FAC20250927084291,Technology,English,Link,Asia,1256,0,user_259202
FAC20250927084318,FAC20250927084318,AI/ML,English,Text,Europe,2372,0,user_318226
FAC20250927084336,FAC20250927084336,Climate,English,Link,Africa,2990,0,user_19705
FAC20250927084338,FAC20250927084338,Politics,English,Text,North America,1900,0,user_25871
FAC20250927084354,FAC20250927084354,AI/ML,English,Video,Europe,196,0,user_292551
FAC20250927084397,FAC20250927084397,Entertainment,English,Image,Europe,1292,0,user_65968
FAC20250927084405,FAC20250927084405,Travel,English,Text,Asia,1475,0,user_100912
FAC20250928084444,FAC20250928084444,Education,Spanish,Video,North America,518,0,user_176131
FAC20250929084481,FAC20250929084481,Health,Portuguese,Image,North America,894,0,user_439671
FAC20250929084502,FAC20250929084502,Business,Spanish,Image,North America,209,0,user_496326
FAC20250929084508,FAC20250929084508,Technology,English,Video,Asia,618,1,user_239542
FAC20250929084572,FAC20250929084572,Travel,Portuguese,Image,Europe,1361,0,user_23966
FAC20250929084588,FAC20250929084588,Science,English,Video,Asia,1891,0,user_82215
FAC20250929084614,FAC20250929084614,Climate,Chinese,Text,North America,676,0,user_43608
FAC20250930084637,FAC20250930084637,Finance,Chinese,Text,Africa,163,0,user_8962
FAC20250930084643,FAC20250930084643,Science,Chinese,Image,Europe,1791,0,user_419060
FAC20250930084645,FAC20250930084645,Technology,English,Link,Asia,312,0,user_168779
FAC20250930084651,FAC20250930084651,AI/ML,English,Video,North America,2908,0,user_335123
FAC20250930084657,FAC20250930084657,Finance,English,Video,Asia,1325,0,user_310413
FAC20250930084668,FAC20250930084668,Travel,English,Image,North America,386,0,user_415471
FAC20250930084674,FAC20250930084674,Entertainment,Arabic,Image,Asia,3646,0,user_378002
FAC20251001084682,FAC20251001084682,Health,English,Video,Europe,14271,1,user_455324
FAC20251001084688,FAC20251001084688,Education,English,Text,Asia,23,0,user_9818
FAC20251001084745,FAC20251001084745,Entertainment,Arabic,Text,North America,54,0,user_5393
FAC20251001084765,FAC20251001084765,Gaming,English,Image,North America,339,0,user_100010
FAC20251001084800,FAC20251001084800,AI/ML,English,Image,Europe,38731,1,user_456527
FAC20251001084806,FAC20251001084806,Fashion,Spanish,Text,Asia,1128,0,user_231072
FAC20251001084814,FAC20251001084814,Health,English,Link,Asia,567,0,user_100741
FAC20251001084831,FAC20251001084831,Food,English,Text,North America,529,0,user_420857
FAC20251001084832,FAC20251001084832,Health,English,Text,Asia,14053,0,user_374053
FAC20251001084851,FAC20251001084851,Education,English,Image,Europe,171,0,user_440987
FAC20251001084860,FAC20251001084860,Sports,Spanish,Image,Asia,1317,0,user_190524
FAC20251001084916,FAC20251001084916,Technology,English,Image,North America,3834,1,user_436028
FAC20251001084918,FAC20251001084918,Climate,Spanish,Text,Europe,4,0,user_434117
FAC20251001084919,FAC20251001084919,Sports,English,Video,Asia,167,0,user_358801
FAC20251001084926,FAC20251001084926,Politics,English,Video,Unknown,238,0,user_116074
FAC20251001084934,FAC20251001084934,Science,English,Text,North America,320,0,user_46265
FAC20251001084941,FAC20251001084941,Politics,Portuguese,Link,Europe,129,0,user_389355
FAC20251001085000,FAC20251001085000,Fashion,English,Text,South America,175,0,user_220641
FAC20251001085006,FAC20251001085006,Business,Spanish,Text,Europe,425,1,user_174495
FAC20251001085011,FAC20251001085011,Science,English,Text,Europe,3744,1,user_272703
FAC20251001085035,FAC20251001085035,Politics,Portuguese,Video,North America,6392,0,user_431785
FAC20251001085041,FAC20251001085041,Health,English,Video,Oceania,48,0,user_372853
FAC20251001085073,FAC20251001085073,Food,English,Image,Asia,125,0,user_143251
FAC20251001085085,FAC20251001085085,Travel,Spanish,Image,Europe,605,0,user_47640
FAC20251001085099,FAC20251001085099,Travel,English,Video,Asia,1289,0,user_243088
FAC20251001085107,FAC20251001085107,Finance,English,Text,Africa,7769,0,user_113446
FAC20251001085152,FAC20251001085152,Climate,Korean,Image,Asia,1,0,user_246741
FAC20251001085167,FAC20251001085167,Fashion,Spanish,Image,Europe,10638,0,user_125824
FAC20251001085169,FAC20251001085169,Gaming,English,Image,North America,670,0,user_174007
FAC20251001085170,FAC20251001085170,Education,Japanese,Text,Asia,98,0,user_147122
FAC20251001085210,FAC20251001085210,Fashion,Chinese,Poll,Asia,4303,0,user_497136
FAC20251001085217,FAC20251001085217,Business,English,Image,North America,1657,1,user_218077
FAC20251001085220,FAC20251001085220,Climate,English,Text,Europe,1076,0,user_266184
FAC20251001085254,FAC20251001085254,Education,English,Image,Europe,908,1,user_304424
FAC20251001085332,FAC20251001085332,Health,Spanish,Image,North America,37,0,user_373027
FAC20251001085342,FAC20251001085342,Sports,German,Video,Asia,178,0,user_300066
FAC20251001085388,FAC20251001085388,Business,Korean,Link,Europe,418,0,user_418338
FAC20251001085395,FAC20251001085395,Food,English,Image,North America,93,0,user_184275
FAC20251001085412,FAC20251001085412,AI/ML,English,Image,Asia,41,0,user_416336
FAC20251001085431,FAC20251001085431,Education,English,Video,Europe,1810,0,user_444217
FAC20251001085432,FAC20251001085432,Technology,Chinese,Image,Europe,61,0,user_261183
FAC20251001085439,FAC20251001085439,Climate,German,Poll,North America,272,0,user_225432
FAC20251001085443,FAC20251001085443,Fashion,English,Poll,North America,728,0,user_446738
FAC20251001085465,FAC20251001085465,Education,Spanish,Video,Asia,822,0,user_366203
FAC20251001085474,FAC20251001085474,AI/ML,English,Image,North America,3,0,user_158787
FAC20251001085483,FAC20251001085483,Entertainment,English,Text,North America,2192,0,user_310755
FAC20251001085506,FAC20251001085506,Politics,Korean,Image,Asia,253,0,user_408989
FAC20251001085524,FAC20251001085524,Food,English,Text,Asia,136,0,user_95286
FAC20251001085544,FAC20251001085544,Entertainment,English,Link,North America,813,0,user_435730
FAC20251001085555,FAC20251001085555,Technology,Arabic,Text,North America,1984,0,user_126889
FAC20251001085625,FAC20251001085625,Fashion,English,Text,North America,977,0,user_323137
FAC20251001085628,FAC20251001085628,Education,Chinese,Text,North America,33,0,user_272561
FAC20251001085655,FAC20251001085655,Travel,English,Image,Europe,1356,0,user_363553
FAC20251001085728,FAC20251001085728,Travel,Spanish,Text,North America,942,0,user_393340
FAC20251001085751,FAC20251001085751,Technology,French,Image,North America,13469,1,user_88286
FAC20251001085790,FAC20251001085790,Travel,English,Text,Asia,467958,1,user_288254
FAC20251001085807,FAC20251001085807,Politics,English,Image,North America,10796,1,user_41527
FAC20251001085812,FAC20251001085812,Sports,English,Text,North America,139,0,user_147618
FAC20251001085820,FAC20251001085820,AI/ML,English,Link,Europe,355,0,user_292319
FAC20251001085865,FAC20251001085865,Sports,German,Text,Asia,228,0,user_94766
FAC20251001085866,FAC20251001085866,Fashion,German,Image,Asia,431,0,user_125032
FAC20251001085881,FAC20251001085881,Travel,English,Text,Europe,24,0,user_490114
FAC20251001085896,FAC20251001085896,Finance,Arabic,Text,North America,18,0,user_72760
FAC20251001085904,FAC20251001085904,Technology,English,Poll,Asia,2745,0,user_382073
FAC20251001085935,FAC20251001085935,Entertainment,English,Text,Oceania,3472,0,user_296689
FAC20251001085948,FAC20251001085948,Entertainment,English,Text,North America,2078,1,user_409880
FAC20251001085962,FAC20251001085962,Gaming,English,Text,North America,1827,0,user_184671
FAC20251001086023,FAC20251001086023,Sports,Spanish,Image,Asia,4811,0,user_39979
FAC20251001086027,FAC20251001086027,Sports,Portuguese,Image,North America,1064,0,user_301984
FAC20251001086040,FAC20251001086040,Sports,English,Image,North America,345,0,user_349170
FAC20251001086043,FAC20251001086043,Sports,Korean,Video,Asia,171,0,user_422127
FAC20251001086075,FAC20251001086075,AI/ML,Portuguese,Image,Europe,3207,0,user_213067
FAC20251001086081,FAC20251001086081,Fashion,Arabic,Image,Asia,3493,0,user_401736
FAC20251001086106,FAC20251001086106,Politics,English,Video,Asia,844,0,user_136960
FAC20251001086109,FAC20251001086109,Politics,Portuguese,Video,Asia,193,0,user_443788
FAC20251001086116,FAC20251001086116,Food,Hindi,Image,Europe,240,0,user_461527
FAC20251001086125,FAC20251001086125,Travel,English,Text,Africa,324,1,user_293842
FAC20251001086134,FAC20251001086134,Politics,English,Link,Unknown,981,0,user_375811
FAC20251001086154,FAC20251001086154,Travel,Korean,Link,Europe,5519,0,user_300462
FAC20251001086164,FAC20251001086164,Technology,Spanish,Image,Asia,515,0,user_79411
FAC20251001086181,FAC20251001086181,Finance,English,Text,Asia,183,0,user_310581
FAC20251001086201,FAC20251001086201,Gaming,Portuguese,Link,Oceania,645,0,user_481434
FAC20251001086241,FAC20251001086241,Climate,Hindi,Video,Africa,5196,1,user_14376
FAC20251001086244,FAC20251001086244,Climate,Portuguese,Image,Asia,68,0,user_16201
FAC20251002086316,FAC20251002086316,Politics,English,Text,Oceania,5189,0,user_370502
FAC20251002086324,FAC20251002086324,Finance,English,Text,Europe,730,0,user_202292
FAC20251002086336,FAC20251002086336,Education,English,Video,North America,18,0,user_189475
FAC20251002086342,FAC20251002086342,AI/ML,Spanish,Text,Europe,454,0,user_133438
FAC20251002086348,FAC20251002086348,Politics,Arabic,Text,Asia,630,0,user_299951
FAC20251002086359,FAC20251002086359,Health,Spanish,Text,Asia,284,0,user_459892
FAC20251003086378,FAC20251003086378,Finance,English,Text,Europe,10368,1,user_248891
FAC20251003086408,FAC20251003086408,Finance,English,Video,Asia,99,0,user_347377
FAC20251003086412,FAC20251003086412,Finance,Spanish,Text,Europe,76,0,user_388469
FAC20251003086463,FAC20251003086463,Climate,English,Video,North America,1654,0,user_223963
FAC20251003086472,FAC20251003086472,Technology,English,Link,Asia,2429,0,user_246914
FAC20251003086479,FAC20251003086479,Technology,English,Image,South America,381,0,user_152387
FAC20251003086508,FAC20251003086508,Finance,German,Text,Asia,171,0,user_59426
FAC20251003086513,FAC20251003086513,AI/ML,English,Text,Europe,935,0,user_379043
FAC20251003086567,FAC20251003086567,Climate,English,Video,Europe,9840,1,user_474588
FAC20251003086585,FAC20251003086585,Travel,Portuguese,Video,North America,21880,1,user_251086
FAC20251003086611,FAC20251003086611,Health,English,Image,Europe,1940,1,user_137541
FAC20251003086623,FAC20251003086623,Entertainment,French,Text,Asia,777,0,user_400764
FAC20251003086626,FAC20251003086626,Technology,Arabic,Video,Asia,977,0,user_116681
FAC20251003086628,FAC20251003086628,Education,Hindi,Image,Europe,3563,0,user_205956
FAC20251004086677,FAC20251004086677,AI/ML,English,Image,Asia,2502,0,user_184777
FAC20251004086692,FAC20251004086692,AI/ML,English,Poll,Asia,1877,1,user_369134
FAC20251004086695,FAC20251004086695,Politics,English,Video,Europe,70094,1,user_39503
FAC20251004086700,FAC20251004086700,Science,English,Text,North America,85,0,user_22772
FAC20251004086702,FAC20251004086702,Health,English,Text,Asia,2396,0,user_323595
FAC20251004086746,FAC20251004086746,Climate,English,Image,North America,481,0,user_490297
FAC20251004086749,FAC20251004086749,Food,English,Video,Europe,9293,1,user_293352
FAC20251004086761,FAC20251004086761,Health,French,Text,Europe,49,0,user_96848
FAC20251004086785,FAC20251004086785,Food,Korean,Video,Europe,309,0,user_371755
FAC20251004086798,FAC20251004086798,Travel,English,Image,Europe,3414,0,user_310193
FAC20251004086873,FAC20251004086873,Technology,English,Text,North America,335,0,user_204736
FAC20251004086887,FAC20251004086887,Climate,English,Text,North America,684,1,user_397749
FAC20251004086896,FAC20251004086896,Sports,English,Text,Asia,96,0,user_47961
FAC20251004086944,FAC20251004086944,Fashion,English,Text,Asia,2633,1,user_255470
FAC20251004086953,FAC20251004086953,Climate,English,Image,Asia,9899,1,user_104265
FAC20251004086969,FAC20251004086969,Climate,English,Image,North America,425,0,user_136969
FAC20251004086986,FAC20251004086986,Gaming,English,Text,North America,213,0,user_253013
FAC20251004087003,FAC20251004087003,Technology,English,Text,North America,465,0,user_402760
FAC20251004087016,FAC20251004087016,Science,French,Text,Europe,2818,0,user_94279
FAC20251004087034,FAC20251004087034,Science,Korean,Link,North America,773,0,user_108962
FAC20251004087052,FAC20251004087052,Fashion,English,Text,Europe,90,0,user_42101
FAC20251004087059,FAC20251004087059,Gaming,English,Image,Europe,1365,0,user_107537
FAC20251005087133,FAC20251005087133,Health,English,Image,North America,22255,1,user_358414
FAC20251005087143,FAC20251005087143,Health,English,Text,Africa,7909,1,user_344780
FAC20251005087190,FAC20251005087190,Fashion,Spanish,Text,North America,431,0,user_488381
FAC20251005087202,FAC20251005087202,Finance,English,Text,Asia,25,0,user_400998
FAC20251005087242,FAC20251005087242,Sports,Japanese,Link,Europe,3164,0,user_100027
FAC20251005087255,FAC20251005087255,Health,English,Video,Asia,6167,1,user_62650
FAC20251005087285,FAC20251005087285,Fashion,Spanish,Text,Africa,77696,1,user_461028
FAC20251005087291,FAC20251005087291,Technology,English,Image,Europe,50,0,user_205343
FAC20251005087340,FAC20251005087340,Travel,English,Video,Asia,1640,0,user_296580
FAC20251005087355,FAC20251005087355,AI/ML,Spanish,Image,North America,1623,0,user_236332
FAC20251005087356,FAC20251005087356,Health,Portuguese,Poll,North America,309,0,user_299908
FAC20251006087376,FAC20251006087376,Entertainment,French,Image,Europe,1326,0,user_307787
FAC20251006087378,FAC20251006087378,Gaming,English,Image,Europe,29958,1,user_226165
FAC20251006087390,FAC20251006087390,Food,English,Image,North America,1237,0,user_111896
FAC20251006087409,FAC20251006087409,Politics,Hindi,Image,South America,3799,1,user_75545
FAC20251006087410,FAC20251006087410,Gaming,Spanish,Video,North America,1485,0,user_12706
FAC20251006087414,FAC20251006087414,Politics,German,Image,North America,470,0,user_430132
FAC20251006087439,FAC20251006087439,Sports,Spanish,Link,North America,73,0,user_251922
FAC20251006087455,FAC20251006087455,Entertainment,English,Text,North America,1018,0,user_310653
FAC20251006087481,FAC20251006087481,Travel,English,Image,Europe,3618,1,user_396260
FAC20251006087489,FAC20251006087489,Business,English,Image,Europe,50,0,user_155626
FAC20251006087523,FAC20251006087523,Science,English,Text,South America,3055,0,user_149195
FAC20251006087568,FAC20251006087568,Education,English,Text,Oceania,206,0,user_408127
FAC20251006087581,FAC20251006087581,Technology,English,Image,Asia,142,0,user_273031
FAC20251006087603,FAC20251006087603,Travel,English,Text,North America,1650,1,user_397855
FAC20251006087624,FAC20251006087624,Travel,English,Link,North America,40,0,user_361094
FAC20251006087626,FAC20251006087626,Politics,English,Poll,Europe,1201,1,user_155489
FAC20251006087640,FAC20251006087640,Entertainment,French,Text,North America,5,0,user_411185
FAC20251006087690,FAC20251006087690,Politics,Portuguese,Text,North America,353,0,user_448196
FAC20251006087700,FAC20251006087700,Sports,Spanish,Text,North America,649,0,user_204543
FAC20251006087703,FAC20251006087703,Education,English,Poll,Europe,114,1,user_84229
FAC20251006087709,FAC20251006087709,Fashion,Japanese,Text,Asia,319,1,user_23844
FAC20251006087712,FAC20251006087712,Technology,German,Image,Europe,252,0,user_61957
FAC20251006087721,FAC20251006087721,Finance,English,Video,Asia,86,0,user_329975
FAC20251006087734,FAC20251006087734,Sports,English,Image,North America,396,0,user_417840
FAC20251006087740,FAC20251006087740,AI/ML,English,Image,North America,371,0,user_280122
FAC20251006087756,FAC20251006087756,Finance,Spanish,Video,North America,4044,0,user_18557
FAC20251006087773,FAC20251006087773,Technology,English,Video,Europe,3552,1,user_339287
FAC20251006087820,FAC20251006087820,Finance,English,Link,Asia,1777,0,user_82572
FAC20251006087821,FAC20251006087821,Gaming,English,Video,Europe,3029,1,user_133460
FAC20251006087823,FAC20251006087823,Travel,English,Text,Oceania,275,0,user_496355
FAC20251006087832,FAC20251006087832,Technology,Spanish,Image,Europe,1426,0,user_28419
FAC20251006087862,FAC20251006087862,Health,English,Image,North America,4167,0,user_273254
FAC20251006087874,FAC20251006087874,Food,Japanese,Video,North America,9905,0,user_248253
FAC20251006087892,FAC20251006087892,Politics,Spanish,Text,South America,185,0,user_178612
FAC20251006087893,FAC20251006087893,Fashion,Japanese,Image,Asia,580,0,user_116071
FAC20251006087898,FAC20251006087898,Business,English,Text,North America,313,0,user_472436
FAC20251006087931,FAC20251006087931,Politics,Portuguese,Video,Europe,5627,0,user_198922
FAC20251006087932,FAC20251006087932,Health,English,Video,Unknown,20,0,user_465021
FAC20251006087951,FAC20251006087951,Finance,Spanish,Image,Asia,6501,1,user_76481
FAC20251006087964,FAC20251006087964,Business,Spanish,Text,Europe,12798,1,user_485091
FAC20251006087996,FAC20251006087996,Gaming,French,Image,Europe,57,0,user_90432
FAC20251006088015,FAC20251006088015,Politics,French,Text,Europe,1629,0,user_71086
FAC20251006088019,FAC20251006088019,Health,Chinese,Text,North America,51,0,user_245114
FAC20251006088072,FAC20251006088072,Sports,English,Poll,Oceania,169,0,user_116980
FAC20251006088123,FAC20251006088123,Travel,Portuguese,Text,South America,2659,0,user_248366
FAC20251006088137,FAC20251006088137,Entertainment,Spanish,Text,South America,21944,0,user_211343
FAC20251006088169,FAC20251006088169,Entertainment,Japanese,Link,Unknown,174,0,user_288883
FAC20251006088171,FAC20251006088171,Education,English,Video,Europe,1240,1,user_58510
FAC20251006088202,FAC20251006088202,Science,English,Video,North America,357,0,user_103695
FAC20251006088209,FAC20251006088209,Finance,Japanese,Link,North America,353,0,user_172111
FAC20251006088233,FAC20251006088233,Food,French,Poll,Asia,2542,0,user_292730
FAC20251006088247,FAC20251006088247,Sports,English,Video,Europe,1725,0,user_87036
FAC20251007088339,FAC20251007088339,Science,Japanese,Text,North America,3467,0,user_276146
FAC20251007088377,FAC20251007088377,Business,English,Image,Asia,104,0,user_162749
FAC20251007088426,FAC20251007088426,Fashion,English,Image,Asia,547,0,user_5200
FAC20251007088438,FAC20251007088438,Technology,Hindi,Video,Asia,1407,0,user_497627
FAC20251007088439,FAC20251007088439,Travel,English,Link,Asia,2607,0,user_323013
FAC20251007088447,FAC20251007088447,Entertainment,Spanish,Link,Unknown,8917,1,user_34278
FAC20251007088471,FAC20251007088471,Fashion,French,Video,Asia,9250,1,user_317376
FAC20251007088475,FAC20251007088475,Gaming,English,Image,North America,953,0,user_449752
FAC20251007088538,FAC20251007088538,Business,Portuguese,Image,Asia,467,0,user_337407
FAC20251007088542,FAC20251007088542,Sports,English,Text,Oceania,71,0,user_235531
FAC20251007088545,FAC20251007088545,Climate,English,Image,Europe,789,0,user_370687
FAC20251007088549,FAC20251007088549,Education,English,Video,South America,22261,1,user_210296
FAC20251007088568,FAC20251007088568,Travel,English,Text,Europe,150,0,user_142916
FAC20251007088606,FAC20251007088606,Gaming,English,Image,Europe,21062,1,user_440693
FAC20251007088610,FAC20251007088610,Travel,French,Link,Europe,6508,0,user_122401
FAC20251007088613,FAC20251007088613,Travel,English,Video,North America,1802,0,user_72625
FAC20251007088614,FAC20251007088614,Travel,French,Video,Asia,2260,0,user_362483
FAC20251007088630,FAC20251007088630,Travel,English,Text,North America,775,0,user_147014
FAC20251007088635,FAC20251007088635,Education,English,Image,North America,3157,0,user_187764
FAC20251007088638,FAC20251007088638,Business,English,Poll,Unknown,3443,0,user_81696
FAC20251007088651,FAC20251007088651,Politics,English,Video,Asia,9808,1,user_246203
FAC20251007088674,FAC20251007088674,Education,English,Poll,Unknown,39,0,user_40195
FAC20251007088696,FAC20251007088696,Politics,Chinese,Text,Africa,2231,0,user_394173
FAC20251007088714,FAC20251007088714,Education,English,Text,North America,2849,0,user_468335
FAC20251007088726,FAC20251007088726,Entertainment,English,Image,North America,2689,0,user_189685
FAC20251008088748,FAC20251008088748,Travel,English,Text,South America,133,0,user_399538
FAC20251008088750,FAC20251008088750,Business,English,Text,North America,1,0,user_410202
FAC20251008088795,FAC20251008088795,Politics,Portuguese,Text,North America,567,0,user_236730
FAC20251008088813,FAC20251008088813,Education,English,Image,North America,101,0,user_181070
FAC20251009088853,FAC20251009088853,Finance,Portuguese,Text,Europe,979,0,user_224350
FAC20251009088876,FAC20251009088876,Gaming,Spanish,Video,Europe,2155,1,user_127113
FAC20251009088908,FAC20251009088908,Gaming,Japanese,Image,North America,8186,0,user_256632
FAC20251009088909,FAC20251009088909,Finance,Spanish,Poll,North America,33,0,user_34760
FAC20251009088911,FAC20251009088911,Climate,French,Video,Asia,7611,0,user_360008
FAC20251010088992,FAC20251010088992,AI/ML,English,Video,Africa,595,0,user_488835
FAC20251010088993,FAC20251010088993,Fashion,Spanish,Image,North America,165,0,user_463750
FAC20251010088999,FAC20251010088999,Entertainment,English,Video,North America,693,0,user_315393
FAC20251010089017,FAC20251010089017,Food,English,Text,Asia,41,0,user_20430
FAC20251010089040,FAC20251010089040,Science,English,Image,North America,162,0,user_359720
FAC20251010089050,FAC20251010089050,AI/ML,Spanish,Poll,Asia,9862,1,user_110906
FAC20251010089073,FAC20251010089073,AI/ML,English,Text,Oceania,3060,1,user_325574
FAC20251010089081,FAC20251010089081,Travel,English,Text,Europe,2140,0,user_462268
FAC20251010089106,FAC20251010089106,Fashion,English,Image,North America,4619,0,user_65341
FAC20251010089110,FAC20251010089110,Education,Portuguese,Video,Europe,2658,1,user_338909
FAC20251010089146,FAC20251010089146,Entertainment,Portuguese,Image,North America,2295,0,user_382809
FAC20251011089161,FAC20251011089161,Entertainment,Portuguese,Text,Asia,91,0,user_495167
FAC20251011089182,FAC20251011089182,Finance,Portuguese,Image,Asia,236,0,user_401379
FAC20251011089202,FAC20251011089202,Politics,English,Video,Asia,551,0,user_69138
FAC20251011089203,FAC20251011089203,Travel,English,Image,Asia,258,1,user_460505
FAC20251011089228,FAC20251011089228,Sports,Spanish,Video,Asia,34137,1,user_278318
FAC20251011089230,FAC20251011089230,Technology,French,Video,Asia,118,0,user_185242
FAC20251011089250,FAC20251011089250,AI/ML,English,Image,North America,1878,0,user_50274
FAC20251011089296,FAC20251011089296,Entertainment,English,Video,North America,2441,0,user_439291
FAC20251011089324,FAC20251011089324,Business,Japanese,Image,Oceania,14648,0,user_382844
FAC20251011089327,FAC20251011089327,Politics,English,Video,North America,312,0,user_398857
FAC20251011089354,FAC20251011089354,Technology,Hindi,Poll,Africa,452,0,user_29687
FAC20251011089386,FAC20251011089386,Education,English,Link,Europe,4502,1,user_135988
FAC20251011089389,FAC20251011089389,Education,English,Image,North America,530,0,user_144658
FAC20251011089391,FAC20251011089391,Fashion,Portuguese,Link,Asia,550,0,user_154882
FAC20251011089432,FAC20251011089432,AI/ML,Spanish,Image,Europe,881,0,user_263574
FAC20251011089450,FAC20251011089450,Food,French,Link,Europe,138732,1,user_419817
FAC20251011089451,FAC20251011089451,Fashion,German,Image,Europe,6386,0,user_460891
FAC20251011089458,FAC20251011089458,Business,English,Image,North America,1046,0,user_27460
FAC20251011089468,FAC20251011089468,Gaming,Spanish,Image,North America,158,0,user_47867
FAC20251011089495,FAC20251011089495,Technology,English,Video,Europe,1064,0,user_296785
FAC20251012089599,FAC20251012089599,Finance,English,Text,Asia,554,1,user_88394
FAC20251012089600,FAC20251012089600,Health,Arabic,Text,Africa,538,0,user_25523
FAC20251012089604,FAC20251012089604,Education,Korean,Poll,Unknown,546,0,user_375097
FAC20251012089612,FAC20251012089612,Science,French,Text,South America,711,0,user_115942
FAC20251012089626,FAC20251012089626,AI/ML,English,Image,Asia,474,0,user_83138
FAC20251012089643,FAC20251012089643,AI/ML,Spanish,Image,Europe,1595,0,user_116330
FAC20251012089724,FAC20251012089724,Food,English,Image,Europe,145,0,user_60417
FAC20251012089732,FAC20251012089732,Education,Spanish,Image,Oceania,262,0,user_147733
FAC20251012089749,FAC20251012089749,Health,Spanish,Video,Asia,155,0,user_24976
FAC20251012089750,FAC20251012089750,Fashion,Arabic,Image,North America,90,0,user_49314
FAC20251012089752,FAC20251012089752,Entertainment,English,Link,Asia,289,0,user_264984
FAC20251012089771,FAC20251012089771,Sports,Hindi,Video,Oceania,21770,1,user_18802
FAC20251012089822,FAC20251012089822,Sports,English,Text,Europe,79,0,user_139284
FAC20251012089830,FAC20251012089830,Gaming,Japanese,Image,Europe,375,0,user_126573
FAC20251012089840,FAC20251012089840,Climate,English,Image,North America,9,0,user_249190
FAC20251012089841,FAC20251012089841,Politics,English,Link,Asia,160,0,user_270875
FAC20251012089852,FAC20251012089852,Education,English,Image,Europe,401,0,user_25382
FAC20251012089889,FAC20251012089889,Health,English,Text,North America,3664,0,user_357376
FAC20251012089923,FAC20251012089923,Entertainment,English,Text,North America,729,0,user_118256
FAC20251012089931,FAC20251012089931,AI/ML,English,Image,North America,1394,0,user_382966
FAC20251012089934,FAC20251012089934,Climate,English,Video,Asia,129,0,user_212410
FAC20251012089952,FAC20251012089952,Health,English,Image,Asia,20980,0,user_77949
FAC20251012089965,FAC20251012089965,AI/ML,English,Video,North America,12,0,user_221005
FAC20251012089980,FAC20251012089980,Sports,English,Video,Asia,103,0,user_119502
FAC20251013090033,FAC20251013090033,Sports,French,Image,North America,1041,0,user_73182
FAC20251013090067,FAC20251013090067,Science,English,Text,Europe,5421,0,user_112128
FAC20251013090073,FAC20251013090073,Finance,English,Text,North America,2649,0,user_185923
FAC20251013090083,FAC20251013090083,Gaming,English,Video,Asia,5049,1,user_99678
FAC20251015090137,FAC20251015090137,Entertainment,English,Image,North America,3603,0,user_387260
FAC20251015090138,FAC20251015090138,Fashion,English,Link,Europe,3099,0,user_18297
FAC20251015090145,FAC20251015090145,Gaming,English,Video,Asia,6027,0,user_21971
FAC20251015090172,FAC20251015090172,Travel,English,Video,North America,460,0,user_163960
FAC20251015090195,FAC20251015090195,Finance,French,Link,Oceania,17,0,user_258290
FAC20251016090231,FAC20251016090231,Technology,English,Image,Oceania,165,0,user_284178
FAC20251016090249,FAC20251016090249,Politics,French,Link,Asia,2707,0,user_432392
FAC20251016090260,FAC20251016090260,Politics,English,Image,Europe,2019,0,user_164032
FAC20251016090268,FAC20251016090268,AI/ML,English,Text,Europe,3719,1,user_408728
FAC20251016090269,FAC20251016090269,Technology,Hindi,Image,Asia,209,1,user_355611
FAC20251016090270,FAC20251016090270,Health,English,Text,North America,45,0,user_218279
FAC20251016090308,FAC20251016090308,Food,English,Text,Asia,21,0,user_396960
FAC20251016090313,FAC20251016090313,Finance,English,Link,Oceania,70,0,user_482135
FAC20251016090342,FAC20251016090342,Travel,French,Text,South America,1311,0,user_357029
FAC20251016090351,FAC20251016090351,Health,English,Video,North America,2250,1,user_115488
FAC20251017090367,FAC20251017090367,Education,Arabic,Image,Europe,64,0,user_106988
FAC20251017090383,FAC20251017090383,Health,English,Link,North America,159,0,user_416031
FAC20251017090444,FAC20251017090444,Education,English,Text,Asia,1074,0,user_327823
FAC20251017090454,FAC20251017090454,Science,Spanish,Text,Europe,11368,1,user_464983
FAC20251017090472,FAC20251017090472,Business,English,Video,Europe,546,0,user_162127
FAC20251017090476,FAC20251017090476,Health,English,Image,Asia,1050,0,user_41484
FAC20251017090477,FAC20251017090477,AI/ML,Korean,Text,North America,836,0,user_27122
FAC20251017090484,FAC20251017090484,Science,German,Text,North America,74,0,user_255520
FAC20251017090489,FAC20251017090489,Education,English,Image,North America,1069,0,user_180569
FAC20251017090540,FAC20251017090540,Gaming,Spanish,Image,North America,55,0,user_176122
FAC20251017090596,FAC20251017090596,Politics,English,Video,North America,7,0,user_486202
FAC20251017090600,FAC20251017090600,Entertainment,English,Video,Europe,14909,1,user_162705
FAC20251018090640,FAC20251018090640,Science,Spanish,Link,Europe,20,0,user_263303
FAC20251018090641,FAC20251018090641,Climate,English,Image,Europe,1395,1,user_60734
FAC20251018090696,FAC20251018090696,Entertainment,Korean,Image,North America,1421,0,user_114496
FAC20251018090703,FAC20251018090703,Food,English,Image,North America,1430,0,user_347659
FAC20251018090755,FAC20251018090755,AI/ML,Spanish,Image,Asia,3475,0,user_9206
FAC20251018090765,FAC20251018090765,AI/ML,English,Video,South America,1231,0,user_20661
FAC20251018090772,FAC20251018090772,Sports,English,Text,North America,605,0,user_61285
FAC20251018090775,FAC20251018090775,Science,Spanish,Link,North America,2309,0,user_138931
FAC20251018090778,FAC20251018090778,Education,German,Poll,South America,577,0,user_273505
FAC20251018090785,FAC20251018090785,Technology,English,Poll,North America,880,0,user_150949
FAC20251018090835,FAC20251018090835,Technology,Japanese,Poll,Asia,207,0,user_221667
FAC20251018090850,FAC20251018090850,Gaming,English,Text,Africa,425,0,user_360999
FAC20251018090857,FAC20251018090857,Science,English,Image,Europe,2148,1,user_378556
FAC20251018090909,FAC20251018090909,Education,English,Image,North America,27179,0,user_169225
FAC20251018090910,FAC20251018090910,Health,German,Poll,Asia,10,0,user_229218
FAC20251018090928,FAC20251018090928,Gaming,Portuguese,Text,Europe,1851,0,user_440653
FAC20251018090929,FAC20251018090929,Education,French,Video,Europe,2003,0,user_207247
FAC20251018090958,FAC20251018090958,Sports,Spanish,Video,Unknown,2018,0,user_303032
FAC20251018091000,FAC20251018091000,Gaming,Spanish,Image,Asia,4998,1,user_138173
FAC20251018091025,FAC20251018091025,Gaming,Portuguese,Text,Europe,92,0,user_270228
FAC20251018091030,FAC20251018091030,Fashion,English,Image,Asia,3687,0,user_399975
FAC20251019091075,FAC20251019091075,Entertainment,French,Image,Europe,3566,0,user_352073
FAC20251019091079,FAC20251019091079,Science,English,Video,Asia,2583,0,user_205758
FAC20251019091088,FAC20251019091088,Fashion,English,Text,North America,82,0,user_48783
FAC20250419091213,FAC20250419091213,Politics,English,Video,North America,395,0,user_441505
FAC20250419091256,FAC20250419091256,Politics,English,Text,Asia,63,0,user_191006
FAC20250419091277,FAC20250419091277,Food,English,Text,North America,6098,1,user_268939
FAC20250419091287,FAC20250419091287,Business,French,Image,Europe,3230,1,user_405521
FAC20250419091315,FAC20250419091315,Technology,English,Image,Europe,2935,1,user_230790
FAC20250419091319,FAC20250419091319,Entertainment,Hindi,Text,Asia,5296,0,user_161797
FAC20250419091322,FAC20250419091322,Food,Portuguese,Image,Europe,3217,1,user_181973
FAC20250419091351,FAC20250419091351,Business,English,Link,Europe,266,0,user_354536
FAC20250419091372,FAC20250419091372,Education,English,Video,Asia,234,0,user_374234
FAC20250419091377,FAC20250419091377,Politics,French,Image,North America,1834,0,user_14958
FAC20250419091380,FAC20250419091380,Climate,English,Link,North America,408,0,user_73651
FAC20250419091383,FAC20250419091383,Climate,Japanese,Link,North America,324,0,user_347954
FAC20250419091392,FAC20250419091392,Health,Portuguese,Text,Asia,12589,1,user_319828
FAC20250419091403,FAC20250419091403,Fashion,English,Image,Europe,15481,1,user_428170
FAC20250419091407,FAC20250419091407,Fashion,English,Text,Asia,1628,0,user_337642
FAC20250419091456,FAC20250419091456,Fashion,English,Text,Europe,57709,1,user_309045
FAC20250420091481,FAC20250420091481,Politics,English,Text,North America,112,0,user_252559
FAC20250420091496,FAC20250420091496,Climate,Hindi,Text,Europe,3881,0,user_52675
FAC20250420091510,FAC20250420091510,Sports,English,Video,Asia,81,0,user_351032
FAC20250420091514,FAC20250420091514,Finance,English,Image,North America,81028,0,user_287833
FAC20250420091525,FAC20250420091525,Science,Japanese,Video,Asia,2436,0,user_210196
FAC20250420091543,FAC20250420091543,AI/ML,Arabic,Link,Europe,93,0,user_140285
FAC20250420091581,FAC20250420091581,Fashion,Arabic,Video,Asia,11197,1,user_234614
FAC20250420091610,FAC20250420091610,Travel,Spanish,Image,South America,3970,1,user_85984
FAC20250420091628,FAC20250420091628,Sports,English,Text,North America,4611,1,user_19805
FAC20250420091645,FAC20250420091645,AI/ML,Hindi,Text,North America,13359,1,user_44536
FAC20250420091648,FAC20250420091648,Technology,English,Poll,Asia,71,0,user_363681
FAC20250420091702,FAC20250420091702,Business,English,Image,Europe,212,0,user_5896
FAC20250420091705,FAC20250420091705,Technology,Korean,Video,Africa,65,0,user_250224
FAC20250420091720,FAC20250420091720,Finance,English,Image,North America,110,0,user_439168
FAC20250420091726,FAC20250420091726,Business,Japanese,Poll,Europe,5,0,user_136103
FAC20250420091738,FAC20250420091738,Travel,Spanish,Link,North America,52,0,user_371538
FAC20250420091739,FAC20250420091739,Climate,Spanish,Text,Oceania,552,0,user_49496
FAC20250420091741,FAC20250420091741,Health,English,Video,South America,8925,0,user_470492
FAC20250420091744,FAC20250420091744,Business,German,Link,Europe,77,0,user_10885
FAC20250420091765,FAC20250420091765,Technology,English,Poll,Asia,390,0,user_125771
FAC20250421091797,FAC20250421091797,Entertainment,English,Video,Europe,13567,1,user_212980
FAC20250421091863,FAC20250421091863,Finance,English,Video,Europe,189,0,user_101005
FAC20250421091880,FAC20250421091880,Health,Korean,Image,Europe,8657,0,user_285363
FAC20250421091930,FAC20250421091930,Entertainment,English,Video,North America,519,1,user_388665
FAC20250421091950,FAC20250421091950,Fashion,English,Image,North America,126,0,user_249114
FAC20250421091956,FAC20250421091956,Health,English,Video,Asia,9184,0,user_478677
FAC20250421092059,FAC20250421092059,Finance,French,Image,North America,249626,1,user_484697
FAC20250422092108,FAC20250422092108,Entertainment,English,Video,North America,143,0,user_203154
FAC20250422092176,FAC20250422092176,Finance,German,Text,Africa,80,0,user_439453
FAC20250422092197,FAC20250422092197,Sports,English,Poll,Europe,13209,1,user_46836
FAC20250422092206,FAC20250422092206,Politics,English,Video,Africa,2042,0,user_335198
FAC20250422092295,FAC20250422092295,Business,English,Link,Europe,5320,0,user_462347
FAC20250422092308,FAC20250422092308,Technology,English,Text,Asia,677,0,user_75269
FAC20250422092317,FAC20250422092317,Politics,German,Text,North America,56,0,user_379108
FAC20250422092336,FAC20250422092336,Business,French,Image,Asia,488,0,user_131041
FAC20250422092362,FAC20250422092362,Food,English,Link,Asia,1928,0,user_61435
FAC20250422092368,FAC20250422092368,Entertainment,English,Image,Asia,525,0,user_9215
FAC20250422092379,FAC20250422092379,Education,English,Image,North America,640,0,user_133785
FAC20250423092436,FAC20250423092436,Climate,Korean,Image,Oceania,433,0,user_436469
FAC20250423092449,FAC20250423092449,Food,German,Poll,Europe,580,0,user_190560
FAC20250423092452,FAC20250423092452,Sports,Korean,Image,South America,1441,0,user_287193
FAC20250423092463,FAC20250423092463,AI/ML,Spanish,Video,Europe,108,0,user_484127
FAC20250423092476,FAC20250423092476,Entertainment,English,Text,South America,66823,0,user_444853
FAC20250423092481,FAC20250423092481,AI/ML,English,Text,North America,312,1,user_378977
FAC20250423092484,FAC20250423092484,Politics,English,Link,North America,21951,0,user_446104
FAC20250423092518,FAC20250423092518,Science,English,Text,Asia,4060,1,user_233561
FAC20250423092536,FAC20250423092536,Entertainment,English,Image,North America,976,0,user_308537
FAC20250423092643,FAC20250423092643,Entertainment,Chinese,Link,North America,33,0,user_447546
FAC20250423092647,FAC20250423092647,Gaming,Spanish,Video,Europe,60,0,user_482654
FAC20250423092657,FAC20250423092657,AI/ML,German,Image,North America,1302,0,user_52994
FAC20250423092666,FAC20250423092666,Business,English,Poll,Asia,2417,0,user_402623
FAC20250423092680,FAC20250423092680,Gaming,French,Text,North America,484,0,user_177106
FAC20250423092682,FAC20250423092682,Travel,English,Image,North America,112,1,user_405668
FAC20250423092693,FAC20250423092693,Entertainment,English,Text,North America,529,0,user_183352
FAC20250423092720,FAC20250423092720,Climate,Spanish,Image,South America,171,0,user_167872
FAC20250423092741,FAC20250423092741,Science,French,Image,Asia,218,0,user_381508
FAC20250424092766,FAC20250424092766,Climate,English,Text,Europe,65,0,user_389004
FAC20250424092775,FAC20250424092775,Politics,English,Video,North America,479,0,user_91476
FAC20250424092818,FAC20250424092818,Education,English,Video,Europe,3045,0,user_371196
FAC20250424092819,FAC20250424092819,Fashion,Chinese,Video,Asia,10901,1,user_391006
FAC20250424092820,FAC20250424092820,Food,English,Video,Europe,2622,0,user_305103
FAC20250424092825,FAC20250424092825,Travel,French,Video,Asia,10760,0,user_207962
FAC20250424092833,FAC20250424092833,Fashion,English,Image,North America,100,0,user_273848
FAC20250424092855,FAC20250424092855,Health,English,Text,North America,20078,1,user_343593
FAC20250424092856,FAC20250424092856,Sports,English,Text,Asia,160350,1,user_115114
FAC20250424092901,FAC20250424092901,Politics,Spanish,Link,Europe,458,0,user_284627
FAC20250424092920,FAC20250424092920,Science,English,Video,North America,2660,0,user_5804
FAC20250424092924,FAC20250424092924,Health,English,Image,North America,1588,1,user_9504
FAC20250424092935,FAC20250424092935,Finance,Korean,Image,Asia,820,0,user_184009
FAC20250424092953,FAC20250424092953,Travel,Chinese,Poll,South America,4567,1,user_154873
FAC20250424092976,FAC20250424092976,Gaming,English,Text,Asia,1292,0,user_478629
FAC20250424092983,FAC20250424092983,AI/ML,French,Image,Europe,523,0,user_194712
FAC20250424093079,FAC20250424093079,Business,English,Image,Asia,746,0,user_496341
FAC20250425093098,FAC20250425093098,Health,English,Text,North America,31,0,user_475758
FAC20250425093105,FAC20250425093105,Entertainment,Spanish,Link,Asia,109533,1,user_414730
FAC20250425093128,FAC20250425093128,Gaming,English,Text,Oceania,2830,0,user_115663
FAC20250425093139,FAC20250425093139,Business,English,Video,Africa,3034,0,user_419948
FAC20250425093155,FAC20250425093155,Business,English,Text,Unknown,176,0,user_267334
FAC20250425093160,FAC20250425093160,Gaming,Spanish,Text,Asia,496,0,user_86267
FAC20250425093177,FAC20250425093177,Food,Hindi,Image,North America,2305,0,user_248983
FAC20250425093193,FAC20250425093193,Fashion,English,Link,North America,1980,0,user_64625
FAC20250425093209,FAC20250425093209,Politics,English,Video,North America,65,0,user_404480
FAC20250425093217,FAC20250425093217,AI/ML,English,Text,Asia,10938,1,user_211362
FAC20250425093222,FAC20250425093222,Entertainment,English,Text,North America,148694,1,user_221093
FAC20250425093236,FAC20250425093236,Gaming,Spanish,Text,Europe,110,0,user_194229
FAC20250425093251,FAC20250425093251,Gaming,English,Text,Africa,741,0,user_46487
FAC20250425093279,FAC20250425093279,Climate,Japanese,Image,Europe,56,0,user_274787
FAC20250425093282,FAC20250425093282,Entertainment,Spanish,Text,South America,1393,0,user_213432
FAC20250425093321,FAC20250425093321,Politics,English,Text,Oceania,981,0,user_366414
FAC20250425093327,FAC20250425093327,Business,French,Text,North America,1874,0,user_287086
FAC20250425093389,FAC20250425093389,Technology,Spanish,Video,Europe,7570,0,user_208090
FAC20250426093417,FAC20250426093417,Business,English,Text,North America,722,0,user_148292
FAC20250426093511,FAC20250426093511,Business,English,Text,Europe,3057,0,user_25306
FAC20250426093547,FAC20250426093547,Finance,English,Image,North America,5773,0,user_169028
FAC20250426093595,FAC20250426093595,Travel,English,Video,Africa,54,0,user_368367
FAC20250426093623,FAC20250426093623,Finance,English,Text,Europe,838,0,user_306662
FAC20250426093651,FAC20250426093651,Education,Spanish,Poll,Unknown,349,0,user_419023
FAC20250426093676,FAC20250426093676,Food,Chinese,Text,Europe,79,0,user_3536
FAC20250426093688,FAC20250426093688,AI/ML,French,Video,Asia,225205,1,user_285987
FAC20250426093720,FAC20250426093720,Gaming,Spanish,Poll,Europe,90,0,user_469917
FAC20250426093721,FAC20250426093721,Travel,Spanish,Text,North America,503,0,user_258370
FAC20250427093723,FAC20250427093723,Education,Japanese,Image,North America,85,0,user_214036
FAC20250427093737,FAC20250427093737,Gaming,English,Text,North America,204,0,user_171080
FAC20250427093748,FAC20250427093748,Fashion,Portuguese,Text,Africa,8,0,user_70031
FAC20250427093778,FAC20250427093778,Business,Spanish,Image,North America,28917,1,user_214587
FAC20250427093806,FAC20250427093806,Education,Arabic,Text,Asia,842,0,user_419640
FAC20250427093850,FAC20250427093850,Food,French,Text,South America,415,0,user_342377
FAC20250427093853,FAC20250427093853,Technology,English,Image,Asia,4957,0,user_417687
FAC20250427093925,FAC20250427093925,Health,English,Link,Europe,2984,0,user_364148
FAC20250427093927,FAC20250427093927,Health,English,Video,North America,38,0,user_146868
FAC20250427093928,FAC20250427093928,Fashion,Arabic,Text,Africa,16451,0,user_170296
FAC20250427093939,FAC20250427093939,Science,English,Image,North America,857,0,user_382975
FAC20250427093960,FAC20250427093960,Education,English,Poll,Europe,2928,1,user_107323
FAC20250427093983,FAC20250427093983,Climate,English,Text,Asia,1327,0,user_22858
FAC20250428094030,FAC20250428094030,Science,Hindi,Image,North America,5742,0,user_310224
FAC20250428094048,FAC20250428094048,Climate,Arabic,Text,North America,1573,0,user_58584
FAC20250428094082,FAC20250428094082,Finance,Portuguese,Text,Europe,103,0,user_295409
FAC20250428094090,FAC20250428094090,Climate,English,Text,Asia,352,0,user_46540
FAC20250428094110,FAC20250428094110,Business,English,Image,Asia,342,0,user_95654
FAC20250428094116,FAC20250428094116,Finance,Korean,Poll,Asia,2724,0,user_494947
FAC20250428094119,FAC20250428094119,Climate,English,Image,Europe,44544,1,user_148751
FAC20250428094122,FAC20250428094122,Finance,English,Text,Europe,710,0,user_428218
FAC20250428094153,FAC20250428094153,Food,German,Text,North America,245,0,user_256957
FAC20250428094154,FAC20250428094154,Business,Korean,Image,Asia,57,0,user_256033
FAC20250428094159,FAC20250428094159,Travel,English,Text,Asia,19516,0,user_356718
FAC20250428094162,FAC20250428094162,Science,German,Image,Europe,9223,0,user_278472
FAC20250428094165,FAC20250428094165,Science,English,Video,Africa,53972,1,user_198185
FAC20250428094191,FAC20250428094191,Climate,English,Text,Europe,4542,0,user_45845
FAC20250428094195,FAC20250428094195,Climate,Spanish,Video,Europe,59,0,user_93257
FAC20250428094202,FAC20250428094202,Climate,English,Link,Europe,29573,1,user_202324
FAC20250428094230,FAC20250428094230,Technology,Arabic,Image,Europe,748,1,user_452784
FAC20250428094234,FAC20250428094234,AI/ML,German,Video,Asia,118,0,user_186884
FAC20250428094248,FAC20250428094248,Fashion,Japanese,Link,Europe,413,0,user_85150
FAC20250428094250,FAC20250428094250,Fashion,Chinese,Text,Asia,145,0,user_152468
FAC20250428094258,FAC20250428094258,AI/ML,English,Text,Africa,10511,0,user_383919
FAC20250428094308,FAC20250428094308,Politics,French,Image,Europe,32,0,user_374880
FAC20250429094365,FAC20250429094365,Technology,Hindi,Image,Unknown,292,0,user_14400
FAC20250429094366,FAC20250429094366,Food,French,Video,North America,23349,1,user_25816
FAC20250429094399,FAC20250429094399,Sports,Spanish,Image,Africa,16873,0,user_281087
FAC20250429094468,FAC20250429094468,Technology,English,Text,North America,6189,0,user_379186
FAC20250429094478,FAC20250429094478,Travel,English,Text,North America,34816,1,user_235990
FAC20250429094489,FAC20250429094489,Business,English,Text,Asia,318,0,user_300757
FAC20250429094492,FAC20250429094492,AI/ML,English,Poll,North America,1158,0,user_13170
FAC20250429094540,FAC20250429094540,Education,Hindi,Text,Europe,1871,0,user_331028
FAC20250429094587,FAC20250429094587,Technology,Chinese,Video,North America,1456,0,user_16667
FAC20250429094604,FAC20250429094604,Education,French,Video,Asia,120926,1,user_329901
FAC20250429094612,FAC20250429094612,Climate,Korean,Text,North America,479,0,user_231358
FAC20250429094628,FAC20250429094628,Entertainment,English,Text,North America,7065,0,user_215263
FAC20250429094633,FAC20250429094633,Travel,Spanish,Video,Oceania,595,0,user_353647
FAC20250429094639,FAC20250429094639,AI/ML,English,Text,Europe,15,0,user_420255
FAC20250429094645,FAC20250429094645,AI/ML,English,Image,North America,44,0,user_457494
FAC20250429094651,FAC20250429094651,Entertainment,Japanese,Image,Asia,249,0,user_73667
FAC20250429094696,FAC20250429094696,Gaming,English,Video,Europe,8872,1,user_215739
FAC20250429094709,FAC20250429094709,Technology,English,Video,Europe,44440,1,user_77463
FAC20250429094714,FAC20250429094714,Health,Japanese,Image,North America,158,0,user_370803
FAC20250429094719,FAC20250429094719,Health,Spanish,Poll,North America,127,0,user_348822
FAC20250430094726,FAC20250430094726,Sports,Korean,Text,Asia,1222,0,user_308094
FAC20250430094761,FAC20250430094761,Climate,English,Text,Africa,3146,0,user_159460
FAC20250430094764,FAC20250430094764,Science,Spanish,Video,Asia,8841,0,user_428788
FAC20250430094775,FAC20250430094775,Health,German,Image,North America,4845,0,user_276721
FAC20250430094811,FAC20250430094811,Food,Spanish,Image,Europe,215,0,user_23099
FAC20250430094816,FAC20250430094816,Sports,Arabic,Text,Europe,5695,1,user_275634
FAC20250430094827,FAC20250430094827,Finance,German,Text,Asia,879,0,user_314764
FAC20250430094833,FAC20250430094833,Education,English,Video,North America,4091,1,user_488990
FAC20250430094844,FAC20250430094844,Entertainment,English,Text,Europe,84,0,user_255440
FAC20250430094876,FAC20250430094876,Politics,English,Text,Europe,58,0,user_36521
FAC20250430094913,FAC20250430094913,Health,English,Image,North America,112,0,user_111456
FAC20250430094924,FAC20250430094924,Climate,Portuguese,Text,North America,10821,1,user_40185
FAC20250430094945,FAC20250430094945,Food,Korean,Text,Europe,170,0,user_74013
FAC20250430094946,FAC20250430094946,Fashion,French,Image,North America,6862,0,user_36729
FAC20250430094950,FAC20250430094950,Entertainment,English,Text,Europe,13974,0,user_366869
FAC20250430094968,FAC20250430094968,AI/ML,German,Text,Europe,4248,0,user_281709
FAC20250430094990,FAC20250430094990,Entertainment,English,Image,Asia,258,0,user_127827
FAC20250430095018,FAC20250430095018,Science,English,Text,North America,8805,0,user_338875
FAC20250501095054,FAC20250501095054,Education,English,Video,Europe,27,0,user_454541
FAC20250501095083,FAC20250501095083,Sports,English,Poll,North America,81212,1,user_124883
FAC20250501095092,FAC20250501095092,Gaming,English,Text,North America,368,0,user_13638
FAC20250501095149,FAC20250501095149,Finance,English,Link,North America,973,0,user_14419
FAC20250501095151,FAC20250501095151,Sports,English,Video,North America,193,0,user_415958
FAC20250501095153,FAC20250501095153,Technology,Portuguese,Text,North America,38534,0,user_463696
FAC20250501095163,FAC20250501095163,Travel,English,Text,Europe,790,0,user_413668
FAC20250501095171,FAC20250501095171,Gaming,Hindi,Video,Asia,1935,0,user_428960
FAC20250501095182,FAC20250501095182,Technology,English,Text,Asia,22325,0,user_282766
FAC20250501095203,FAC20250501095203,Politics,English,Image,Asia,25404,0,user_399354
FAC20250501095217,FAC20250501095217,Food,Hindi,Text,Asia,97674,1,user_408885
FAC20250501095221,FAC20250501095221,Gaming,English,Text,Africa,1514,0,user_118786
FAC20250501095222,FAC20250501095222,Climate,French,Text,Europe,12385,0,user_29259
FAC20250501095225,FAC20250501095225,Technology,Korean,Text,North America,21,0,user_479704
FAC20250501095239,FAC20250501095239,AI/ML,Spanish,Poll,North America,726,0,user_307679
FAC20250501095245,FAC20250501095245,Education,French,Video,Asia,1285,1,user_341950
FAC20250501095337,FAC20250501095337,AI/ML,Hindi,Poll,Asia,662,0,user_228833
FAC20250501095349,FAC20250501095349,Food,Portuguese,Video,North America,1860,0,user_370551
FAC20250502095372,FAC20250502095372,Fashion,Spanish,Poll,Asia,1912,0,user_257074
FAC20250502095375,FAC20250502095375,Sports,English,Image,North America,4022,1,user_65896
FAC20250502095388,FAC20250502095388,Fashion,Spanish,Text,Europe,38892,0,user_223189
FAC20250502095458,FAC20250502095458,Climate,English,Text,North America,451,0,user_221967
FAC20250502095476,FAC20250502095476,Education,English,Video,Asia,603,0,user_37074
FAC20250502095484,FAC20250502095484,Science,English,Image,North America,32559,1,user_55769
FAC20250502095485,FAC20250502095485,Science,English,Image,Asia,170171,1,user_456444
FAC20250502095514,FAC20250502095514,Travel,English,Image,North America,3807,1,user_257898
FAC20250502095533,FAC20250502095533,Science,Portuguese,Text,Asia,704,0,user_226796
FAC20250502095542,FAC20250502095542,Food,English,Image,North America,41005,1,user_230780
FAC20250502095547,FAC20250502095547,Sports,English,Text,North America,6745,0,user_146913
FAC20250502095554,FAC20250502095554,Sports,English,Link,Africa,1388,0,user_450796
FAC20250502095592,FAC20250502095592,Technology,French,Text,North America,2210,0,user_271925
FAC20250502095634,FAC20250502095634,Politics,English,Text,South America,612,0,user_464719
FAC20250502095664,FAC20250502095664,Education,English,Image,North America,9214,0,user_240637
FAC20250503095724,FAC20250503095724,Education,French,Video,North America,53,0,user_51405
FAC20250503095726,FAC20250503095726,Sports,English,Link,Oceania,116925,1,user_408030
FAC20250503095731,FAC20250503095731,Science,English,Video,North America,1153,0,user_349590
FAC20250503095764,FAC20250503095764,Travel,English,Image,North America,41664,1,user_342944
FAC20250503095773,FAC20250503095773,Finance,English,Text,Asia,1829,0,user_474907
FAC20250503095793,FAC20250503095793,Travel,English,Image,Europe,612,0,user_144905
FAC20250503095826,FAC20250503095826,Education,English,Image,North America,11020,0,user_455884
FAC20250503095829,FAC20250503095829,Travel,English,Link,Africa,27365,0,user_472061
FAC20250503095846,FAC20250503095846,Education,Hindi,Image,North America,2580,0,user_128364
FAC20250503095900,FAC20250503095900,Politics,English,Image,Asia,954,0,user_297765
FAC20250503095914,FAC20250503095914,Fashion,Japanese,Text,Oceania,2018,0,user_362770
FAC20250503095939,FAC20250503095939,Food,Portuguese,Video,Europe,12235,1,user_59500
FAC20250504096063,FAC20250504096063,Technology,Spanish,Image,North America,9,0,user_10446
FAC20250504096079,FAC20250504096079,Travel,English,Text,North America,1447,0,user_432077
FAC20250504096095,FAC20250504096095,Finance,English,Text,North America,185,0,user_138801
FAC20250504096110,FAC20250504096110,Travel,English,Video,Oceania,969,0,user_184267
FAC20250504096131,FAC20250504096131,Sports,English,Image,Asia,73,0,user_339500
FAC20250504096138,FAC20250504096138,Travel,Spanish,Text,Asia,2736,1,user_362732
FAC20250504096139,FAC20250504096139,Technology,German,Image,Oceania,55874,1,user_412191
FAC20250504096160,FAC20250504096160,Health,Chinese,Text,South America,3737,0,user_283435
FAC20250504096175,FAC20250504096175,Sports,English,Text,Europe,8343,1,user_366850
FAC20250504096188,FAC20250504096188,AI/ML,English,Video,North America,415,0,user_409850
FAC20250504096193,FAC20250504096193,Food,German,Text,Asia,799,0,user_393794
FAC20250504096198,FAC20250504096198,Gaming,English,Text,North America,1998,0,user_187331
FAC20250504096209,FAC20250504096209,Finance,English,Text,North America,417,0,user_48492
FAC20250504096224,FAC20250504096224,Science,Spanish,Link,Asia,40274,0,user_423833
FAC20250504096261,FAC20250504096261,Sports,English,Image,North America,2287,0,user_223447
FAC20250504096268,FAC20250504096268,Gaming,English,Text,Oceania,78,0,user_374447
FAC20250504096318,FAC20250504096318,Health,Portuguese,Text,North America,8685,0,user_14087
FAC20250504096342,FAC20250504096342,Politics,English,Text,Asia,23803,1,user_253571
FAC20250504096354,FAC20250504096354,Sports,Portuguese,Text,North America,2837,1,user_6252
FAC20250504096369,FAC20250504096369,Business,English,Poll,North America,67133,1,user_279399
FAC20250505096374,FAC20250505096374,Entertainment,Spanish,Link,North America,3962,1,user_281838
FAC20250505096380,FAC20250505096380,Entertainment,Arabic,Text,Europe,4602,0,user_11033
FAC20250505096385,FAC20250505096385,Politics,English,Poll,Europe,71,0,user_65779
FAC20250505096421,FAC20250505096421,Health,French,Text,North America,314,0,user_277612
FAC20250505096520,FAC20250505096520,Business,English,Video,North America,129,0,user_58605
FAC20250505096544,FAC20250505096544,Health,German,Video,Oceania,62,0,user_342930
FAC20250505096605,FAC20250505096605,Education,English,Image,North America,886,0,user_405071
FAC20250505096664,FAC20250505096664,Fashion,Chinese,Link,Europe,1801,0,user_287306
FAC20250505096691,FAC20250505096691,Science,English,Link,Europe,3113,0,user_153814
FAC20250506096713,FAC20250506096713,AI/ML,English,Text,North America,913,0,user_280560
FAC20250506096726,FAC20250506096726,Politics,Korean,Poll,Asia,101,0,user_220698
FAC20250506096727,FAC20250506096727,Finance,English,Text,Europe,546,0,user_251624
FAC20250506096734,FAC20250506096734,Business,German,Video,Unknown,4,0,user_477535
FAC20250506096740,FAC20250506096740,Politics,English,Image,Asia,8167,0,user_481069
FAC20250506096751,FAC20250506096751,Science,Spanish,Link,South America,1226,1,user_105136
FAC20250506096767,FAC20250506096767,Business,English,Text,Asia,210,0,user_182414
FAC20250506096770,FAC20250506096770,Food,English,Image,Europe,934,0,user_377610
FAC20250506096778,FAC20250506096778,Sports,German,Link,Asia,14057,1,user_453591
FAC20250506096810,FAC20250506096810,Science,Korean,Text,Europe,283,0,user_286388
FAC20250506096813,FAC20250506096813,Science,Arabic,Image,North America,815,0,user_279771
FAC20250506096836,FAC20250506096836,Gaming,Korean,Poll,North America,3462,0,user_220727
FAC20250506096837,FAC20250506096837,Sports,Japanese,Text,Europe,3102,0,user_244612
FAC20250506096855,FAC20250506096855,Business,English,Text,North America,33,0,user_348306
FAC20250506096915,FAC20250506096915,Finance,English,Link,North America,25476,1,user_471206
FAC20250506096916,FAC20250506096916,Education,Spanish,Link,Asia,160,0,user_328491
FAC20250506096952,FAC20250506096952,Politics,English,Video,Europe,21767,1,user_310954
FAC20250506096958,FAC20250506096958,Fashion,English,Image,North America,17,0,user_158962
FAC20250506096983,FAC20250506096983,Politics,Portuguese,Link,North America,368,0,user_219121
FAC20250506096985,FAC20250506096985,AI/ML,Hindi,Text,North America,14043,0,user_376299
FAC20250506097002,FAC20250506097002,Business,English,Text,North America,107,0,user_421543
FAC20250507097034,FAC20250507097034,Science,Spanish,Image,Asia,570,0,user_482855
FAC20250507097036,FAC20250507097036,Politics,English,Image,Asia,486,1,user_356194
FAC20250507097067,FAC20250507097067,Politics,English,Video,South America,35,0,user_235954
FAC20250507097103,FAC20250507097103,Gaming,English,Poll,North America,23664,0,user_18706
FAC20250507097106,FAC20250507097106,AI/ML,English,Video,Asia,1279,0,user_26035
FAC20250507097130,FAC20250507097130,Entertainment,English,Video,South America,52,0,user_277478
FAC20250507097160,FAC20250507097160,Business,Spanish,Image,Oceania,137,0,user_257258
FAC20250507097189,FAC20250507097189,Business,Portuguese,Video,Europe,154,0,user_470490
FAC20250507097193,FAC20250507097193,Business,English,Text,South America,3099,0,user_282806
FAC20250507097210,FAC20250507097210,Entertainment,Spanish,Video,Asia,97,0,user_98085
FAC20250507097216,FAC20250507097216,Sports,English,Link,Europe,7935,0,user_371678
FAC20250507097286,FAC20250507097286,Fashion,English,Image,South America,5538,0,user_486077
FAC20250507097291,FAC20250507097291,Sports,Portuguese,Video,Europe,433,0,user_143224
FAC20250507097295,FAC20250507097295,Finance,English,Video,Europe,450,0,user_249295
FAC20250507097308,FAC20250507097308,Climate,English,Image,Europe,4159,0,user_166311
FAC20250507097309,FAC20250507097309,Education,English,Video,Europe,13165,1,user_399955
FAC20250507097314,FAC20250507097314,Education,Japanese,Text,North America,734,0,user_121695
FAC20250507097321,FAC20250507097321,Sports,Spanish,Image,North America,174,0,user_307940
FAC20250507097329,FAC20250507097329,Science,Arabic,Video,North America,26590,1,user_285788
FAC20250507097335,FAC20250507097335,Entertainment,English,Text,Asia,103,0,user_429816
FAC20250508097374,FAC20250508097374,Politics,Arabic,Image,Asia,26186,1,user_385363
FAC20250508097375,FAC20250508097375,Technology,French,Image,Europe,28,0,user_495247
FAC20250508097380,FAC20250508097380,AI/ML,French,Image,Africa,632,1,user_142635
FAC20250508097410,FAC20250508097410,Entertainment,German,Image,Asia,586,0,user_469784
FAC20250508097420,FAC20250508097420,AI/ML,English,Image,Asia,1908,0,user_191043
FAC20250508097425,FAC20250508097425,Sports,Hindi,Image,North America,464,0,user_425414
FAC20250508097442,FAC20250508097442,Technology,English,Text,Asia,91,0,user_230763
FAC20250508097466,FAC20250508097466,Sports,Portuguese,Video,Europe,3922,1,user_455257
FAC20250508097491,FAC20250508097491,Climate,English,Text,North America,289,0,user_64060
FAC20250508097498,FAC20250508097498,Entertainment,Portuguese,Text,North America,7819,0,user_352461
FAC20250508097520,FAC20250508097520,Health,Spanish,Text,Asia,31818,1,user_120125
FAC20250508097570,FAC20250508097570,Technology,English,Video,North America,226,0,user_296915
FAC20250508097600,FAC20250508097600,Education,Hindi,Text,Unknown,2433,0,user_491768
FAC20250508097612,FAC20250508097612,Gaming,English,Link,Europe,1115,0,user_43927
FAC20250508097614,FAC20250508097614,AI/ML,Hindi,Link,North America,1656,1,user_496478
FAC20250508097666,FAC20250508097666,Climate,Japanese,Image,North America,8758,1,user_480676
FAC20250508097675,FAC20250508097675,Politics,Japanese,Video,Unknown,591,0,user_292286
FAC20250509097732,FAC20250509097732,AI/ML,English,Video,Europe,75478,1,user_14567
FAC20250509097742,FAC20250509097742,Sports,English,Text,Unknown,461,0,user_135618
FAC20250509097762,FAC20250509097762,Travel,Korean,Text,North America,2171,0,user_226312
FAC20250509097771,FAC20250509097771,Fashion,English,Link,Asia,1529,0,user_221069
FAC20250509097778,FAC20250509097778,Entertainment,Portuguese,Text,Asia,7478,0,user_292974
FAC20250509097780,FAC20250509097780,Technology,Portuguese,Image,North America,3446,0,user_340511
FAC20250509097783,FAC20250509097783,Finance,English,Text,North America,439,0,user_240303
FAC20250509097819,FAC20250509097819,AI/ML,Portuguese,Text,North America,4980,1,user_145503
FAC20250509097850,FAC20250509097850,AI/ML,Japanese,Image,South America,15,0,user_155036
FAC20250509097881,FAC20250509097881,Gaming,French,Video,Europe,339,0,user_264996
FAC20250509097889,FAC20250509097889,Entertainment,English,Video,Europe,38,0,user_448951
FAC20250509097891,FAC20250509097891,Finance,English,Image,North America,2204,0,user_436655
FAC20250509097896,FAC20250509097896,Politics,Spanish,Text,North America,1038,0,user_225001
FAC20250509097921,FAC20250509097921,Business,Japanese,Text,North America,1674,1,user_233298
FAC20250509097938,FAC20250509097938,Finance,Korean,Text,North America,455325,1,user_141239
FAC20250509097950,FAC20250509097950,Health,English,Video,Europe,3079,0,user_186837
FAC20250509097963,FAC20250509097963,Sports,Japanese,Image,Europe,8659,0,user_408529
FAC20250509097976,FAC20250509097976,Health,English,Image,North America,1123,0,user_79611
FAC20250509097980,FAC20250509097980,Finance,Hindi,Video,Europe,663,0,user_220123
FAC20250510098022,FAC20250510098022,Climate,Japanese,Text,Asia,6712,1,user_416867
FAC20250510098030,FAC20250510098030,Business,English,Image,North America,31,0,user_65075
FAC20250510098037,FAC20250510098037,Climate,French,Image,Oceania,5357,0,user_210133
FAC20250510098043,FAC20250510098043,Science,French,Text,Europe,11373,1,user_286883
FAC20250510098047,FAC20250510098047,Gaming,Spanish,Image,North America,5231,1,user_14954
FAC20250510098081,FAC20250510098081,Technology,Portuguese,Text,North America,76,0,user_361128
FAC20250510098089,FAC20250510098089,Technology,Portuguese,Video,Asia,46487,1,user_323727
FAC20250510098098,FAC20250510098098,Food,English,Image,Asia,232,0,user_190097
FAC20250510098107,FAC20250510098107,Health,German,Link,Asia,126971,1,user_326105
FAC20250510098110,FAC20250510098110,Climate,English,Link,North America,2226,0,user_325013
FAC20250510098125,FAC20250510098125,Climate,English,Text,North America,23,0,user_88979
FAC20250510098130,FAC20250510098130,Gaming,German,Video,Europe,5435,0,user_292474
FAC20250510098140,FAC20250510098140,Science,French,Image,Unknown,169706,1,user_259537
FAC20250510098145,FAC20250510098145,Sports,Portuguese,Text,North America,243,1,user_230240
FAC20250510098159,FAC20250510098159,Travel,Portuguese,Poll,North America,117,0,user_487660
FAC20250510098209,FAC20250510098209,Finance,English,Text,Asia,22258,1,user_800
FAC20250510098263,FAC20250510098263,Sports,English,Image,North America,706,1,user_379218
FAC20250510098270,FAC20250510098270,Entertainment,German,Text,North America,766,0,user_242538
FAC20250510098281,FAC20250510098281,Health,Portuguese,Image,North America,300,0,user_5071
FAC20250510098285,FAC20250510098285,Science,English,Text,Asia,413,0,user_154231
FAC20250511098298,FAC20250511098298,Education,English,Image,North America,2025,1,user_213292
FAC20250511098310,FAC20250511098310,Sports,Spanish,Video,South America,3040,0,user_65469
FAC20250511098336,FAC20250511098336,Travel,French,Text,North America,18,0,user_207552
FAC20250511098368,FAC20250511098368,Gaming,Spanish,Image,Europe,1746,0,user_20556
FAC20250511098379,FAC20250511098379,Finance,English,Video,Europe,66,0,user_481601
FAC20250511098410,FAC20250511098410,Education,Spanish,Video,North America,297,0,user_337594
FAC20250511098450,FAC20250511098450,Technology,English,Text,Europe,1300,0,user_357678
FAC20250511098478,FAC20250511098478,Science,German,Text,Asia,3128,0,user_50269
FAC20250511098482,FAC20250511098482,Science,English,Text,Asia,5124,0,user_236718
FAC20250511098485,FAC20250511098485,Sports,Spanish,Text,North America,110,0,user_326754
FAC20250511098512,FAC20250511098512,Travel,Portuguese,Image,North America,962,0,user_70354
FAC20250511098520,FAC20250511098520,AI/ML,Japanese,Video,Oceania,5232,0,user_417269
FAC20250511098563,FAC20250511098563,Travel,English,Image,North America,154,0,user_208738
FAC20250511098572,FAC20250511098572,Fashion,English,Image,North America,1541,0,user_164811
FAC20250511098574,FAC20250511098574,Food,English,Image,South America,9088,1,user_359346
FAC20250511098596,FAC20250511098596,Health,German,Poll,Europe,1488,0,user_371425
FAC20250511098613,FAC20250511098613,AI/ML,Hindi,Image,Asia,2974,1,user_298495
FAC20250512098649,FAC20250512098649,Fashion,Portuguese,Image,Europe,1008,0,user_451628
FAC20250512098655,FAC20250512098655,Fashion,English,Image,Europe,5380,0,user_30824
FAC20250512098699,FAC20250512098699,Food,English,Image,Europe,1969,1,user_281747
FAC20250512098720,FAC20250512098720,Entertainment,Spanish,Text,Europe,246,0,user_109113
FAC20250512098734,FAC20250512098734,Science,English,Image,Europe,9096,0,user_274720
FAC20250512098769,FAC20250512098769,Technology,Portuguese,Text,Asia,748,0,user_148056
FAC20250512098775,FAC20250512098775,Business,Portuguese,Video,North America,13477,1,user_412843
FAC20250512098782,FAC20250512098782,Politics,English,Text,Asia,10267,0,user_171834
FAC20250512098789,FAC20250512098789,Finance,English,Text,Asia,483,0,user_199451
FAC20250512098843,FAC20250512098843,Sports,English,Video,North America,621,0,user_171087
FAC20250512098917,FAC20250512098917,Politics,Spanish,Text,Asia,163,0,user_168263
FAC20250513098941,FAC20250513098941,Technology,English,Image,Asia,4023,0,user_144316
FAC20250513098984,FAC20250513098984,Business,English,Text,North America,2660,1,user_361156
FAC20250513099005,FAC20250513099005,Finance,French,Text,North America,19843,1,user_135766
FAC20250513099007,FAC20250513099007,AI/ML,English,Link,Asia,2639,0,user_444467
FAC20250513099016,FAC20250513099016,Science,Spanish,Image,Europe,33212,1,user_167209
FAC20250513099018,FAC20250513099018,Health,English,Image,Europe,3135,0,user_412023
FAC20250513099025,FAC20250513099025,AI/ML,English,Image,North America,160,0,user_183577
FAC20250513099030,FAC20250513099030,Finance,English,Video,North America,1435,0,user_379479
FAC20250513099076,FAC20250513099076,Business,English,Video,Europe,11761,1,user_119816
FAC20250513099081,FAC20250513099081,Science,English,Image,Asia,39,0,user_439169
FAC20250513099082,FAC20250513099082,Finance,English,Image,Africa,5921,0,user_246717
FAC20250513099091,FAC20250513099091,Gaming,German,Image,Europe,18,0,user_35917
FAC20250513099101,FAC20250513099101,Politics,German,Image,North America,5467,0,user_389617
FAC20250513099123,FAC20250513099123,AI/ML,English,Text,North America,2731,0,user_153569
FAC20250513099130,FAC20250513099130,Technology,English,Text,Asia,510,0,user_149348
FAC20250513099173,FAC20250513099173,Climate,Spanish,Video,Europe,5,0,user_459492
FAC20250513099188,FAC20250513099188,Gaming,English,Link,North America,5032,0,user_132510
FAC20250513099202,FAC20250513099202,Education,Portuguese,Video,Europe,67,0,user_135410
FAC20250513099227,FAC20250513099227,AI/ML,English,Image,North America,52490,1,user_371981
FAC20250513099244,FAC20250513099244,Climate,English,Video,Asia,7581,1,user_37849
FAC20250513099247,FAC20250513099247,Sports,Japanese,Image,Oceania,51094,1,user_421979
FAC20250514099296,FAC20250514099296,Travel,German,Text,Asia,91,0,user_258068
FAC20250514099308,FAC20250514099308,Climate,English,Poll,South America,74,0,user_354083
FAC20250514099344,FAC20250514099344,Travel,Arabic,Text,Europe,3684,0,user_55148
FAC20250514099356,FAC20250514099356,Technology,Spanish,Image,Asia,188,0,user_471579
FAC20250514099396,FAC20250514099396,Travel,English,Text,Europe,143000,1,user_408024
FAC20250514099410,FAC20250514099410,Fashion,Spanish,Image,Europe,6723,0,user_13598
FAC20250514099430,FAC20250514099430,Finance,English,Video,Oceania,4311,0,user_36012
FAC20250514099441,FAC20250514099441,AI/ML,Korean,Image,North America,426,0,user_68342
FAC20250514099473,FAC20250514099473,Climate,English,Text,Europe,28835,1,user_217594
FAC20250514099484,FAC20250514099484,Health,English,Poll,Asia,3042,0,user_440177
FAC20250514099509,FAC20250514099509,Food,English,Text,Oceania,220,0,user_170283
FAC20250515099582,FAC20250515099582,Food,Japanese,Text,South America,4917,1,user_321609
FAC20250515099586,FAC20250515099586,Gaming,Spanish,Text,Europe,8428,0,user_310400
FAC20250515099600,FAC20250515099600,Technology,English,Image,Asia,5213,1,user_271398
FAC20250515099630,FAC20250515099630,Science,Hindi,Text,Europe,1722,0,user_87639
FAC20250515099647,FAC20250515099647,Education,English,Image,North America,1637,0,user_352836
FAC20250515099655,FAC20250515099655,Technology,Spanish,Image,Europe,2389,0,user_230931
FAC20250515099664,FAC20250515099664,Entertainment,English,Text,Unknown,1697,1,user_61316
FAC20250515099672,FAC20250515099672,Politics,English,Text,North America,5557,1,user_225102
FAC20250515099681,FAC20250515099681,AI/ML,French,Text,Asia,1212,0,user_458422
FAC20250515099693,FAC20250515099693,Finance,Spanish,Text,Asia,10534,0,user_133546
FAC20250515099707,FAC20250515099707,Education,English,Text,Europe,1154,1,user_77275
FAC20250515099738,FAC20250515099738,AI/ML,Arabic,Poll,North America,4756,0,user_232983
FAC20250515099754,FAC20250515099754,Fashion,Japanese,Image,North America,311,0,user_265238
FAC20250515099770,FAC20250515099770,Politics,English,Video,North America,244024,1,user_142165
FAC20250515099801,FAC20250515099801,Climate,Hindi,Image,Asia,6735,1,user_130119
FAC20250515099812,FAC20250515099812,Sports,English,Image,Europe,185,0,user_425627
FAC20250515099815,FAC20250515099815,Entertainment,Spanish,Poll,Asia,9362,0,user_270152
FAC20250515099830,FAC20250515099830,Health,English,Link,Europe,321,0,user_36426
FAC20250515099875,FAC20250515099875,Travel,English,Image,Asia,7883,1,user_353388
FAC20250516099921,FAC20250516099921,Travel,English,Video,North America,4150,0,user_177866
FAC20250516099949,FAC20250516099949,Education,Spanish,Image,Asia,5521,1,user_50653
FAC20250516099952,FAC20250516099952,Gaming,French,Video,North America,9577,1,user_189856
FAC20250516099984,FAC20250516099984,Travel,English,Video,Africa,8098,1,user_340988
FAC20250516099989,FAC20250516099989,Science,English,Poll,Asia,85267,1,user_35191
FAC20250516099990,FAC20250516099990,Climate,English,Text,Europe,1090,0,user_364695
FAC20250516100017,FAC20250516100017,Education,English,Link,Europe,8608,0,user_115489
FAC20250516100022,FAC20250516100022,Food,English,Text,Europe,724,0,user_431021
FAC20250516100028,FAC20250516100028,Health,Spanish,Text,North America,10081,0,user_292666
FAC20250516100061,FAC20250516100061,Politics,French,Text,Europe,1349,1,user_371036
FAC20250516100065,FAC20250516100065,Climate,English,Text,North America,18989,0,user_214841
FAC20250516100076,FAC20250516100076,Travel,English,Image,Europe,4319,0,user_121131
FAC20250516100150,FAC20250516100150,Food,Japanese,Text,Asia,120539,1,user_137606
FAC20250516100157,FAC20250516100157,Education,English,Image,Asia,3975,1,user_251450
FAC20250516100164,FAC20250516100164,Science,English,Video,North America,63280,1,user_492476
FAC20250516100186,FAC20250516100186,Politics,English,Image,Europe,19,0,user_242824
FAC20250516100187,FAC20250516100187,Food,English,Text,North America,88,0,user_153376
FAC20250516100199,FAC20250516100199,Education,English,Image,North America,157,0,user_360622
FAC20250516100204,FAC20250516100204,Food,English,Video,North America,10,0,user_67752
FAC20250516100210,FAC20250516100210,Politics,Portuguese,Text,North America,407735,1,user_75991
FAC20250517100225,FAC20250517100225,AI/ML,German,Link,North America,1144,0,user_317676
FAC20250517100228,FAC20250517100228,Food,English,Image,Asia,115,0,user_195824
FAC20250517100230,FAC20250517100230,Politics,French,Video,Asia,6174,0,user_92539
FAC20250517100253,FAC20250517100253,Sports,English,Text,Unknown,127172,1,user_213168
FAC20250517100262,FAC20250517100262,AI/ML,Japanese,Image,North America,12245,0,user_110717
FAC20250517100273,FAC20250517100273,Technology,English,Text,Asia,3281,0,user_294405
FAC20250517100295,FAC20250517100295,AI/ML,French,Image,Europe,347,0,user_26393
FAC20250517100304,FAC20250517100304,Finance,German,Text,Asia,29800,0,user_474210
FAC20250517100307,FAC20250517100307,Science,Arabic,Text,South America,66,0,user_487571
FAC20250517100365,FAC20250517100365,Business,French,Text,North America,510,1,user_404500
FAC20250517100374,FAC20250517100374,Sports,English,Text,Asia,66815,1,user_470472
FAC20250517100376,FAC20250517100376,Sports,Hindi,Link,North America,362,0,user_140344
FAC20250517100380,FAC20250517100380,AI/ML,English,Video,South America,9894,1,user_93366
FAC20250517100387,FAC20250517100387,Sports,English,Text,South America,483,0,user_252807
FAC20250517100394,FAC20250517100394,Education,English,Image,North America,14903,1,user_32103
FAC20250517100462,FAC20250517100462,AI/ML,Spanish,Image,North America,3222,0,user_405715
FAC20250517100465,FAC20250517100465,Business,English,Link,North America,2382,0,user_114122
FAC20250517100467,FAC20250517100467,Politics,English,Image,North America,75,0,user_181904
FAC20250517100519,FAC20250517100519,AI/ML,French,Video,North America,5521,0,user_117432
FAC20250518100552,FAC20250518100552,Sports,Korean,Text,Asia,3151,1,user_14294
FAC20250518100561,FAC20250518100561,Travel,Spanish,Text,Asia,1664,0,user_202041
FAC20250518100569,FAC20250518100569,Sports,English,Text,North America,212,0,user_171538
FAC20250518100571,FAC20250518100571,Travel,English,Image,North America,5270,0,user_415641
FAC20250518100582,FAC20250518100582,Gaming,English,Image,Asia,23001,0,user_231419
FAC20250518100609,FAC20250518100609,Health,English,Image,Asia,6801,0,user_33473
FAC20250518100654,FAC20250518100654,Fashion,Spanish,Image,Europe,3359,0,user_121796
FAC20250518100666,FAC20250518100666,Education,Arabic,Text,Europe,5242,0,user_446821
FAC20250518100667,FAC20250518100667,Sports,English,Image,Europe,503,0,user_17944
FAC20250518100725,FAC20250518100725,Business,German,Text,North America,26987,1,user_213414
FAC20250518100737,FAC20250518100737,Sports,Korean,Poll,Europe,43,0,user_204106
FAC20250518100744,FAC20250518100744,Fashion,English,Poll,Asia,2299,0,user_31263
FAC20250518100792,FAC20250518100792,Entertainment,Spanish,Text,Asia,41,0,user_347171
FAC20250518100793,FAC20250518100793,Travel,Portuguese,Image,Asia,741,0,user_46885
FAC20250518100807,FAC20250518100807,Climate,Arabic,Video,South America,34379,1,user_24953
FAC20250518100810,FAC20250518100810,Travel,German,Text,Europe,11292,1,user_247618
FAC20250519100829,FAC20250519100829,Business,Spanish,Image,Europe,146,0,user_496150
FAC20250519100843,FAC20250519100843,AI/ML,French,Text,North America,32047,1,user_143270
FAC20250519100847,FAC20250519100847,Entertainment,French,Image,Europe,20,0,user_189282
FAC20250519100852,FAC20250519100852,Business,French,Text,North America,19102,1,user_164993
FAC20250519100855,FAC20250519100855,Fashion,Spanish,Text,North America,54606,1,user_422366
FAC20250519100858,FAC20250519100858,Sports,English,Image,Asia,1194,0,user_205007
FAC20250519100865,FAC20250519100865,Science,English,Link,Europe,1506,1,user_324160
FAC20250519100876,FAC20250519100876,Climate,English,Link,Asia,1050,0,user_468446
FAC20250519100915,FAC20250519100915,Entertainment,English,Link,North America,4857,1,user_435124
FAC20250519100961,FAC20250519100961,Health,Spanish,Text,Asia,5756,0,user_364937
FAC20250519101018,FAC20250519101018,Science,English,Text,North America,50,0,user_312990
FAC20250519101041,FAC20250519101041,Finance,English,Video,North America,2168,1,user_360762
FAC20250519101063,FAC20250519101063,Fashion,English,Text,Europe,30,0,user_366330
FAC20250520101117,FAC20250520101117,Business,English,Text,North America,21,0,user_346081
FAC20250520101128,FAC20250520101128,Food,English,Video,North America,28562,1,user_99272
FAC20250520101148,FAC20250520101148,Health,English,Image,North America,1007,0,user_492157
FAC20250520101149,FAC20250520101149,Fashion,Portuguese,Image,North America,2459,0,user_150836
FAC20250520101151,FAC20250520101151,Education,Portuguese,Text,North America,109640,0,user_322408
FAC20250520101164,FAC20250520101164,Politics,German,Image,Africa,2546,1,user_63408
FAC20250520101212,FAC20250520101212,Sports,Portuguese,Image,Europe,206,0,user_362379
FAC20250520101269,FAC20250520101269,Science,English,Image,North America,2558,1,user_412760
FAC20250520101280,FAC20250520101280,Education,English,Video,North America,233,0,user_360583
FAC20250520101307,FAC20250520101307,Politics,Spanish,Image,Europe,6,0,user_309800
FAC20250520101345,FAC20250520101345,Business,German,Image,North America,246,0,user_414713
FAC20250520101401,FAC20250520101401,Entertainment,English,Link,South America,712,1,user_450234
FAC20250521101425,FAC20250521101425,Business,English,Text,Europe,2897,0,user_206645
FAC20250521101428,FAC20250521101428,Travel,English,Text,North America,683,0,user_452210
FAC20250521101429,FAC20250521101429,Politics,Korean,Text,Asia,1984,0,user_429608
FAC20250521101442,FAC20250521101442,Climate,Portuguese,Video,Europe,43595,0,user_198188
FAC20250521101448,FAC20250521101448,Health,Hindi,Image,Europe,1882,1,user_174709
FAC20250521101470,FAC20250521101470,Finance,French,Link,Asia,1731,0,user_456597
FAC20250521101476,FAC20250521101476,Climate,English,Image,Africa,130,0,user_262284
FAC20250521101483,FAC20250521101483,Finance,Spanish,Image,North America,33,0,user_18237
FAC20250521101517,FAC20250521101517,Gaming,English,Image,Europe,46,0,user_437391
FAC20250521101536,FAC20250521101536,Business,English,Image,North America,524,0,user_77607
FAC20250521101569,FAC20250521101569,Entertainment,English,Text,North America,1463,0,user_290641
FAC20250521101585,FAC20250521101585,Travel,Spanish,Text,Europe,5979,0,user_106197
FAC20250521101612,FAC20250521101612,Business,Arabic,Video,North America,925,0,user_210661
FAC20250521101619,FAC20250521101619,Gaming,French,Image,Europe,20649,1,user_99918
FAC20250521101620,FAC20250521101620,Science,English,Video,North America,1351,0,user_214171
FAC20250521101637,FAC20250521101637,Science,Spanish,Video,Asia,63202,1,user_480819
FAC20250521101703,FAC20250521101703,Food,Spanish,Image,Europe,170,0,user_296455
FAC20250522101759,FAC20250522101759,Health,English,Text,North America,2961,1,user_113424
FAC20250522101762,FAC20250522101762,Food,English,Text,North America,87,0,user_322946
FAC20250522101768,FAC20250522101768,Science,English,Text,North America,827,0,user_304763
FAC20250522101777,FAC20250522101777,Sports,Spanish,Text,Asia,374,0,user_449055
FAC20250522101778,FAC20250522101778,Finance,English,Text,Asia,433,0,user_66466
FAC20250522101835,FAC20250522101835,Climate,Portuguese,Video,North America,538,0,user_229269
FAC20250522101852,FAC20250522101852,Sports,English,Poll,North America,1499,1,user_253068
FAC20250522101876,FAC20250522101876,Finance,Spanish,Video,North America,168,0,user_274126
FAC20250522101879,FAC20250522101879,Technology,English,Image,North America,2336,1,user_176753
FAC20250522101885,FAC20250522101885,Travel,Arabic,Link,North America,1233,0,user_282882
FAC20250522101900,FAC20250522101900,Sports,English,Link,North America,73,0,user_452448
FAC20250522101908,FAC20250522101908,Finance,English,Text,North America,3181,0,user_469073
FAC20250522101946,FAC20250522101946,Climate,English,Link,South America,132,0,user_493121
FAC20250522101954,FAC20250522101954,Technology,Korean,Text,Asia,860,0,user_478714
FAC20250522101959,FAC20250522101959,Food,English,Image,North America,5,0,user_63094
FAC20250522101989,FAC20250522101989,Travel,English,Video,Europe,4,0,user_66593
FAC20250522102012,FAC20250522102012,Climate,Hindi,Link,North America,6420,0,user_107580
FAC20250522102020,FAC20250522102020,AI/ML,English,Video,Asia,31155,1,user_490719
FAC20250523102057,FAC20250523102057,Entertainment,German,Text,North America,11085,1,user_89845
FAC20250523102085,FAC20250523102085,Business,French,Image,North America,2102,0,user_111505
FAC20250523102119,FAC20250523102119,Health,Spanish,Link,North America,3250,0,user_323059
FAC20250523102137,FAC20250523102137,AI/ML,English,Image,Europe,550,0,user_477599
FAC20250523102143,FAC20250523102143,Education,Spanish,Text,Asia,90,0,user_153385
FAC20250523102149,FAC20250523102149,Science,English,Text,Asia,64805,1,user_140126
FAC20250523102187,FAC20250523102187,Science,English,Video,Asia,1764,0,user_274318
FAC20250523102201,FAC20250523102201,Fashion,English,Text,North America,172806,0,user_296176
FAC20250523102206,FAC20250523102206,Food,English,Text,North America,4043,0,user_305946
FAC20250523102234,FAC20250523102234,Sports,English,Video,North America,1539,0,user_353991
FAC20250523102243,FAC20250523102243,AI/ML,English,Video,North America,6,0,user_192229
FAC20250523102251,FAC20250523102251,Travel,Portuguese,Image,Asia,8016,1,user_433010
FAC20250523102255,FAC20250523102255,Health,Spanish,Video,North America,3104,0,user_93822
FAC20250523102308,FAC20250523102308,Politics,English,Text,Europe,305,0,user_237902
FAC20250523102323,FAC20250523102323,Travel,Hindi,Text,North America,237,0,user_428694
FAC20250523102331,FAC20250523102331,AI/ML,English,Image,Oceania,4534,0,user_411629
FAC20250523102333,FAC20250523102333,Science,Portuguese,Text,North America,1173,0,user_236002
FAC20250523102348,FAC20250523102348,Sports,English,Video,Europe,1576,0,user_290896
FAC20250523102365,FAC20250523102365,Health,English,Text,North America,13749,1,user_54593
FAC20250523102374,FAC20250523102374,Technology,Chinese,Image,North America,34371,1,user_325810
FAC20250523102376,FAC20250523102376,Technology,English,Text,North America,365,0,user_459509
FAC20250524102390,FAC20250524102390,Fashion,English,Image,North America,136,0,user_191305
FAC20250524102397,FAC20250524102397,Food,Portuguese,Image,North America,1242,0,user_187823
FAC20250524102411,FAC20250524102411,Fashion,Japanese,Text,Asia,2552,1,user_124633
FAC20250524102478,FAC20250524102478,Sports,English,Image,Asia,20050,0,user_100984
FAC20250524102491,FAC20250524102491,Sports,Portuguese,Video,Europe,844,0,user_93989
FAC20250524102553,FAC20250524102553,Gaming,English,Text,Asia,1157,0,user_54020
FAC20250524102571,FAC20250524102571,Travel,German,Video,Europe,242,0,user_179887
FAC20250524102586,FAC20250524102586,Travel,English,Poll,Oceania,3556,1,user_174259
FAC20250524102615,FAC20250524102615,AI/ML,English,Video,Europe,5438,0,user_389831
FAC20250524102645,FAC20250524102645,Entertainment,Spanish,Video,North America,33960,1,user_219475
FAC20250525102717,FAC20250525102717,Fashion,German,Image,Europe,3757,0,user_88740
FAC20250525102740,FAC20250525102740,Entertainment,English,Text,Europe,2143,1,user_256352
FAC20250525102764,FAC20250525102764,Travel,German,Text,Unknown,24722,1,user_384207
FAC20250525102773,FAC20250525102773,Sports,English,Image,North America,6715,0,user_432891
FAC20250525102821,FAC20250525102821,Science,German,Image,Europe,3708,1,user_56036
FAC20250525102837,FAC20250525102837,Food,Spanish,Link,North America,25133,1,user_481982
FAC20250525102840,FAC20250525102840,Business,English,Video,Unknown,1551,0,user_250962
FAC20250525102850,FAC20250525102850,Climate,Portuguese,Text,North America,1344,0,user_100111
FAC20250525102890,FAC20250525102890,AI/ML,Japanese,Text,North America,437,0,user_336422
FAC20250525102926,FAC20250525102926,Travel,English,Image,North America,2217,0,user_234737
FAC20250525102974,FAC20250525102974,Sports,Arabic,Image,Europe,4421,0,user_325739
FAC20250525102976,FAC20250525102976,Politics,English,Image,Asia,18,0,user_200459
FAC20250525102987,FAC20250525102987,Technology,English,Image,North America,72,0,user_346725
FAC20250525102997,FAC20250525102997,Technology,German,Text,North America,2265,0,user_29797
FAC20250526103029,FAC20250526103029,Education,English,Image,North America,1651,0,user_361434
FAC20250526103059,FAC20250526103059,AI/ML,English,Text,Asia,739,0,user_211343
FAC20250526103079,FAC20250526103079,Finance,Korean,Image,Europe,1825,0,user_431110
FAC20250526103086,FAC20250526103086,Education,English,Link,Asia,1270,0,user_420594
FAC20250526103100,FAC20250526103100,Climate,English,Text,Europe,40,0,user_121188
FAC20250526103106,FAC20250526103106,Entertainment,English,Image,North America,1019,0,user_434372
FAC20250526103120,FAC20250526103120,Sports,English,Image,North America,46,0,user_152545
FAC20250526103122,FAC20250526103122,AI/ML,English,Text,North America,3785,0,user_252822
FAC20250526103125,FAC20250526103125,Politics,German,Video,North America,5855,1,user_438966
FAC20250526103128,FAC20250526103128,Fashion,Portuguese,Image,Europe,765,0,user_37685
FAC20250526103133,FAC20250526103133,Health,Spanish,Video,North America,640,0,user_79099
FAC20250526103140,FAC20250526103140,Climate,Spanish,Text,North America,4205,1,user_42461
FAC20250526103143,FAC20250526103143,Technology,English,Image,North America,956,0,user_284856
FAC20250526103181,FAC20250526103181,Health,English,Image,Europe,11,0,user_32486
FAC20250526103201,FAC20250526103201,Technology,Spanish,Image,Europe,13210,1,user_390637
FAC20250526103215,FAC20250526103215,Science,English,Image,North America,100,0,user_426444
FAC20250526103248,FAC20250526103248,Science,English,Image,North America,4438,0,user_79477
FAC20250526103271,FAC20250526103271,AI/ML,Portuguese,Text,South America,2097,0,user_388615
FAC20250526103299,FAC20250526103299,Science,English,Image,Europe,45485,0,user_259334
FAC20250526103314,FAC20250526103314,Politics,Korean,Image,Asia,1148,0,user_291907
FAC20250526103330,FAC20250526103330,Business,Spanish,Text,Europe,28497,1,user_264256
FAC20250526103333,FAC20250526103333,Entertainment,Arabic,Poll,North America,11,0,user_294218
FAC20250526103334,FAC20250526103334,Fashion,English,Text,Europe,218,0,user_123772
FAC20250526103335,FAC20250526103335,Business,French,Image,Unknown,97,0,user_229009
FAC20250526103344,FAC20250526103344,Sports,English,Text,North America,71,0,user_237337
FAC20250526103345,FAC20250526103345,Business,English,Text,Europe,725,0,user_490444
FAC20250527103396,FAC20250527103396,Business,English,Image,North America,50,0,user_258888
FAC20250527103461,FAC20250527103461,Education,English,Video,Asia,611,0,user_291279
FAC20250527103471,FAC20250527103471,Travel,Spanish,Text,Oceania,3780,1,user_437774
FAC20250527103473,FAC20250527103473,Climate,English,Poll,Europe,19793,0,user_123629
FAC20250527103496,FAC20250527103496,Entertainment,English,Image,North America,307,0,user_69571
FAC20250527103522,FAC20250527103522,Education,English,Video,Europe,12,0,user_180183
FAC20250527103526,FAC20250527103526,Politics,Hindi,Link,Asia,1714,0,user_178402
FAC20250527103529,FAC20250527103529,Education,English,Video,North America,905,0,user_109469
FAC20250527103530,FAC20250527103530,Finance,Spanish,Image,Asia,2863,0,user_75084
FAC20250527103544,FAC20250527103544,Politics,English,Image,Europe,45,0,user_438170
FAC20250527103546,FAC20250527103546,Travel,English,Image,Asia,7279,0,user_161499
FAC20250527103552,FAC20250527103552,Education,English,Text,Europe,525,0,user_167986
FAC20250527103575,FAC20250527103575,Business,English,Link,Asia,3698,0,user_144981
FAC20250527103597,FAC20250527103597,Science,English,Link,Asia,1,0,user_282195
FAC20250527103610,FAC20250527103610,Health,English,Image,Asia,5509,1,user_353113
FAC20250527103611,FAC20250527103611,Science,English,Text,Oceania,512,0,user_37926
FAC20250527103630,FAC20250527103630,Climate,English,Image,North America,45,0,user_179356
FAC20250527103642,FAC20250527103642,Gaming,English,Image,North America,272,0,user_449386
FAC20250527103645,FAC20250527103645,Finance,English,Text,Oceania,24,0,user_419806
FAC20250528103674,FAC20250528103674,Business,Spanish,Image,Europe,2622,0,user_337650
FAC20250528103680,FAC20250528103680,Food,English,Text,North America,3068,0,user_337699
FAC20250528103681,FAC20250528103681,Science,English,Text,North America,16842,1,user_240064
FAC20250528103695,FAC20250528103695,Education,Spanish,Poll,North America,40,0,user_346001
FAC20250528103698,FAC20250528103698,Gaming,English,Link,Asia,219,0,user_432734
FAC20250528103700,FAC20250528103700,AI/ML,Korean,Link,Africa,34294,1,user_188059
FAC20250528103719,FAC20250528103719,Politics,English,Image,North America,1991,1,user_104708
FAC20250528103722,FAC20250528103722,Business,English,Image,Europe,549,0,user_2965
FAC20250528103723,FAC20250528103723,Finance,Spanish,Image,North America,36901,1,user_380399
FAC20250528103753,FAC20250528103753,Gaming,English,Text,Europe,78,1,user_411
FAC20250528103754,FAC20250528103754,Food,German,Text,Europe,33416,1,user_132991
FAC20250528103772,FAC20250528103772,Health,Japanese,Text,Oceania,1075,1,user_435743
FAC20250528103796,FAC20250528103796,Entertainment,English,Text,Asia,6165,0,user_197293
FAC20250528103823,FAC20250528103823,AI/ML,Spanish,Image,South America,723,0,user_446324
FAC20250528103831,FAC20250528103831,Climate,Arabic,Text,Asia,1007,0,user_449440
FAC20250528103840,FAC20250528103840,Sports,Hindi,Video,Europe,4621,1,user_498160
FAC20250528103847,FAC20250528103847,Climate,English,Image,North America,45589,1,user_474338
FAC20250528103852,FAC20250528103852,Travel,English,Text,Asia,247,0,user_395121
FAC20250528103864,FAC20250528103864,Entertainment,English,Image,Asia,49,0,user_2147
FAC20250528103872,FAC20250528103872,Climate,Spanish,Poll,Asia,15,0,user_29890
FAC20250528103879,FAC20250528103879,Gaming,English,Link,North America,5192,1,user_75772
FAC20250528103964,FAC20250528103964,Health,English,Text,Africa,17810,1,user_386006
FAC20250529103995,FAC20250529103995,Food,Portuguese,Image,Asia,2536,1,user_247990
FAC20250529103997,FAC20250529103997,Health,Spanish,Text,Europe,10919,1,user_329162
FAC20250529104017,FAC20250529104017,AI/ML,Portuguese,Link,Oceania,73,1,user_156230
FAC20250529104046,FAC20250529104046,Sports,Korean,Video,Asia,2004,1,user_119784
FAC20250529104059,FAC20250529104059,Fashion,English,Video,South America,13371,1,user_7573
FAC20250529104070,FAC20250529104070,Food,Spanish,Image,North America,220,0,user_335013
FAC20250529104089,FAC20250529104089,Entertainment,English,Image,North America,447,0,user_285048
FAC20250529104118,FAC20250529104118,Finance,Portuguese,Text,North America,152,0,user_90394
FAC20250529104124,FAC20250529104124,Food,English,Image,Asia,69,0,user_161779
FAC20250529104138,FAC20250529104138,Education,English,Image,Europe,11,0,user_477932
FAC20250529104139,FAC20250529104139,Travel,Korean,Video,Europe,5511,0,user_45837
FAC20250529104144,FAC20250529104144,Health,English,Link,North America,8445,0,user_97794
FAC20250529104157,FAC20250529104157,Entertainment,Spanish,Text,North America,1454,1,user_61522
FAC20250529104194,FAC20250529104194,Sports,Spanish,Image,Europe,924,0,user_248829
FAC20250529104207,FAC20250529104207,Health,English,Image,Asia,1516,0,user_29635
FAC20250529104242,FAC20250529104242,Politics,Spanish,Image,Europe,1423,1,user_355237
FAC20250529104246,FAC20250529104246,Education,English,Text,North America,255,0,user_346996
FAC20250529104248,FAC20250529104248,Health,Chinese,Text,North America,1254,0,user_354646
FAC20250529104304,FAC20250529104304,Finance,English,Text,South America,1068,1,user_201269
FAC20250529104308,FAC20250529104308,Business,English,Image,Africa,4217,0,user_489498
FAC20250530104368,FAC20250530104368,Gaming,English,Video,North America,753,0,user_70735
FAC20250530104371,FAC20250530104371,Food,German,Video,Asia,160,0,user_200176
FAC20250530104385,FAC20250530104385,AI/ML,Portuguese,Image,Europe,405,0,user_477956
FAC20250530104408,FAC20250530104408,Politics,Spanish,Video,Europe,8395,1,user_455823
FAC20250530104409,FAC20250530104409,Sports,English,Image,North America,13,0,user_294758
FAC20250530104467,FAC20250530104467,Politics,Korean,Text,North America,35127,1,user_20550
FAC20250530104476,FAC20250530104476,Fashion,English,Image,North America,631,0,user_91816
FAC20250530104481,FAC20250530104481,Entertainment,Spanish,Image,South America,750,0,user_63390
FAC20250530104489,FAC20250530104489,Entertainment,Spanish,Text,Asia,51708,0,user_30184
FAC20250530104502,FAC20250530104502,Science,English,Link,Europe,4623,1,user_96581
FAC20250530104517,FAC20250530104517,Technology,English,Video,North America,3002,1,user_227386
FAC20250530104531,FAC20250530104531,Technology,English,Video,Asia,254,0,user_360438
FAC20250530104635,FAC20250530104635,Science,Chinese,Text,Asia,4530,1,user_405887
FAC20250530104646,FAC20250530104646,Sports,German,Link,Asia,105,0,user_256068
FAC20250530104655,FAC20250530104655,Fashion,English,Image,Africa,3471,0,user_109328
FAC20250531104659,FAC20250531104659,Health,English,Video,Unknown,59,0,user_115140
FAC20250531104661,FAC20250531104661,AI/ML,English,Image,North America,1757,0,user_406194
FAC20250531104694,FAC20250531104694,Finance,English,Link,Asia,660,0,user_190954
FAC20250531104700,FAC20250531104700,Science,Spanish,Link,North America,2435,0,user_13291
FAC20250531104706,FAC20250531104706,Politics,English,Video,North America,73,0,user_214411
FAC20250531104713,FAC20250531104713,Food,Spanish,Image,North America,5847,1,user_342689
FAC20250531104773,FAC20250531104773,Science,Portuguese,Text,North America,32516,0,user_69308
FAC20250531104847,FAC20250531104847,AI/ML,English,Text,Europe,236,0,user_378711
FAC20250531104853,FAC20250531104853,Entertainment,Arabic,Video,Oceania,12962,1,user_171477
FAC20250531104869,FAC20250531104869,Technology,Spanish,Link,Asia,16329,1,user_1091
FAC20250531104877,FAC20250531104877,Education,English,Video,North America,655,0,user_227735
FAC20250531104880,FAC20250531104880,Fashion,French,Image,Africa,4602,0,user_23433
FAC20250531104888,FAC20250531104888,Entertainment,Japanese,Video,North America,680,0,user_129194
FAC20250531104899,FAC20250531104899,AI/ML,Portuguese,Text,Asia,8817,1,user_487953
FAC20250531104909,FAC20250531104909,Gaming,English,Image,Europe,749,0,user_445167
FAC20250531104913,FAC20250531104913,Health,English,Video,Asia,240,0,user_134763
FAC20250531104919,FAC20250531104919,Finance,English,Image,Europe,12,0,user_413140
FAC20250531104923,FAC20250531104923,Finance,English,Text,Europe,297,0,user_21977
FAC20250531104955,FAC20250531104955,Technology,French,Image,Europe,656,0,user_80603
FAC20250601104963,FAC20250601104963,Science,English,Link,South America,3545,0,user_349320
FAC20250601104981,FAC20250601104981,Technology,English,Image,Asia,4690,1,user_98667
FAC20250601104987,FAC20250601104987,Business,English,Video,Asia,251,0,user_88948
FAC20250601104989,FAC20250601104989,Finance,Japanese,Text,Europe,8694,0,user_404693
FAC20250601105103,FAC20250601105103,Health,Arabic,Text,North America,53,0,user_25488
FAC20250601105164,FAC20250601105164,Travel,French,Text,Asia,714,0,user_475665
FAC20250601105172,FAC20250601105172,Climate,English,Link,North America,262,0,user_56714
FAC20250601105192,FAC20250601105192,Science,English,Image,Asia,106781,1,user_260585
FAC20250601105202,FAC20250601105202,Science,Chinese,Video,Unknown,18,0,user_2335
FAC20250601105240,FAC20250601105240,Politics,Spanish,Image,North America,29703,1,user_373756
FAC20250601105249,FAC20250601105249,Climate,Spanish,Link,Europe,4181,0,user_184656
FAC20250601105275,FAC20250601105275,Finance,English,Link,Asia,48378,0,user_355990
FAC20250601105286,FAC20250601105286,Sports,Spanish,Video,North America,601,0,user_413941
FAC20250601105297,FAC20250601105297,Education,English,Image,Europe,1749,0,user_361390
FAC20250602105335,FAC20250602105335,Fashion,English,Text,Asia,388,0,user_462483
FAC20250602105338,FAC20250602105338,Education,French,Text,Asia,1194,0,user_419455
FAC20250602105343,FAC20250602105343,Education,English,Poll,North America,330,0,user_78322
FAC20250602105353,FAC20250602105353,Science,German,Link,North America,53,0,user_375927
FAC20250602105357,FAC20250602105357,Food,Chinese,Image,Asia,5593,0,user_19364
FAC20250602105367,FAC20250602105367,Business,English,Video,North America,3073,0,user_329582
FAC20250602105415,FAC20250602105415,Climate,English,Image,Asia,346,0,user_474217
FAC20250602105436,FAC20250602105436,Food,Portuguese,Image,North America,10036,1,user_131926
FAC20250602105438,FAC20250602105438,Politics,English,Link,North America,476,0,user_274369
FAC20250602105470,FAC20250602105470,Technology,Japanese,Video,Asia,1050,0,user_128783
FAC20250602105477,FAC20250602105477,Climate,English,Image,Asia,7,0,user_53637
FAC20250602105535,FAC20250602105535,Fashion,English,Text,Asia,4064,0,user_384789
FAC20250602105600,FAC20250602105600,Entertainment,German,Video,Unknown,112,0,user_247378
FAC20250602105629,FAC20250602105629,Politics,English,Link,North America,825,0,user_363043
FAC20250603105644,FAC20250603105644,Business,English,Text,South America,767,0,user_483956
FAC20250603105659,FAC20250603105659,Entertainment,Portuguese,Image,North America,4782,0,user_477834
FAC20250603105662,FAC20250603105662,Business,English,Video,Africa,8,0,user_293424
FAC20250603105664,FAC20250603105664,Business,Hindi,Text,Asia,93,0,user_498061
FAC20250603105666,FAC20250603105666,Climate,French,Poll,South America,9566,0,user_10456
FAC20250603105707,FAC20250603105707,Travel,Spanish,Video,Africa,109,0,user_338312
FAC20250603105711,FAC20250603105711,Politics,English,Text,North America,1613,1,user_456952
FAC20250603105713,FAC20250603105713,Health,Japanese,Image,Asia,335,0,user_425116
FAC20250603105735,FAC20250603105735,Technology,English,Video,Europe,2,0,user_243202
FAC20250603105741,FAC20250603105741,AI/ML,English,Video,Europe,5464,0,user_251256
FAC20250603105795,FAC20250603105795,Entertainment,Spanish,Image,Europe,298,0,user_151065
FAC20250603105816,FAC20250603105816,Health,English,Image,Europe,209,0,user_233515
FAC20250603105848,FAC20250603105848,Technology,English,Text,North America,669,0,user_319714
FAC20250603105874,FAC20250603105874,Entertainment,English,Video,North America,115,0,user_128751
FAC20250603105926,FAC20250603105926,Business,Spanish,Image,Unknown,1511,0,user_457088
FAC20250603105957,FAC20250603105957,Technology,French,Link,Asia,19,0,user_217325
FAC20250603105962,FAC20250603105962,Science,English,Link,Asia,19755,1,user_360670
FAC20250603105967,FAC20250603105967,Travel,English,Link,Unknown,954,0,user_196172
FAC20250603105968,FAC20250603105968,Travel,Spanish,Video,Oceania,195,0,user_215478
FAC20250604105988,FAC20250604105988,Technology,English,Text,Unknown,58,0,user_138874
FAC20250604105997,FAC20250604105997,Education,Arabic,Text,Europe,327,0,user_81800
FAC20250604106022,FAC20250604106022,Climate,English,Text,Unknown,899,0,user_391648
FAC20250604106068,FAC20250604106068,Entertainment,Japanese,Image,Africa,80,0,user_44674
FAC20250604106110,FAC20250604106110,AI/ML,English,Text,Europe,1413,0,user_109755
FAC20250604106130,FAC20250604106130,Education,Korean,Text,Asia,35045,1,user_55181
FAC20250604106178,FAC20250604106178,Finance,English,Image,North America,724,0,user_246488
FAC20250604106184,FAC20250604106184,Health,Portuguese,Text,Unknown,585,0,user_455037
FAC20250604106190,FAC20250604106190,Entertainment,French,Video,Europe,807,0,user_487638
FAC20250604106197,FAC20250604106197,AI/ML,English,Video,Asia,527,0,user_279051
FAC20250604106217,FAC20250604106217,AI/ML,German,Video,North America,30634,1,user_278048
FAC20250604106236,FAC20250604106236,Finance,French,Image,South America,456,0,user_220557
FAC20250604106242,FAC20250604106242,Entertainment,Portuguese,Text,North America,774,0,user_235916
FAC20250604106247,FAC20250604106247,Science,English,Link,North America,70,0,user_462678
FAC20250604106254,FAC20250604106254,Travel,English,Text,Europe,126,0,user_268053
FAC20250604106266,FAC20250604106266,Science,English,Image,North America,3010,1,user_220293
FAC20250605106291,FAC20250605106291,Entertainment,English,Video,Europe,531209,1,user_189454
FAC20250605106310,FAC20250605106310,Politics,English,Text,Asia,5733,0,user_258189
FAC20250605106314,FAC20250605106314,Gaming,English,Image,Europe,13220,1,user_222808
FAC20250605106330,FAC20250605106330,Health,English,Image,North America,221,0,user_34799
FAC20250605106361,FAC20250605106361,Health,English,Text,Africa,584,0,user_460086
FAC20250605106368,FAC20250605106368,Health,Spanish,Image,Europe,537,0,user_393199
FAC20250605106420,FAC20250605106420,Finance,Spanish,Video,Asia,1072,0,user_33311
FAC20250605106434,FAC20250605106434,Climate,Spanish,Image,Europe,1608,0,user_179282
FAC20250605106444,FAC20250605106444,Climate,English,Text,Europe,561,0,user_244262
FAC20250605106450,FAC20250605106450,AI/ML,English,Link,North America,3,0,user_390162
FAC20250605106521,FAC20250605106521,AI/ML,English,Image,Europe,1310,0,user_493766
FAC20250605106549,FAC20250605106549,Science,English,Image,Asia,37975,1,user_249512
FAC20250606106598,FAC20250606106598,Travel,Portuguese,Text,Asia,3426,0,user_461388
FAC20250606106599,FAC20250606106599,AI/ML,French,Image,Asia,138,0,user_250425
FAC20250606106613,FAC20250606106613,Travel,Japanese,Poll,Asia,126,0,user_131510
FAC20250606106623,FAC20250606106623,Finance,English,Image,North America,4340,0,user_244215
FAC20250606106630,FAC20250606106630,Finance,Spanish,Text,Unknown,891,0,user_462965
FAC20250606106661,FAC20250606106661,Technology,Portuguese,Link,Asia,1298,0,user_222222
FAC20250606106704,FAC20250606106704,Health,English,Link,North America,137918,1,user_191359
FAC20250606106708,FAC20250606106708,Science,English,Video,Asia,1872,0,user_163097
FAC20250606106710,FAC20250606106710,Entertainment,Portuguese,Image,North America,109,0,user_92219
FAC20250606106719,FAC20250606106719,Gaming,English,Text,Asia,21573,1,user_267989
FAC20250606106730,FAC20250606106730,Entertainment,English,Image,Europe,2773,0,user_432049
FAC20250606106731,FAC20250606106731,Business,Portuguese,Link,Unknown,42,0,user_99362
FAC20250606106752,FAC20250606106752,Travel,Hindi,Text,Asia,457,0,user_453966
FAC20250606106765,FAC20250606106765,Travel,Spanish,Video,North America,12351,0,user_297611
FAC20250606106767,FAC20250606106767,Sports,English,Link,North America,64,0,user_241908
FAC20250606106781,FAC20250606106781,Health,English,Poll,Asia,2173,0,user_423950
FAC20250606106799,FAC20250606106799,Entertainment,Spanish,Text,Africa,6462,0,user_319390
FAC20250606106807,FAC20250606106807,Entertainment,French,Image,Europe,5022,1,user_414811
FAC20250606106814,FAC20250606106814,Entertainment,German,Video,Asia,2604,0,user_335683
FAC20250606106826,FAC20250606106826,Travel,English,Text,North America,337,0,user_42198
FAC20250606106840,FAC20250606106840,Business,English,Image,North America,7973,0,user_260900
FAC20250606106860,FAC20250606106860,Politics,English,Image,Oceania,3257,0,user_365986
FAC20250606106887,FAC20250606106887,Climate,Portuguese,Video,Oceania,1598,0,user_1452
FAC20250606106895,FAC20250606106895,Food,English,Text,North America,276,0,user_120126
FAC20250607106916,FAC20250607106916,Entertainment,Portuguese,Text,North America,56,0,user_112764
FAC20250607106927,FAC20250607106927,Science,English,Image,Asia,1525,0,user_307263
FAC20250607106978,FAC20250607106978,Education,English,Link,North America,3934,0,user_350467
FAC20250607106980,FAC20250607106980,Technology,Japanese,Text,North America,136,0,user_130726
FAC20250607107029,FAC20250607107029,Fashion,English,Image,Europe,160,0,user_252449
FAC20250607107045,FAC20250607107045,Finance,English,Text,North America,93552,1,user_397031
FAC20250607107054,FAC20250607107054,Entertainment,English,Poll,North America,4272,1,user_152248
FAC20250607107072,FAC20250607107072,Gaming,Korean,Image,Asia,5154,1,user_449832
FAC20250607107116,FAC20250607107116,Gaming,German,Image,Europe,12293,0,user_254087
FAC20250607107120,FAC20250607107120,Science,English,Text,Asia,5212,0,user_164014
FAC20250607107139,FAC20250607107139,Travel,Portuguese,Image,North America,820,0,user_293616
FAC20250607107165,FAC20250607107165,Climate,French,Video,Europe,10503,1,user_42804
FAC20250607107189,FAC20250607107189,Gaming,Hindi,Image,Asia,102,0,user_372941
FAC20250607107202,FAC20250607107202,Entertainment,English,Image,South America,1594,0,user_17218
FAC20250608107260,FAC20250608107260,Education,French,Poll,South America,3437,0,user_409579
FAC20250608107273,FAC20250608107273,Health,English,Text,North America,117884,1,user_350973
FAC20250608107277,FAC20250608107277,Sports,Portuguese,Video,Europe,4965,1,user_371561
FAC20250608107280,FAC20250608107280,Entertainment,Portuguese,Image,North America,454,0,user_121522
FAC20250608107303,FAC20250608107303,Health,English,Image,Europe,18,0,user_216567
FAC20250608107313,FAC20250608107313,Fashion,English,Text,North America,26,0,user_244487
FAC20250608107340,FAC20250608107340,Health,Spanish,Image,North America,282,0,user_357260
FAC20250608107355,FAC20250608107355,Education,English,Text,Europe,429,0,user_326737
FAC20250608107415,FAC20250608107415,Education,English,Image,North America,191,0,user_200922
FAC20250608107424,FAC20250608107424,Climate,English,Image,Asia,221,0,user_126960
FAC20250608107455,FAC20250608107455,Climate,French,Video,North America,10031,0,user_32359
FAC20250608107460,FAC20250608107460,Fashion,English,Image,North America,26,0,user_465019
FAC20250608107482,FAC20250608107482,Fashion,English,Video,Europe,11741,0,user_488866
FAC20250608107486,FAC20250608107486,Business,English,Poll,North America,71,0,user_398328
FAC20250608107503,FAC20250608107503,Fashion,English,Link,Europe,459,0,user_59423
FAC20250608107523,FAC20250608107523,Climate,English,Text,Europe,1071,0,user_444897
FAC20250608107538,FAC20250608107538,Gaming,English,Image,Europe,746,0,user_311742
FAC20250609107564,FAC20250609107564,Sports,Chinese,Image,South America,249,0,user_8011
FAC20250609107579,FAC20250609107579,Education,English,Video,North America,1314,0,user_201244
FAC20250609107614,FAC20250609107614,Business,French,Text,North America,409,0,user_23018
FAC20250609107615,FAC20250609107615,Fashion,Japanese,Image,North America,8809,1,user_148750
FAC20250609107662,FAC20250609107662,Food,Hindi,Image,Europe,10,0,user_130014
FAC20250609107704,FAC20250609107704,Climate,Japanese,Image,Asia,1771,1,user_139824
FAC20250609107705,FAC20250609107705,Education,English,Text,Oceania,1571,0,user_314116
FAC20250609107736,FAC20250609107736,Fashion,English,Text,North America,2107,0,user_192478
FAC20250609107780,FAC20250609107780,Technology,English,Text,North America,1662,0,user_388010
FAC20250609107786,FAC20250609107786,Health,English,Link,Asia,230,0,user_166394
FAC20250609107797,FAC20250609107797,Finance,English,Link,Oceania,136,0,user_299090
FAC20250610107905,FAC20250610107905,Food,English,Text,North America,330,0,user_205880
FAC20250610107932,FAC20250610107932,Food,English,Video,Asia,26,0,user_54194
FAC20250610107941,FAC20250610107941,Entertainment,Spanish,Poll,Europe,5060,0,user_150377
FAC20250610107946,FAC20250610107946,Gaming,French,Video,North America,36,0,user_36804
FAC20250610107948,FAC20250610107948,Business,English,Image,Europe,18881,1,user_466776
FAC20250610107952,FAC20250610107952,Technology,English,Text,Europe,2763,1,user_307675
FAC20250610108037,FAC20250610108037,AI/ML,Arabic,Text,Europe,155408,1,user_394534
FAC20250610108043,FAC20250610108043,Travel,French,Image,Asia,15299,1,user_109545
FAC20250610108069,FAC20250610108069,Gaming,Korean,Image,Asia,3179,0,user_417883
FAC20250610108083,FAC20250610108083,Finance,English,Image,North America,4287,0,user_90420
FAC20250610108084,FAC20250610108084,Fashion,English,Poll,Europe,246,0,user_154344
FAC20250610108093,FAC20250610108093,AI/ML,English,Link,North America,10956,0,user_391311
FAC20250610108112,FAC20250610108112,Fashion,English,Image,Asia,1300,1,user_218034
FAC20250610108118,FAC20250610108118,Gaming,French,Link,North America,358,0,user_220250
FAC20250610108122,FAC20250610108122,Sports,English,Image,Asia,24,0,user_236533
FAC20250610108146,FAC20250610108146,Business,English,Text,North America,298,0,user_392480
FAC20250610108158,FAC20250610108158,Technology,English,Text,Europe,740,0,user_283720
FAC20250610108160,FAC20250610108160,Climate,German,Image,North America,1177,0,user_278760
FAC20250610108174,FAC20250610108174,Gaming,English,Text,South America,221,0,user_311845
FAC20250610108177,FAC20250610108177,Health,English,Image,Europe,44,0,user_352833
FAC20250610108184,FAC20250610108184,Sports,English,Text,Asia,7559,1,user_100874
FAC20250610108197,FAC20250610108197,Climate,Chinese,Video,Europe,10871,1,user_357603
FAC20250610108207,FAC20250610108207,AI/ML,Portuguese,Poll,Asia,447,0,user_137692
FAC20250611108240,FAC20250611108240,Fashion,Portuguese,Text,Africa,914,0,user_251024
FAC20250611108248,FAC20250611108248,Science,English,Video,North America,2208,0,user_471965
FAC20250611108270,FAC20250611108270,Business,English,Image,North America,2300,1,user_378611
FAC20250611108298,FAC20250611108298,AI/ML,French,Text,Oceania,948,0,user_177916
FAC20250611108335,FAC20250611108335,Education,Arabic,Image,Africa,138,0,user_324085
FAC20250611108344,FAC20250611108344,Sports,English,Text,North America,398,0,user_57183
FAC20250611108373,FAC20250611108373,Health,English,Text,North America,18286,0,user_128928
FAC20250611108457,FAC20250611108457,Food,English,Poll,North America,252,0,user_125064
FAC20250611108484,FAC20250611108484,Finance,English,Text,North America,519,0,user_170229
FAC20250611108485,FAC20250611108485,Technology,Spanish,Image,North America,81,0,user_292280
FAC20250611108486,FAC20250611108486,Travel,Arabic,Link,Europe,133,0,user_453694
FAC20250611108520,FAC20250611108520,AI/ML,French,Video,Europe,14151,0,user_50380
FAC20250611108536,FAC20250611108536,Sports,English,Video,North America,15,0,user_247500
FAC20250612108544,FAC20250612108544,Science,English,Image,North America,310,0,user_388918
FAC20250612108586,FAC20250612108586,Travel,English,Video,Europe,577,0,user_413400
FAC20250612108602,FAC20250612108602,Science,Spanish,Text,North America,1451,0,user_205158
FAC20250612108609,FAC20250612108609,Travel,English,Text,Oceania,1838,1,user_35355
FAC20250612108613,FAC20250612108613,Food,Portuguese,Video,Europe,116,0,user_151171
FAC20250612108620,FAC20250612108620,Entertainment,English,Link,North America,5424,0,user_288170
FAC20250612108640,FAC20250612108640,Climate,Spanish,Video,Europe,105695,1,user_108411
FAC20250612108649,FAC20250612108649,Politics,English,Link,North America,116,0,user_511
FAC20250612108673,FAC20250612108673,Climate,English,Image,North America,132,0,user_204143
FAC20250612108686,FAC20250612108686,Health,Arabic,Poll,South America,17280,1,user_75525
FAC20250612108722,FAC20250612108722,Science,English,Link,Europe,95070,1,user_384227
FAC20250612108734,FAC20250612108734,Fashion,English,Image,Asia,13023,1,user_73164
FAC20250612108758,FAC20250612108758,Gaming,English,Text,North America,19231,0,user_66279
FAC20250612108765,FAC20250612108765,Entertainment,English,Image,North America,17899,1,user_59708
FAC20250612108769,FAC20250612108769,Education,English,Video,North America,2689,0,user_252731
FAC20250612108788,FAC20250612108788,Sports,English,Text,North America,6139,1,user_365603
FAC20250612108814,FAC20250612108814,Sports,Korean,Video,Asia,644,0,user_494919
FAC20250612108838,FAC20250612108838,Education,Portuguese,Poll,Asia,774,0,user_324703
FAC20250612108850,FAC20250612108850,Health,Japanese,Video,South America,1463,0,user_93211
FAC20250612108860,FAC20250612108860,Business,English,Link,North America,20273,1,user_156181
FAC20250613108887,FAC20250613108887,AI/ML,Spanish,Text,North America,745,0,user_405557
FAC20250613108904,FAC20250613108904,Climate,English,Text,North America,3828,0,user_131724
FAC20250613108935,FAC20250613108935,Travel,Spanish,Image,Asia,595,0,user_260330
FAC20250613108963,FAC20250613108963,Politics,English,Link,Oceania,13745,1,user_243987
FAC20250613108968,FAC20250613108968,Education,Spanish,Image,Asia,6841,1,user_411481
FAC20250613108974,FAC20250613108974,Finance,Chinese,Image,North America,1228,0,user_122255
FAC20250613108993,FAC20250613108993,Climate,English,Text,Asia,1132,0,user_116096
FAC20250613108994,FAC20250613108994,Gaming,Spanish,Image,North America,423138,1,user_478236
FAC20250613109010,FAC20250613109010,Finance,Korean,Text,Africa,340,0,user_233342
FAC20250613109089,FAC20250613109089,Finance,Portuguese,Video,North America,454,0,user_228692
FAC20250613109105,FAC20250613109105,Travel,Korean,Video,Asia,274,0,user_438015
FAC20250613109110,FAC20250613109110,Sports,English,Image,North America,935,1,user_119287
FAC20250613109114,FAC20250613109114,Climate,Japanese,Image,Europe,10396,0,user_195851
FAC20250613109126,FAC20250613109126,Business,English,Video,North America,17537,1,user_99587
FAC20250613109177,FAC20250613109177,Sports,English,Image,Asia,148650,1,user_405840
FAC20250614109222,FAC20250614109222,Climate,Hindi,Image,North America,9319,1,user_310367
FAC20250614109232,FAC20250614109232,Science,English,Link,North America,93,0,user_64205
FAC20250614109240,FAC20250614109240,Politics,English,Link,South America,660,0,user_113162
FAC20250614109253,FAC20250614109253,AI/ML,English,Video,Oceania,7462,0,user_125508
FAC20250614109342,FAC20250614109342,Education,English,Image,Europe,1470,0,user_65441
FAC20250614109344,FAC20250614109344,Climate,English,Image,North America,9196,0,user_394125
FAC20250614109375,FAC20250614109375,Finance,English,Text,North America,292,0,user_258459
FAC20250614109384,FAC20250614109384,Education,English,Image,North America,237,0,user_431028
FAC20250614109400,FAC20250614109400,Politics,English,Video,Oceania,80,0,user_427047
FAC20250614109401,FAC20250614109401,Education,English,Video,Africa,3922,0,user_394887
FAC20250614109424,FAC20250614109424,AI/ML,Hindi,Poll,Europe,143,0,user_358780
FAC20250614109456,FAC20250614109456,AI/ML,French,Text,North America,144,0,user_368989
FAC20250614109459,FAC20250614109459,Business,English,Image,Asia,54,0,user_48689
FAC20250614109462,FAC20250614109462,AI/ML,Portuguese,Text,Asia,465,0,user_231501
FAC20250614109495,FAC20250614109495,Travel,English,Image,Asia,399,0,user_158378
FAC20250614109499,FAC20250614109499,Climate,Korean,Video,Asia,8423,0,user_178067
FAC20250614109500,FAC20250614109500,Fashion,English,Image,Europe,48,0,user_36036
FAC20250614109507,FAC20250614109507,Climate,German,Text,Africa,37573,1,user_354397
FAC20250614109508,FAC20250614109508,Finance,English,Text,Asia,34,0,user_385111
FAC20250615109529,FAC20250615109529,Sports,Japanese,Link,North America,66313,1,user_223190
FAC20250615109538,FAC20250615109538,Climate,Arabic,Image,Europe,5560,1,user_329442
FAC20250615109539,FAC20250615109539,Technology,English,Text,Africa,4189,0,user_46145
FAC20250615109562,FAC20250615109562,Gaming,French,Text,Asia,8391,0,user_245583
FAC20250615109637,FAC20250615109637,AI/ML,English,Video,Asia,811,0,user_373607
FAC20250615109638,FAC20250615109638,Business,English,Image,Africa,149595,1,user_319292
FAC20250615109639,FAC20250615109639,Finance,English,Image,Europe,4692,1,user_324829
FAC20250615109655,FAC20250615109655,Education,Korean,Link,Asia,132,0,user_293088
FAC20250615109686,FAC20250615109686,Sports,English,Image,South America,650,0,user_307753
FAC20250615109689,FAC20250615109689,Science,English,Image,North America,25814,1,user_105650
FAC20250615109747,FAC20250615109747,Education,English,Video,North America,1301,0,user_354673
FAC20250615109775,FAC20250615109775,Health,English,Video,North America,1236,0,user_381576
FAC20250615109788,FAC20250615109788,Entertainment,English,Link,Europe,4452,0,user_297648
FAC20250615109798,FAC20250615109798,Gaming,Hindi,Video,South America,702,1,user_102015
FAC20250616109861,FAC20250616109861,Entertainment,English,Text,Asia,327,0,user_233888
FAC20250616109902,FAC20250616109902,Health,English,Image,Europe,1353,0,user_383503
FAC20250616109905,FAC20250616109905,Science,Portuguese,Video,North America,553,0,user_498053
FAC20250616109936,FAC20250616109936,Climate,English,Image,North America,190,0,user_425889
FAC20250616109938,FAC20250616109938,Climate,English,Video,North America,126,0,user_383630
FAC20250616109948,FAC20250616109948,Food,Spanish,Image,Europe,2858,0,user_103257
FAC20250616109966,FAC20250616109966,Food,English,Image,North America,11560,0,user_155509
FAC20250616110053,FAC20250616110053,Gaming,English,Image,North America,6276,1,user_248335
FAC20250616110074,FAC20250616110074,Technology,French,Text,North America,320,0,user_428174
FAC20250616110087,FAC20250616110087,Climate,English,Image,North America,46,0,user_403359
FAC20250616110102,FAC20250616110102,Politics,Japanese,Text,North America,56275,0,user_18247
FAC20250616110137,FAC20250616110137,Education,Korean,Link,Unknown,358,1,user_217426
FAC20250616110144,FAC20250616110144,Climate,German,Text,North America,2015,0,user_20111
FAC20250616110152,FAC20250616110152,Health,English,Text,Europe,10098,1,user_461092
FAC20250617110165,FAC20250617110165,Finance,English,Video,Europe,18706,1,user_386113
FAC20250617110186,FAC20250617110186,Education,English,Image,Europe,1091,0,user_47445
FAC20250617110198,FAC20250617110198,Sports,English,Video,Europe,5653,0,user_471748
FAC20250617110206,FAC20250617110206,Food,Portuguese,Image,Asia,32646,1,user_53588
FAC20250617110209,FAC20250617110209,Fashion,Arabic,Image,North America,4,0,user_296728
FAC20250617110212,FAC20250617110212,Entertainment,Portuguese,Text,Europe,968,0,user_141475
FAC20250617110218,FAC20250617110218,Food,English,Image,North America,891,0,user_377235
FAC20250617110266,FAC20250617110266,Technology,Spanish,Image,North America,3934,0,user_205671
FAC20250617110281,FAC20250617110281,Entertainment,German,Video,Europe,593,0,user_386994
FAC20250617110313,FAC20250617110313,Finance,Spanish,Poll,South America,1700,0,user_302420
FAC20250617110324,FAC20250617110324,Travel,Portuguese,Link,Asia,293,0,user_72308
FAC20250617110337,FAC20250617110337,Entertainment,French,Text,North America,6,0,user_475888
FAC20250617110353,FAC20250617110353,Travel,Arabic,Link,Unknown,408,0,user_399291
FAC20250617110367,FAC20250617110367,Gaming,English,Image,North America,250,0,user_221201
FAC20250617110372,FAC20250617110372,Finance,English,Image,North America,4666,0,user_391899
FAC20250617110381,FAC20250617110381,Finance,English,Text,North America,1230,0,user_86073
FAC20250617110396,FAC20250617110396,Education,Spanish,Text,Asia,2836,0,user_150915
FAC20250617110419,FAC20250617110419,Entertainment,German,Poll,Asia,6241,0,user_191617
FAC20250617110445,FAC20250617110445,Sports,English,Text,Europe,310,0,user_89081
FAC20250617110460,FAC20250617110460,Food,English,Text,Unknown,674,0,user_296047
FAC20250617110484,FAC20250617110484,Finance,Spanish,Video,North America,1318,0,user_16605
FAC20250618110499,FAC20250618110499,Climate,English,Link,North America,7128,0,user_173672
FAC20250618110514,FAC20250618110514,Gaming,French,Image,North America,1267,1,user_156216
FAC20250618110532,FAC20250618110532,AI/ML,Spanish,Text,South America,1245,0,user_128134
FAC20250618110540,FAC20250618110540,Climate,Portuguese,Video,North America,3515,0,user_114140
FAC20250618110567,FAC20250618110567,Sports,Japanese,Text,Oceania,499,0,user_110094
FAC20250618110569,FAC20250618110569,Fashion,English,Image,North America,429,0,user_134595
FAC20250618110583,FAC20250618110583,Technology,English,Text,North America,205,0,user_231810
FAC20250618110596,FAC20250618110596,Food,English,Image,Europe,97963,1,user_133019
FAC20250618110636,FAC20250618110636,Sports,English,Text,North America,281,0,user_463141
FAC20250618110646,FAC20250618110646,Sports,English,Image,Asia,2,0,user_442126
FAC20250618110672,FAC20250618110672,AI/ML,English,Poll,Europe,1769,0,user_456817
FAC20250618110679,FAC20250618110679,Education,English,Link,Europe,188,0,user_207405
FAC20250618110702,FAC20250618110702,Education,English,Video,Asia,56028,1,user_270927
FAC20250618110716,FAC20250618110716,Sports,English,Image,Asia,4714,0,user_413928
FAC20250618110752,FAC20250618110752,Travel,English,Image,Europe,318,0,user_24239
FAC20250618110776,FAC20250618110776,Fashion,Japanese,Video,Europe,84,0,user_8514
FAC20250618110777,FAC20250618110777,Politics,English,Text,Europe,5078,0,user_184991
FAC20250618110789,FAC20250618110789,Science,Hindi,Link,South America,3993,0,user_134090
FAC20250618110797,FAC20250618110797,Fashion,Hindi,Video,Asia,9538,0,user_415028
FAC20250618110806,FAC20250618110806,Health,Portuguese,Text,Europe,131,0,user_42241
FAC20250619110820,FAC20250619110820,Climate,English,Image,Asia,27531,0,user_25560
FAC20250619110830,FAC20250619110830,Gaming,Japanese,Video,Asia,53704,1,user_434411
FAC20250619110837,FAC20250619110837,Health,German,Image,Africa,34942,1,user_8114
FAC20250619110838,FAC20250619110838,Entertainment,English,Poll,Europe,972,0,user_332596
FAC20250619110848,FAC20250619110848,Entertainment,Spanish,Video,Europe,60,0,user_69811
FAC20250619110873,FAC20250619110873,Finance,English,Video,Asia,63,0,user_46132
FAC20250619110918,FAC20250619110918,Gaming,Spanish,Video,Europe,15765,1,user_354534
FAC20250619110946,FAC20250619110946,Sports,English,Text,Asia,4444,1,user_49809
FAC20250619110948,FAC20250619110948,Fashion,English,Text,Europe,4220,0,user_387660
FAC20250619110965,FAC20250619110965,Science,English,Text,North America,3154,0,user_388938
FAC20250619110977,FAC20250619110977,Politics,English,Video,Asia,8659,0,user_486420
FAC20250619110985,FAC20250619110985,AI/ML,Japanese,Video,Asia,235,0,user_422353
FAC20250619111047,FAC20250619111047,Entertainment,Japanese,Image,Europe,1572,0,user_217339
FAC20250619111051,FAC20250619111051,Climate,Portuguese,Image,Asia,1669,0,user_8370
FAC20250619111057,FAC20250619111057,Science,Chinese,Text,Europe,35,0,user_377633
FAC20250619111059,FAC20250619111059,Entertainment,English,Video,South America,6878,1,user_14391
FAC20250619111071,FAC20250619111071,Gaming,English,Image,Europe,149,0,user_321386
FAC20250619111072,FAC20250619111072,Food,English,Video,North America,338,0,user_186890
FAC20250619111091,FAC20250619111091,Science,Spanish,Video,Europe,6548,0,user_217113
FAC20250619111099,FAC20250619111099,Business,Spanish,Text,Oceania,163,0,user_184765
FAC20250619111101,FAC20250619111101,Technology,Japanese,Text,North America,1998,0,user_490753
FAC20250619111102,FAC20250619111102,Sports,Portuguese,Image,Europe,154,0,user_480898
FAC20250619111120,FAC20250619111120,Food,English,Video,Asia,26229,1,user_34715
FAC20250620111141,FAC20250620111141,Education,Japanese,Text,South America,1764,0,user_189382
FAC20250620111149,FAC20250620111149,Climate,Arabic,Video,Africa,4406,0,user_55727
FAC20250620111175,FAC20250620111175,Entertainment,English,Video,Unknown,18122,1,user_20688
FAC20250620111187,FAC20250620111187,Gaming,Japanese,Image,Europe,2,0,user_12635
FAC20250620111192,FAC20250620111192,Travel,Portuguese,Video,Europe,248,0,user_50950
FAC20250620111204,FAC20250620111204,Travel,Portuguese,Image,North America,5538,1,user_385835
FAC20250620111206,FAC20250620111206,Health,English,Image,Europe,1570,0,user_438019
FAC20250620111247,FAC20250620111247,Technology,Portuguese,Image,Europe,140,0,user_185451
FAC20250620111265,FAC20250620111265,Entertainment,English,Link,Europe,56,0,user_237018
FAC20250620111277,FAC20250620111277,Technology,English,Poll,North America,311,1,user_22595
FAC20250620111392,FAC20250620111392,Entertainment,English,Text,Europe,188,0,user_130797
FAC20250620111395,FAC20250620111395,Health,Spanish,Poll,North America,3392,1,user_297014
FAC20250621111453,FAC20250621111453,Health,English,Video,North America,122,0,user_497369
FAC20250621111455,FAC20250621111455,Politics,German,Image,Europe,66,0,user_436766
FAC20250621111485,FAC20250621111485,Finance,English,Video,North America,541,0,user_176230
FAC20250621111507,FAC20250621111507,Science,Spanish,Video,North America,36,0,user_246604
FAC20250621111612,FAC20250621111612,Entertainment,English,Text,North America,612,0,user_94930
FAC20250621111654,FAC20250621111654,AI/ML,Japanese,Image,Africa,42,0,user_460522
FAC20250621111671,FAC20250621111671,Food,Portuguese,Image,North America,14897,1,user_132945
FAC20250621111689,FAC20250621111689,Science,German,Video,Asia,41,0,user_294357
FAC20250621111718,FAC20250621111718,Travel,Japanese,Text,Asia,70,0,user_154515
FAC20250621111730,FAC20250621111730,Technology,Arabic,Video,Asia,4196,0,user_23010
FAC20250622111764,FAC20250622111764,Climate,Portuguese,Image,Asia,330,0,user_293156
FAC20250622111774,FAC20250622111774,Health,German,Image,Europe,12177,0,user_417762
FAC20250622111782,FAC20250622111782,Business,English,Link,Europe,178,0,user_112366
FAC20250622111809,FAC20250622111809,Sports,Arabic,Video,Asia,14,0,user_309330
FAC20250622111826,FAC20250622111826,AI/ML,English,Image,Europe,902,0,user_330222
FAC20250622111829,FAC20250622111829,Gaming,English,Link,Europe,52,0,user_196472
FAC20250622111831,FAC20250622111831,Sports,English,Text,Europe,106379,1,user_422731
FAC20250622111854,FAC20250622111854,Sports,English,Image,Europe,209,0,user_152028
FAC20250622111897,FAC20250622111897,Gaming,English,Text,Unknown,14234,1,user_346473
FAC20250622111903,FAC20250622111903,Gaming,English,Link,Asia,4,0,user_29185
FAC20250622111910,FAC20250622111910,Business,English,Video,North America,21651,0,user_447903
FAC20250622111923,FAC20250622111923,Education,English,Image,North America,317,0,user_220915
FAC20250622111939,FAC20250622111939,Gaming,Hindi,Link,Europe,65,0,user_228676
FAC20250622111999,FAC20250622111999,Climate,Portuguese,Poll,Europe,19,0,user_405320
FAC20250622112025,FAC20250622112025,Fashion,English,Text,Unknown,1739,0,user_141188
FAC20250622112040,FAC20250622112040,Finance,English,Video,Europe,1453,0,user_227327
FAC20250622112067,FAC20250622112067,Science,English,Text,South America,3380,0,user_80302
FAC20250622112069,FAC20250622112069,Sports,Korean,Video,Europe,29181,0,user_326082
FAC20250623112083,FAC20250623112083,Politics,English,Image,North America,78,0,user_486266
FAC20250623112132,FAC20250623112132,Food,English,Text,South America,19503,1,user_157732
FAC20250623112149,FAC20250623112149,Education,English,Text,North America,19424,1,user_459910
FAC20250623112161,FAC20250623112161,Sports,Hindi,Image,Europe,19806,1,user_12698
FAC20250623112212,FAC20250623112212,Politics,English,Text,Asia,22164,0,user_125695
FAC20250623112219,FAC20250623112219,Gaming,Spanish,Video,Asia,10895,1,user_241927
FAC20250623112228,FAC20250623112228,Entertainment,English,Video,Asia,1531,0,user_226926
FAC20250623112277,FAC20250623112277,Education,English,Image,Africa,273,0,user_425175
FAC20250623112286,FAC20250623112286,Technology,English,Image,North America,151,0,user_466489
FAC20250623112287,FAC20250623112287,Technology,German,Video,Asia,501,0,user_61317
FAC20250623112326,FAC20250623112326,Science,English,Video,North America,4889,0,user_114559
FAC20250623112338,FAC20250623112338,Gaming,Japanese,Image,Africa,385,0,user_44911
FAC20250623112342,FAC20250623112342,Sports,German,Text,Europe,59849,1,user_380946
FAC20250623112356,FAC20250623112356,Fashion,Spanish,Poll,North America,16074,0,user_14976
FAC20250623112359,FAC20250623112359,Travel,Portuguese,Text,Unknown,995,0,user_242669
FAC20250623112386,FAC20250623112386,Education,Spanish,Image,Europe,610,1,user_127792
FAC20250623112388,FAC20250623112388,Travel,English,Image,Asia,2577,0,user_197598
FAC20250624112419,FAC20250624112419,Travel,English,Image,Asia,5979,1,user_142308
FAC20250624112526,FAC20250624112526,Sports,Portuguese,Video,Asia,799,0,user_358820
FAC20250624112573,FAC20250624112573,Travel,Spanish,Video,North America,69925,1,user_4799
FAC20250624112609,FAC20250624112609,Climate,English,Video,North America,640,0,user_382323
FAC20250624112611,FAC20250624112611,AI/ML,English,Text,Europe,250,0,user_489853
FAC20250624112629,FAC20250624112629,Travel,English,Image,Asia,14,0,user_306026
FAC20250624112650,FAC20250624112650,Technology,English,Video,Unknown,32,0,user_194205
FAC20250624112676,FAC20250624112676,Climate,English,Text,Asia,20,0,user_287033
FAC20250624112686,FAC20250624112686,Fashion,Spanish,Link,Asia,80,0,user_131532
FAC20250624112702,FAC20250624112702,Education,English,Text,Asia,5113,0,user_360909
FAC20250624112717,FAC20250624112717,Fashion,Portuguese,Video,Europe,1639,0,user_154049
FAC20250624112726,FAC20250624112726,Sports,English,Text,North America,429,0,user_170694
FAC20250625112740,FAC20250625112740,Entertainment,Portuguese,Image,North America,235,1,user_48671
FAC20250625112743,FAC20250625112743,Politics,English,Text,Asia,1686,0,user_474559
FAC20250625112842,FAC20250625112842,Health,Portuguese,Image,Europe,899,0,user_70881
FAC20250625112858,FAC20250625112858,Entertainment,English,Image,Europe,1219,0,user_149071
FAC20250625112907,FAC20250625112907,Health,Spanish,Image,Asia,1517,0,user_401850
FAC20250625112918,FAC20250625112918,Entertainment,Spanish,Text,Asia,10540,0,user_351613
FAC20250625112926,FAC20250625112926,Climate,German,Image,Europe,479,0,user_483432
FAC20250625112928,FAC20250625112928,AI/ML,English,Image,North America,25771,1,user_495831
FAC20250625112941,FAC20250625112941,Finance,English,Video,Europe,16215,0,user_406128
FAC20250625112964,FAC20250625112964,Travel,English,Link,Unknown,8315,1,user_424988
FAC20250625112989,FAC20250625112989,Technology,Spanish,Text,North America,1220,0,user_342671
FAC20250625113038,FAC20250625113038,Business,Spanish,Image,Asia,6180,0,user_132478
FAC20250625113039,FAC20250625113039,Technology,Arabic,Image,Africa,618,0,user_142775
FAC20250625113048,FAC20250625113048,Education,Japanese,Text,Europe,6672,0,user_130876
FAC20250626113064,FAC20250626113064,AI/ML,English,Text,North America,5640,1,user_385570
FAC20250626113098,FAC20250626113098,Fashion,English,Video,North America,299,0,user_252133
FAC20250626113109,FAC20250626113109,Gaming,Portuguese,Video,North America,368,0,user_237228
FAC20250626113110,FAC20250626113110,Finance,Portuguese,Video,Asia,5315,1,user_29375
FAC20250626113210,FAC20250626113210,Health,English,Image,South America,888,0,user_345206
FAC20250626113239,FAC20250626113239,Health,Korean,Image,Asia,59,0,user_467971
FAC20250626113293,FAC20250626113293,Technology,English,Video,Europe,59,0,user_117863
FAC20250626113330,FAC20250626113330,Food,Spanish,Image,North America,404,0,user_122953
FAC20250626113349,FAC20250626113349,Health,English,Text,North America,355,0,user_158525
FAC20250626113352,FAC20250626113352,Business,Spanish,Poll,North America,51,0,user_331802
FAC20250626113353,FAC20250626113353,Science,English,Text,North America,213557,1,user_238440
FAC20250626113355,FAC20250626113355,Business,English,Image,North America,34682,0,user_143194
FAC20250627113403,FAC20250627113403,Politics,English,Image,Asia,1,0,user_276728
FAC20250627113408,FAC20250627113408,Sports,English,Video,Asia,1904,0,user_178287
FAC20250627113418,FAC20250627113418,Gaming,English,Text,North America,215,0,user_307284
FAC20250627113431,FAC20250627113431,Technology,Spanish,Video,North America,1178,0,user_69781
FAC20250627113437,FAC20250627113437,Food,English,Link,Asia,24367,1,user_99620
FAC20250627113468,FAC20250627113468,Health,Spanish,Text,North America,155,0,user_172538
FAC20250627113506,FAC20250627113506,Entertainment,English,Video,Europe,2121,0,user_248239
FAC20250627113509,FAC20250627113509,Food,English,Image,North America,17289,1,user_161174
FAC20250627113532,FAC20250627113532,Education,English,Video,Europe,70,0,user_204637
FAC20250627113553,FAC20250627113553,Climate,Korean,Poll,Africa,632,1,user_292603
FAC20250627113560,FAC20250627113560,Gaming,English,Link,North America,11889,1,user_165507
FAC20250627113575,FAC20250627113575,Food,Spanish,Image,Europe,89,0,user_416209
FAC20250627113632,FAC20250627113632,Food,English,Text,North America,174,0,user_211132
FAC20250628113733,FAC20250628113733,Travel,French,Image,Europe,236,0,user_499558
FAC20250628113740,FAC20250628113740,Business,English,Image,Africa,1254,0,user_201574
FAC20250628113757,FAC20250628113757,Finance,English,Poll,Asia,5035,0,user_56353
FAC20250628113782,FAC20250628113782,Finance,English,Video,North America,69,0,user_85154
FAC20250628113790,FAC20250628113790,Climate,Chinese,Image,Europe,1875,1,user_267355
FAC20250628113804,FAC20250628113804,Science,English,Image,North America,7785,0,user_348196
FAC20250628113826,FAC20250628113826,Climate,English,Image,Asia,1723,0,user_95008
FAC20250628113850,FAC20250628113850,Travel,Hindi,Image,Europe,147,0,user_125447
FAC20250628113883,FAC20250628113883,Education,English,Poll,North America,572,0,user_166156
FAC20250628113894,FAC20250628113894,Finance,English,Video,North America,2626,1,user_172616
FAC20250628113912,FAC20250628113912,Climate,English,Image,Europe,1205,0,user_410121
FAC20250628113922,FAC20250628113922,Finance,Spanish,Text,Europe,386,0,user_29972
FAC20250628113935,FAC20250628113935,Fashion,English,Image,Unknown,34810,1,user_463869
FAC20250628113941,FAC20250628113941,Science,English,Text,North America,168,0,user_198758
FAC20250628113945,FAC20250628113945,AI/ML,Spanish,Poll,South America,853,0,user_262912
FAC20250628113961,FAC20250628113961,Health,English,Text,North America,34813,0,user_495981
FAC20250628113987,FAC20250628113987,Gaming,English,Link,Oceania,70,0,user_63034
FAC20250628113990,FAC20250628113990,Gaming,Spanish,Image,Asia,360,0,user_234960
FAC20250629114037,FAC20250629114037,Entertainment,English,Link,North America,1567,0,user_484691
FAC20250629114051,FAC20250629114051,Gaming,English,Text,North America,380,0,user_369877
FAC20250629114057,FAC20250629114057,Business,English,Text,Oceania,5871,1,user_77062
FAC20250629114072,FAC20250629114072,Health,English,Link,North America,2424,0,user_308262
FAC20250629114080,FAC20250629114080,Sports,English,Text,North America,97591,1,user_222827
FAC20250629114117,FAC20250629114117,Health,English,Video,South America,7894,1,user_106319
FAC20250629114136,FAC20250629114136,Fashion,English,Image,Asia,867,0,user_290396
FAC20250629114161,FAC20250629114161,Technology,English,Image,Africa,161,0,user_54436
FAC20250629114174,FAC20250629114174,Fashion,English,Text,Asia,73,0,user_75015
FAC20250629114237,FAC20250629114237,Food,English,Image,Europe,1184,0,user_367279
FAC20250629114241,FAC20250629114241,Gaming,English,Video,Asia,2162,1,user_265377
FAC20250629114259,FAC20250629114259,Climate,English,Image,Europe,88,0,user_458497
FAC20250629114269,FAC20250629114269,Business,Arabic,Video,Asia,14129,0,user_352853
FAC20250629114289,FAC20250629114289,Finance,English,Link,Asia,8512,1,user_362564
FAC20250629114300,FAC20250629114300,Sports,Portuguese,Text,North America,1469,0,user_292437
FAC20250630114360,FAC20250630114360,Food,Japanese,Image,Asia,595,0,user_111636
FAC20250630114366,FAC20250630114366,Fashion,Arabic,Text,North America,483,0,user_461114
FAC20250630114410,FAC20250630114410,Fashion,English,Video,Asia,31156,1,user_314156
FAC20250630114415,FAC20250630114415,Gaming,English,Image,North America,53,0,user_197375
FAC20250630114430,FAC20250630114430,Gaming,English,Image,North America,382,0,user_366248
FAC20250630114456,FAC20250630114456,Finance,Spanish,Image,North America,511,0,user_337845
FAC20250630114493,FAC20250630114493,Entertainment,English,Video,Africa,4514,1,user_496551
FAC20250630114508,FAC20250630114508,Climate,English,Image,North America,162,0,user_431242
FAC20250630114523,FAC20250630114523,Health,French,Text,North America,3082,0,user_186090
FAC20250630114556,FAC20250630114556,Fashion,English,Image,North America,2440,0,user_346794
FAC20250630114567,FAC20250630114567,Science,German,Video,North America,34,0,user_8345
FAC20250630114579,FAC20250630114579,Health,Hindi,Image,Europe,303,1,user_339104
FAC20250630114580,FAC20250630114580,Education,Spanish,Poll,Asia,229,0,user_460166
FAC20250630114582,FAC20250630114582,Travel,Hindi,Image,Unknown,633,0,user_457972
FAC20250630114590,FAC20250630114590,Food,English,Text,Oceania,466,0,user_430098
FAC20250630114638,FAC20250630114638,Education,English,Video,North America,293,0,user_445802
FAC20250701114652,FAC20250701114652,Entertainment,English,Video,North America,2213,0,user_121758
FAC20250701114662,FAC20250701114662,Health,Portuguese,Poll,Asia,31798,0,user_189384
FAC20250701114706,FAC20250701114706,Health,English,Text,Asia,98,0,user_205455
FAC20250701114737,FAC20250701114737,AI/ML,English,Text,North America,19408,1,user_468723
FAC20250701114778,FAC20250701114778,Food,English,Image,South America,197,0,user_336868
FAC20250701114804,FAC20250701114804,Climate,English,Poll,Europe,430,0,user_427567
FAC20250701114817,FAC20250701114817,Business,Portuguese,Image,Asia,3065,0,user_468681
FAC20250701114821,FAC20250701114821,Politics,English,Link,Asia,1370,0,user_203512
FAC20250701114837,FAC20250701114837,Fashion,Hindi,Text,Europe,424,0,user_252311
FAC20250701114838,FAC20250701114838,Science,Japanese,Image,Asia,4453,1,user_2583
FAC20250701114848,FAC20250701114848,Entertainment,Spanish,Image,North America,1017,0,user_387179
FAC20250701114852,FAC20250701114852,Sports,English,Link,Europe,1960,1,user_91373
FAC20250701114854,FAC20250701114854,Food,English,Text,North America,635,0,user_467680
FAC20250701114855,FAC20250701114855,Gaming,French,Video,Europe,51972,1,user_150696
FAC20250701114872,FAC20250701114872,Gaming,Chinese,Image,Unknown,300,0,user_219143
FAC20250701114917,FAC20250701114917,AI/ML,English,Text,Asia,152,0,user_323407
FAC20250701114937,FAC20250701114937,Science,English,Link,Asia,285,0,user_202125
FAC20250701114965,FAC20250701114965,Sports,Arabic,Video,North America,559,0,user_397173
FAC20250702114970,FAC20250702114970,Food,English,Link,Asia,206,0,user_259941
FAC20250702114972,FAC20250702114972,Politics,English,Video,North America,2488,0,user_129181
FAC20250702114989,FAC20250702114989,Science,English,Image,Europe,3409,0,user_339934
FAC20250702114991,FAC20250702114991,AI/ML,Spanish,Text,Oceania,18145,0,user_251986
FAC20250702115018,FAC20250702115018,Fashion,Spanish,Link,North America,8000,0,user_33296
FAC20250702115024,FAC20250702115024,Food,English,Image,Europe,1697,0,user_157758
FAC20250702115028,FAC20250702115028,Health,Spanish,Image,Europe,1437,0,user_259697
FAC20250702115068,FAC20250702115068,Health,English,Text,Asia,658,0,user_320455
FAC20250702115073,FAC20250702115073,AI/ML,English,Video,Europe,1001,0,user_291083
FAC20250702115099,FAC20250702115099,Technology,Spanish,Link,Asia,26708,1,user_253680
FAC20250702115120,FAC20250702115120,Climate,English,Text,North America,524,0,user_459742
FAC20250702115128,FAC20250702115128,Business,English,Link,Asia,1965,0,user_34446
FAC20250702115132,FAC20250702115132,Business,English,Text,North America,8336,1,user_30156
FAC20250702115159,FAC20250702115159,Technology,English,Link,North America,2051,0,user_4703
FAC20250702115169,FAC20250702115169,Fashion,English,Text,Africa,11441,0,user_86294
FAC20250702115182,FAC20250702115182,Technology,English,Link,North America,147306,1,user_115653
FAC20250702115200,FAC20250702115200,Politics,Portuguese,Link,North America,43,0,user_95321
FAC20250702115206,FAC20250702115206,Education,English,Video,North America,5085,0,user_94059
FAC20250702115221,FAC20250702115221,Entertainment,Japanese,Image,Europe,653,0,user_10762
FAC20250702115229,FAC20250702115229,Politics,Hindi,Image,North America,13221,0,user_101827
FAC20250702115244,FAC20250702115244,Fashion,English,Image,South America,163,0,user_356768
FAC20250702115263,FAC20250702115263,Climate,Japanese,Image,Europe,27,1,user_419406
FAC20250703115313,FAC20250703115313,Climate,English,Video,North America,172,0,user_95658
FAC20250703115321,FAC20250703115321,Gaming,Arabic,Video,Asia,1830,0,user_6731
FAC20250703115344,FAC20250703115344,AI/ML,Chinese,Link,Europe,34577,0,user_175654
FAC20250703115360,FAC20250703115360,Technology,English,Video,North America,435,0,user_411775
FAC20250703115393,FAC20250703115393,Education,English,Text,Oceania,2806,0,user_38345
FAC20250703115405,FAC20250703115405,Business,English,Text,Europe,1012,0,user_58897
FAC20250703115421,FAC20250703115421,AI/ML,English,Image,Africa,1506,0,user_198588
FAC20250703115426,FAC20250703115426,Travel,Arabic,Text,Asia,188,0,user_244896
FAC20250703115429,FAC20250703115429,Food,English,Link,North America,2501,0,user_158562
FAC20250703115440,FAC20250703115440,Health,English,Video,North America,1216,0,user_179438
FAC20250703115475,FAC20250703115475,Technology,English,Video,Asia,536,0,user_245680
FAC20250703115493,FAC20250703115493,Business,English,Image,Europe,5705,0,user_347400
FAC20250703115506,FAC20250703115506,Science,English,Video,Europe,2732,0,user_390755
FAC20250703115508,FAC20250703115508,Entertainment,English,Link,Asia,1238,0,user_398588
FAC20250703115514,FAC20250703115514,Fashion,Chinese,Text,North America,918,0,user_263424
FAC20250703115532,FAC20250703115532,AI/ML,Korean,Poll,North America,439,0,user_367568
FAC20250703115535,FAC20250703115535,Health,English,Text,Europe,995,1,user_148959
FAC20250703115546,FAC20250703115546,Finance,English,Poll,Europe,753,0,user_43394
FAC20250703115566,FAC20250703115566,Science,English,Text,North America,455,0,user_159267
FAC20250704115617,FAC20250704115617,Finance,Arabic,Text,Africa,696,0,user_360541
FAC20250704115638,FAC20250704115638,Business,Spanish,Video,North America,3400,0,user_323621
FAC20250704115642,FAC20250704115642,Health,Portuguese,Link,North America,107666,1,user_474645
FAC20250704115651,FAC20250704115651,Climate,English,Text,Europe,0,0,user_417591
FAC20250704115681,FAC20250704115681,Science,English,Link,North America,4957,1,user_456727
FAC20250704115701,FAC20250704115701,Food,French,Video,Europe,87,0,user_379631
FAC20250704115721,FAC20250704115721,AI/ML,Chinese,Video,Unknown,218,0,user_50422
FAC20250704115748,FAC20250704115748,Science,Portuguese,Video,Europe,378,0,user_21651
FAC20250704115750,FAC20250704115750,Education,English,Text,North America,12938,0,user_108744
FAC20250704115760,FAC20250704115760,Health,English,Text,North America,34,0,user_409801
FAC20250704115790,FAC20250704115790,Entertainment,English,Video,North America,286,0,user_457873
FAC20250704115807,FAC20250704115807,Business,Portuguese,Image,South America,695,0,user_222250
FAC20250704115808,FAC20250704115808,Entertainment,French,Image,North America,16,0,user_103674
FAC20250704115859,FAC20250704115859,Climate,Arabic,Text,North America,30,0,user_274051
FAC20250704115878,FAC20250704115878,Education,German,Video,Asia,2867,1,user_51616
FAC20250704115883,FAC20250704115883,Technology,Spanish,Poll,North America,535,0,user_402019
FAC20250705115907,FAC20250705115907,AI/ML,English,Text,Oceania,998,0,user_89257
FAC20250705115961,FAC20250705115961,Business,English,Text,Asia,82,0,user_21892
FAC20250705116021,FAC20250705116021,Politics,French,Text,South America,83,0,user_374792
FAC20250705116039,FAC20250705116039,Education,English,Text,Asia,6257,1,user_383178
FAC20250705116045,FAC20250705116045,Entertainment,English,Image,Europe,1254,0,user_226947
FAC20250705116124,FAC20250705116124,Politics,English,Image,Asia,32,0,user_366928
FAC20250705116133,FAC20250705116133,AI/ML,Japanese,Text,South America,25146,1,user_459190
FAC20250705116137,FAC20250705116137,Travel,Hindi,Text,North America,6,0,user_47779
FAC20250705116156,FAC20250705116156,Business,English,Image,Europe,40873,1,user_285522
FAC20250705116162,FAC20250705116162,Travel,English,Image,North America,3513,0,user_429342
FAC20250705116181,FAC20250705116181,Technology,English,Image,Europe,5295,0,user_86186
FAC20250705116198,FAC20250705116198,Education,Portuguese,Link,Asia,11,0,user_193268
FAC20250705116202,FAC20250705116202,Sports,Spanish,Text,North America,695,0,user_113884
FAC20250706116272,FAC20250706116272,Entertainment,Portuguese,Video,South America,74,0,user_47005
FAC20250706116280,FAC20250706116280,Finance,Japanese,Video,Asia,2167,0,user_475506
FAC20250706116295,FAC20250706116295,Travel,English,Text,South America,6836,1,user_462293
FAC20250706116304,FAC20250706116304,Food,English,Poll,Europe,152,0,user_91253
FAC20250706116337,FAC20250706116337,Entertainment,English,Video,Asia,292,0,user_497617
FAC20250706116403,FAC20250706116403,Science,English,Video,North America,49,0,user_441430
FAC20250706116412,FAC20250706116412,Travel,English,Video,North America,1339500,1,user_347402
FAC20250706116416,FAC20250706116416,Health,Spanish,Text,North America,713,0,user_93553
FAC20250706116424,FAC20250706116424,Gaming,English,Text,North America,8,0,user_403597
FAC20250706116454,FAC20250706116454,Science,English,Text,Africa,410,0,user_430328
FAC20250706116456,FAC20250706116456,Travel,English,Text,South America,75,0,user_64002
FAC20250706116472,FAC20250706116472,Health,French,Image,North America,448,0,user_435897
FAC20250706116482,FAC20250706116482,Education,French,Text,Europe,405,0,user_297559
FAC20250706116502,FAC20250706116502,Travel,English,Video,Asia,68427,1,user_161708
FAC20250706116515,FAC20250706116515,Politics,Portuguese,Image,Asia,31,0,user_360969
FAC20250706116529,FAC20250706116529,Food,Chinese,Image,North America,325,0,user_455229
FAC20250707116549,FAC20250707116549,Education,Japanese,Video,North America,600,0,user_152905
FAC20250707116557,FAC20250707116557,Technology,Chinese,Image,Europe,59,0,user_457046
FAC20250707116577,FAC20250707116577,Health,English,Video,Oceania,5724,1,user_305694
FAC20250707116587,FAC20250707116587,Sports,English,Text,Europe,1111,0,user_146205
FAC20250707116620,FAC20250707116620,Finance,English,Link,Europe,149,0,user_137313
FAC20250707116656,FAC20250707116656,Sports,English,Video,Europe,571,0,user_484428
FAC20250707116669,FAC20250707116669,Science,Spanish,Image,Africa,2991,0,user_34306
FAC20250707116689,FAC20250707116689,Travel,French,Image,North America,247,0,user_37888
FAC20250707116701,FAC20250707116701,Science,English,Video,Europe,246,0,user_71699
FAC20250707116720,FAC20250707116720,Technology,English,Text,Asia,2356,0,user_232265
FAC20250707116724,FAC20250707116724,Technology,English,Text,Asia,149,0,user_471474
FAC20250707116732,FAC20250707116732,Science,Japanese,Image,North America,69963,1,user_453136
FAC20250707116780,FAC20250707116780,Travel,English,Image,North America,11,0,user_63647
FAC20250707116787,FAC20250707116787,Politics,English,Video,Europe,42,0,user_48457
FAC20250707116791,FAC20250707116791,Travel,Spanish,Video,Asia,27942,1,user_135126
FAC20250707116801,FAC20250707116801,AI/ML,English,Image,North America,188,0,user_193213
FAC20250707116807,FAC20250707116807,Science,English,Text,South America,93105,1,user_237762
FAC20250707116824,FAC20250707116824,Climate,English,Text,North America,1000,0,user_418587
FAC20250707116834,FAC20250707116834,Health,English,Image,Asia,2606,1,user_372112
FAC20250707116839,FAC20250707116839,AI/ML,Portuguese,Video,Europe,2983,0,user_86285
FAC20250708116909,FAC20250708116909,Finance,English,Image,Europe,2312,1,user_166319
FAC20250708116915,FAC20250708116915,Business,English,Text,Europe,26,0,user_458093
FAC20250708116929,FAC20250708116929,AI/ML,English,Text,Africa,410,0,user_246476
FAC20250708116930,FAC20250708116930,Travel,Korean,Image,Europe,4525,0,user_291933
FAC20250708116948,FAC20250708116948,Gaming,Portuguese,Text,Oceania,1895,0,user_399524
FAC20250708116978,FAC20250708116978,Sports,English,Link,Europe,295,0,user_6635
FAC20250708116991,FAC20250708116991,Technology,Arabic,Image,Asia,790,0,user_255762
FAC20250708117013,FAC20250708117013,Finance,French,Text,North America,2197,0,user_58591
FAC20250708117014,FAC20250708117014,Entertainment,Japanese,Text,North America,2320,0,user_447250
FAC20250708117026,FAC20250708117026,Travel,Japanese,Poll,North America,15,0,user_49330
FAC20250708117030,FAC20250708117030,Business,English,Image,South America,13926,0,user_72211
FAC20250708117032,FAC20250708117032,Education,Japanese,Link,North America,577,0,user_1411
FAC20250708117054,FAC20250708117054,Health,English,Image,Oceania,206,0,user_422040
FAC20250708117058,FAC20250708117058,Science,Spanish,Video,North America,49,0,user_450383
FAC20250708117059,FAC20250708117059,Science,English,Image,Asia,1879,0,user_285409
FAC20250708117117,FAC20250708117117,Entertainment,English,Text,Europe,9448,1,user_67624
FAC20250709117211,FAC20250709117211,Travel,Spanish,Text,North America,730,0,user_283743
FAC20250709117227,FAC20250709117227,Education,English,Poll,Europe,2487,0,user_438290
FAC20250709117262,FAC20250709117262,Politics,French,Text,South America,723,0,user_173910
FAC20250709117326,FAC20250709117326,Politics,English,Video,North America,4531,1,user_128580
FAC20250709117344,FAC20250709117344,Politics,English,Video,Africa,761,0,user_486213
FAC20250709117352,FAC20250709117352,Politics,Korean,Image,Asia,24,0,user_14805
FAC20250709117357,FAC20250709117357,AI/ML,French,Link,Europe,631,0,user_105073
FAC20250709117410,FAC20250709117410,Technology,Spanish,Link,Europe,1901,0,user_463414
FAC20250709117432,FAC20250709117432,Education,English,Image,Asia,5557,1,user_489926
FAC20250709117438,FAC20250709117438,Finance,English,Video,North America,1660,1,user_450431
FAC20250709117484,FAC20250709117484,Science,English,Poll,Asia,3560,0,user_404063
FAC20250709117509,FAC20250709117509,Food,English,Text,North America,713,0,user_326035
FAC20250709117516,FAC20250709117516,Finance,English,Text,Oceania,298,0,user_328222
FAC20250710117530,FAC20250710117530,Climate,English,Text,Asia,987,0,user_206389
FAC20250710117540,FAC20250710117540,Health,Chinese,Image,Asia,3579,0,user_358245
FAC20250710117607,FAC20250710117607,Food,Portuguese,Image,Asia,1196,0,user_383425
FAC20250710117703,FAC20250710117703,Food,English,Link,North America,714,0,user_303551
FAC20250710117718,FAC20250710117718,Technology,Korean,Video,North America,3053,0,user_231317
FAC20250710117730,FAC20250710117730,Sports,French,Image,Europe,58,0,user_179135
FAC20250710117754,FAC20250710117754,Climate,English,Text,Unknown,3486,0,user_429962
FAC20250710117786,FAC20250710117786,Entertainment,English,Poll,North America,11508,1,user_168950
FAC20250710117790,FAC20250710117790,Gaming,English,Text,North America,1976,0,user_372013
FAC20250710117797,FAC20250710117797,Business,Arabic,Text,Europe,1,0,user_480376
FAC20250710117814,FAC20250710117814,AI/ML,Portuguese,Video,North America,6269,0,user_178038
FAC20250711117872,FAC20250711117872,Technology,English,Video,North America,762,0,user_337237
FAC20250711117876,FAC20250711117876,Climate,Spanish,Link,South America,55721,1,user_344306
FAC20250711117972,FAC20250711117972,Fashion,Portuguese,Text,Oceania,5842,0,user_360551
FAC20250711117989,FAC20250711117989,Politics,Spanish,Video,Asia,198,0,user_215507
FAC20250711118017,FAC20250711118017,Gaming,English,Text,Unknown,8835,0,user_157706
FAC20250711118043,FAC20250711118043,Fashion,English,Text,North America,522,0,user_155956
FAC20250711118059,FAC20250711118059,Sports,German,Image,Europe,397,0,user_312812
FAC20250711118061,FAC20250711118061,Politics,English,Image,Europe,69,0,user_262742
FAC20250711118076,FAC20250711118076,Finance,Hindi,Video,Oceania,267,0,user_43513
FAC20250711118102,FAC20250711118102,Food,English,Image,Asia,6637,0,user_140835
FAC20250711118141,FAC20250711118141,AI/ML,Spanish,Image,North America,692,1,user_137166
FAC20250711118170,FAC20250711118170,Climate,English,Poll,South America,8780,0,user_489248
FAC20250711118176,FAC20250711118176,Climate,English,Link,North America,290,0,user_317654
FAC20250712118196,FAC20250712118196,Food,English,Image,North America,42880,1,user_75977
FAC20250712118207,FAC20250712118207,Business,English,Text,Asia,4048,0,user_325340
FAC20250712118210,FAC20250712118210,Climate,English,Video,North America,361,0,user_482659
FAC20250712118213,FAC20250712118213,Climate,Spanish,Link,Europe,9391,0,user_44045
FAC20250712118227,FAC20250712118227,Business,English,Text,Asia,30450,1,user_96388
FAC20250712118264,FAC20250712118264,Travel,English,Text,North America,65,0,user_221464
FAC20250712118274,FAC20250712118274,Technology,English,Text,North America,435,0,user_453560
FAC20250712118386,FAC20250712118386,AI/ML,English,Video,Europe,225,0,user_44404
FAC20250712118468,FAC20250712118468,Entertainment,English,Text,Europe,2411,0,user_74648
FAC20250712118471,FAC20250712118471,Gaming,English,Video,Asia,4,0,user_76748
FAC20250712118478,FAC20250712118478,Finance,English,Link,Europe,168,0,user_289860
FAC20250712118481,FAC20250712118481,Climate,Hindi,Text,North America,5782,0,user_51382
FAC20250712118488,FAC20250712118488,Climate,Spanish,Text,Europe,2347,0,user_471173
FAC20250712118492,FAC20250712118492,Food,English,Link,Asia,224,0,user_228583
FAC20250713118509,FAC20250713118509,Technology,French,Text,North America,176,0,user_340007
FAC20250713118554,FAC20250713118554,Gaming,English,Text,Asia,24,0,user_73731
FAC20250713118563,FAC20250713118563,Climate,English,Image,Asia,102,0,user_131508
FAC20250713118617,FAC20250713118617,Food,Hindi,Image,North America,38415,1,user_213438
FAC20250713118628,FAC20250713118628,Sports,Portuguese,Text,Asia,9662,1,user_190952
FAC20250713118635,FAC20250713118635,Food,English,Video,Asia,675,0,user_482897
FAC20250713118661,FAC20250713118661,Technology,English,Link,North America,53,0,user_181063
FAC20250713118670,FAC20250713118670,Technology,English,Text,North America,53,0,user_336536
FAC20250713118714,FAC20250713118714,Education,English,Link,Asia,13,0,user_453342
FAC20250713118731,FAC20250713118731,Health,English,Link,North America,829,0,user_394929
FAC20250713118751,FAC20250713118751,Food,English,Poll,South America,2034,1,user_459364
FAC20250713118778,FAC20250713118778,Education,Portuguese,Poll,Asia,159,0,user_143364
FAC20250713118799,FAC20250713118799,Education,English,Text,North America,3985,1,user_78357
FAC20250713118827,FAC20250713118827,Entertainment,Spanish,Video,Europe,30000,0,user_318179
FAC20250714118866,FAC20250714118866,Business,German,Text,North America,1178,0,user_170691
FAC20250714118875,FAC20250714118875,AI/ML,English,Image,Europe,32322,1,user_107785
FAC20250714118916,FAC20250714118916,Gaming,Portuguese,Image,Europe,44134,1,user_271970
FAC20250714118944,FAC20250714118944,Finance,English,Image,Africa,6460,0,user_7861
FAC20250714118950,FAC20250714118950,Fashion,Portuguese,Text,North America,766,1,user_387381
FAC20250714118997,FAC20250714118997,Education,Arabic,Image,North America,676,0,user_391495
FAC20250714119001,FAC20250714119001,Politics,Hindi,Image,North America,6935,1,user_290160
FAC20250714119044,FAC20250714119044,Health,English,Image,North America,841,0,user_427245
FAC20250714119051,FAC20250714119051,Politics,English,Image,North America,1650,0,user_340810
FAC20250714119053,FAC20250714119053,Sports,English,Text,Asia,760,0,user_125725
FAC20250714119061,FAC20250714119061,Gaming,Portuguese,Image,Europe,137,0,user_122349
FAC20250714119066,FAC20250714119066,AI/ML,English,Image,North America,17035,1,user_20830
FAC20250714119080,FAC20250714119080,Climate,English,Text,Unknown,21,0,user_235478
FAC20250714119087,FAC20250714119087,Fashion,English,Text,Asia,308,0,user_69083
FAC20250714119120,FAC20250714119120,Entertainment,Arabic,Text,North America,62,0,user_418253
FAC20250714119134,FAC20250714119134,Climate,English,Video,North America,435,0,user_459793
FAC20250714119142,FAC20250714119142,Education,English,Image,Africa,12015,1,user_288288
FAC20250714119158,FAC20250714119158,AI/ML,English,Link,Europe,9042,1,user_172250
FAC20250714119159,FAC20250714119159,Science,Arabic,Image,North America,5824,0,user_97400
FAC20250715119171,FAC20250715119171,Food,English,Image,Asia,148,0,user_114848
FAC20250715119247,FAC20250715119247,Education,Spanish,Image,Unknown,293,0,user_241875
FAC20250715119250,FAC20250715119250,Technology,English,Video,Europe,2522,0,user_136454
FAC20250715119264,FAC20250715119264,Climate,English,Video,North America,11753,0,user_30946
FAC20250715119281,FAC20250715119281,Science,English,Text,North America,5491,1,user_56903
FAC20250715119298,FAC20250715119298,Travel,English,Text,Asia,6953,1,user_171921
FAC20250715119300,FAC20250715119300,Sports,English,Text,Europe,5103,0,user_249427
FAC20250715119316,FAC20250715119316,Sports,English,Image,South America,587,0,user_328630
FAC20250715119353,FAC20250715119353,Business,French,Image,North America,152,0,user_198911
FAC20250715119391,FAC20250715119391,Travel,English,Link,Asia,12032,0,user_364851
FAC20250715119406,FAC20250715119406,Climate,French,Text,Europe,181,0,user_109003
FAC20250715119417,FAC20250715119417,AI/ML,English,Text,Asia,62306,1,user_217216
FAC20250715119431,FAC20250715119431,Education,English,Link,North America,52,0,user_122759
FAC20250715119442,FAC20250715119442,Finance,English,Image,North America,1270,0,user_271726
FAC20250715119453,FAC20250715119453,Technology,Spanish,Video,North America,1080,0,user_216370
FAC20250715119475,FAC20250715119475,Fashion,Portuguese,Video,Africa,1,0,user_163771
FAC20250716119499,FAC20250716119499,Finance,Portuguese,Image,Oceania,13234,1,user_358108
FAC20250716119563,FAC20250716119563,Fashion,Portuguese,Image,North America,346,0,user_295204
FAC20250716119580,FAC20250716119580,Politics,English,Image,North America,3060,0,user_454736
FAC20250716119602,FAC20250716119602,Climate,French,Link,Europe,50,0,user_436665
FAC20250716119606,FAC20250716119606,Entertainment,Spanish,Video,Asia,2244,0,user_250221
FAC20250716119609,FAC20250716119609,AI/ML,Korean,Text,North America,1966,0,user_70234
FAC20250716119625,FAC20250716119625,Education,English,Image,North America,14,0,user_369297
FAC20250716119639,FAC20250716119639,AI/ML,English,Image,Asia,358343,1,user_294229
FAC20250716119649,FAC20250716119649,Food,Portuguese,Image,Europe,707,0,user_299298
FAC20250716119663,FAC20250716119663,Politics,English,Video,North America,1427,0,user_179971
FAC20250716119686,FAC20250716119686,Sports,Arabic,Text,North America,551,0,user_486886
FAC20250716119694,FAC20250716119694,Business,English,Image,Asia,234,0,user_374897
FAC20250716119716,FAC20250716119716,Business,Arabic,Text,Europe,2453,1,user_400001
FAC20250716119749,FAC20250716119749,Technology,English,Text,North America,5,0,user_309449
FAC20250716119764,FAC20250716119764,Business,Spanish,Text,North America,420554,1,user_288141
FAC20250716119784,FAC20250716119784,AI/ML,English,Video,Europe,303,0,user_188882
FAC20250717119799,FAC20250717119799,Climate,English,Link,North America,590,0,user_466801
FAC20250717119892,FAC20250717119892,AI/ML,German,Text,Africa,345,0,user_260711
FAC20250717119921,FAC20250717119921,Sports,Japanese,Text,North America,4003,0,user_372806
FAC20250717119924,FAC20250717119924,Travel,English,Link,Asia,38,0,user_251126
FAC20250717119941,FAC20250717119941,AI/ML,English,Image,North America,2439,0,user_475913
FAC20250717119965,FAC20250717119965,Gaming,English,Video,North America,284,0,user_359336
FAC20250717119972,FAC20250717119972,Education,English,Image,Europe,13565,1,user_41810
FAC20250717119994,FAC20250717119994,Food,English,Link,Asia,100,0,user_183806
FAC20250717120005,FAC20250717120005,Finance,English,Text,North America,113,0,user_478892
FAC20250717120035,FAC20250717120035,Food,English,Image,Europe,115719,1,user_180917
FAC20250717120041,FAC20250717120041,Health,English,Text,Europe,449,0,user_407826
FAC20250717120066,FAC20250717120066,Business,Portuguese,Video,Asia,873,0,user_203391
FAC20250717120072,FAC20250717120072,Climate,English,Text,Africa,1219,0,user_232994
FAC20250717120081,FAC20250717120081,Fashion,Japanese,Image,Asia,944,0,user_13623
FAC20250717120100,FAC20250717120100,Business,English,Text,Asia,396,0,user_79323
FAC20250718120123,FAC20250718120123,Entertainment,English,Text,Europe,381,0,user_183326
FAC20250718120126,FAC20250718120126,Health,English,Text,North America,405,0,user_99214
FAC20250718120129,FAC20250718120129,Business,Hindi,Text,North America,4020,0,user_39794
FAC20250718120144,FAC20250718120144,Travel,Spanish,Text,South America,797,0,user_492764
FAC20250718120249,FAC20250718120249,Business,English,Image,Europe,5268,0,user_93829
FAC20250718120251,FAC20250718120251,Finance,Portuguese,Text,Europe,111,0,user_445677
FAC20250718120254,FAC20250718120254,Business,English,Image,Unknown,436040,1,user_357637
FAC20250718120264,FAC20250718120264,Health,Spanish,Link,Africa,27,0,user_345083
FAC20250718120265,FAC20250718120265,Technology,Spanish,Video,North America,15424,1,user_17062
FAC20250718120280,FAC20250718120280,Gaming,English,Text,Asia,186,0,user_380249
FAC20250718120308,FAC20250718120308,Finance,German,Image,Europe,42551,1,user_186306
FAC20250718120311,FAC20250718120311,Business,Portuguese,Image,North America,543,0,user_71936
FAC20250718120330,FAC20250718120330,Technology,Arabic,Video,Europe,13942,0,user_149996
FAC20250718120333,FAC20250718120333,Education,English,Text,Africa,5057,1,user_219526
FAC20250718120339,FAC20250718120339,Climate,English,Poll,Asia,687,0,user_462704
FAC20250718120346,FAC20250718120346,Food,Portuguese,Text,Asia,4344,0,user_38999
FAC20250718120419,FAC20250718120419,AI/ML,Spanish,Video,North America,6,0,user_56493
FAC20250718120426,FAC20250718120426,Health,Portuguese,Link,North America,10,0,user_501
FAC20250719120460,FAC20250719120460,AI/ML,English,Image,Asia,428,1,user_79177
FAC20250719120493,FAC20250719120493,Food,Spanish,Image,North America,25180,1,user_214515
FAC20250719120565,FAC20250719120565,Finance,English,Image,Asia,527,0,user_84086
FAC20250719120571,FAC20250719120571,Food,Korean,Text,Asia,4822,0,user_21146
FAC20250719120605,FAC20250719120605,Education,Arabic,Image,Asia,12955,0,user_271442
FAC20250719120632,FAC20250719120632,Gaming,English,Link,North America,168,0,user_19184
FAC20250719120650,FAC20250719120650,Health,Japanese,Image,South America,1623,0,user_293146
FAC20250719120682,FAC20250719120682,AI/ML,Portuguese,Image,North America,24,0,user_392433
FAC20250719120685,FAC20250719120685,Food,Spanish,Image,Asia,2975,1,user_474290
FAC20250719120718,FAC20250719120718,Gaming,English,Image,Asia,667,0,user_388392
FAC20250719120719,FAC20250719120719,Travel,English,Link,Africa,25710,0,user_185013
FAC20250719120728,FAC20250719120728,Food,Spanish,Text,Asia,31529,1,user_44374
FAC20250720120762,FAC20250720120762,Business,Japanese,Video,Europe,468,0,user_228368
FAC20250720120782,FAC20250720120782,Business,Korean,Image,North America,413,0,user_327239
FAC20250720120789,FAC20250720120789,Finance,Japanese,Video,South America,1094,0,user_71546
FAC20250720120814,FAC20250720120814,Fashion,English,Text,South America,4410,0,user_68187
FAC20250720120820,FAC20250720120820,Science,English,Link,Europe,168,0,user_404036
FAC20250720120846,FAC20250720120846,AI/ML,Japanese,Image,Asia,1554,0,user_168013
FAC20250720120851,FAC20250720120851,Health,English,Text,Oceania,24764,1,user_102812
FAC20250720120882,FAC20250720120882,Sports,English,Link,Africa,1248,0,user_393817
FAC20250720120925,FAC20250720120925,Travel,Japanese,Link,North America,32616,1,user_380367
FAC20250720121001,FAC20250720121001,Sports,English,Link,Europe,129,0,user_149673
FAC20250720121008,FAC20250720121008,Fashion,Spanish,Text,Unknown,17092,1,user_392293
FAC20250720121054,FAC20250720121054,AI/ML,English,Image,North America,253,0,user_377263
FAC20250720121101,FAC20250720121101,Business,German,Link,Oceania,10,0,user_494630
FAC20250721121147,FAC20250721121147,Technology,English,Image,North America,13263,0,user_365798
FAC20250721121191,FAC20250721121191,Sports,Spanish,Text,Africa,673,0,user_295485
FAC20250721121195,FAC20250721121195,Travel,English,Image,North America,1972,1,user_438102
FAC20250721121201,FAC20250721121201,Sports,German,Poll,Europe,1627,0,user_399837
FAC20250721121207,FAC20250721121207,Science,English,Poll,North America,823,0,user_98534
FAC20250721121217,FAC20250721121217,Gaming,English,Video,Asia,11,0,user_81478
FAC20250721121300,FAC20250721121300,Climate,English,Text,Europe,5825,0,user_447463
FAC20250721121332,FAC20250721121332,Sports,German,Image,Asia,76,0,user_378088
FAC20250721121366,FAC20250721121366,Food,English,Image,North America,11158,0,user_287579
FAC20250722121472,FAC20250722121472,Fashion,Portuguese,Link,South America,116525,1,user_326309
FAC20250722121524,FAC20250722121524,Technology,English,Image,North America,4240,0,user_377701
FAC20250722121548,FAC20250722121548,Food,Korean,Poll,Europe,531,0,user_85351
FAC20250722121558,FAC20250722121558,Sports,French,Image,Oceania,204285,1,user_48528
FAC20250722121575,FAC20250722121575,Travel,Korean,Video,Europe,2287,0,user_292004
FAC20250722121578,FAC20250722121578,Health,English,Video,Asia,9915,0,user_323158
FAC20250722121583,FAC20250722121583,Business,French,Video,Asia,721,0,user_473130
FAC20250722121604,FAC20250722121604,Sports,English,Poll,Oceania,241,0,user_73705
FAC20250722121605,FAC20250722121605,AI/ML,German,Image,Europe,1032,0,user_30627
FAC20250722121630,FAC20250722121630,Politics,English,Video,North America,6375,0,user_250947
FAC20250722121719,FAC20250722121719,Politics,English,Image,Europe,358,0,user_194153
FAC20250722121730,FAC20250722121730,Education,English,Image,North America,2574,0,user_461604
FAC20250723121750,FAC20250723121750,Health,Hindi,Video,Europe,134,0,user_211671
FAC20250723121763,FAC20250723121763,Health,English,Text,North America,15970,0,user_281435
FAC20250723121778,FAC20250723121778,Business,English,Text,North America,2,0,user_22953
FAC20250723121788,FAC20250723121788,Health,German,Video,Oceania,24424,0,user_332980
FAC20250723121790,FAC20250723121790,Education,Japanese,Video,Europe,107,0,user_317620
FAC20250723121801,FAC20250723121801,Health,English,Text,North America,1457,0,user_121590
FAC20250723121820,FAC20250723121820,Business,Japanese,Text,Europe,54,0,user_239811
FAC20250723121827,FAC20250723121827,Sports,Spanish,Image,North America,338,0,user_445929
FAC20250723121845,FAC20250723121845,Finance,French,Text,Asia,787,0,user_44284
FAC20250723121945,FAC20250723121945,Business,English,Image,South America,1,0,user_24133
FAC20250724122047,FAC20250724122047,Health,Portuguese,Image,Oceania,81,0,user_177356
FAC20250724122074,FAC20250724122074,Technology,English,Poll,North America,138,1,user_8398
FAC20250724122092,FAC20250724122092,AI/ML,English,Video,Europe,126,0,user_463479
FAC20250724122153,FAC20250724122153,Sports,English,Text,Europe,5023,0,user_183882
FAC20250724122162,FAC20250724122162,Food,English,Image,Asia,728,0,user_95146
FAC20250724122168,FAC20250724122168,Gaming,English,Text,Europe,619,0,user_314322
FAC20250724122199,FAC20250724122199,Technology,German,Poll,Africa,2186,0,user_181
FAC20250724122244,FAC20250724122244,Gaming,English,Text,North America,5596,1,user_71490
FAC20250724122245,FAC20250724122245,Technology,English,Video,North America,1204,0,user_220714
FAC20250724122268,FAC20250724122268,Politics,Spanish,Text,Asia,60010,1,user_46084
FAC20250724122280,FAC20250724122280,Science,English,Text,Asia,2251,0,user_61259
FAC20250724122309,FAC20250724122309,Politics,English,Link,Europe,2949,0,user_334972
FAC20250724122311,FAC20250724122311,AI/ML,Hindi,Image,Europe,14767,1,user_465325
FAC20250724122322,FAC20250724122322,Education,English,Video,North America,19,0,user_468273
FAC20250724122328,FAC20250724122328,Travel,English,Image,South America,1799,1,user_484700
FAC20250725122330,FAC20250725122330,Business,French,Text,Unknown,5510,0,user_487098
FAC20250725122332,FAC20250725122332,Fashion,Spanish,Video,North America,9730,1,user_186618
FAC20250725122354,FAC20250725122354,Food,Spanish,Text,South America,233,0,user_373213
FAC20250725122387,FAC20250725122387,Health,Japanese,Poll,Europe,46914,1,user_489571
FAC20250725122437,FAC20250725122437,Business,Portuguese,Text,North America,130,0,user_274496
FAC20250725122482,FAC20250725122482,Science,English,Video,Asia,2940,0,user_52593
FAC20250725122497,FAC20250725122497,Education,English,Video,Asia,8798,0,user_141073
FAC20250725122498,FAC20250725122498,Finance,Japanese,Link,North America,6543,0,user_336241
FAC20250725122512,FAC20250725122512,Food,English,Text,Asia,139,0,user_198536
FAC20250725122540,FAC20250725122540,Entertainment,English,Image,North America,1464,0,user_163618
FAC20250725122546,FAC20250725122546,Sports,Arabic,Video,Europe,1913,0,user_51882
FAC20250725122549,FAC20250725122549,Food,English,Text,North America,4240,0,user_327031
FAC20250725122581,FAC20250725122581,Sports,French,Link,Asia,727,0,user_331340
FAC20250725122593,FAC20250725122593,Food,Hindi,Text,North America,1123,0,user_187766
FAC20250725122609,FAC20250725122609,Entertainment,English,Text,Asia,165254,1,user_188678
FAC20250725122613,FAC20250725122613,Climate,English,Video,North America,1427,0,user_194455
FAC20250725122620,FAC20250725122620,Entertainment,English,Image,Europe,163256,1,user_330375
FAC20250725122643,FAC20250725122643,Politics,English,Text,North America,5683,1,user_216265
FAC20250725122646,FAC20250725122646,Food,Hindi,Text,North America,2304,0,user_58098
FAC20250726122651,FAC20250726122651,Sports,French,Video,North America,3621,1,user_82250
FAC20250726122691,FAC20250726122691,Sports,Spanish,Text,Asia,882,0,user_126708
FAC20250726122713,FAC20250726122713,Climate,Arabic,Image,South America,8839,1,user_96444
FAC20250726122725,FAC20250726122725,Sports,English,Image,Asia,1458,0,user_437104
FAC20250726122734,FAC20250726122734,Sports,English,Text,North America,2060,0,user_197158
FAC20250726122750,FAC20250726122750,Finance,English,Video,Asia,22,0,user_378314
FAC20250726122816,FAC20250726122816,AI/ML,Spanish,Video,Asia,186,0,user_166354
FAC20250726122829,FAC20250726122829,Education,English,Image,Asia,861,0,user_123018
FAC20250726122832,FAC20250726122832,AI/ML,English,Text,North America,899,0,user_326861
FAC20250726122847,FAC20250726122847,Politics,English,Text,Asia,3003,0,user_213461
FAC20250726122863,FAC20250726122863,Health,English,Image,Europe,129397,1,user_319298
FAC20250726122921,FAC20250726122921,Sports,English,Image,South America,607,0,user_273746
FAC20250726122928,FAC20250726122928,Health,French,Text,North America,1090,0,user_63821
FAC20250726122937,FAC20250726122937,Entertainment,Japanese,Video,Africa,2089,0,user_497346
FAC20250726122963,FAC20250726122963,Travel,English,Text,Africa,538,0,user_158040
FAC20250726122971,FAC20250726122971,Entertainment,Portuguese,Link,Europe,186,0,user_277318
FAC20250726122978,FAC20250726122978,Education,English,Image,Oceania,108,0,user_344617
FAC20250727123022,FAC20250727123022,Business,English,Text,North America,1149,0,user_118953
FAC20250727123025,FAC20250727123025,Entertainment,English,Video,South America,572,0,user_430205
FAC20250727123031,FAC20250727123031,Politics,Japanese,Image,North America,1544,0,user_332916
FAC20250727123050,FAC20250727123050,Business,Spanish,Video,North America,2101,1,user_170120
FAC20250727123070,FAC20250727123070,Health,English,Video,Asia,729,0,user_365119
FAC20250727123072,FAC20250727123072,Entertainment,English,Text,Unknown,11062,1,user_148911
FAC20250727123114,FAC20250727123114,Health,English,Text,Unknown,366,0,user_48358
FAC20250727123118,FAC20250727123118,Finance,English,Image,North America,139,0,user_248835
FAC20250727123135,FAC20250727123135,Fashion,English,Video,North America,2818,0,user_255284
FAC20250727123139,FAC20250727123139,Gaming,Spanish,Poll,Asia,156,0,user_450970
FAC20250727123147,FAC20250727123147,Food,English,Image,Africa,338,0,user_13918
FAC20250727123155,FAC20250727123155,Food,Arabic,Link,Asia,137,0,user_327387
FAC20250727123162,FAC20250727123162,Health,English,Image,North America,34,0,user_263768
FAC20250727123169,FAC20250727123169,Science,English,Image,Europe,6657,1,user_6329
FAC20250727123178,FAC20250727123178,Business,German,Image,North America,13660,0,user_309339
FAC20250727123182,FAC20250727123182,Business,English,Image,North America,6,0,user_407485
FAC20250727123190,FAC20250727123190,Politics,English,Poll,Asia,5071,0,user_247261
FAC20250727123191,FAC20250727123191,Travel,Spanish,Text,Africa,1759,1,user_74770
FAC20250727123222,FAC20250727123222,Business,Portuguese,Link,Oceania,230,0,user_404359
FAC20250727123237,FAC20250727123237,Entertainment,English,Text,Europe,1842,0,user_378529
FAC20250727123241,FAC20250727123241,Climate,English,Link,Asia,4725,1,user_401771
FAC20250727123250,FAC20250727123250,Business,English,Image,Europe,84,0,user_450216
FAC20250727123259,FAC20250727123259,Gaming,English,Text,North America,772,0,user_292119
FAC20250727123290,FAC20250727123290,Sports,English,Video,South America,309,0,user_40882
FAC20250728123369,FAC20250728123369,Business,English,Image,Asia,13802,0,user_269609
FAC20250728123380,FAC20250728123380,Finance,English,Video,North America,44082,1,user_447934
FAC20250728123448,FAC20250728123448,Climate,English,Text,North America,2421,1,user_271483
FAC20250728123458,FAC20250728123458,Education,English,Video,Europe,425,0,user_132261
FAC20250728123462,FAC20250728123462,Science,English,Poll,Asia,555,1,user_436281
FAC20250728123468,FAC20250728123468,Fashion,Spanish,Text,Asia,45,0,user_409300
FAC20250728123531,FAC20250728123531,Politics,English,Text,North America,277,0,user_91243
FAC20250728123536,FAC20250728123536,Fashion,English,Image,North America,11,0,user_497133
FAC20250728123589,FAC20250728123589,Fashion,English,Text,Unknown,43,0,user_335478
FAC20250728123619,FAC20250728123619,Food,Spanish,Poll,South America,881078,1,user_49839
FAC20250729123632,FAC20250729123632,AI/ML,English,Image,Asia,24164,0,user_125202
FAC20250729123657,FAC20250729123657,Entertainment,English,Text,Asia,44,0,user_297441
FAC20250729123679,FAC20250729123679,Science,Portuguese,Video,Asia,4645,0,user_433817
FAC20250729123743,FAC20250729123743,Gaming,English,Video,Asia,1515,0,user_382581
FAC20250729123744,FAC20250729123744,Finance,Arabic,Image,Europe,411,0,user_317716
FAC20250729123779,FAC20250729123779,Politics,English,Text,North America,400,0,user_209152
FAC20250729123826,FAC20250729123826,Travel,English,Image,North America,221,0,user_257933
FAC20250729123844,FAC20250729123844,Health,Spanish,Image,South America,17,0,user_358063
FAC20250729123848,FAC20250729123848,Science,English,Video,Asia,3273,0,user_322019
FAC20250729123866,FAC20250729123866,Finance,Hindi,Image,North America,9727,1,user_483085
FAC20250729123909,FAC20250729123909,Food,French,Text,North America,1178,0,user_452339
FAC20250729123919,FAC20250729123919,Entertainment,English,Text,Asia,10447,1,user_446605
FAC20250730123952,FAC20250730123952,Climate,English,Video,North America,913,0,user_121295
FAC20250730123989,FAC20250730123989,Technology,English,Image,Asia,938,1,user_153276
FAC20250730124000,FAC20250730124000,Entertainment,Japanese,Image,Unknown,13563,1,user_252383
FAC20250730124004,FAC20250730124004,Finance,English,Link,Asia,17777,1,user_322399
FAC20250730124014,FAC20250730124014,Sports,French,Video,North America,790,0,user_150240
FAC20250730124019,FAC20250730124019,AI/ML,Spanish,Image,Asia,102207,1,user_291982
FAC20250730124042,FAC20250730124042,Politics,French,Image,Asia,229,0,user_124904
FAC20250730124044,FAC20250730124044,Climate,English,Image,North America,17990,1,user_224973
FAC20250730124061,FAC20250730124061,Gaming,English,Text,North America,17277,1,user_51317
FAC20250730124066,FAC20250730124066,Health,English,Text,Asia,413,0,user_180380
FAC20250730124072,FAC20250730124072,Travel,German,Video,Europe,12322,0,user_383705
FAC20250730124079,FAC20250730124079,AI/ML,English,Image,North America,811,0,user_31551
FAC20250730124172,FAC20250730124172,Health,German,Image,Unknown,492,0,user_65067
FAC20250730124174,FAC20250730124174,Travel,English,Text,North America,17681,1,user_39961
FAC20250730124187,FAC20250730124187,Business,Spanish,Video,Asia,11468,0,user_253125
FAC20250730124213,FAC20250730124213,Sports,English,Link,North America,35,0,user_215442
FAC20250730124218,FAC20250730124218,AI/ML,English,Text,Europe,5697,0,user_309631
FAC20250730124256,FAC20250730124256,Travel,Spanish,Video,North America,80,0,user_45437
FAC20250731124314,FAC20250731124314,Finance,Hindi,Image,Asia,128,0,user_414572
FAC20250731124343,FAC20250731124343,Food,Japanese,Text,North America,14,0,user_160382
FAC20250731124365,FAC20250731124365,Finance,Chinese,Image,Oceania,67358,1,user_283322
FAC20250731124384,FAC20250731124384,Sports,English,Text,Europe,38977,1,user_448610
FAC20250731124393,FAC20250731124393,Travel,English,Video,North America,151,0,user_188901
FAC20250731124403,FAC20250731124403,Travel,Chinese,Text,Europe,152,0,user_400965
FAC20250731124409,FAC20250731124409,AI/ML,Japanese,Text,Asia,3047,0,user_351548
FAC20250731124469,FAC20250731124469,Food,Portuguese,Image,North America,256,0,user_382608
FAC20250731124497,FAC20250731124497,Health,Portuguese,Image,Asia,4097,0,user_269840
FAC20250731124511,FAC20250731124511,Finance,Japanese,Image,Africa,11,0,user_310655
FAC20250731124548,FAC20250731124548,Gaming,English,Video,North America,7673,1,user_186870
FAC20250731124550,FAC20250731124550,Technology,English,Link,Europe,14875,0,user_408166
FAC20250731124552,FAC20250731124552,Education,English,Video,Asia,8253,1,user_318904
FAC20250801124581,FAC20250801124581,AI/ML,English,Text,Europe,11210,0,user_197315
FAC20250801124592,FAC20250801124592,Science,English,Image,Asia,11148,0,user_294584
FAC20250801124602,FAC20250801124602,Health,French,Video,North America,8933,0,user_121471
FAC20250801124629,FAC20250801124629,Gaming,Portuguese,Text,Europe,38,0,user_235078
FAC20250801124646,FAC20250801124646,Entertainment,Hindi,Text,Europe,8650,0,user_210381
FAC20250801124647,FAC20250801124647,Science,English,Text,North America,7148,0,user_256554
FAC20250801124649,FAC20250801124649,Entertainment,English,Image,Asia,1870,0,user_458096
FAC20250801124658,FAC20250801124658,Gaming,English,Video,North America,301,0,user_49343
FAC20250801124683,FAC20250801124683,Travel,English,Link,North America,1003,0,user_128165
FAC20250801124719,FAC20250801124719,Business,English,Image,Europe,6041,0,user_220725
FAC20250801124750,FAC20250801124750,Business,Hindi,Image,North America,155503,1,user_22357
FAC20250801124765,FAC20250801124765,Sports,Hindi,Image,Unknown,19925,0,user_108460
FAC20250801124771,FAC20250801124771,Fashion,Spanish,Image,North America,614,0,user_344958
FAC20250801124835,FAC20250801124835,Science,English,Video,Asia,67,0,user_17383
FAC20250801124849,FAC20250801124849,Science,Korean,Image,North America,183,0,user_89958
FAC20250801124883,FAC20250801124883,Science,English,Text,Europe,66,0,user_414307
FAC20250802124938,FAC20250802124938,Entertainment,English,Image,North America,975,0,user_452410
FAC20250802124993,FAC20250802124993,Gaming,Spanish,Video,North America,147,0,user_41912
FAC20250802124996,FAC20250802124996,Entertainment,Spanish,Image,Europe,2698,0,user_329617
FAC20250802124997,FAC20250802124997,Finance,Arabic,Video,North America,64,0,user_461558
FAC20250802124998,FAC20250802124998,Education,Spanish,Image,Asia,1011,0,user_499136
FAC20250802125016,FAC20250802125016,Science,English,Video,North America,2027,0,user_438240
FAC20250802125082,FAC20250802125082,Sports,English,Image,North America,278,0,user_301709
FAC20250802125092,FAC20250802125092,Education,Spanish,Video,Europe,2182,0,user_93905
FAC20250802125098,FAC20250802125098,Politics,Japanese,Image,Asia,628,1,user_424926
FAC20250802125152,FAC20250802125152,Technology,English,Link,Asia,741,1,user_244608
FAC20250802125156,FAC20250802125156,AI/ML,English,Image,North America,29026,1,user_143825
FAC20250802125166,FAC20250802125166,Fashion,English,Image,North America,1110,0,user_9784
FAC20250802125189,FAC20250802125189,Climate,English,Video,North America,25596,0,user_274916
FAC20250802125190,FAC20250802125190,Business,English,Video,Europe,712,0,user_111056
FAC20250802125204,FAC20250802125204,Sports,English,Image,Asia,371329,1,user_102364
FAC20250802125209,FAC20250802125209,Technology,Arabic,Text,Asia,476,0,user_308812
FAC20250802125213,FAC20250802125213,Technology,French,Link,Europe,49,0,user_43904
FAC20250803125250,FAC20250803125250,Education,English,Poll,Europe,49018,1,user_150077
FAC20250803125251,FAC20250803125251,Climate,Spanish,Video,Asia,7689,1,user_417393
FAC20250803125262,FAC20250803125262,Finance,French,Text,Europe,191,0,user_349321
FAC20250803125339,FAC20250803125339,Entertainment,Chinese,Text,Europe,15,0,user_291479
FAC20250803125360,FAC20250803125360,Fashion,Spanish,Text,Europe,152603,1,user_295379
FAC20250803125386,FAC20250803125386,Health,English,Image,North America,118,0,user_497945
FAC20250803125388,FAC20250803125388,Education,Hindi,Text,North America,1531,0,user_134316
FAC20250803125400,FAC20250803125400,Travel,Hindi,Link,South America,1078,0,user_44475
FAC20250803125429,FAC20250803125429,Finance,Portuguese,Text,Asia,893,1,user_476868
FAC20250803125435,FAC20250803125435,Food,Japanese,Text,North America,61,0,user_153182
FAC20250803125468,FAC20250803125468,AI/ML,English,Text,North America,1405,0,user_14786
FAC20250803125471,FAC20250803125471,Entertainment,English,Image,North America,4163,1,user_198982
FAC20250803125486,FAC20250803125486,Travel,German,Poll,Asia,12569,0,user_293039
FAC20250803125492,FAC20250803125492,Travel,English,Poll,South America,7599,0,user_497201
FAC20250803125497,FAC20250803125497,Education,German,Text,Asia,5659,0,user_421920
FAC20250803125499,FAC20250803125499,Technology,English,Text,Asia,465,0,user_259838
FAC20250804125593,FAC20250804125593,Finance,English,Image,Asia,251,0,user_434142
FAC20250804125610,FAC20250804125610,Fashion,Japanese,Text,North America,6,0,user_394441
FAC20250804125611,FAC20250804125611,Entertainment,English,Link,Africa,469,0,user_30395
FAC20250804125664,FAC20250804125664,Health,Spanish,Video,North America,6021,0,user_410802
FAC20250804125669,FAC20250804125669,Finance,English,Image,Europe,403,0,user_430045
FAC20250804125676,FAC20250804125676,Sports,English,Text,Asia,6131,1,user_306053
FAC20250804125699,FAC20250804125699,Sports,English,Text,Asia,416,0,user_121257
FAC20250804125703,FAC20250804125703,Sports,English,Image,South America,6539,1,user_447489
FAC20250804125719,FAC20250804125719,Food,English,Image,North America,46,0,user_393989
FAC20250804125720,FAC20250804125720,Food,Portuguese,Text,North America,360,0,user_280285
FAC20250804125733,FAC20250804125733,Gaming,English,Image,Asia,4625,1,user_160011
FAC20250804125734,FAC20250804125734,Travel,English,Video,North America,944,0,user_434495
FAC20250804125756,FAC20250804125756,Entertainment,Spanish,Video,North America,3013,1,user_404346
FAC20250804125764,FAC20250804125764,Climate,Chinese,Text,South America,42,0,user_69838
FAC20250804125792,FAC20250804125792,Technology,Spanish,Text,North America,157955,1,user_386961
FAC20250804125795,FAC20250804125795,Technology,German,Image,South America,1091,0,user_204046
FAC20250804125818,FAC20250804125818,AI/ML,English,Video,Europe,321,0,user_405501
FAC20250804125830,FAC20250804125830,Science,English,Video,North America,399,0,user_4671
FAC20250804125856,FAC20250804125856,Climate,English,Image,North America,26,0,user_479429
FAC20250804125857,FAC20250804125857,Entertainment,English,Text,Asia,231,0,user_265697
FAC20250805125894,FAC20250805125894,Business,English,Video,Asia,186,0,user_341722
FAC20250805125895,FAC20250805125895,AI/ML,English,Video,North America,7571,0,user_201487
FAC20250805125900,FAC20250805125900,Technology,Hindi,Link,Unknown,2218,0,user_52923
FAC20250805125925,FAC20250805125925,Health,English,Video,Asia,8598,0,user_28417
FAC20250805125986,FAC20250805125986,Health,Arabic,Text,Asia,2338,0,user_441855
FAC20250805126001,FAC20250805126001,Food,Japanese,Video,Asia,1104,1,user_187274
FAC20250805126029,FAC20250805126029,Fashion,German,Text,South America,41812,1,user_147766
FAC20250805126036,FAC20250805126036,AI/ML,English,Image,North America,59,0,user_32869
FAC20250805126041,FAC20250805126041,Entertainment,English,Video,Europe,168,0,user_154666
FAC20250805126042,FAC20250805126042,Health,English,Video,North America,6274,0,user_81030
FAC20250805126050,FAC20250805126050,Technology,English,Image,North America,1814,0,user_102744
FAC20250805126097,FAC20250805126097,Gaming,Arabic,Video,Asia,7083,0,user_408599
FAC20250805126117,FAC20250805126117,AI/ML,Spanish,Text,North America,220,0,user_5974
FAC20250805126135,FAC20250805126135,Sports,English,Text,Europe,12593,1,user_140506
FAC20250806126188,FAC20250806126188,Health,English,Video,Asia,190,0,user_8210
FAC20250806126200,FAC20250806126200,Climate,English,Image,North America,4010,0,user_109469
FAC20250806126217,FAC20250806126217,Health,Arabic,Video,Africa,7496,1,user_413061
FAC20250806126256,FAC20250806126256,Politics,Spanish,Text,North America,14577,0,user_67815
FAC20250806126294,FAC20250806126294,Health,English,Text,Asia,9052,0,user_113685
FAC20250806126307,FAC20250806126307,Education,English,Link,Europe,999,0,user_9921
FAC20250806126321,FAC20250806126321,Finance,Arabic,Text,North America,145,0,user_326219
FAC20250806126367,FAC20250806126367,Entertainment,Portuguese,Poll,Unknown,27900,1,user_278162
FAC20250806126384,FAC20250806126384,Food,German,Image,Unknown,56489,1,user_222436
FAC20250806126422,FAC20250806126422,Finance,Japanese,Image,Asia,1150,0,user_206033
FAC20250806126443,FAC20250806126443,Finance,Spanish,Image,Oceania,85018,0,user_497772
FAC20250806126445,FAC20250806126445,Finance,Portuguese,Image,South America,887,0,user_317734
FAC20250806126455,FAC20250806126455,Food,English,Text,North America,731,0,user_118544
FAC20250806126470,FAC20250806126470,Fashion,Portuguese,Video,North America,876,0,user_53919
FAC20250806126477,FAC20250806126477,Business,English,Text,North America,2922,0,user_85662
FAC20250807126504,FAC20250807126504,Entertainment,English,Link,Europe,4954,1,user_95089
FAC20250807126510,FAC20250807126510,Politics,English,Text,North America,17687,0,user_365841
FAC20250807126514,FAC20250807126514,Technology,Spanish,Image,Oceania,4629,0,user_126744
FAC20250807126519,FAC20250807126519,Entertainment,English,Video,South America,7403,0,user_364106
FAC20250807126571,FAC20250807126571,Travel,English,Video,Unknown,568,0,user_217601
FAC20250807126659,FAC20250807126659,Climate,Spanish,Image,Europe,13643,1,user_437886
FAC20250807126673,FAC20250807126673,Business,Portuguese,Text,Oceania,4963,1,user_242868
FAC20250807126681,FAC20250807126681,Entertainment,English,Link,North America,27192,0,user_498132
FAC20250807126682,FAC20250807126682,Science,Arabic,Video,Europe,3192,0,user_265725
FAC20250807126717,FAC20250807126717,Technology,English,Text,Unknown,1100,0,user_194029
FAC20250807126718,FAC20250807126718,Sports,Spanish,Video,Asia,810,0,user_131653
FAC20250807126723,FAC20250807126723,Food,Spanish,Link,Europe,1222,0,user_469908
FAC20250807126777,FAC20250807126777,Politics,English,Text,South America,4588,0,user_119948
FAC20250807126793,FAC20250807126793,Education,Arabic,Text,Asia,465,0,user_321686
FAC20250808126845,FAC20250808126845,Food,Spanish,Text,Asia,8,0,user_375893
FAC20250808126904,FAC20250808126904,Health,English,Link,North America,1256,0,user_475168
FAC20250808126913,FAC20250808126913,Health,English,Text,Unknown,254,0,user_455302
FAC20250808126945,FAC20250808126945,Health,Spanish,Image,Asia,833,0,user_91270
FAC20250808126947,FAC20250808126947,Entertainment,Spanish,Video,Europe,129,0,user_299285
FAC20250808126990,FAC20250808126990,Gaming,Japanese,Text,North America,1150,1,user_253564
FAC20250808127112,FAC20250808127112,Gaming,French,Text,North America,11693,1,user_400616
FAC20250808127113,FAC20250808127113,Finance,Korean,Image,North America,4,0,user_481289
FAC20250808127135,FAC20250808127135,Entertainment,English,Image,Asia,2,0,user_349703
FAC20250808127156,FAC20250808127156,Education,English,Text,Asia,2017,0,user_143282
FAC20250809127172,FAC20250809127172,Sports,Japanese,Video,Asia,47,0,user_479546
FAC20250809127237,FAC20250809127237,Gaming,English,Image,Europe,447,0,user_283359
FAC20250809127315,FAC20250809127315,Technology,English,Text,North America,20,0,user_39078
FAC20250809127339,FAC20250809127339,Technology,Spanish,Video,Asia,42,0,user_7889
FAC20250809127346,FAC20250809127346,Entertainment,English,Image,North America,1244,0,user_483704
FAC20250809127368,FAC20250809127368,Health,English,Image,North America,211,0,user_224628
FAC20250809127377,FAC20250809127377,Food,Hindi,Link,Oceania,2406,0,user_323542
FAC20250809127383,FAC20250809127383,Finance,English,Text,Unknown,24412,1,user_141637
FAC20250809127424,FAC20250809127424,Climate,English,Video,Europe,3067,0,user_4008
FAC20250809127433,FAC20250809127433,Technology,Arabic,Video,Africa,16153,1,user_127961
FAC20250809127459,FAC20250809127459,Science,Japanese,Image,Europe,24,0,user_381058
FAC20250809127472,FAC20250809127472,Politics,English,Video,Asia,253,0,user_376299
FAC20250809127474,FAC20250809127474,Education,Spanish,Image,North America,1206,0,user_493945
FAC20250809127479,FAC20250809127479,Business,English,Image,North America,188,1,user_169580
FAC20250810127504,FAC20250810127504,Science,French,Text,Europe,68191,1,user_240909
FAC20250810127519,FAC20250810127519,AI/ML,Spanish,Text,Europe,82,0,user_160578
FAC20250810127541,FAC20250810127541,Fashion,English,Image,North America,6774,0,user_215145
FAC20250810127561,FAC20250810127561,Science,English,Video,Europe,4302,0,user_417650
FAC20250810127573,FAC20250810127573,Science,Spanish,Image,North America,41593,1,user_499069
FAC20250810127599,FAC20250810127599,Gaming,Spanish,Text,Asia,560,0,user_285108
FAC20250810127617,FAC20250810127617,Technology,Portuguese,Poll,Asia,1788,0,user_82738
FAC20250810127628,FAC20250810127628,Science,Spanish,Video,North America,2334,1,user_50512
FAC20250810127678,FAC20250810127678,Entertainment,Spanish,Link,Unknown,18575,1,user_474766
FAC20250810127683,FAC20250810127683,Food,Spanish,Video,Europe,40,0,user_459748
FAC20250810127687,FAC20250810127687,AI/ML,Spanish,Link,North America,160884,1,user_115818
FAC20250810127711,FAC20250810127711,Science,English,Image,South America,5844,0,user_211896
FAC20250810127714,FAC20250810127714,AI/ML,English,Image,Oceania,245,0,user_65883
FAC20250810127741,FAC20250810127741,Education,English,Text,Asia,627,0,user_234830
FAC20250810127746,FAC20250810127746,Politics,English,Video,South America,1197,0,user_321842
FAC20250810127754,FAC20250810127754,Education,English,Image,Asia,4394,1,user_42822
FAC20250811127834,FAC20250811127834,Climate,English,Text,North America,700,0,user_377900
FAC20250811127846,FAC20250811127846,Science,Portuguese,Text,North America,1454,0,user_370542
FAC20250811127847,FAC20250811127847,AI/ML,English,Text,Europe,72821,0,user_188291
FAC20250811127851,FAC20250811127851,Fashion,English,Video,Asia,291,0,user_336064
FAC20250811127862,FAC20250811127862,Finance,English,Text,North America,64,0,user_60178
FAC20250811127874,FAC20250811127874,Technology,Korean,Image,North America,2789,1,user_73470
FAC20250811127876,FAC20250811127876,Travel,Hindi,Text,North America,11404,0,user_148496
FAC20250811127891,FAC20250811127891,AI/ML,English,Image,North America,9210,1,user_388650
FAC20250811127898,FAC20250811127898,Food,German,Link,Asia,3902,0,user_405810
FAC20250811127917,FAC20250811127917,Gaming,English,Image,Oceania,1193,0,user_203317
FAC20250811128001,FAC20250811128001,Travel,English,Link,North America,3497,0,user_261491
FAC20250811128022,FAC20250811128022,Politics,Portuguese,Image,Europe,325,0,user_44005
FAC20250811128026,FAC20250811128026,Politics,English,Image,North America,51,0,user_177684
FAC20250811128029,FAC20250811128029,Technology,English,Text,North America,3952,0,user_21314
FAC20250811128030,FAC20250811128030,Business,English,Video,Oceania,195,0,user_191600
FAC20250811128033,FAC20250811128033,Food,Spanish,Image,North America,1968,0,user_166452
FAC20250811128057,FAC20250811128057,Education,Spanish,Video,North America,1797,0,user_462377
FAC20250811128076,FAC20250811128076,Entertainment,English,Image,Europe,82279,1,user_145137
FAC20250811128093,FAC20250811128093,Sports,English,Text,Asia,3991,0,user_68820
FAC20250811128102,FAC20250811128102,Entertainment,French,Image,Europe,507,0,user_123117
FAC20250811128107,FAC20250811128107,Gaming,English,Text,North America,6741,0,user_452608
FAC20250811128109,FAC20250811128109,Technology,English,Link,North America,3396,0,user_426668
FAC20250811128116,FAC20250811128116,Health,Spanish,Image,Europe,10003,1,user_263983
FAC20250812128155,FAC20250812128155,Technology,German,Video,North America,857,0,user_371582
FAC20250812128157,FAC20250812128157,Health,English,Image,Europe,74,0,user_33846
FAC20250812128175,FAC20250812128175,Business,English,Link,Unknown,77,0,user_452768
FAC20250812128181,FAC20250812128181,Sports,German,Text,Oceania,172,0,user_351374
FAC20250812128186,FAC20250812128186,AI/ML,English,Text,Europe,120,0,user_70192
FAC20250812128199,FAC20250812128199,Climate,German,Image,Europe,9035,0,user_332493
FAC20250812128203,FAC20250812128203,Gaming,English,Image,Asia,75707,1,user_361219
FAC20250812128215,FAC20250812128215,Food,English,Video,Asia,2527,1,user_109044
FAC20250812128251,FAC20250812128251,Health,French,Video,North America,410,0,user_382359
FAC20250812128283,FAC20250812128283,Sports,English,Text,Oceania,171,0,user_499911
FAC20250812128298,FAC20250812128298,Education,Chinese,Text,North America,53095,0,user_214921
FAC20250812128305,FAC20250812128305,Food,Portuguese,Video,North America,3113,1,user_373129
FAC20250812128324,FAC20250812128324,Health,English,Text,Europe,11276,1,user_19359
FAC20250812128351,FAC20250812128351,Politics,Arabic,Image,North America,334,0,user_142225
FAC20250812128396,FAC20250812128396,Travel,English,Text,Europe,2376,0,user_443690
FAC20250812128421,FAC20250812128421,Politics,Spanish,Image,Europe,32586,0,user_461337
FAC20250813128491,FAC20250813128491,Food,English,Video,Asia,55,0,user_99382
FAC20250813128497,FAC20250813128497,Technology,English,Video,North America,56,0,user_243892
FAC20250813128526,FAC20250813128526,Food,English,Image,Asia,974,0,user_77318
FAC20250813128536,FAC20250813128536,Sports,English,Text,North America,2238,0,user_420573
FAC20250813128552,FAC20250813128552,Health,Japanese,Poll,North America,6,0,user_22254
FAC20250813128566,FAC20250813128566,Technology,Spanish,Video,North America,599,0,user_147234
FAC20250813128577,FAC20250813128577,Finance,Chinese,Image,Europe,34483,1,user_222806
FAC20250813128613,FAC20250813128613,Technology,English,Image,North America,2309,0,user_338726
FAC20250813128621,FAC20250813128621,Education,German,Image,Asia,1412,0,user_138355
FAC20250813128638,FAC20250813128638,Science,English,Image,Asia,381,0,user_350655
FAC20250813128639,FAC20250813128639,Food,German,Text,Europe,1815,0,user_88027
FAC20250813128642,FAC20250813128642,Food,Japanese,Video,Asia,12232,0,user_130260
FAC20250813128646,FAC20250813128646,Technology,German,Text,Europe,60483,1,user_494171
FAC20250813128649,FAC20250813128649,Sports,English,Text,North America,730,0,user_187018
FAC20250813128660,FAC20250813128660,Education,Portuguese,Video,South America,29117,0,user_32268
FAC20250813128673,FAC20250813128673,Fashion,Portuguese,Text,Europe,158,0,user_173876
FAC20250813128736,FAC20250813128736,Science,English,Image,Asia,6329,1,user_120543
FAC20250813128738,FAC20250813128738,Finance,English,Video,Europe,199,0,user_413932
FAC20250814128790,FAC20250814128790,Food,English,Link,Asia,27183,0,user_2253
FAC20250814128816,FAC20250814128816,Climate,English,Image,North America,1514,0,user_897
FAC20250814128880,FAC20250814128880,Entertainment,Korean,Text,Asia,5635,1,user_404202
FAC20250814128893,FAC20250814128893,Politics,English,Video,North America,18,0,user_109608
FAC20250814128904,FAC20250814128904,Technology,English,Text,North America,9556,0,user_48787
FAC20250814128908,FAC20250814128908,Business,English,Text,North America,14620,0,user_353629
FAC20250814128915,FAC20250814128915,Health,Arabic,Video,Asia,30721,0,user_298511
FAC20250814128944,FAC20250814128944,Climate,Japanese,Image,Asia,5142,1,user_19272
FAC20250814128946,FAC20250814128946,Gaming,English,Text,Europe,352,1,user_84335
FAC20250814128954,FAC20250814128954,Travel,Chinese,Image,Europe,174,0,user_376401
FAC20250814128977,FAC20250814128977,Business,Spanish,Image,North America,79,0,user_404400
FAC20250814128992,FAC20250814128992,Education,English,Poll,North America,134,0,user_381709
FAC20250814129051,FAC20250814129051,AI/ML,Japanese,Link,North America,21,0,user_160978
FAC20250814129075,FAC20250814129075,Food,English,Image,Asia,145,0,user_307650
FAC20250814129083,FAC20250814129083,Health,English,Image,North America,155,0,user_158935
FAC20250815129120,FAC20250815129120,Technology,Arabic,Text,Europe,6486,1,user_271640
FAC20250815129197,FAC20250815129197,Entertainment,English,Text,North America,776,0,user_458717
FAC20250815129203,FAC20250815129203,Politics,English,Video,Unknown,27146,1,user_442263
FAC20250815129210,FAC20250815129210,Technology,English,Link,Unknown,11,0,user_342714
FAC20250815129250,FAC20250815129250,Climate,Hindi,Video,Europe,711228,1,user_153097
FAC20250815129266,FAC20250815129266,Science,English,Text,North America,2041,0,user_255533
FAC20250815129280,FAC20250815129280,Education,English,Image,Africa,22,0,user_152463
FAC20250815129303,FAC20250815129303,Finance,English,Link,Africa,11999,1,user_1442
FAC20250815129328,FAC20250815129328,Health,English,Image,Asia,361,0,user_179324
FAC20250815129339,FAC20250815129339,Fashion,English,Image,Europe,73,0,user_422045
FAC20250815129347,FAC20250815129347,Education,Spanish,Image,Europe,553,0,user_457034
FAC20250815129348,FAC20250815129348,Health,English,Text,North America,6363,1,user_199492
FAC20250815129378,FAC20250815129378,Finance,Hindi,Image,Asia,587,0,user_229913
FAC20250815129386,FAC20250815129386,Health,Portuguese,Video,Asia,36,0,user_243014
FAC20250815129402,FAC20250815129402,Politics,English,Video,Europe,651,0,user_132769
FAC20250816129416,FAC20250816129416,Food,Spanish,Text,Asia,1524,0,user_43026
FAC20250816129453,FAC20250816129453,Science,Portuguese,Video,North America,502,0,user_19435
FAC20250816129456,FAC20250816129456,Health,Spanish,Text,North America,19,0,user_430036
FAC20250816129461,FAC20250816129461,Science,English,Image,North America,16766,1,user_162518
FAC20250816129479,FAC20250816129479,Fashion,Japanese,Text,Europe,833,0,user_222158
FAC20250816129481,FAC20250816129481,Gaming,English,Link,South America,3490,0,user_64829
FAC20250816129482,FAC20250816129482,Health,English,Text,Unknown,71,0,user_261006
FAC20250816129485,FAC20250816129485,Food,English,Text,Asia,1840,1,user_312245
FAC20250816129541,FAC20250816129541,Fashion,English,Text,Europe,15610,1,user_97544
FAC20250816129565,FAC20250816129565,Food,Portuguese,Video,Europe,1656,0,user_69062
FAC20250816129576,FAC20250816129576,Politics,Arabic,Text,North America,24,0,user_384738
FAC20250816129583,FAC20250816129583,Education,Portuguese,Image,Europe,496,0,user_131295
FAC20250816129597,FAC20250816129597,Sports,French,Text,Europe,1705,0,user_179666
FAC20250816129669,FAC20250816129669,Science,Spanish,Text,Europe,92,0,user_77555
FAC20250816129670,FAC20250816129670,AI/ML,Korean,Poll,Asia,1889,0,user_349373
FAC20250816129702,FAC20250816129702,Fashion,English,Image,Asia,3074,1,user_228140
FAC20250816129713,FAC20250816129713,Science,French,Video,Europe,194,0,user_19747
FAC20250817129760,FAC20250817129760,Business,Spanish,Text,Unknown,1735,0,user_12521
FAC20250817129768,FAC20250817129768,Travel,English,Image,Europe,38,0,user_497085
FAC20250817129777,FAC20250817129777,Travel,English,Image,North America,1346,0,user_71951
FAC20250817129852,FAC20250817129852,Health,English,Text,Asia,220,0,user_227208
FAC20250817129875,FAC20250817129875,Sports,Spanish,Poll,Europe,586,0,user_215453
FAC20250817129885,FAC20250817129885,Sports,English,Text,Asia,298,0,user_378696
FAC20250817129913,FAC20250817129913,Finance,English,Text,North America,189,0,user_56485
FAC20250817129926,FAC20250817129926,Gaming,Japanese,Link,North America,120,0,user_191381
FAC20250817129948,FAC20250817129948,Finance,English,Text,Europe,518,1,user_120646
FAC20250817129952,FAC20250817129952,Science,English,Image,South America,121,0,user_313776
FAC20250817129958,FAC20250817129958,Sports,English,Text,South America,1532,0,user_125870
FAC20250817129973,FAC20250817129973,Health,English,Video,North America,1347,1,user_325939
FAC20250817129985,FAC20250817129985,Gaming,English,Text,Unknown,20409,0,user_378658
FAC20250817130008,FAC20250817130008,Entertainment,English,Text,North America,1504,0,user_407008
FAC20250817130014,FAC20250817130014,Climate,Arabic,Link,Oceania,20753,1,user_455424
FAC20250817130033,FAC20250817130033,Entertainment,English,Video,Europe,811,1,user_225733
FAC20250817130038,FAC20250817130038,Entertainment,English,Image,North America,5695,1,user_374731
FAC20250818130086,FAC20250818130086,Politics,English,Image,North America,1093,0,user_447653
FAC20250818130125,FAC20250818130125,Business,Korean,Image,Unknown,1794,0,user_493155
FAC20250818130138,FAC20250818130138,Business,Japanese,Text,North America,681,0,user_57082
FAC20250818130154,FAC20250818130154,Science,Korean,Text,Asia,2831,0,user_29112
FAC20250818130201,FAC20250818130201,Politics,Arabic,Image,Asia,106,0,user_475402
FAC20250818130202,FAC20250818130202,Travel,English,Text,Asia,4002,0,user_361753
FAC20250818130215,FAC20250818130215,Health,Hindi,Image,Europe,3805,0,user_178919
FAC20250818130233,FAC20250818130233,Health,English,Text,South America,8505,0,user_234864
FAC20250818130243,FAC20250818130243,Entertainment,English,Image,Oceania,11418,1,user_274679
FAC20250818130246,FAC20250818130246,Sports,English,Image,North America,85,0,user_275373
FAC20250818130258,FAC20250818130258,Business,English,Image,Asia,45,0,user_352264
FAC20250818130260,FAC20250818130260,Education,German,Text,South America,833,0,user_63208
FAC20250818130294,FAC20250818130294,Business,English,Image,North America,774,0,user_133453
FAC20250818130312,FAC20250818130312,Technology,Spanish,Image,North America,6619,1,user_151948
FAC20250818130334,FAC20250818130334,Health,French,Link,North America,48,0,user_333948
FAC20250818130351,FAC20250818130351,Business,English,Link,North America,158,0,user_259390
FAC20250818130372,FAC20250818130372,Education,English,Video,Europe,8533,0,user_12305
FAC20250818130382,FAC20250818130382,Gaming,Korean,Link,North America,235,0,user_132029
FAC20250818130388,FAC20250818130388,Climate,French,Image,Africa,1209,1,user_134762
FAC20250819130398,FAC20250819130398,Climate,Hindi,Text,Asia,471,0,user_478967
FAC20250819130402,FAC20250819130402,AI/ML,English,Video,Europe,294,0,user_430339
FAC20250819130429,FAC20250819130429,Science,Chinese,Video,North America,836,0,user_119878
FAC20250819130463,FAC20250819130463,Education,English,Image,North America,532,0,user_265869
FAC20250819130464,FAC20250819130464,Politics,English,Image,Asia,243,0,user_493313
FAC20250819130478,FAC20250819130478,Fashion,English,Video,North America,27836,0,user_193734
FAC20250819130487,FAC20250819130487,Business,English,Poll,Unknown,2939,1,user_358731
FAC20250819130522,FAC20250819130522,Travel,English,Text,Asia,10872,1,user_250721
FAC20250819130527,FAC20250819130527,Fashion,Arabic,Text,Europe,15136,0,user_386712
FAC20250819130533,FAC20250819130533,Climate,English,Text,Asia,21662,1,user_76764
FAC20250819130538,FAC20250819130538,Education,English,Link,Europe,2285,0,user_198848
FAC20250819130548,FAC20250819130548,Finance,English,Text,North America,4009,0,user_352164
FAC20250819130562,FAC20250819130562,Health,English,Link,Asia,664,0,user_288403
FAC20250819130584,FAC20250819130584,Travel,English,Link,Asia,1152,1,user_477890
FAC20250819130588,FAC20250819130588,Fashion,German,Text,Asia,16192,0,user_335801
FAC20250819130589,FAC20250819130589,Health,English,Text,Asia,160,0,user_164362
FAC20250819130597,FAC20250819130597,Sports,Spanish,Text,Europe,27089,1,user_284895
FAC20250819130688,FAC20250819130688,Technology,Japanese,Image,Asia,39345,1,user_489519
FAC20250819130696,FAC20250819130696,Travel,Arabic,Link,Africa,17251,0,user_464156
FAC20250820130704,FAC20250820130704,Travel,Portuguese,Video,North America,502,0,user_486616
FAC20250820130738,FAC20250820130738,Technology,English,Image,North America,7,0,user_430536
FAC20250820130746,FAC20250820130746,AI/ML,English,Video,Europe,2780,0,user_318913
FAC20250820130749,FAC20250820130749,Fashion,Portuguese,Poll,Europe,210,0,user_242794
FAC20250820130760,FAC20250820130760,Technology,French,Link,Europe,21,0,user_332600
FAC20250820130780,FAC20250820130780,Education,English,Image,Africa,1754,0,user_119020
FAC20250820130797,FAC20250820130797,Food,Spanish,Image,Europe,4082,0,user_12900
FAC20250820130799,FAC20250820130799,Climate,Portuguese,Video,Europe,210,0,user_437679
FAC20250820130802,FAC20250820130802,Travel,Portuguese,Video,Asia,83,0,user_50824
FAC20250820130823,FAC20250820130823,Gaming,English,Text,North America,198,0,user_204626
FAC20250820130868,FAC20250820130868,Travel,English,Image,Asia,143,0,user_264368
FAC20250820130888,FAC20250820130888,Food,English,Image,Europe,6,0,user_72810
FAC20250820130902,FAC20250820130902,Sports,English,Image,South America,1490,1,user_496371
FAC20250820130981,FAC20250820130981,Fashion,English,Text,Asia,31695,1,user_379975
FAC20250820130997,FAC20250820130997,Technology,Spanish,Video,North America,51882,1,user_337834
FAC20250820131004,FAC20250820131004,Health,Portuguese,Video,North America,21184,1,user_268839
FAC20250821131032,FAC20250821131032,Fashion,English,Text,Europe,16,0,user_444088
FAC20250821131040,FAC20250821131040,Health,Spanish,Text,North America,3969,1,user_153083
FAC20250821131065,FAC20250821131065,Fashion,English,Text,Asia,461,0,user_188165
FAC20250821131090,FAC20250821131090,Science,Korean,Video,North America,9700,1,user_200532
FAC20250821131097,FAC20250821131097,Technology,English,Video,Asia,360,0,user_47386
FAC20250821131120,FAC20250821131120,Gaming,English,Video,South America,304,0,user_439779
FAC20250821131148,FAC20250821131148,Finance,English,Text,Europe,79328,1,user_187294
FAC20250821131152,FAC20250821131152,Gaming,Spanish,Image,South America,18329,1,user_80850
FAC20250821131159,FAC20250821131159,Science,Spanish,Video,North America,27581,1,user_60718
FAC20250821131197,FAC20250821131197,Finance,Japanese,Text,North America,1598,0,user_387781
FAC20250821131204,FAC20250821131204,Fashion,English,Image,North America,224833,1,user_464735
FAC20250821131206,FAC20250821131206,Politics,English,Image,Asia,94,0,user_264248
FAC20250821131219,FAC20250821131219,Travel,English,Text,Europe,36,0,user_430241
FAC20250821131284,FAC20250821131284,Business,Portuguese,Text,Europe,18116,1,user_70741
FAC20250821131311,FAC20250821131311,AI/ML,Portuguese,Link,South America,3572,0,user_71429
FAC20250821131350,FAC20250821131350,Gaming,Spanish,Video,Asia,747,0,user_295609
FAC20250822131413,FAC20250822131413,Climate,Spanish,Image,Asia,6208,1,user_237164
FAC20250822131432,FAC20250822131432,Politics,Hindi,Video,North America,304,0,user_15209
FAC20250822131451,FAC20250822131451,Sports,English,Text,Asia,349,0,user_273723
FAC20250822131455,FAC20250822131455,Fashion,English,Image,Oceania,29922,1,user_353845
FAC20250822131490,FAC20250822131490,Food,English,Text,North America,857,0,user_246267
FAC20250822131535,FAC20250822131535,Gaming,Spanish,Text,Asia,50,0,user_323783
FAC20250822131536,FAC20250822131536,Fashion,Spanish,Link,North America,4788,0,user_111882
FAC20250822131548,FAC20250822131548,AI/ML,English,Link,North America,880,0,user_319781
FAC20250822131583,FAC20250822131583,AI/ML,Portuguese,Text,Asia,577,0,user_477581
FAC20250822131608,FAC20250822131608,Fashion,English,Image,Asia,33470,0,user_229593
FAC20250822131669,FAC20250822131669,Gaming,Japanese,Text,Asia,786166,0,user_120921
FAC20250822131688,FAC20250822131688,Technology,Portuguese,Video,Asia,870,0,user_340641
FAC20250823131696,FAC20250823131696,Business,Portuguese,Video,Oceania,665,0,user_308118
FAC20250823131733,FAC20250823131733,Technology,Spanish,Video,Asia,419,0,user_277815
FAC20250823131768,FAC20250823131768,Climate,English,Text,Europe,51,0,user_467312
FAC20250823131770,FAC20250823131770,Education,English,Video,North America,946,0,user_405667
FAC20250823131780,FAC20250823131780,Science,English,Video,Asia,100290,1,user_388096
FAC20250823131782,FAC20250823131782,Entertainment,English,Text,North America,1132,0,user_106828
FAC20250823131849,FAC20250823131849,Education,English,Image,North America,12540,0,user_226920
FAC20250823131876,FAC20250823131876,Science,English,Text,North America,3,0,user_496058
FAC20250823131879,FAC20250823131879,Gaming,Portuguese,Video,Asia,1773,0,user_483779
FAC20250823131884,FAC20250823131884,Fashion,English,Video,Europe,713,0,user_485658
FAC20250823131888,FAC20250823131888,AI/ML,Arabic,Image,South America,319,0,user_397609
FAC20250823131897,FAC20250823131897,Business,English,Text,Europe,43578,1,user_16711
FAC20250823131901,FAC20250823131901,Education,English,Text,South America,1643,0,user_260097
FAC20250823131902,FAC20250823131902,Sports,Spanish,Text,South America,130,0,user_19294
FAC20250823131908,FAC20250823131908,Health,English,Image,Asia,1742,0,user_224819
FAC20250823131923,FAC20250823131923,Politics,English,Text,North America,383,0,user_448660
FAC20250823131965,FAC20250823131965,Health,English,Text,Europe,4725,1,user_165700
FAC20250823131966,FAC20250823131966,AI/ML,Portuguese,Image,North America,598,0,user_327620
FAC20250823132001,FAC20250823132001,AI/ML,English,Image,Asia,167,0,user_352648
FAC20250824132090,FAC20250824132090,Gaming,English,Text,Europe,38008,0,user_495273
FAC20250824132119,FAC20250824132119,Fashion,English,Image,Asia,1695,0,user_220283
FAC20250824132134,FAC20250824132134,Education,English,Text,North America,253,0,user_94634
FAC20250824132147,FAC20250824132147,Entertainment,Portuguese,Text,South America,4355,0,user_418905
FAC20250824132162,FAC20250824132162,Politics,English,Text,North America,73,0,user_75728
FAC20250824132163,FAC20250824132163,Education,German,Image,Europe,121,0,user_364779
FAC20250824132181,FAC20250824132181,Politics,English,Text,Europe,296,0,user_492297
FAC20250824132199,FAC20250824132199,Science,Portuguese,Video,Europe,4570,1,user_447540
FAC20250824132202,FAC20250824132202,Health,English,Text,North America,461,0,user_413582
FAC20250824132253,FAC20250824132253,Politics,English,Video,Asia,3104,0,user_125860
FAC20250824132259,FAC20250824132259,Politics,English,Text,Europe,45,0,user_265218
FAC20250824132265,FAC20250824132265,Education,Spanish,Image,North America,2275,0,user_214023
FAC20250824132306,FAC20250824132306,Business,Chinese,Text,Europe,2273,0,user_442985
FAC20250825132329,FAC20250825132329,Finance,English,Text,Unknown,60,0,user_212510
FAC20250825132336,FAC20250825132336,Politics,Portuguese,Text,North America,15,0,user_347496
FAC20250825132338,FAC20250825132338,Sports,French,Text,Asia,1655,1,user_443526
FAC20250825132402,FAC20250825132402,Finance,English,Text,Asia,39,0,user_383415
FAC20250825132419,FAC20250825132419,Gaming,English,Video,Asia,848,0,user_499141
FAC20250825132421,FAC20250825132421,Entertainment,English,Image,Asia,113687,1,user_22695
FAC20250825132450,FAC20250825132450,AI/ML,Spanish,Video,North America,558,0,user_178140
FAC20250825132457,FAC20250825132457,AI/ML,Korean,Image,Europe,55,0,user_299057
FAC20250825132458,FAC20250825132458,Politics,Portuguese,Text,Europe,1147,0,user_135032
FAC20250825132490,FAC20250825132490,Finance,Japanese,Poll,Europe,2986,0,user_194894
FAC20250825132493,FAC20250825132493,Fashion,English,Image,North America,1911,0,user_185210
FAC20250825132503,FAC20250825132503,Politics,English,Text,Asia,1275,0,user_432653
FAC20250825132511,FAC20250825132511,Technology,Portuguese,Image,North America,3502,1,user_84297
FAC20250825132551,FAC20250825132551,Climate,English,Video,North America,84,0,user_93933
FAC20250825132561,FAC20250825132561,Science,English,Text,Europe,105327,1,user_11661
FAC20250825132587,FAC20250825132587,Finance,French,Video,Europe,705,0,user_305803
FAC20250825132595,FAC20250825132595,Climate,Korean,Video,Asia,124,0,user_103812
FAC20250825132604,FAC20250825132604,Technology,Spanish,Image,North America,4455,0,user_80942
FAC20250825132609,FAC20250825132609,Technology,Spanish,Image,Africa,2899,0,user_422503
FAC20250825132625,FAC20250825132625,Technology,English,Video,Asia,2840,0,user_97030
FAC20250826132653,FAC20250826132653,Climate,English,Poll,Europe,116,0,user_320563
FAC20250826132659,FAC20250826132659,Finance,English,Poll,Asia,596,0,user_369370
FAC20250826132701,FAC20250826132701,Science,English,Link,Asia,672,0,user_44959
FAC20250826132713,FAC20250826132713,Technology,English,Link,North America,1026,0,user_409740
FAC20250826132734,FAC20250826132734,Technology,English,Link,North America,181,0,user_587
FAC20250826132740,FAC20250826132740,Technology,English,Image,Europe,0,0,user_483314
FAC20250826132748,FAC20250826132748,Travel,English,Image,Europe,532,0,user_165005
FAC20250826132760,FAC20250826132760,Entertainment,Spanish,Image,Asia,61,0,user_150554
FAC20250826132807,FAC20250826132807,Politics,Spanish,Text,Europe,1573,0,user_155593
FAC20250826132816,FAC20250826132816,Fashion,Spanish,Text,Unknown,108,0,user_413193
FAC20250826132819,FAC20250826132819,Travel,English,Text,North America,226,0,user_169122
FAC20250826132826,FAC20250826132826,Politics,Spanish,Video,Asia,468,1,user_407173
FAC20250826132862,FAC20250826132862,Education,Portuguese,Image,North America,9,0,user_354046
FAC20250826132867,FAC20250826132867,Gaming,Spanish,Text,North America,1799,0,user_161486
FAC20250826132894,FAC20250826132894,Travel,Korean,Text,Asia,4232,1,user_108915
FAC20250826132917,FAC20250826132917,Technology,English,Video,North America,210,0,user_277787
FAC20250826132927,FAC20250826132927,Technology,Portuguese,Video,North America,677,0,user_413262
FAC20250827133011,FAC20250827133011,Finance,German,Image,Europe,1274,0,user_429793
FAC20250827133027,FAC20250827133027,AI/ML,English,Video,Europe,272,0,user_449316
FAC20250827133035,FAC20250827133035,Climate,English,Text,South America,4068,0,user_129369
FAC20250827133068,FAC20250827133068,Finance,Spanish,Text,Asia,633,0,user_488555
FAC20250827133089,FAC20250827133089,Gaming,English,Text,North America,1984,1,user_18723
FAC20250827133152,FAC20250827133152,Entertainment,Spanish,Video,Oceania,758,0,user_455475
FAC20250827133161,FAC20250827133161,Entertainment,Portuguese,Image,North America,520,0,user_122956
FAC20250827133209,FAC20250827133209,Health,English,Text,North America,17505,0,user_282778
FAC20250827133218,FAC20250827133218,Travel,English,Text,Europe,1377,1,user_477392
FAC20250827133227,FAC20250827133227,Entertainment,Arabic,Video,Europe,1103,0,user_462438
FAC20250827133228,FAC20250827133228,Travel,English,Video,Europe,1808,1,user_317691
FAC20250827133242,FAC20250827133242,Entertainment,English,Text,Asia,987,0,user_48951
FAC20250827133249,FAC20250827133249,AI/ML,English,Video,Europe,298,0,user_450016
FAC20250827133275,FAC20250827133275,Politics,English,Text,North America,1795,0,user_97245
FAC20250827133279,FAC20250827133279,Education,Portuguese,Video,North America,20809,0,user_258596
FAC20250828133336,FAC20250828133336,Food,Hindi,Image,Europe,167,0,user_259104
FAC20250828133357,FAC20250828133357,Technology,Portuguese,Video,Asia,8,0,user_436519
FAC20250828133363,FAC20250828133363,Fashion,Arabic,Text,North America,6973,1,user_464365
FAC20250828133376,FAC20250828133376,Health,Spanish,Link,Asia,189,0,user_302168
FAC20250828133382,FAC20250828133382,Technology,Arabic,Poll,Asia,1443,0,user_489536
FAC20250828133385,FAC20250828133385,Gaming,English,Poll,North America,904,0,user_71509
FAC20250828133423,FAC20250828133423,Technology,Portuguese,Image,North America,141,0,user_215065
FAC20250828133429,FAC20250828133429,AI/ML,English,Text,Europe,420,0,user_475776
FAC20250828133438,FAC20250828133438,Fashion,Portuguese,Image,Asia,5179,1,user_380015
FAC20250828133490,FAC20250828133490,Technology,English,Image,Africa,445,0,user_246359
FAC20250828133507,FAC20250828133507,AI/ML,Hindi,Link,South America,18364,1,user_160532
FAC20250828133513,FAC20250828133513,Fashion,Spanish,Text,Europe,3202,1,user_231165
FAC20250828133515,FAC20250828133515,Business,English,Text,Asia,3485,0,user_62181
FAC20250828133516,FAC20250828133516,Finance,English,Text,Europe,1249,0,user_74107
FAC20250828133518,FAC20250828133518,Sports,English,Image,Asia,5452,0,user_210822
FAC20250828133531,FAC20250828133531,Education,Spanish,Image,Europe,1811,0,user_279594
FAC20250828133535,FAC20250828133535,Politics,English,Text,North America,20383,1,user_306553
FAC20250828133540,FAC20250828133540,Finance,English,Image,North America,70,0,user_343692
FAC20250828133570,FAC20250828133570,Business,Chinese,Image,Europe,16,0,user_327203
FAC20250828133575,FAC20250828133575,Finance,English,Image,South America,5141,0,user_428758
FAC20250828133606,FAC20250828133606,Science,English,Image,Unknown,793,0,user_25379
FAC20250829133612,FAC20250829133612,Education,English,Text,Europe,14,0,user_186436
FAC20250829133624,FAC20250829133624,Finance,Japanese,Link,Oceania,1361,0,user_71497
FAC20250829133646,FAC20250829133646,Sports,English,Text,Unknown,29342,0,user_239642
FAC20250829133657,FAC20250829133657,AI/ML,German,Image,North America,512,0,user_136639
FAC20250829133689,FAC20250829133689,AI/ML,English,Image,Europe,727,0,user_433332
FAC20250829133709,FAC20250829133709,Technology,English,Video,North America,8386,0,user_75728
FAC20250829133731,FAC20250829133731,Gaming,French,Image,Asia,16493,1,user_19894
FAC20250829133777,FAC20250829133777,Travel,Japanese,Image,Unknown,15811,0,user_329812
FAC20250829133811,FAC20250829133811,Health,English,Video,Europe,165,0,user_48896
FAC20250829133821,FAC20250829133821,Science,Spanish,Image,Europe,69,0,user_78040
FAC20250829133841,FAC20250829133841,Technology,English,Image,Europe,565,0,user_281596
FAC20250829133855,FAC20250829133855,Food,English,Poll,Asia,37,0,user_55176
FAC20250829133873,FAC20250829133873,Sports,English,Image,Unknown,481,0,user_465922
FAC20250829133882,FAC20250829133882,Fashion,Spanish,Video,North America,8682,0,user_139859
FAC20250830133915,FAC20250830133915,Politics,Spanish,Text,Asia,12687,1,user_112834
FAC20250830133932,FAC20250830133932,Travel,English,Text,North America,15,0,user_278725
FAC20250830133939,FAC20250830133939,Fashion,English,Image,Asia,10795,1,user_88809
FAC20250830133942,FAC20250830133942,Health,Korean,Video,Europe,5175,0,user_498459
FAC20250830133945,FAC20250830133945,Food,Spanish,Text,Europe,45250,1,user_492917
FAC20250830133984,FAC20250830133984,Health,Japanese,Text,Europe,1901,0,user_198936
FAC20250830133998,FAC20250830133998,Food,English,Text,North America,146,0,user_262465
FAC20250830134005,FAC20250830134005,Business,English,Image,Europe,108555,1,user_296802
FAC20250830134030,FAC20250830134030,Science,French,Video,North America,1657,0,user_399828
FAC20250830134034,FAC20250830134034,Gaming,English,Text,South America,866,0,user_186459
FAC20250830134143,FAC20250830134143,Gaming,English,Image,Europe,29,0,user_180217
FAC20250830134153,FAC20250830134153,Education,German,Link,South America,836,0,user_426715
FAC20250830134177,FAC20250830134177,Technology,English,Poll,North America,15794,1,user_144744
FAC20250830134187,FAC20250830134187,Business,English,Text,Europe,506,0,user_371404
FAC20250830134191,FAC20250830134191,Entertainment,English,Text,Europe,804,0,user_404352
FAC20250830134206,FAC20250830134206,Travel,Korean,Text,North America,57368,1,user_476873
FAC20250830134218,FAC20250830134218,Travel,English,Video,Oceania,19008,1,user_206018
FAC20250830134219,FAC20250830134219,Politics,Korean,Text,Asia,824,0,user_58238
FAC20250830134221,FAC20250830134221,Food,English,Video,North America,185480,1,user_412502
FAC20250830134224,FAC20250830134224,Politics,English,Text,Europe,1444,1,user_365260
FAC20250830134236,FAC20250830134236,Business,English,Video,Asia,521,1,user_67229
FAC20250831134257,FAC20250831134257,Business,Portuguese,Text,Asia,5940,0,user_231093
FAC20250831134260,FAC20250831134260,Finance,English,Text,Europe,1572,0,user_334013
FAC20250831134274,FAC20250831134274,Travel,English,Text,Asia,174,0,user_72410
FAC20250831134323,FAC20250831134323,Sports,French,Image,North America,80,0,user_459723
FAC20250831134344,FAC20250831134344,Sports,English,Image,North America,6003,0,user_135312
FAC20250831134382,FAC20250831134382,Politics,English,Image,North America,2323,0,user_498381
FAC20250831134436,FAC20250831134436,AI/ML,Portuguese,Poll,Asia,1161,0,user_412781
FAC20250831134465,FAC20250831134465,Science,English,Text,Europe,86444,1,user_471738
FAC20250831134491,FAC20250831134491,AI/ML,German,Text,North America,1129,0,user_367073
FAC20250831134515,FAC20250831134515,Gaming,English,Text,Asia,1667,0,user_266864
FAC20250901134578,FAC20250901134578,Technology,English,Image,Asia,2922,0,user_335250
FAC20250901134620,FAC20250901134620,Health,English,Text,Unknown,4893,0,user_12320
FAC20250901134672,FAC20250901134672,Technology,English,Video,North America,239001,1,user_45826
FAC20250901134676,FAC20250901134676,Politics,English,Video,North America,1051,0,user_303061
FAC20250901134690,FAC20250901134690,Gaming,Portuguese,Image,Asia,857,0,user_431354
FAC20250901134712,FAC20250901134712,Technology,Chinese,Text,Europe,6855,1,user_392930
FAC20250901134758,FAC20250901134758,Gaming,Portuguese,Link,Europe,307,0,user_111866
FAC20250901134788,FAC20250901134788,AI/ML,English,Image,North America,872,0,user_42428
FAC20250901134794,FAC20250901134794,Travel,Spanish,Image,Europe,672,0,user_91882
FAC20250901134825,FAC20250901134825,Climate,Chinese,Text,North America,307,0,user_198279
FAC20250901134846,FAC20250901134846,Politics,English,Text,South America,231,0,user_164968
FAC20250901134872,FAC20250901134872,Education,Chinese,Image,Oceania,179260,0,user_345319
FAC20250902134920,FAC20250902134920,Health,English,Image,South America,16326,1,user_343856
FAC20250902134921,FAC20250902134921,Food,English,Text,North America,22,0,user_474753
FAC20250902134927,FAC20250902134927,Education,German,Video,South America,98,0,user_384303
FAC20250902134929,FAC20250902134929,Food,English,Text,Europe,53814,1,user_475010
FAC20250902134953,FAC20250902134953,AI/ML,Hindi,Image,Asia,6528,0,user_220096
FAC20250902134957,FAC20250902134957,Travel,English,Image,Europe,27202,1,user_228838
FAC20250902134985,FAC20250902134985,Gaming,French,Poll,Asia,17,0,user_475389
FAC20250902134991,FAC20250902134991,Health,Arabic,Text,North America,1337,0,user_398087
FAC20250902134992,FAC20250902134992,Fashion,Portuguese,Image,North America,10,0,user_26948
FAC20250902135007,FAC20250902135007,Technology,French,Video,North America,63,0,user_315386
FAC20250902135009,FAC20250902135009,Education,Portuguese,Link,North America,1086,0,user_461258
FAC20250902135027,FAC20250902135027,AI/ML,Japanese,Text,South America,312,0,user_347792
FAC20250902135051,FAC20250902135051,Science,English,Image,North America,1,0,user_43652
FAC20250902135145,FAC20250902135145,Fashion,English,Video,North America,3370,1,user_382419
FAC20250902135173,FAC20250902135173,Business,English,Poll,Asia,10680,0,user_52409
FAC20250902135199,FAC20250902135199,Science,Arabic,Link,Europe,3,0,user_152581
FAC20250902135201,FAC20250902135201,Education,English,Poll,Asia,3685,0,user_350728
FAC20250903135215,FAC20250903135215,Fashion,English,Video,Europe,2347,1,user_422657
FAC20250903135218,FAC20250903135218,Health,German,Text,Europe,10085,1,user_413654
FAC20250903135225,FAC20250903135225,Travel,English,Text,Europe,421,0,user_186975
FAC20250903135242,FAC20250903135242,Sports,English,Text,Europe,42,0,user_426026
FAC20250903135291,FAC20250903135291,Food,Portuguese,Text,Asia,2242,0,user_190724
FAC20250903135321,FAC20250903135321,Fashion,English,Text,North America,22231,1,user_297845
FAC20250903135375,FAC20250903135375,Technology,English,Text,Asia,1912,0,user_312363
FAC20250903135380,FAC20250903135380,Travel,English,Video,Europe,720,0,user_230614
FAC20250903135382,FAC20250903135382,Sports,English,Video,North America,1768,0,user_386886
FAC20250903135383,FAC20250903135383,AI/ML,English,Image,Unknown,26048,0,user_438174
FAC20250903135410,FAC20250903135410,Food,English,Video,Africa,557,0,user_323304
FAC20250903135421,FAC20250903135421,Technology,Hindi,Image,North America,128,0,user_183299
FAC20250903135424,FAC20250903135424,Politics,English,Text,North America,54,0,user_499050
FAC20250903135525,FAC20250903135525,Business,Korean,Text,Asia,6071,0,user_418031
FAC20250903135526,FAC20250903135526,Technology,English,Image,South America,955,0,user_78446
FAC20250904135537,FAC20250904135537,AI/ML,English,Text,Europe,200471,1,user_96289
FAC20250904135541,FAC20250904135541,Business,English,Text,Europe,361,0,user_132310
FAC20250904135550,FAC20250904135550,Food,English,Image,Europe,144,0,user_460178
FAC20250904135551,FAC20250904135551,Science,French,Text,North America,605,0,user_166849
FAC20250904135564,FAC20250904135564,Education,English,Text,North America,4548,1,user_17979
FAC20250904135570,FAC20250904135570,Technology,Chinese,Text,South America,11986,1,user_5056
FAC20250904135585,FAC20250904135585,Science,Hindi,Video,South America,8882,0,user_10211
FAC20250904135598,FAC20250904135598,Health,French,Text,North America,1030,0,user_102800
FAC20250904135606,FAC20250904135606,Education,Spanish,Image,Europe,471,0,user_80020
FAC20250904135667,FAC20250904135667,Entertainment,Portuguese,Image,North America,5914,1,user_30705
FAC20250904135693,FAC20250904135693,Food,English,Image,Asia,1306,0,user_467518
FAC20250904135719,FAC20250904135719,Food,Portuguese,Text,North America,51,0,user_36041
FAC20250904135737,FAC20250904135737,Gaming,English,Text,Asia,34,0,user_90355
FAC20250904135749,FAC20250904135749,Gaming,English,Text,Europe,6309,1,user_203561
FAC20250904135768,FAC20250904135768,Finance,Portuguese,Video,Asia,323,0,user_32736
FAC20250904135815,FAC20250904135815,Travel,Portuguese,Video,North America,32204,0,user_429111
FAC20250904135833,FAC20250904135833,Travel,Portuguese,Link,South America,1296,0,user_102659
FAC20250905135853,FAC20250905135853,Science,Korean,Image,Africa,4691,0,user_43135
FAC20250905135887,FAC20250905135887,Food,English,Link,Unknown,147,0,user_143835
FAC20250905135896,FAC20250905135896,Finance,English,Image,Asia,1767,0,user_127398
FAC20250905135939,FAC20250905135939,Science,Japanese,Video,Africa,1898,0,user_424680
FAC20250905135945,FAC20250905135945,Business,Portuguese,Link,Europe,140,0,user_342435
FAC20250905135950,FAC20250905135950,Fashion,English,Video,South America,2027,0,user_114701
FAC20250905135999,FAC20250905135999,Sports,English,Link,North America,81871,0,user_265053
FAC20250905136018,FAC20250905136018,Technology,Portuguese,Link,Asia,677,0,user_16645
FAC20250905136027,FAC20250905136027,Fashion,Japanese,Text,Asia,446,0,user_338975
FAC20250905136044,FAC20250905136044,Climate,English,Text,North America,1057,0,user_166572
FAC20250905136048,FAC20250905136048,Business,English,Image,Asia,2273,0,user_226966
FAC20250905136054,FAC20250905136054,Food,Spanish,Text,North America,2670,1,user_405210
FAC20250905136060,FAC20250905136060,Entertainment,English,Video,North America,315,0,user_456644
FAC20250905136063,FAC20250905136063,Travel,English,Link,Europe,1627,0,user_465654
FAC20250905136110,FAC20250905136110,Gaming,English,Link,North America,12,0,user_360643
FAC20250905136125,FAC20250905136125,Science,Spanish,Text,North America,48366,1,user_206588
FAC20250906136158,FAC20250906136158,Food,English,Text,Asia,200,0,user_475591
FAC20250906136163,FAC20250906136163,Entertainment,Korean,Video,Europe,19,0,user_161957
FAC20250906136165,FAC20250906136165,Technology,English,Image,Asia,118,0,user_54877
FAC20250906136166,FAC20250906136166,AI/ML,English,Image,Europe,65917,0,user_282843
FAC20250906136170,FAC20250906136170,AI/ML,English,Link,North America,146,0,user_370206
FAC20250906136242,FAC20250906136242,Politics,Arabic,Image,Asia,2601,0,user_55917
FAC20250906136243,FAC20250906136243,Food,English,Video,South America,47,0,user_249177
FAC20250906136245,FAC20250906136245,Sports,Hindi,Link,Asia,26655,1,user_106249
FAC20250906136265,FAC20250906136265,Health,Portuguese,Text,Europe,1557,0,user_404559
FAC20250906136269,FAC20250906136269,Entertainment,English,Image,North America,204,0,user_122619
FAC20250906136277,FAC20250906136277,Gaming,English,Image,Unknown,2011,0,user_466823
FAC20250906136300,FAC20250906136300,Climate,English,Link,North America,243,0,user_223305
FAC20250906136307,FAC20250906136307,Climate,English,Text,South America,7832,0,user_199302
FAC20250906136396,FAC20250906136396,Entertainment,Portuguese,Video,North America,31748,0,user_98592
FAC20250906136404,FAC20250906136404,Gaming,Spanish,Image,Europe,200,0,user_89557
FAC20250906136415,FAC20250906136415,Education,French,Text,Europe,16,0,user_343709
FAC20250906136424,FAC20250906136424,Technology,English,Video,Asia,117728,1,user_121319
FAC20250906136448,FAC20250906136448,Food,English,Video,Europe,27367,1,user_247112
FAC20250906136459,FAC20250906136459,Politics,English,Video,Asia,1415,0,user_77981
FAC20250907136497,FAC20250907136497,AI/ML,English,Image,North America,12105,1,user_442567
FAC20250907136512,FAC20250907136512,Education,Chinese,Image,North America,1936,0,user_986
FAC20250907136529,FAC20250907136529,Entertainment,Arabic,Text,Asia,9320,0,user_263625
FAC20250907136546,FAC20250907136546,Science,English,Text,Europe,29,0,user_190346
FAC20250907136547,FAC20250907136547,AI/ML,English,Image,Asia,11027,1,user_212251
FAC20250907136551,FAC20250907136551,Technology,English,Image,Asia,658,0,user_377856
FAC20250907136558,FAC20250907136558,Technology,Japanese,Image,North America,600,0,user_366356
FAC20250907136563,FAC20250907136563,Technology,Spanish,Image,Europe,2287,0,user_446866
FAC20250907136564,FAC20250907136564,Finance,Portuguese,Image,Europe,1235,0,user_345959
FAC20250907136656,FAC20250907136656,Education,French,Text,North America,954,0,user_302370
FAC20250907136661,FAC20250907136661,Health,Spanish,Text,North America,2139,0,user_355097
FAC20250907136665,FAC20250907136665,AI/ML,English,Image,Europe,111408,1,user_91097
FAC20250907136679,FAC20250907136679,Finance,English,Text,Asia,11632,1,user_67552
FAC20250907136685,FAC20250907136685,Technology,English,Video,South America,4571,0,user_245214
FAC20250907136728,FAC20250907136728,Business,Spanish,Image,South America,384,0,user_497700
FAC20250907136765,FAC20250907136765,Technology,English,Text,Europe,8085,1,user_191275
FAC20250908136790,FAC20250908136790,Gaming,Arabic,Video,North America,2896,1,user_115661
FAC20250908136794,FAC20250908136794,Technology,English,Link,Europe,17,0,user_321512
FAC20250908136842,FAC20250908136842,Climate,English,Video,Asia,1468,0,user_27199
FAC20250908136892,FAC20250908136892,Business,English,Text,Africa,57,0,user_217863
FAC20250908136915,FAC20250908136915,Health,English,Link,North America,203,0,user_430194
FAC20250908136954,FAC20250908136954,Science,English,Image,Asia,126,0,user_207672
FAC20250908136978,FAC20250908136978,Education,English,Link,South America,107520,1,user_248239
FAC20250908136993,FAC20250908136993,Climate,German,Image,Europe,9852,0,user_107965
FAC20250908137058,FAC20250908137058,Health,English,Image,North America,129297,1,user_28294
FAC20250908137070,FAC20250908137070,Finance,Japanese,Image,Europe,11514,0,user_379075
FAC20250909137083,FAC20250909137083,Gaming,English,Poll,Asia,6197,0,user_24992
FAC20250909137108,FAC20250909137108,Science,English,Image,Europe,648,0,user_380769
FAC20250909137119,FAC20250909137119,Sports,English,Video,North America,6784,1,user_101377
FAC20250909137135,FAC20250909137135,AI/ML,Portuguese,Image,Europe,457,0,user_201252
FAC20250909137166,FAC20250909137166,Business,Portuguese,Image,North America,218,0,user_465345
FAC20250909137173,FAC20250909137173,Fashion,English,Video,Africa,50673,1,user_31469
FAC20250909137177,FAC20250909137177,AI/ML,Japanese,Text,North America,908,0,user_79005
FAC20250909137197,FAC20250909137197,Business,English,Text,Africa,27367,1,user_69624
FAC20250909137199,FAC20250909137199,Education,Portuguese,Text,North America,180,0,user_97175
FAC20250909137215,FAC20250909137215,Health,English,Poll,Europe,139,0,user_79510
FAC20250909137227,FAC20250909137227,Politics,Korean,Poll,Europe,4059,0,user_279861
FAC20250909137231,FAC20250909137231,Gaming,Portuguese,Text,Asia,8615,1,user_71483
FAC20250909137251,FAC20250909137251,Health,English,Image,Europe,77,0,user_41923
FAC20250909137268,FAC20250909137268,Gaming,Spanish,Video,North America,111,0,user_110543
FAC20250909137270,FAC20250909137270,Business,English,Text,Europe,17128,1,user_374534
FAC20250909137285,FAC20250909137285,AI/ML,English,Link,Africa,10566,0,user_424348
FAC20250909137292,FAC20250909137292,Education,English,Image,North America,284,0,user_475442
FAC20250909137311,FAC20250909137311,Gaming,German,Text,North America,583,0,user_11006
FAC20250909137361,FAC20250909137361,Education,Spanish,Image,North America,3184,0,user_496961
FAC20250909137363,FAC20250909137363,Health,English,Text,Europe,539,0,user_371318
FAC20250909137368,FAC20250909137368,Gaming,English,Text,Europe,2550,0,user_97401
FAC20250909137404,FAC20250909137404,Science,Portuguese,Text,Oceania,318,1,user_278854
FAC20250909137414,FAC20250909137414,Entertainment,English,Text,Asia,4125,0,user_186429
FAC20250909137429,FAC20250909137429,Fashion,English,Video,North America,6290,0,user_443036
FAC20250910137444,FAC20250910137444,Entertainment,English,Link,North America,406,0,user_466933
FAC20250910137449,FAC20250910137449,Politics,Portuguese,Link,Asia,803,0,user_153797
FAC20250910137491,FAC20250910137491,Science,English,Text,North America,1129,0,user_115931
FAC20250910137505,FAC20250910137505,Entertainment,English,Text,Asia,7715,0,user_369984
FAC20250910137559,FAC20250910137559,Climate,English,Video,North America,656,0,user_221516
FAC20250910137561,FAC20250910137561,Politics,English,Image,North America,311,0,user_363673
FAC20250910137574,FAC20250910137574,Education,Spanish,Image,Asia,55995,1,user_493004
FAC20250910137576,FAC20250910137576,Fashion,English,Text,North America,2288,0,user_431156
FAC20250910137588,FAC20250910137588,Science,English,Text,North America,1529,0,user_119196
FAC20250910137600,FAC20250910137600,Science,English,Link,Asia,170,0,user_205831
FAC20250910137609,FAC20250910137609,Business,English,Text,Asia,27434,1,user_221757
FAC20250910137619,FAC20250910137619,AI/ML,English,Link,Unknown,51,0,user_303916
FAC20250910137638,FAC20250910137638,Fashion,English,Video,North America,366,0,user_237146
FAC20250910137644,FAC20250910137644,Finance,English,Image,Europe,55247,0,user_416024
FAC20250910137648,FAC20250910137648,Business,English,Link,North America,99,0,user_21936
FAC20250910137664,FAC20250910137664,AI/ML,English,Text,Europe,24832,0,user_483037
FAC20250910137729,FAC20250910137729,Food,English,Video,Asia,18,0,user_33422
FAC20250910137732,FAC20250910137732,Education,Japanese,Image,Asia,416,0,user_10838
FAC20250910137753,FAC20250910137753,Finance,Spanish,Image,Europe,15516,1,user_87274
FAC20250911137790,FAC20250911137790,Health,Korean,Video,North America,774,0,user_381779
FAC20250911137852,FAC20250911137852,Gaming,English,Image,South America,126,0,user_423710
FAC20250911137898,FAC20250911137898,Entertainment,Chinese,Link,North America,633,0,user_308238
FAC20250911137909,FAC20250911137909,Education,English,Text,Europe,187,0,user_210134
FAC20250911137979,FAC20250911137979,Fashion,French,Text,Asia,588,0,user_147490
FAC20250911137980,FAC20250911137980,Health,French,Text,Unknown,3964,1,user_373712
FAC20250911137986,FAC20250911137986,AI/ML,English,Image,North America,152,0,user_498679
FAC20250911138040,FAC20250911138040,Gaming,Korean,Text,Europe,28,0,user_462821
FAC20250911138078,FAC20250911138078,Climate,English,Image,Asia,17344,1,user_123932
FAC20250912138174,FAC20250912138174,Food,German,Poll,North America,3,0,user_407528
FAC20250912138176,FAC20250912138176,Technology,English,Text,Africa,813,0,user_162059
FAC20250912138189,FAC20250912138189,Food,Arabic,Text,North America,159,0,user_248806
FAC20250912138194,FAC20250912138194,Fashion,Portuguese,Link,Europe,68623,1,user_351407
FAC20250912138225,FAC20250912138225,Gaming,English,Text,Oceania,498,1,user_99849
FAC20250912138247,FAC20250912138247,Climate,Spanish,Text,North America,3,0,user_458202
FAC20250912138295,FAC20250912138295,Education,English,Text,Europe,150,0,user_422435
FAC20250912138297,FAC20250912138297,Gaming,Spanish,Image,North America,12107,0,user_259910
FAC20250912138303,FAC20250912138303,Fashion,English,Video,North America,107,0,user_144668
FAC20250912138330,FAC20250912138330,Politics,Spanish,Link,North America,19,0,user_261554
FAC20250912138331,FAC20250912138331,Sports,Chinese,Text,Asia,395,0,user_8995
FAC20250912138349,FAC20250912138349,Science,Arabic,Image,North America,17,0,user_383640
FAC20250912138365,FAC20250912138365,Health,Japanese,Image,Europe,9718,1,user_270136
FAC20250912138372,FAC20250912138372,AI/ML,French,Text,Asia,246,0,user_85389
FAC20250912138383,FAC20250912138383,Food,English,Link,Europe,10737,0,user_301960
FAC20250912138407,FAC20250912138407,Health,Chinese,Text,Europe,28,0,user_395695
FAC20250913138470,FAC20250913138470,Science,Portuguese,Link,North America,867,1,user_445082
FAC20250913138486,FAC20250913138486,Health,English,Text,Europe,1824,0,user_119029
FAC20250913138498,FAC20250913138498,Education,French,Image,Europe,6188,1,user_267574
FAC20250913138503,FAC20250913138503,Climate,English,Text,North America,479144,1,user_15064
FAC20250913138513,FAC20250913138513,Business,Chinese,Text,North America,266,0,user_155386
FAC20250913138531,FAC20250913138531,Science,Korean,Text,North America,886,0,user_320745
FAC20250913138538,FAC20250913138538,Fashion,English,Image,Asia,84425,1,user_102385
FAC20250913138540,FAC20250913138540,Finance,English,Text,Europe,185,0,user_39477
FAC20250913138556,FAC20250913138556,AI/ML,Spanish,Image,Asia,2106,1,user_287452
FAC20250913138559,FAC20250913138559,Fashion,English,Text,Asia,7235,1,user_471461
FAC20250913138583,FAC20250913138583,Education,English,Video,North America,69,0,user_461550
FAC20250913138610,FAC20250913138610,Travel,Arabic,Text,North America,5169,1,user_8744
FAC20250913138683,FAC20250913138683,Travel,English,Link,North America,18719,1,user_239398
FAC20250913138738,FAC20250913138738,Gaming,German,Text,Asia,177,0,user_241997
FAC20250913138740,FAC20250913138740,Sports,Spanish,Text,North America,228,0,user_463978
FAC20250913138743,FAC20250913138743,Sports,English,Image,Asia,8341,0,user_149134
FAC20250913138749,FAC20250913138749,Fashion,German,Text,North America,1003,0,user_115583
FAC20250913138754,FAC20250913138754,Politics,English,Text,North America,47230,1,user_450150
FAC20250914138812,FAC20250914138812,Fashion,English,Video,Asia,10233,0,user_84847
FAC20250914138819,FAC20250914138819,Entertainment,English,Image,Asia,802,0,user_471310
FAC20250914138826,FAC20250914138826,Finance,Spanish,Image,Europe,5883,1,user_327083
FAC20250914138839,FAC20250914138839,Science,English,Video,Europe,594,0,user_124899
FAC20250914138895,FAC20250914138895,Health,Portuguese,Video,Asia,108,0,user_144171
FAC20250914138910,FAC20250914138910,Travel,Arabic,Text,Africa,21653,1,user_20639
FAC20250914138930,FAC20250914138930,Fashion,English,Text,Europe,1879,0,user_174287
FAC20250914138933,FAC20250914138933,Health,English,Video,Asia,2837,0,user_399612
FAC20250914138962,FAC20250914138962,Entertainment,English,Text,North America,2170,0,user_366456
FAC20250914138984,FAC20250914138984,Finance,English,Text,Africa,169,0,user_87109
FAC20250914138993,FAC20250914138993,Fashion,English,Text,North America,50,0,user_478748
FAC20250914138995,FAC20250914138995,Food,Spanish,Poll,Asia,307,0,user_166788
FAC20250914139003,FAC20250914139003,Technology,French,Text,South America,286,0,user_410860
FAC20250914139028,FAC20250914139028,Finance,English,Text,North America,5122,0,user_255677
FAC20250914139046,FAC20250914139046,Education,Portuguese,Text,North America,352,0,user_294996
FAC20250914139051,FAC20250914139051,Fashion,Korean,Video,North America,16879,1,user_183220
FAC20250915139064,FAC20250915139064,Food,English,Image,Asia,348,0,user_217715
FAC20250915139075,FAC20250915139075,Food,Spanish,Text,North America,97,0,user_21587
FAC20250915139110,FAC20250915139110,Food,Portuguese,Image,Europe,1897,0,user_328803
FAC20250915139112,FAC20250915139112,AI/ML,French,Text,North America,127,0,user_242924
FAC20250915139134,FAC20250915139134,AI/ML,French,Image,North America,3829,0,user_209620
FAC20250915139136,FAC20250915139136,Sports,English,Video,Asia,5776,1,user_474372
FAC20250915139145,FAC20250915139145,Gaming,English,Text,North America,5165,1,user_499067
FAC20250915139157,FAC20250915139157,Science,Spanish,Image,Europe,1272,0,user_93048
FAC20250915139174,FAC20250915139174,Health,Portuguese,Text,Europe,10296,0,user_62246
FAC20250915139187,FAC20250915139187,Food,Portuguese,Text,Europe,40,0,user_268381
FAC20250915139200,FAC20250915139200,Gaming,Japanese,Image,North America,237,0,user_368383
FAC20250915139230,FAC20250915139230,Sports,Japanese,Text,Unknown,3103,1,user_456396
FAC20250915139238,FAC20250915139238,Sports,English,Image,Asia,9736,0,user_133657
FAC20250915139277,FAC20250915139277,Travel,English,Link,Asia,391,1,user_220808
FAC20250915139280,FAC20250915139280,Politics,English,Video,Europe,13304,1,user_226130
FAC20250915139300,FAC20250915139300,Food,English,Poll,Asia,749,0,user_494015
FAC20250915139331,FAC20250915139331,Gaming,English,Image,Europe,30845,1,user_241406
FAC20250915139353,FAC20250915139353,AI/ML,English,Text,Africa,6729,0,user_444124
FAC20250915139357,FAC20250915139357,Sports,English,Image,Oceania,6524,0,user_7532
FAC20250915139367,FAC20250915139367,Food,English,Image,North America,82,0,user_309197
FAC20250915139372,FAC20250915139372,Fashion,English,Video,Asia,7229,1,user_339718
FAC20250915139380,FAC20250915139380,Fashion,Spanish,Image,Europe,167,0,user_179912
FAC20250916139395,FAC20250916139395,Fashion,English,Text,North America,57,0,user_69005
FAC20250916139397,FAC20250916139397,Gaming,English,Text,Asia,2451,1,user_248306
FAC20250916139404,FAC20250916139404,Technology,Spanish,Video,Asia,592,1,user_347552
FAC20250916139468,FAC20250916139468,Sports,German,Image,Europe,181,0,user_69760
FAC20250916139477,FAC20250916139477,AI/ML,English,Link,Europe,26580,1,user_18851
FAC20250916139524,FAC20250916139524,Politics,Portuguese,Text,North America,1785,0,user_368886
FAC20250916139528,FAC20250916139528,Travel,English,Poll,Africa,136,0,user_78382
FAC20250916139531,FAC20250916139531,Travel,English,Text,North America,22,0,user_48595
FAC20250916139540,FAC20250916139540,Health,English,Video,North America,3322,1,user_379016
FAC20250916139547,FAC20250916139547,AI/ML,Spanish,Video,North America,65,0,user_391781
FAC20250916139561,FAC20250916139561,Finance,Chinese,Link,North America,5307,1,user_412539
FAC20250916139596,FAC20250916139596,Health,Spanish,Image,North America,19,0,user_128764
FAC20250916139613,FAC20250916139613,Sports,English,Text,Asia,78,0,user_188152
FAC20250916139620,FAC20250916139620,Education,French,Video,Asia,91,0,user_237040
FAC20250916139634,FAC20250916139634,Finance,English,Link,North America,6419,1,user_297324
FAC20250916139648,FAC20250916139648,Climate,English,Text,Europe,546,0,user_368163
FAC20250916139708,FAC20250916139708,Sports,English,Image,Asia,360,0,user_18991
FAC20250916139713,FAC20250916139713,Finance,French,Image,Asia,72,0,user_296887
FAC20250917139735,FAC20250917139735,Gaming,Spanish,Text,Asia,997,0,user_367361
FAC20250917139745,FAC20250917139745,Climate,Spanish,Video,Europe,3073,0,user_82738
FAC20250917139757,FAC20250917139757,Business,English,Video,North America,142,0,user_235282
FAC20250917139764,FAC20250917139764,Climate,German,Text,North America,1752,1,user_286329
FAC20250917139788,FAC20250917139788,Fashion,English,Image,Europe,181,0,user_186733
FAC20250917139836,FAC20250917139836,Food,English,Image,Europe,656,0,user_200292
FAC20250917139853,FAC20250917139853,Technology,Chinese,Video,Europe,462,0,user_341367
FAC20250917139857,FAC20250917139857,Finance,Portuguese,Link,Asia,285,0,user_102033
FAC20250917139878,FAC20250917139878,Health,English,Video,Europe,1082,0,user_381774
FAC20250917139893,FAC20250917139893,Science,Portuguese,Text,North America,4933,1,user_177945
FAC20250917139925,FAC20250917139925,Health,Hindi,Text,Europe,2415,0,user_286663
FAC20250917139935,FAC20250917139935,Entertainment,English,Video,Africa,78539,1,user_158252
FAC20250917139947,FAC20250917139947,Science,Spanish,Text,Asia,591,1,user_434561
FAC20250917139948,FAC20250917139948,AI/ML,French,Text,North America,35,0,user_163553
FAC20250917139962,FAC20250917139962,Food,French,Text,North America,2714,0,user_250820
FAC20250917139968,FAC20250917139968,Education,English,Text,North America,4157,0,user_256346
FAC20250917140010,FAC20250917140010,Fashion,English,Video,Asia,1587,0,user_154577
FAC20250917140020,FAC20250917140020,Food,English,Text,North America,189,0,user_245955
FAC20250918140049,FAC20250918140049,Business,Spanish,Text,Europe,59,0,user_204556
FAC20250918140073,FAC20250918140073,Politics,Chinese,Image,Africa,801,0,user_285572
FAC20250918140100,FAC20250918140100,Technology,Spanish,Text,Unknown,9558,0,user_457501
FAC20250918140151,FAC20250918140151,Technology,English,Text,Europe,671,0,user_420746
FAC20250918140170,FAC20250918140170,Business,Japanese,Image,Asia,81,0,user_59149
FAC20250918140172,FAC20250918140172,Sports,Portuguese,Image,North America,66,0,user_77335
FAC20250918140192,FAC20250918140192,Technology,English,Video,Asia,1259,0,user_13330
FAC20250918140211,FAC20250918140211,Travel,Arabic,Image,Asia,40,0,user_3124
FAC20250918140228,FAC20250918140228,Politics,Japanese,Link,Europe,1984,1,user_415534
FAC20250918140239,FAC20250918140239,Science,Portuguese,Text,North America,19436,0,user_267801
FAC20250918140289,FAC20250918140289,Climate,Japanese,Video,Europe,70,0,user_294356
FAC20250918140331,FAC20250918140331,AI/ML,Spanish,Image,North America,1968,0,user_19046
FAC20250918140337,FAC20250918140337,Technology,English,Text,North America,47,0,user_239256
FAC20250918140338,FAC20250918140338,AI/ML,English,Poll,Africa,220,0,user_257874
FAC20250919140364,FAC20250919140364,Fashion,English,Image,Africa,231,0,user_60136
FAC20250919140368,FAC20250919140368,Finance,English,Image,Europe,136,0,user_386311
FAC20250919140384,FAC20250919140384,Finance,Japanese,Image,North America,8246,1,user_149770
FAC20250919140395,FAC20250919140395,Food,English,Image,North America,3196,0,user_384832
FAC20250919140411,FAC20250919140411,Travel,English,Video,Asia,5492,0,user_13804
FAC20250919140460,FAC20250919140460,Fashion,Spanish,Image,Europe,1432,0,user_169597
FAC20250919140461,FAC20250919140461,Climate,Japanese,Image,Europe,37,0,user_180142
FAC20250919140462,FAC20250919140462,Technology,Portuguese,Poll,South America,109,0,user_28766
FAC20250919140486,FAC20250919140486,Climate,German,Text,Asia,1136,0,user_169968
FAC20250919140501,FAC20250919140501,Technology,English,Text,Asia,5598236,1,user_206788
FAC20250919140507,FAC20250919140507,Gaming,English,Video,North America,436,0,user_35004
FAC20250919140525,FAC20250919140525,Politics,Korean,Image,North America,207,0,user_61341
FAC20250919140548,FAC20250919140548,Politics,Portuguese,Link,North America,2432,0,user_20634
FAC20250919140553,FAC20250919140553,Gaming,English,Image,Asia,32516,1,user_474839
FAC20250919140584,FAC20250919140584,Technology,Spanish,Image,Europe,439,0,user_69145
FAC20250919140606,FAC20250919140606,Business,Portuguese,Image,Europe,3311,0,user_102654
FAC20250919140624,FAC20250919140624,Science,English,Text,North America,9362,0,user_181228
FAC20250919140626,FAC20250919140626,AI/ML,French,Link,Europe,101,1,user_41923
FAC20250919140631,FAC20250919140631,Politics,Portuguese,Text,South America,50824,1,user_381020
FAC20250919140637,FAC20250919140637,Business,Korean,Text,Europe,12,0,user_341428
FAC20250919140662,FAC20250919140662,AI/ML,English,Video,North America,23,0,user_150591
FAC20250919140667,FAC20250919140667,Food,Spanish,Text,Europe,74,0,user_152418
FAC20250919140676,FAC20250919140676,Entertainment,English,Text,North America,54,0,user_162951
FAC20250919140678,FAC20250919140678,Gaming,English,Text,Unknown,9079,1,user_411402
FAC20250920140698,FAC20250920140698,Travel,Hindi,Link,Asia,85,1,user_419460
FAC20250920140711,FAC20250920140711,Politics,Portuguese,Text,North America,4215,1,user_395547
FAC20250920140735,FAC20250920140735,Politics,English,Text,Asia,2275,0,user_74752
FAC20250920140778,FAC20250920140778,Gaming,Spanish,Text,Europe,336,0,user_19801
FAC20250920140784,FAC20250920140784,Business,Korean,Text,Asia,13343,0,user_11605
FAC20250920140814,FAC20250920140814,Education,English,Image,Africa,6,0,user_234692
FAC20250920140951,FAC20250920140951,Technology,English,Image,Europe,83,0,user_265494
FAC20250920140952,FAC20250920140952,Climate,Arabic,Text,Asia,69,0,user_49639
FAC20250921141007,FAC20250921141007,Fashion,English,Text,North America,48,0,user_20906
FAC20250921141055,FAC20250921141055,Travel,English,Text,Africa,1479,0,user_3271
FAC20250921141074,FAC20250921141074,Health,Portuguese,Image,Europe,338,0,user_83963
FAC20250921141082,FAC20250921141082,Food,English,Image,North America,151,0,user_383690
FAC20250921141098,FAC20250921141098,Finance,Japanese,Text,Asia,503,0,user_372272
FAC20250921141129,FAC20250921141129,Climate,English,Image,Asia,131,0,user_262789
FAC20250921141141,FAC20250921141141,Food,English,Image,North America,94944,1,user_44052
FAC20250921141143,FAC20250921141143,Fashion,English,Text,North America,11983,1,user_171594
FAC20250921141144,FAC20250921141144,Entertainment,English,Text,Asia,15182,1,user_123896
FAC20250921141169,FAC20250921141169,Entertainment,Hindi,Image,North America,9876,0,user_302457
FAC20250921141177,FAC20250921141177,Travel,English,Link,North America,3021,1,user_471437
FAC20250921141204,FAC20250921141204,Sports,English,Poll,Europe,1250,0,user_194283
FAC20250921141215,FAC20250921141215,Gaming,Spanish,Text,Asia,47,0,user_316287
FAC20250921141227,FAC20250921141227,Health,Portuguese,Image,Asia,4144,0,user_250851
FAC20250921141233,FAC20250921141233,Technology,Portuguese,Image,Europe,4673,0,user_320984
FAC20250921141281,FAC20250921141281,Business,Hindi,Text,Asia,212,0,user_365531
FAC20250922141317,FAC20250922141317,Fashion,Japanese,Image,North America,2317,1,user_409906
FAC20250922141325,FAC20250922141325,Entertainment,Arabic,Video,Europe,2789,0,user_402058
FAC20250922141334,FAC20250922141334,Politics,Korean,Text,Unknown,5121,1,user_326390
FAC20250922141356,FAC20250922141356,Finance,Spanish,Image,Asia,933,0,user_429831
FAC20250922141357,FAC20250922141357,Education,Spanish,Image,Asia,717,1,user_332905
FAC20250922141384,FAC20250922141384,Education,English,Text,North America,6,0,user_52615
FAC20250922141388,FAC20250922141388,Gaming,French,Text,Europe,251,0,user_331715
FAC20250922141405,FAC20250922141405,AI/ML,English,Image,Asia,244,1,user_83885
FAC20250922141418,FAC20250922141418,Politics,English,Image,North America,3740,1,user_83330
FAC20250922141423,FAC20250922141423,Education,English,Link,North America,215649,1,user_78975
FAC20250922141482,FAC20250922141482,Climate,Japanese,Text,Asia,1078,0,user_300610
FAC20250922141504,FAC20250922141504,Fashion,English,Video,North America,3689,0,user_438216
FAC20250922141506,FAC20250922141506,Gaming,French,Text,North America,9544,1,user_243267
FAC20250922141560,FAC20250922141560,Sports,German,Link,South America,102,0,user_490726
FAC20250922141562,FAC20250922141562,Gaming,English,Video,South America,38004,1,user_478253
FAC20250922141566,FAC20250922141566,Entertainment,English,Video,Unknown,16,0,user_83930
FAC20250922141568,FAC20250922141568,Gaming,English,Video,Africa,278,0,user_234924
FAC20250922141593,FAC20250922141593,Politics,English,Text,North America,21110,1,user_400216
FAC20250922141597,FAC20250922141597,Health,Portuguese,Image,North America,277,0,user_348580
FAC20250922141612,FAC20250922141612,Entertainment,English,Video,Asia,171,0,user_435334
FAC20250923141630,FAC20250923141630,Science,English,Video,North America,8371,0,user_463339
FAC20250923141636,FAC20250923141636,Business,English,Link,North America,61,0,user_244420
FAC20250923141647,FAC20250923141647,Food,English,Link,Asia,99,0,user_396164
FAC20250923141676,FAC20250923141676,Technology,English,Video,Asia,586,0,user_185243
FAC20250923141684,FAC20250923141684,Finance,Spanish,Video,North America,22181,1,user_336741
FAC20250923141694,FAC20250923141694,Fashion,English,Text,North America,66,0,user_282784
FAC20250923141704,FAC20250923141704,Sports,Arabic,Image,Unknown,871,0,user_469360
FAC20250923141706,FAC20250923141706,Finance,English,Text,Asia,31,0,user_77632
FAC20250923141743,FAC20250923141743,Travel,English,Text,Asia,2554,0,user_441042
FAC20250923141784,FAC20250923141784,Education,Portuguese,Text,North America,12957,1,user_61215
FAC20250923141797,FAC20250923141797,Finance,English,Video,South America,967,0,user_50530
FAC20250923141800,FAC20250923141800,AI/ML,English,Video,North America,546537,1,user_277251
FAC20250923141803,FAC20250923141803,Business,French,Link,Europe,7713,0,user_251067
FAC20250923141821,FAC20250923141821,Food,English,Image,Europe,2870,0,user_274510
FAC20250923141825,FAC20250923141825,Health,English,Image,Asia,167,0,user_492496
FAC20250923141938,FAC20250923141938,Technology,Hindi,Video,Europe,221,0,user_393385
FAC20250923141945,FAC20250923141945,AI/ML,English,Image,North America,1768,0,user_22243
FAC20250924141960,FAC20250924141960,Business,Chinese,Text,Asia,76,0,user_250740
FAC20250924141973,FAC20250924141973,Food,Korean,Video,North America,226079,1,user_85685
FAC20250924141976,FAC20250924141976,Politics,Spanish,Video,Asia,2582,0,user_461795
FAC20250924141977,FAC20250924141977,Business,English,Text,Europe,84,0,user_50897
FAC20250924142015,FAC20250924142015,Gaming,French,Video,Asia,10,0,user_120172
FAC20250924142039,FAC20250924142039,Business,Arabic,Poll,North America,1588,0,user_343962
FAC20250924142058,FAC20250924142058,Climate,English,Video,Oceania,123,0,user_292385
FAC20250924142061,FAC20250924142061,Education,Portuguese,Text,North America,446,0,user_309480
FAC20250924142115,FAC20250924142115,Climate,English,Video,Asia,6801,1,user_69169
FAC20250924142134,FAC20250924142134,Entertainment,English,Text,Asia,14756,1,user_278565
FAC20250924142140,FAC20250924142140,Gaming,Portuguese,Link,Asia,5211,0,user_331496
FAC20250924142154,FAC20250924142154,Science,Korean,Text,Europe,374,0,user_275859
FAC20250924142166,FAC20250924142166,Business,German,Video,Asia,127387,1,user_62367
FAC20250924142206,FAC20250924142206,Science,English,Image,Europe,146,0,user_10962
FAC20250924142221,FAC20250924142221,Gaming,English,Poll,North America,342,0,user_122733
FAC20250924142233,FAC20250924142233,AI/ML,English,Image,Unknown,722,0,user_87570
FAC20250925142298,FAC20250925142298,Food,Spanish,Text,Europe,233,0,user_79162
FAC20250925142317,FAC20250925142317,Politics,Spanish,Video,Asia,45777,1,user_454398
FAC20250925142331,FAC20250925142331,Entertainment,Spanish,Text,Africa,264,0,user_123024
FAC20250925142333,FAC20250925142333,Science,French,Text,Africa,1105,0,user_222375
FAC20250925142351,FAC20250925142351,Entertainment,Spanish,Video,Europe,399,0,user_324028
FAC20250925142388,FAC20250925142388,Climate,German,Poll,Asia,734,0,user_263421
FAC20250925142397,FAC20250925142397,AI/ML,English,Text,North America,83,0,user_19942
FAC20250925142415,FAC20250925142415,Travel,Korean,Link,Europe,301,0,user_282368
FAC20250925142445,FAC20250925142445,Science,English,Image,Oceania,701,0,user_55809
FAC20250925142475,FAC20250925142475,Gaming,English,Text,Oceania,1640,0,user_328165
FAC20250925142487,FAC20250925142487,Politics,Arabic,Image,Oceania,202,0,user_222186
FAC20250925142515,FAC20250925142515,Sports,Hindi,Video,Asia,3252,0,user_44526
FAC20250925142528,FAC20250925142528,Entertainment,English,Image,Asia,131,0,user_107843
FAC20250925142543,FAC20250925142543,Education,English,Video,Asia,1329,0,user_378436
FAC20250926142595,FAC20250926142595,Health,English,Video,North America,19002,0,user_332616
FAC20250926142600,FAC20250926142600,Sports,English,Video,Unknown,259,0,user_6282
FAC20250926142601,FAC20250926142601,Fashion,English,Video,Oceania,5872,1,user_494214
FAC20250926142604,FAC20250926142604,Technology,French,Text,Oceania,2992,0,user_355738
FAC20250926142613,FAC20250926142613,Travel,French,Text,Europe,58,0,user_191915
FAC20250926142627,FAC20250926142627,Business,English,Link,North America,4151,0,user_210678
FAC20250926142628,FAC20250926142628,Science,English,Poll,North America,219,0,user_469831
FAC20250926142629,FAC20250926142629,Business,Spanish,Image,Asia,17600,1,user_313118
FAC20250926142656,FAC20250926142656,AI/ML,Hindi,Text,Europe,11568,0,user_449336
FAC20250926142723,FAC20250926142723,Science,English,Image,Europe,1559,0,user_323893
FAC20250926142738,FAC20250926142738,Climate,English,Text,South America,217,0,user_283904
FAC20250926142752,FAC20250926142752,Entertainment,Portuguese,Video,North America,103588,0,user_407591
FAC20250926142787,FAC20250926142787,Food,Korean,Image,Asia,936,0,user_25497
FAC20250926142827,FAC20250926142827,Gaming,English,Text,Asia,125944,1,user_218679
FAC20250926142844,FAC20250926142844,Fashion,English,Text,Europe,4274,0,user_434440
FAC20250926142847,FAC20250926142847,Gaming,English,Image,Asia,58,0,user_345009
FAC20250926142850,FAC20250926142850,Food,English,Text,Europe,201,0,user_250597
FAC20250926142863,FAC20250926142863,Health,English,Text,North America,24443,1,user_260189
FAC20250926142879,FAC20250926142879,Fashion,English,Image,North America,68,0,user_192987
FAC20250926142891,FAC20250926142891,Finance,Japanese,Text,Asia,219,0,user_336922
FAC20250926142893,FAC20250926142893,AI/ML,English,Text,North America,2771,1,user_217402
FAC20250926142895,FAC20250926142895,Politics,English,Image,North America,64,0,user_102083
FAC20250927142901,FAC20250927142901,Politics,English,Image,Europe,118,0,user_290869
FAC20250927142908,FAC20250927142908,Fashion,English,Video,North America,81,0,user_345309
FAC20250927142926,FAC20250927142926,Technology,English,Text,Oceania,19,0,user_351355
FAC20250927142938,FAC20250927142938,Science,English,Video,Asia,8240,0,user_269573
FAC20250927142988,FAC20250927142988,Politics,English,Text,South America,1871,0,user_441008
FAC20250927142992,FAC20250927142992,Education,English,Image,Europe,19750,1,user_168511
FAC20250927142993,FAC20250927142993,Entertainment,Spanish,Video,Europe,860,0,user_178937
FAC20250927143007,FAC20250927143007,AI/ML,English,Text,South America,59316,1,user_316560
FAC20250927143024,FAC20250927143024,Entertainment,English,Text,Europe,69159,1,user_186582
FAC20250927143032,FAC20250927143032,Technology,English,Video,North America,312,0,user_22084
FAC20250927143062,FAC20250927143062,Health,English,Image,North America,16,0,user_480989
FAC20250927143099,FAC20250927143099,Science,English,Image,South America,99,0,user_141044
FAC20250927143171,FAC20250927143171,AI/ML,English,Link,South America,34214,0,user_419520
FAC20250927143187,FAC20250927143187,Business,Portuguese,Text,North America,29,0,user_109191
FAC20250928143232,FAC20250928143232,Politics,English,Poll,North America,470,1,user_369335
FAC20250928143339,FAC20250928143339,Climate,Portuguese,Image,Asia,8867,0,user_85356
FAC20250928143378,FAC20250928143378,Fashion,Portuguese,Image,Asia,35219,1,user_415472
FAC20250928143416,FAC20250928143416,Travel,German,Image,North America,17015215,1,user_368304
FAC20250928143419,FAC20250928143419,Politics,English,Link,North America,6409,1,user_120182
FAC20250928143468,FAC20250928143468,Sports,Japanese,Video,North America,1447805,1,user_185626
FAC20250928143493,FAC20250928143493,Sports,English,Image,North America,17825,0,user_212753
FAC20250928143529,FAC20250928143529,Science,Spanish,Video,Asia,320973,1,user_108364
FAC20250928143531,FAC20250928143531,Technology,English,Link,Asia,377,0,user_259668
FAC20250928143538,FAC20250928143538,Science,Spanish,Video,Asia,789,0,user_401384
FAC20250928143553,FAC20250928143553,Finance,English,Text,North America,489,0,user_143509
FAC20250928143567,FAC20250928143567,Fashion,English,Text,North America,37,0,user_221952
FAC20250929143589,FAC20250929143589,Sports,Spanish,Video,North America,102,0,user_136716
FAC20250929143608,FAC20250929143608,Politics,French,Image,Asia,120,0,user_387005
FAC20250929143640,FAC20250929143640,Technology,English,Video,Asia,21,0,user_457615
FAC20250929143645,FAC20250929143645,Technology,Japanese,Image,North America,73,0,user_342143
FAC20250929143648,FAC20250929143648,Business,English,Text,North America,10268,1,user_488366
FAC20250929143652,FAC20250929143652,Fashion,English,Video,South America,891,1,user_425388
FAC20250929143696,FAC20250929143696,Gaming,Spanish,Image,Asia,7940,0,user_264258
FAC20250929143734,FAC20250929143734,Entertainment,French,Text,North America,56792,1,user_225411
FAC20250929143766,FAC20250929143766,Health,English,Image,North America,254,0,user_261574
FAC20250929143787,FAC20250929143787,Science,English,Text,Asia,57,0,user_73246
FAC20250929143809,FAC20250929143809,Finance,English,Video,North America,9,0,user_98148
FAC20250929143820,FAC20250929143820,AI/ML,Spanish,Video,Unknown,1569,0,user_147977
FAC20250929143846,FAC20250929143846,Travel,English,Text,Europe,365,0,user_448972
FAC20250929143860,FAC20250929143860,Education,Spanish,Link,Asia,257,0,user_255275
FAC20250929143894,FAC20250929143894,Entertainment,Korean,Text,North America,14,0,user_297962
FAC20250929143898,FAC20250929143898,Fashion,English,Image,North America,879,0,user_208420
FAC20250930143922,FAC20250930143922,Sports,Chinese,Image,Asia,191,0,user_154027
FAC20250930143936,FAC20250930143936,Education,English,Text,Unknown,7338,0,user_348556
FAC20250930143944,FAC20250930143944,Sports,Japanese,Image,Asia,739,0,user_374423
FAC20250930143963,FAC20250930143963,Business,Portuguese,Image,South America,556,0,user_498629
FAC20250930143965,FAC20250930143965,Business,Arabic,Video,North America,42426,1,user_151728
FAC20250930143979,FAC20250930143979,Science,Spanish,Video,Oceania,2414,0,user_476287
FAC20250930143987,FAC20250930143987,Education,French,Text,South America,7,0,user_404670
FAC20250930143992,FAC20250930143992,Gaming,Korean,Video,Asia,6028,0,user_172581
FAC20250930144028,FAC20250930144028,Science,English,Link,South America,403,0,user_339798
FAC20250930144039,FAC20250930144039,Health,English,Link,North America,8497,0,user_14490
FAC20250930144044,FAC20250930144044,Science,English,Video,South America,1783,0,user_51288
FAC20250930144075,FAC20250930144075,Health,English,Video,North America,324,0,user_164981
FAC20250930144112,FAC20250930144112,Education,English,Video,North America,1,0,user_331740
FAC20250930144115,FAC20250930144115,Politics,Spanish,Link,North America,448,0,user_138081
FAC20250930144120,FAC20250930144120,Sports,Japanese,Text,Europe,664390,1,user_323966
FAC20250930144140,FAC20250930144140,Gaming,Portuguese,Text,Europe,1570,0,user_137796
FAC20250930144208,FAC20250930144208,Politics,English,Text,Europe,1013,0,user_333977
FAC20251001144251,FAC20251001144251,Gaming,Hindi,Text,Africa,5,0,user_230223
FAC20251001144268,FAC20251001144268,Climate,English,Text,Europe,94,0,user_237994
FAC20251001144309,FAC20251001144309,Finance,English,Image,Africa,135,1,user_379609
FAC20251001144347,FAC20251001144347,Entertainment,English,Image,North America,25,0,user_379267
FAC20251001144373,FAC20251001144373,Entertainment,Chinese,Image,Europe,1649,0,user_276827
FAC20251001144378,FAC20251001144378,Technology,English,Image,Europe,1805,0,user_410506
FAC20251001144403,FAC20251001144403,Travel,French,Image,Europe,10543,0,user_391665
FAC20251001144422,FAC20251001144422,Science,German,Text,North America,553,0,user_267815
FAC20251001144444,FAC20251001144444,AI/ML,English,Video,Asia,1861,1,user_112538
FAC20251001144465,FAC20251001144465,AI/ML,Japanese,Image,North America,33289,1,user_406049
FAC20251001144479,FAC20251001144479,Climate,English,Text,Europe,88,0,user_352347
FAC20251001144526,FAC20251001144526,Politics,English,Link,Asia,181,0,user_323282
FAC20251001144533,FAC20251001144533,Gaming,German,Image,North America,2959,0,user_174114
FAC20251001144543,FAC20251001144543,Finance,English,Image,Unknown,1871,0,user_346079
FAC20251002144550,FAC20251002144550,Sports,Spanish,Text,North America,354,0,user_357701
FAC20251002144559,FAC20251002144559,Business,English,Text,Oceania,135766,1,user_451031
FAC20251002144565,FAC20251002144565,Fashion,Arabic,Text,Unknown,5225,1,user_418523
FAC20251002144566,FAC20251002144566,Politics,English,Image,Asia,16157,0,user_164767
FAC20251002144578,FAC20251002144578,AI/ML,English,Text,Europe,538,0,user_86478
FAC20251002144580,FAC20251002144580,Entertainment,Chinese,Image,North America,13939,0,user_68377
FAC20251002144589,FAC20251002144589,Climate,English,Text,Asia,17928,0,user_312395
FAC20251002144608,FAC20251002144608,Technology,English,Video,South America,1704,1,user_156396
FAC20251002144619,FAC20251002144619,Health,English,Text,Oceania,1869,0,user_224861
FAC20251002144644,FAC20251002144644,Climate,English,Link,South America,54464,0,user_268631
FAC20251002144649,FAC20251002144649,Business,English,Text,North America,26649,1,user_245812
FAC20251002144678,FAC20251002144678,Entertainment,French,Image,North America,371,1,user_470140
FAC20251002144716,FAC20251002144716,Food,Spanish,Image,Oceania,1614,0,user_108341
FAC20251002144772,FAC20251002144772,Business,Spanish,Video,Asia,3952,0,user_83471
FAC20251002144791,FAC20251002144791,Food,Hindi,Video,Asia,1537,1,user_282277
FAC20251002144794,FAC20251002144794,Technology,English,Image,North America,36,0,user_29503
FAC20251002144845,FAC20251002144845,Sports,Spanish,Video,North America,644568,1,user_421490
FAC20251002144855,FAC20251002144855,Sports,Spanish,Image,North America,34241,0,user_38935
FAC20251003144861,FAC20251003144861,Science,Portuguese,Link,Asia,319,0,user_171601
FAC20251003144862,FAC20251003144862,AI/ML,German,Video,Africa,279,0,user_424969
FAC20251003144899,FAC20251003144899,Business,Hindi,Image,South America,32,0,user_265841
FAC20251003144918,FAC20251003144918,Sports,English,Video,North America,55,0,user_344993
FAC20251003144926,FAC20251003144926,Technology,Arabic,Image,South America,298,0,user_194974
FAC20251003144930,FAC20251003144930,Politics,Portuguese,Poll,Oceania,2438,0,user_365707
FAC20251003144949,FAC20251003144949,Entertainment,English,Video,North America,435,0,user_338853
FAC20251003144953,FAC20251003144953,Finance,English,Text,North America,1342,0,user_162292
FAC20251003144965,FAC20251003144965,Education,English,Video,Unknown,0,0,user_308640
FAC20251003144974,FAC20251003144974,Education,English,Link,Europe,11497,1,user_2358
FAC20251003144998,FAC20251003144998,Sports,English,Video,Asia,250,0,user_205
FAC20251003145012,FAC20251003145012,Food,English,Text,Europe,49503,1,user_385066
FAC20251003145034,FAC20251003145034,Finance,English,Video,Asia,2530,1,user_314617
FAC20251003145042,FAC20251003145042,Travel,English,Link,Unknown,2381,1,user_464086
FAC20251003145045,FAC20251003145045,Gaming,French,Text,Asia,172,0,user_165827
FAC20251003145048,FAC20251003145048,Technology,Spanish,Text,North America,27781,1,user_313074
FAC20251003145059,FAC20251003145059,AI/ML,English,Text,Europe,16544,0,user_481390
FAC20251003145074,FAC20251003145074,Education,English,Text,North America,6752236,1,user_413636
FAC20251003145097,FAC20251003145097,Technology,English,Image,Europe,235,0,user_273162
FAC20251003145120,FAC20251003145120,Education,Portuguese,Video,Africa,2012,1,user_323754
FAC20251003145136,FAC20251003145136,Finance,English,Image,Africa,24,0,user_154989
FAC20251003145148,FAC20251003145148,Climate,Hindi,Link,North America,14240,0,user_89062
FAC20251003145158,FAC20251003145158,Gaming,English,Image,South America,1178,0,user_2080
FAC20251003145169,FAC20251003145169,Travel,Spanish,Image,North America,3590,1,user_109878
FAC20251003145187,FAC20251003145187,Gaming,English,Text,South America,2240,0,user_250808
FAC20251004145252,FAC20251004145252,AI/ML,English,Video,Europe,3292,0,user_202232
FAC20251004145268,FAC20251004145268,Health,English,Image,Europe,24495,1,user_488151
FAC20251004145281,FAC20251004145281,Gaming,English,Text,South America,1830,0,user_110232
FAC20251004145301,FAC20251004145301,Entertainment,German,Poll,Europe,17130,1,user_31259
FAC20251004145364,FAC20251004145364,Politics,English,Text,North America,646,0,user_378919
FAC20251004145366,FAC20251004145366,Education,Spanish,Video,Europe,6945,0,user_89941
FAC20251004145385,FAC20251004145385,Finance,French,Text,Asia,2069,1,user_189168
FAC20251004145399,FAC20251004145399,Health,English,Text,North America,332,0,user_117476
FAC20251004145409,FAC20251004145409,Health,Portuguese,Video,North America,299,0,user_224652
FAC20251004145415,FAC20251004145415,Finance,Hindi,Video,North America,309,0,user_482282
FAC20251004145418,FAC20251004145418,Entertainment,English,Video,Europe,34595,1,user_326615
FAC20251004145431,FAC20251004145431,Business,French,Video,Asia,2148,1,user_60470
FAC20251004145435,FAC20251004145435,Sports,Spanish,Image,Europe,170,0,user_65153
FAC20251004145442,FAC20251004145442,Travel,English,Image,Europe,559,0,user_147254
FAC20251004145459,FAC20251004145459,Education,English,Text,Asia,32000,0,user_402379
FAC20251004145460,FAC20251004145460,Finance,English,Text,North America,77291,1,user_188745
FAC20251004145471,FAC20251004145471,Business,French,Text,Europe,8662,0,user_429702
FAC20251004145472,FAC20251004145472,Science,Japanese,Text,North America,3143,0,user_497946
FAC20251005145494,FAC20251005145494,Education,Portuguese,Text,Europe,226,0,user_99826
FAC20251005145511,FAC20251005145511,Fashion,English,Image,Asia,906,0,user_119076
FAC20251005145538,FAC20251005145538,Gaming,Portuguese,Text,Europe,1383,0,user_229076
FAC20251005145553,FAC20251005145553,Sports,Spanish,Text,Asia,112,0,user_126716
FAC20251005145568,FAC20251005145568,Health,English,Image,North America,339,0,user_329612
FAC20251005145632,FAC20251005145632,Science,French,Image,Europe,25483,1,user_132366
FAC20251005145650,FAC20251005145650,Entertainment,English,Text,North America,7448,1,user_343040
FAC20251005145664,FAC20251005145664,Fashion,English,Text,North America,4546,0,user_52167
FAC20251005145667,FAC20251005145667,Food,English,Text,Asia,1323,0,user_37554
FAC20251005145676,FAC20251005145676,Travel,English,Text,North America,2197,1,user_178088
FAC20251005145681,FAC20251005145681,Finance,English,Image,Europe,9052,1,user_144283
FAC20251005145702,FAC20251005145702,Politics,Japanese,Image,Oceania,5639,1,user_146517
FAC20251005145716,FAC20251005145716,Food,English,Text,North America,108,0,user_470130
FAC20251005145718,FAC20251005145718,Climate,English,Text,North America,461,0,user_273570
FAC20251005145752,FAC20251005145752,Fashion,English,Link,North America,21543,0,user_28339
FAC20251005145763,FAC20251005145763,Health,Arabic,Text,North America,273,0,user_334549
FAC20251005145765,FAC20251005145765,Education,French,Text,North America,1374,0,user_169903
FAC20251006145879,FAC20251006145879,Education,English,Image,Europe,78707,1,user_172091
FAC20251006145909,FAC20251006145909,Entertainment,German,Text,Europe,209,0,user_303600
FAC20251006145943,FAC20251006145943,Finance,English,Video,Africa,20866,1,user_175380
FAC20251006145945,FAC20251006145945,Health,English,Image,North America,4970,0,user_327226
FAC20251006145956,FAC20251006145956,Sports,Portuguese,Image,South America,8710,0,user_81152
FAC20251006145960,FAC20251006145960,Food,English,Text,Europe,46398,1,user_55060
FAC20251006145969,FAC20251006145969,Health,English,Video,Europe,796,0,user_175480
FAC20251006145999,FAC20251006145999,Business,English,Text,North America,1660,1,user_171580
FAC20251006146020,FAC20251006146020,Education,Chinese,Image,Africa,8084,1,user_478150
FAC20251006146031,FAC20251006146031,Gaming,Japanese,Text,Asia,15,0,user_140748
FAC20251006146051,FAC20251006146051,Health,English,Video,Europe,9656,1,user_219592
FAC20251006146063,FAC20251006146063,Education,English,Poll,South America,762,0,user_355229
FAC20251006146072,FAC20251006146072,Technology,English,Image,North America,25,0,user_386899
FAC20251006146073,FAC20251006146073,Business,English,Image,Europe,680,0,user_150310
FAC20251006146100,FAC20251006146100,Food,English,Poll,South America,19,0,user_251893
FAC20251006146129,FAC20251006146129,Politics,Portuguese,Image,North America,121,0,user_120814
FAC20251007146171,FAC20251007146171,Education,English,Link,Asia,804,0,user_416238
FAC20251007146179,FAC20251007146179,AI/ML,Portuguese,Text,Europe,7736,0,user_298407
FAC20251007146194,FAC20251007146194,Finance,English,Link,Unknown,251,0,user_417708
FAC20251007146199,FAC20251007146199,Health,Spanish,Image,Africa,201,0,user_106866
FAC20251007146218,FAC20251007146218,Entertainment,English,Video,North America,1536,1,user_310254
FAC20251007146234,FAC20251007146234,Finance,English,Video,North America,6039,0,user_340557
FAC20251007146287,FAC20251007146287,Business,English,Text,Asia,2683,0,user_384161
FAC20251007146319,FAC20251007146319,Business,English,Image,North America,306,0,user_478190
FAC20251007146342,FAC20251007146342,Fashion,English,Video,Europe,57,0,user_459818
FAC20251007146345,FAC20251007146345,Education,English,Text,Asia,25,0,user_78423
FAC20251007146360,FAC20251007146360,Health,German,Link,Europe,200,0,user_170446
FAC20251007146364,FAC20251007146364,Entertainment,Spanish,Image,North America,15632,0,user_136915
FAC20251007146376,FAC20251007146376,Gaming,English,Text,North America,212711,1,user_301867
FAC20251007146397,FAC20251007146397,Climate,English,Video,Europe,1540,1,user_337421
FAC20251007146413,FAC20251007146413,Climate,English,Text,Europe,75837,1,user_226931
FAC20251007146446,FAC20251007146446,AI/ML,German,Video,Asia,869,0,user_395140
FAC20251007146459,FAC20251007146459,Travel,English,Video,Asia,155276,1,user_423904
FAC20251007146462,FAC20251007146462,Technology,French,Video,North America,549,0,user_128386
FAC20251007146466,FAC20251007146466,AI/ML,English,Text,Asia,419,0,user_18382
FAC20251007146486,FAC20251007146486,Gaming,Portuguese,Link,North America,1136,0,user_30870
FAC20251008146487,FAC20251008146487,Food,Japanese,Link,Europe,1038,0,user_230200
FAC20251008146502,FAC20251008146502,Entertainment,English,Link,Africa,107,0,user_36142
FAC20251008146557,FAC20251008146557,Education,English,Image,Asia,26,0,user_46589
FAC20251008146564,FAC20251008146564,AI/ML,English,Video,North America,144,0,user_99791
FAC20251008146600,FAC20251008146600,Gaming,English,Poll,Europe,148,0,user_303728
FAC20251008146604,FAC20251008146604,Food,Portuguese,Text,North America,15150,0,user_454591
FAC20251008146605,FAC20251008146605,Business,English,Video,North America,9708,1,user_407263
FAC20251008146621,FAC20251008146621,Education,English,Link,North America,2174,0,user_158012
FAC20251008146638,FAC20251008146638,Finance,Spanish,Link,Europe,359,0,user_468146
FAC20251008146641,FAC20251008146641,Education,English,Text,Asia,228,0,user_340224
FAC20251008146649,FAC20251008146649,Sports,English,Video,Europe,24,0,user_499105
FAC20251008146666,FAC20251008146666,Travel,English,Image,Europe,24,0,user_36009
FAC20251008146726,FAC20251008146726,Fashion,English,Image,North America,1262,0,user_398946
FAC20251008146756,FAC20251008146756,Fashion,Spanish,Video,Asia,7253,1,user_347256
FAC20251009146779,FAC20251009146779,Science,English,Text,North America,307,0,user_385883
FAC20251009146823,FAC20251009146823,AI/ML,English,Image,Africa,56,0,user_432738
FAC20251009146844,FAC20251009146844,Business,English,Image,North America,360,0,user_491411
FAC20251009146861,FAC20251009146861,Food,English,Video,Africa,311,0,user_494500
FAC20251009146891,FAC20251009146891,Food,English,Video,North America,6136,0,user_258691
FAC20251009146980,FAC20251009146980,Food,English,Text,Europe,95,0,user_269638
FAC20251009146981,FAC20251009146981,Health,English,Video,North America,1366,0,user_27455
FAC20251009147001,FAC20251009147001,Gaming,English,Text,North America,1385,0,user_257682
FAC20251009147004,FAC20251009147004,Travel,Portuguese,Image,North America,8269,0,user_234414
FAC20251009147045,FAC20251009147045,Sports,English,Image,Asia,4834,0,user_411367
FAC20251009147078,FAC20251009147078,Health,English,Text,Asia,622,0,user_144402
FAC20251009147103,FAC20251009147103,Health,Portuguese,Image,North America,731,0,user_137990
FAC20251009147110,FAC20251009147110,AI/ML,Spanish,Text,Unknown,88,0,user_316638
FAC20251010147130,FAC20251010147130,Gaming,English,Image,Asia,1591,0,user_163820
FAC20251010147135,FAC20251010147135,Science,Spanish,Image,Asia,1659,0,user_289847
FAC20251010147151,FAC20251010147151,Science,Chinese,Image,Asia,1463,1,user_28228
FAC20251010147186,FAC20251010147186,Business,Spanish,Image,Europe,193,0,user_273341
FAC20251010147234,FAC20251010147234,Science,English,Text,Unknown,9537,0,user_438020
FAC20251010147246,FAC20251010147246,Health,English,Text,North America,15,0,user_205411
FAC20251010147275,FAC20251010147275,Technology,English,Text,Asia,24659,1,user_495865
FAC20251010147276,FAC20251010147276,Fashion,Arabic,Link,North America,19,0,user_34969
FAC20251010147289,FAC20251010147289,Entertainment,Spanish,Text,North America,6409,0,user_407284
FAC20251010147299,FAC20251010147299,Fashion,Spanish,Video,Asia,443616,1,user_267400
FAC20251010147302,FAC20251010147302,Health,Spanish,Text,Asia,1016,0,user_358411
FAC20251010147306,FAC20251010147306,Climate,English,Image,Europe,780,0,user_69220
FAC20251010147338,FAC20251010147338,Travel,English,Video,North America,12127,0,user_2405
FAC20251010147339,FAC20251010147339,Climate,Chinese,Link,North America,151661,1,user_95374
FAC20251010147428,FAC20251010147428,Technology,Korean,Text,North America,3365,0,user_139738
FAC20251010147429,FAC20251010147429,Food,Arabic,Text,North America,49,0,user_8609
FAC20251011147460,FAC20251011147460,Technology,English,Video,Africa,5379,0,user_115984
FAC20251011147469,FAC20251011147469,Sports,English,Image,Africa,754,0,user_456328
FAC20251011147484,FAC20251011147484,Technology,Hindi,Image,Asia,11890,0,user_222389
FAC20251011147491,FAC20251011147491,Science,English,Text,Europe,12,0,user_82178
FAC20251011147494,FAC20251011147494,Climate,English,Image,North America,18,0,user_106457
FAC20251011147538,FAC20251011147538,Climate,English,Link,Oceania,32,0,user_398729
FAC20251011147593,FAC20251011147593,Sports,Hindi,Video,Asia,591,0,user_81967
FAC20251011147596,FAC20251011147596,Entertainment,English,Image,Europe,268375,1,user_18528
FAC20251011147640,FAC20251011147640,Finance,English,Link,Unknown,126,0,user_239756
FAC20251011147658,FAC20251011147658,Fashion,French,Video,North America,4254,0,user_217419
FAC20251011147666,FAC20251011147666,Technology,Spanish,Text,North America,1603,0,user_267739
FAC20251011147715,FAC20251011147715,AI/ML,English,Image,North America,93,0,user_27564
FAC20251011147754,FAC20251011147754,Gaming,French,Image,Asia,21040,1,user_308687
FAC20251012147813,FAC20251012147813,Science,English,Text,Asia,57,0,user_389133
FAC20251012147816,FAC20251012147816,Finance,Spanish,Text,Europe,8427,1,user_198416
FAC20251012147824,FAC20251012147824,Education,Spanish,Text,North America,602,0,user_221385
FAC20251012147833,FAC20251012147833,Technology,English,Image,Asia,2352,0,user_219096
FAC20251012147836,FAC20251012147836,Politics,Portuguese,Link,South America,57,0,user_163630
FAC20251012147843,FAC20251012147843,Entertainment,English,Video,South America,6303,0,user_474351
FAC20251012147850,FAC20251012147850,Politics,German,Image,North America,5446,0,user_80839
FAC20251012147856,FAC20251012147856,Politics,Spanish,Text,Europe,11,0,user_388127
FAC20251012147879,FAC20251012147879,AI/ML,Portuguese,Image,North America,16617,1,user_12183
FAC20251012147908,FAC20251012147908,Entertainment,German,Video,Asia,133,0,user_450143
FAC20251012147968,FAC20251012147968,Business,English,Image,Europe,120,0,user_16150
FAC20251012147972,FAC20251012147972,Technology,Arabic,Video,Africa,3919,0,user_113114
FAC20251012148023,FAC20251012148023,Finance,English,Video,Europe,9243,1,user_145054
FAC20251012148032,FAC20251012148032,Climate,English,Image,North America,1060,0,user_84133
FAC20251012148059,FAC20251012148059,Food,English,Link,South America,306,0,user_329529
FAC20251012148068,FAC20251012148068,Education,English,Text,North America,930,0,user_457887
FAC20251012148073,FAC20251012148073,Sports,English,Poll,North America,2186,1,user_372535
FAC20251013148079,FAC20251013148079,Politics,English,Text,Asia,1589,1,user_13485
FAC20251013148083,FAC20251013148083,AI/ML,English,Image,Europe,51,0,user_60467
FAC20251013148103,FAC20251013148103,Finance,Portuguese,Text,Asia,8347,1,user_228717
FAC20251013148131,FAC20251013148131,Entertainment,English,Image,Asia,2240,0,user_478906
FAC20251013148135,FAC20251013148135,Fashion,English,Text,Europe,27720,0,user_159966
FAC20251013148137,FAC20251013148137,Gaming,English,Link,North America,1338,0,user_346873
FAC20251013148140,FAC20251013148140,Fashion,English,Image,Asia,878,0,user_374680
FAC20251013148157,FAC20251013148157,Gaming,English,Text,North America,813,0,user_173687
FAC20251013148166,FAC20251013148166,Travel,Korean,Link,North America,30,0,user_296917
FAC20251013148178,FAC20251013148178,Gaming,English,Text,North America,240,0,user_254899
FAC20251013148187,FAC20251013148187,Politics,Hindi,Poll,Unknown,35707,0,user_22757
FAC20251013148199,FAC20251013148199,Travel,Korean,Video,Africa,687,0,user_100792
FAC20251013148218,FAC20251013148218,Sports,English,Text,North America,232,0,user_95671
FAC20251013148247,FAC20251013148247,Politics,Korean,Video,North America,602,0,user_295069
FAC20251013148258,FAC20251013148258,Entertainment,English,Video,North America,5182,1,user_238976
FAC20251013148285,FAC20251013148285,Business,English,Text,Asia,7532,0,user_187552
FAC20251013148290,FAC20251013148290,Gaming,English,Link,North America,114699,1,user_159976
FAC20251013148359,FAC20251013148359,Technology,English,Video,North America,3649,0,user_277868
FAC20251013148369,FAC20251013148369,Entertainment,Spanish,Image,Asia,1417,0,user_68094
FAC20251014148416,FAC20251014148416,AI/ML,Japanese,Video,North America,86,0,user_355391
FAC20251014148450,FAC20251014148450,Politics,English,Text,Unknown,332,0,user_197403
FAC20251014148533,FAC20251014148533,Climate,Spanish,Text,Europe,3975,0,user_26670
FAC20251014148536,FAC20251014148536,Fashion,Spanish,Text,North America,512,0,user_447555
FAC20251014148550,FAC20251014148550,Education,English,Video,Europe,5343,1,user_111486
FAC20251014148553,FAC20251014148553,Sports,Spanish,Image,North America,11317,1,user_279566
FAC20251014148561,FAC20251014148561,Politics,English,Image,North America,6,0,user_44091
FAC20251014148593,FAC20251014148593,AI/ML,French,Link,Europe,143,0,user_410052
FAC20251014148595,FAC20251014148595,Science,English,Image,South America,7967,0,user_427737
FAC20251014148605,FAC20251014148605,Education,English,Image,South America,3283,1,user_368883
FAC20251014148607,FAC20251014148607,Travel,English,Image,Asia,1318,0,user_101891
FAC20251014148619,FAC20251014148619,Climate,Spanish,Video,North America,151,0,user_179852
FAC20251014148683,FAC20251014148683,Entertainment,English,Image,North America,7909,1,user_21191
FAC20251014148685,FAC20251014148685,Fashion,English,Image,Unknown,12,0,user_127268
FAC20251015148724,FAC20251015148724,Education,English,Image,North America,16,0,user_478325
FAC20251015148739,FAC20251015148739,Sports,Spanish,Link,Europe,30,0,user_368114
FAC20251015148742,FAC20251015148742,Food,Spanish,Link,Oceania,2360,0,user_198577
FAC20251015148766,FAC20251015148766,Travel,English,Image,North America,50,0,user_435122
FAC20251015148768,FAC20251015148768,Politics,Spanish,Video,Asia,7637,0,user_436458
FAC20251015148797,FAC20251015148797,Travel,Portuguese,Image,North America,12087,0,user_301745
FAC20251015148823,FAC20251015148823,Climate,English,Video,North America,26240,1,user_410772
FAC20251015148855,FAC20251015148855,Finance,Portuguese,Text,Oceania,2888,1,user_333587
FAC20251015148866,FAC20251015148866,Business,English,Image,North America,12631,1,user_417658
FAC20251015148901,FAC20251015148901,Business,English,Text,North America,7834,0,user_400880
FAC20251015148905,FAC20251015148905,Business,English,Video,Asia,119,0,user_100328
FAC20251015148909,FAC20251015148909,Finance,Japanese,Video,Unknown,197,0,user_203928
FAC20251015148947,FAC20251015148947,Sports,Japanese,Video,North America,4347,1,user_475482
FAC20251015148949,FAC20251015148949,Science,Spanish,Text,North America,110,0,user_399537
FAC20251015148985,FAC20251015148985,Fashion,English,Text,Europe,1364,0,user_239753
FAC20251015149012,FAC20251015149012,Fashion,Korean,Image,Unknown,358,0,user_455556
FAC20251015149040,FAC20251015149040,Gaming,English,Text,Europe,19451,1,user_400275
FAC20251016149062,FAC20251016149062,Climate,Korean,Video,North America,586,0,user_499245
FAC20251016149098,FAC20251016149098,Health,Spanish,Image,North America,228,0,user_213803
FAC20251016149111,FAC20251016149111,Food,Spanish,Image,Europe,48055,1,user_388162
FAC20251016149116,FAC20251016149116,Politics,English,Video,North America,2679,0,user_25896
FAC20251016149117,FAC20251016149117,Health,English,Text,North America,46,0,user_36994
FAC20251016149126,FAC20251016149126,Finance,English,Text,North America,8195,1,user_29957
FAC20251016149137,FAC20251016149137,Politics,Portuguese,Video,Europe,335,0,user_126056
FAC20251016149148,FAC20251016149148,AI/ML,English,Link,Asia,1807,0,user_147879
FAC20251016149171,FAC20251016149171,Travel,Arabic,Text,North America,357,0,user_270874
FAC20251016149185,FAC20251016149185,Food,English,Video,Asia,56884,0,user_85702
FAC20251016149208,FAC20251016149208,Entertainment,Spanish,Image,Asia,22,0,user_357942
FAC20251016149239,FAC20251016149239,Entertainment,English,Image,North America,119,0,user_361071
FAC20251016149284,FAC20251016149284,Politics,French,Video,North America,537,0,user_318996
FAC20251016149326,FAC20251016149326,Finance,English,Image,Europe,4701,0,user_342340
FAC20251017149357,FAC20251017149357,Health,Japanese,Image,Asia,13045,1,user_15860
FAC20251017149372,FAC20251017149372,Technology,Spanish,Link,North America,1077,0,user_258304
FAC20251017149441,FAC20251017149441,Sports,English,Link,Asia,62,0,user_408291
FAC20251017149456,FAC20251017149456,Business,English,Image,Unknown,3374,0,user_94937
FAC20251017149489,FAC20251017149489,Science,English,Image,North America,649,0,user_70171
FAC20251017149521,FAC20251017149521,Health,Japanese,Video,North America,16018,1,user_167084
FAC20251017149534,FAC20251017149534,Politics,Spanish,Image,North America,3841,0,user_146255
FAC20251017149541,FAC20251017149541,Climate,English,Image,Unknown,1682,0,user_226584
FAC20251017149548,FAC20251017149548,Climate,Korean,Text,Asia,32142,0,user_218160
FAC20251017149551,FAC20251017149551,Education,English,Text,Unknown,8064,1,user_109672
FAC20251017149562,FAC20251017149562,Entertainment,Arabic,Poll,Asia,3428,1,user_243325
FAC20251017149609,FAC20251017149609,Health,English,Image,North America,4566,0,user_289223
FAC20251017149640,FAC20251017149640,Sports,French,Text,Asia,693,1,user_391512
FAC20251018149677,FAC20251018149677,Health,English,Link,Unknown,17376,0,user_321718
FAC20251018149686,FAC20251018149686,Technology,Portuguese,Poll,Europe,199,0,user_210950
FAC20251018149734,FAC20251018149734,Finance,English,Text,Europe,305,0,user_96584
FAC20251018149785,FAC20251018149785,Entertainment,English,Image,Asia,1129,0,user_402165
FAC20251018149798,FAC20251018149798,Entertainment,English,Text,Asia,4061,0,user_186908
FAC20251018149809,FAC20251018149809,Science,English,Text,Asia,1616,0,user_380067
FAC20251018149826,FAC20251018149826,Fashion,English,Video,North America,89,0,user_16033
FAC20251018149899,FAC20251018149899,Food,English,Image,South America,286,0,user_271827
FAC20251018149925,FAC20251018149925,Technology,Spanish,Video,Asia,17716,1,user_295281
FAC20251018149939,FAC20251018149939,Entertainment,English,Video,North America,6145,0,user_274343
FAC20251018149998,FAC20251018149998,Health,French,Text,Asia,565,0,user_400308
FAC20251018149999,FAC20251018149999,Science,Hindi,Link,Asia,7656,1,user_382528
